"flow_id","code","code_name"
"CPI","CP01","Food and non-alcoholic beverages"
"CPI","CP13","Individual consumption expenditure of non-profit institutions serving households (NPISHs)"
"CPI","CP14","Individual consumption expenditure of general government"
"CPI","HICP","Harmonised index of consumer prices (HICP)"
"CPI","NEER","Nominal effective exchange rate (NEER)"
"CPI","PCPIHACO","Core inflation including housing"
"CPI","PD_USD","Price deflator (USD)"
"CPI","REER","Real effective exchange rate (REER)"
"ER","ECU_XDC","ECU per domestic currency"
"ER","EUR_XDC","Euros per domestic currency"
"ER","USD_XDC","US Dollar per domestic currency"
"ER","USD_XDR","US Dollar per SDR"
"ER","XDC_ECU","Domestic currency per ECU"
"ER","XDC_EUR","Domestic currency per Euro"
"ER","XDC_USD","Domestic currency per US Dollar"
"ER","XDC_XDR","Domestic currency per SDR"
"ER","XDR_USD","SDR per US Dollar"
"ER","XDR_XDC","SDR per domestic currency"
"IMTS","G084","EMDEs by Source of Export Earnings: Services (including Income, Transfers)"
"IMTS","G1201","Emerging Market and Middle-Income Economies"
"IMTS","G1626","Sub-Saharan Africa (SSA): Middle-Income"
"IMTS","G1627","Sub-Saharan Africa (SSA): Low-Income"
"IMTS","G201","Low-Income Developing Countries (LIDC)"
"IMTS","MG_CIF_USD","Imports of goods, Cost insurance freight (CIF), US dollar"
"IMTS","MG_FOB_USD","Imports of goods, Free on board (FOB), US dollar"
"IMTS","TBG_USD","Trade balance goods, US dollar"
"IMTS","XG_FOB_USD","Exports of goods, Free on board (FOB), US dollar"
"IRFCL","IRFCLDT1_FR4OTH_USD","Official Reserve Assets and Other Foreign Currency Assets (approximate market value), Other reserve assets"
"IRFCL","IRFCLDT1_FR4OTH_XDC","Official Reserve Assets and Other Foreign Currency Assets (approximate market value), Other reserve assets"
"IRFCL","IRFCLDT1_IRFCL121_USD","Official Reserve Assets and Other Foreign Currency Assets (approximate market value), Other foreign currency assets, gold not included in official reserve assets"
"IRFCL","IRFCLDT1_IRFCL121_XDC","Official Reserve Assets and Other Foreign Currency Assets (approximate market value), Other foreign currency assets, gold not included in official reserve assets"
"IRFCL","IRFCLDT1_IRFCL31_BOFIORC_USD","Official Reserve Assets and Other Foreign Currency Assets (approximate market value), Official reserve currency and deposits, banks and other financial institutions outside reporting country"
"IRFCL","IRFCLDT1_IRFCL31_BOFIORC_XDC","Official Reserve Assets and Other Foreign Currency Assets (approximate market value), Official reserve currency and deposits, banks and other financial institutions outside reporting country"
"IRFCL","IRFCLDT1_IRFCL31_BOFIORCLA_USD","Official Reserve Assets and Other Foreign Currency Assets (approximate market value), Official reserve currency and deposits, banks and other financial institutions outside reporting country, of which located abroad"
"IRFCL","IRFCLDT1_IRFCL31_BOFIORCLA_XDC","Official Reserve Assets and Other Foreign Currency Assets (approximate market value), Official reserve currency and deposits, banks and other financial institutions outside reporting country, of which located abroad"
"IRFCL","IRFCLDT1_IRFCL31_BOFIRC_USD","Official Reserve Assets and Other Foreign Currency Assets (approximate market value), Official reserve currency and deposits, banks and other financial institutions in the reporting country"
"IRFCL","IRFCLDT1_IRFCL31_BOFIRC_XDC","Official Reserve Assets and Other Foreign Currency Assets (approximate market value), Official reserve currency and deposits, banks and other financial institutions in the reporting country"
"IRFCL","IRFCLDT1_IRFCL31_BOFIRCLA_USD","Official Reserve Assets and Other Foreign Currency Assets (approximate market value), Official reserve currency and deposits, banks and other financial institutions in the reporting country, of which located abroad"
"IRFCL","IRFCLDT1_IRFCL31_BOFIRCLA_XDC","Official Reserve Assets and Other Foreign Currency Assets (approximate market value), Official reserve currency and deposits, banks and other financial institutions in the reporting country, of which located abroad"
"IRFCL","IRFCLDT1_IRFCL31_ONCBBISIMF_USD","Official Reserve Assets and Other Foreign Currency Assets (approximate market value), Official reserve currency and deposits, with Other National Central Banks, BIS and IMF"
"IRFCL","IRFCLDT1_IRFCL31_ONCBBISIMF_XDC","Official Reserve Assets and Other Foreign Currency Assets (approximate market value), Official reserve currency and deposits, with Other National Central Banks, BIS and IMF"
"IRFCL","IRFCLDT1_IRFCL32_USD","Official Reserve Assets and Other Foreign Currency Assets (approximate market value), Official reserve currency and deposits, securities"
"IRFCL","IRFCLDT1_IRFCL32_XDC","Official Reserve Assets and Other Foreign Currency Assets (approximate market value), Official reserve currency and deposits, securities"
"IRFCL","IRFCLDT1_IRFCL34_USD","Official Reserve Assets and Other Foreign Currency Assets (approximate market value), Other foreign currency assets"
"IRFCL","IRFCLDT1_IRFCL34_XDC","Official Reserve Assets and Other Foreign Currency Assets (approximate market value), Other foreign currency assets"
"IRFCL","IRFCLDT1_IRFCL37_USD","Official Reserve Assets and Other Foreign Currency Assets (approximate market value), Other foreign currency assets, financial derivatives not included in official reserve assets"
"IRFCL","IRFCLDT1_IRFCL37_XDC","Official Reserve Assets and Other Foreign Currency Assets (approximate market value), Other foreign currency assets, financial derivatives not included in official reserve assets"
"IRFCL","IRFCLDT1_IRFCL40_USD","Official Reserve Assets and Other Foreign Currency Assets (approximate market value), Other foreign currency assets, loans not included in official reserve assets"
"IRFCL","IRFCLDT1_IRFCL40_XDC","Official Reserve Assets and Other Foreign Currency Assets (approximate market value), Other foreign currency assets, loans not included in official reserve assets"
"IRFCL","IRFCLDT1_IRFCL41_USD","Official Reserve Assets and Other Foreign Currency Assets (approximate market value), Other foreign currency assets, other"
"IRFCL","IRFCLDT1_IRFCL41_XDC","Official Reserve Assets and Other Foreign Currency Assets (approximate market value), Other foreign currency assets, other"
"IRFCL","IRFCLDT1_IRFCL42_USD","Official Reserve Assets and Other Foreign Currency Assets (approximate market value), Other foreign currency assets, securities not included in official reserve assets"
"IRFCL","IRFCLDT1_IRFCL42_XDC","Official Reserve Assets and Other Foreign Currency Assets (approximate market value), Other foreign currency assets, securities not included in official reserve assets"
"IRFCL","IRFCLDT1_IRFCL43_USD","Official Reserve Assets and Other Foreign Currency Assets (approximate market value), Other foreign currency assets, deposits not included in official reserve assets"
"IRFCL","IRFCLDT1_IRFCL43_XDC","Official Reserve Assets and Other Foreign Currency Assets (approximate market value), Other foreign currency assets, deposits not included in official reserve assets"
"IRFCL","IRFCLDT1_IRFCL54_USD","Official Reserve Assets and Other Foreign Currency Assets (approximate market value), Official reserve assets and other foreign currency assets"
"IRFCL","IRFCLDT1_IRFCL54_XDC","Official Reserve Assets and Other Foreign Currency Assets (approximate market value), Official reserve assets and other foreign currency assets"
"IRFCL","IRFCLDT1_IRFCL56_USD","Official Reserve Assets and Other Foreign Currency Assets (approximate market value), Official reserve assets, gold (including gold deposits and if appropriate gold swapped)"
"IRFCL","IRFCLDT1_IRFCL56_XDC","Official Reserve Assets and Other Foreign Currency Assets (approximate market value), Official reserve assets, gold (including gold deposits and if appropriate gold swapped)"
"IRFCL","IRFCLDT1_IRFCL57_USD","Official Reserve Assets and Other Foreign Currency Assets (approximate market value), Official reserve assets IMF reserve position"
"IRFCL","IRFCLDT1_IRFCL57_XDC","Official Reserve Assets and Other Foreign Currency Assets (approximate market value), Official reserve assets IMF reserve position"
"IRFCL","IRFCLDT1_IRFCL58_USD","Official Reserve Assets and Other Foreign Currency Assets (approximate market value), Official reserve assets other reserve assets,"
"IRFCL","IRFCLDT1_IRFCL58_XDC","Official Reserve Assets and Other Foreign Currency Assets (approximate market value), Official reserve assets other reserve assets,"
"IRFCL","IRFCLDT1_IRFCL59_USD","Official Reserve Assets and Other Foreign Currency Assets (approximate market value), Official reserve assets, financial derivatives"
"IRFCL","IRFCLDT1_IRFCL59_XDC","Official Reserve Assets and Other Foreign Currency Assets (approximate market value), Official reserve assets, financial derivatives"
"IRFCL","IRFCLDT1_IRFCL60_USD","Official Reserve Assets and Other Foreign Currency Assets (approximate market value), Official reserve assets, loans to non bank nonresidents"
"IRFCL","IRFCLDT1_IRFCL60_XDC","Official Reserve Assets and Other Foreign Currency Assets (approximate market value), Official reserve assets, loans to non bank nonresidents"
"IRFCL","IRFCLDT1_IRFCL61_USD","Official Reserve Assets and Other Foreign Currency Assets (approximate market value), Official reserve assets, other"
"IRFCL","IRFCLDT1_IRFCL61_XDC","Official Reserve Assets and Other Foreign Currency Assets (approximate market value), Official reserve assets, other"
"IRFCL","IRFCLDT1_IRFCL64_USD","Official Reserve Assets and Other Foreign Currency Assets (approximate market value), Official reserve assets, securities of which: issuer headquartered in reporting country but located abroad"
"IRFCL","IRFCLDT1_IRFCL64_XDC","Official Reserve Assets and Other Foreign Currency Assets (approximate market value), Official reserve assets, securities of which: issuer headquartered in reporting country but located abroad"
"IRFCL","IRFCLDT1_IRFCL65_DIC_XDR_USD","Official Reserve Assets and Other Foreign Currency Assets (approximate market value), Official reserve assets, Denominated in Special Drawing Rights (SDRs)"
"IRFCL","IRFCLDT1_IRFCL65_DIC_XDR_XDC","Official Reserve Assets and Other Foreign Currency Assets (approximate market value), Official reserve assets, Denominated in Special Drawing Rights (SDRs)"
"IRFCL","IRFCLDT1_IRFCL65_USD","Official Reserve Assets and Other Foreign Currency Assets (approximate market value), Official reserve assets"
"IRFCL","IRFCLDT1_IRFCL65_XDC","Official Reserve Assets and Other Foreign Currency Assets (approximate market value), Official reserve assets"
"IRFCL","IRFCLDT1_IRFCLCDCFC_USD","Official Reserve Assets and Other Foreign Currency Assets (approximate market value), Official reserve currency and deposits (in convertible foreign currencies)"
"IRFCL","IRFCLDT1_IRFCLCDCFC_XDC","Official Reserve Assets and Other Foreign Currency Assets (approximate market value), Official reserve currency and deposits (in convertible foreign currencies)"
"IRFCL","IRFCLDT1_IRFCLCDCFCD_XDC","Official Reserve Assets and Other Foreign Currency Assets (approximate market value), Official reserve currency and deposits (in convertible foreign currencies) with Domestic Currency"
"IRFCL","IRFCLDT1_IRFCLCDCFCU_USD","Official Reserve Assets and Other Foreign Currency Assets (approximate market value), Official reserve currency and deposits (in convertible foreign currencies) with US Dollars"
"IRFCL","IRFCLDT2_IRFCL1_SM1MUT3M_LP_EUR","Predetermined short-term net drains on foreign currency assets (nominal value), Forwards and futures in foreign currencies vis-s-vis the domestic currency (including the forward leg of currency swaps), More than 1 and up to 3 months, Long positions"
"IRFCL","IRFCLDT2_IRFCL1_SM1MUT3M_LP_USD","Predetermined short-term net drains on foreign currency assets (nominal value), Forwards and futures in foreign currencies vis-s-vis the domestic currency (including the forward leg of currency swaps), More than 1 and up to 3 months, Long positions"
"IRFCL","IRFCLDT2_IRFCL1_SM1MUT3M_LP_XDC","Predetermined short-term net drains on foreign currency assets (nominal value), Forwards and futures in foreign currencies vis-s-vis the domestic currency (including the forward leg of currency swaps), More than 1 and up to 3 months, Long positions"
"IRFCL","IRFCLDT2_IRFCL1_SM1MUT3M_SHP_EUR","Predetermined short-term net drains on foreign currency assets (nominal value), Forwards and futures in foreign currencies vis-s-vis the domestic currency (including the forward leg of currency swaps), More than 1 and up to 3 months, Short positions"
"IRFCL","IRFCLDT2_IRFCL1_SM1MUT3M_SHP_USD","Predetermined short-term net drains on foreign currency assets (nominal value), Forwards and futures in foreign currencies vis-s-vis the domestic currency (including the forward leg of currency swaps), More than 1 and up to 3 months, Short positions"
"IRFCL","IRFCLDT2_IRFCL1_SM1MUT3M_SHP_XDC","Predetermined short-term net drains on foreign currency assets (nominal value), Forwards and futures in foreign currencies vis-s-vis the domestic currency (including the forward leg of currency swaps), More than 1 and up to 3 months, Short positions"
"IRFCL","IRFCLDT2_IRFCL1_SM3MUTY_IN_LP_EUR","Predetermined short-term net drains on foreign currency assets (nominal value), Forwards and futures in foreign currencies vis-s-vis the domestic currency (including the forward leg of currency swaps), More than 3 months and up to 1 year, Inflows, Long positions"
"IRFCL","IRFCLDT2_IRFCL1_SM3MUTY_IN_LP_USD","Predetermined short-term net drains on foreign currency assets (nominal value), Forwards and futures in foreign currencies vis-s-vis the domestic currency (including the forward leg of currency swaps), More than 3 months and up to 1 year, Inflows, Long positions"
"IRFCL","IRFCLDT2_IRFCL1_SM3MUTY_IN_LP_XDC","Predetermined short-term net drains on foreign currency assets (nominal value), Forwards and futures in foreign currencies vis-s-vis the domestic currency (including the forward leg of currency swaps), More than 3 months and up to 1 year, Inflows, Long positions"
"IRFCL","IRFCLDT2_IRFCL1_SM3MUTY_SHP_EUR","Predetermined short-term net drains on foreign currency assets (nominal value), Forwards and futures in foreign currencies vis-s-vis the domestic currency (including the forward leg of currency swaps), More than 3 months and up to 1 year, Short positions"
"IRFCL","IRFCLDT2_IRFCL1_SM3MUTY_SHP_USD","Predetermined short-term net drains on foreign currency assets (nominal value), Forwards and futures in foreign currencies vis-s-vis the domestic currency (including the forward leg of currency swaps), More than 3 months and up to 1 year, Short positions"
"IRFCL","IRFCLDT2_IRFCL1_SM3MUTY_SHP_XDC","Predetermined short-term net drains on foreign currency assets (nominal value), Forwards and futures in foreign currencies vis-s-vis the domestic currency (including the forward leg of currency swaps), More than 3 months and up to 1 year, Short positions"
"IRFCL","IRFCLDT2_IRFCL1_SUTM_IN_LP_EUR","Predetermined short-term net drains on foreign currency assets (nominal value), Forwards and futures in foreign currencies vis-s-vis the domestic currency (including the forward leg of currency swaps), Up to 1 month, Inflows, Long positions"
"IRFCL","IRFCLDT2_IRFCL1_SUTM_IN_LP_USD","Predetermined short-term net drains on foreign currency assets (nominal value), Forwards and futures in foreign currencies vis-s-vis the domestic currency (including the forward leg of currency swaps), Up to 1 month, Inflows, Long positions"
"IRFCL","IRFCLDT2_IRFCL1_SUTM_IN_LP_XDC","Predetermined short-term net drains on foreign currency assets (nominal value), Forwards and futures in foreign currencies vis-s-vis the domestic currency (including the forward leg of currency swaps), Up to 1 month, Inflows, Long positions"
"IRFCL","IRFCLDT2_IRFCL1_SUTM_SHP_EUR","Predetermined short-term net drains on foreign currency assets (nominal value), Forwards and futures in foreign currencies vis-s-vis the domestic currency (including the forward leg of currency swaps), Up to 1 month, Short positions"
"IRFCL","IRFCLDT2_IRFCL1_SUTM_SHP_USD","Predetermined short-term net drains on foreign currency assets (nominal value), Forwards and futures in foreign currencies vis-s-vis the domestic currency (including the forward leg of currency swaps), Up to 1 month, Short positions"
"IRFCL","IRFCLDT2_IRFCL1_SUTM_SHP_XDC","Predetermined short-term net drains on foreign currency assets (nominal value), Forwards and futures in foreign currencies vis-s-vis the domestic currency (including the forward leg of currency swaps), Up to 1 month, Short positions"
"IRFCL","IRFCLDT2_IRFCL151_SM1MUT3M_FO_EUR","Predetermined short-term net drains on foreign currency assets (nominal value), Foreign currency loans, securities and deposits, interest, More than 1 and up to 3 months, Outflows (reserves template)"
"IRFCL","IRFCLDT2_IRFCL151_SM1MUT3M_FO_USD","Predetermined short-term net drains on foreign currency assets (nominal value), Foreign currency loans, securities and deposits, interest, More than 1 and up to 3 months, Outflows (reserves template)"
"IRFCL","IRFCLDT2_IRFCL151_SM1MUT3M_FO_XDC","Predetermined short-term net drains on foreign currency assets (nominal value), Foreign currency loans, securities and deposits, interest, More than 1 and up to 3 months, Outflows (reserves template)"
"IRFCL","IRFCLDT2_IRFCL151_SM1MUT3M_IN_USD","Predetermined short-term net drains on foreign currency assets (nominal value), Foreign currency loans, securities and deposits, interest, More than 1 and up to 3 months, Inflows"
"IRFCL","IRFCLDT2_IRFCL151_SM1MUT3M_IN_XDC","Predetermined short-term net drains on foreign currency assets (nominal value), Foreign currency loans, securities and deposits, interest, More than 1 and up to 3 months, Inflows"
"IRFCL","IRFCLDT2_IRFCL151_SM3MUTY_FO_EUR","Predetermined short-term net drains on foreign currency assets (nominal value), Foreign currency loans, securities and deposits, interest, More than 3 months and up to 1 year, Outflows (reserves template)"
"IRFCL","IRFCLDT2_IRFCL151_SM3MUTY_FO_USD","Predetermined short-term net drains on foreign currency assets (nominal value), Foreign currency loans, securities and deposits, interest, More than 3 months and up to 1 year, Outflows (reserves template)"
"IRFCL","IRFCLDT2_IRFCL151_SM3MUTY_FO_XDC","Predetermined short-term net drains on foreign currency assets (nominal value), Foreign currency loans, securities and deposits, interest, More than 3 months and up to 1 year, Outflows (reserves template)"
"IRFCL","IRFCLDT2_IRFCL151_SM3MUTY_IN_USD","Predetermined short-term net drains on foreign currency assets (nominal value), Foreign currency loans, securities and deposits, interest, More than 3 months and up to 1 year, Inflows"
"IRFCL","IRFCLDT2_IRFCL151_SM3MUTY_IN_XDC","Predetermined short-term net drains on foreign currency assets (nominal value), Foreign currency loans, securities and deposits, interest, More than 3 months and up to 1 year, Inflows"
"IRFCL","IRFCLDT2_IRFCL151_SUTM_FO_EUR","Predetermined short-term net drains on foreign currency assets (nominal value), Foreign currency loans, securities and deposits, interest, Up to 1 month, Outflows (reserves template)"
"IRFCL","IRFCLDT2_IRFCL151_SUTM_FO_USD","Predetermined short-term net drains on foreign currency assets (nominal value), Foreign currency loans, securities and deposits, interest, Up to 1 month, Outflows (reserves template)"
"IRFCL","IRFCLDT2_IRFCL151_SUTM_FO_XDC","Predetermined short-term net drains on foreign currency assets (nominal value), Foreign currency loans, securities and deposits, interest, Up to 1 month, Outflows (reserves template)"
"IRFCL","IRFCLDT2_IRFCL151_SUTM_IN_USD","Predetermined short-term net drains on foreign currency assets (nominal value), Foreign currency loans, securities and deposits, interest, Up to 1 month, Inflows"
"IRFCL","IRFCLDT2_IRFCL151_SUTM_IN_XDC","Predetermined short-term net drains on foreign currency assets (nominal value), Foreign currency loans, securities and deposits, interest, Up to 1 month, Inflows"
"IRFCL","IRFCLDT2_IRFCL1T_IN_LP_EUR","Predetermined short-term net drains on foreign currency assets (nominal value), Total forwards and futures in foreign currencies vis ?? vis the domestic currency (including the forward leg of currency swaps), Inflows, Long positions"
"IRFCL","IRFCLDT2_IRFCL1T_IN_LP_USD","Predetermined short-term net drains on foreign currency assets (nominal value), Total forwards and futures in foreign currencies vis ?? vis the domestic currency (including the forward leg of currency swaps), Inflows, Long positions"
"IRFCL","IRFCLDT2_IRFCL1T_IN_LP_XDC","Predetermined short-term net drains on foreign currency assets (nominal value), Total forwards and futures in foreign currencies vis ?? vis the domestic currency (including the forward leg of currency swaps), Inflows, Long positions"
"IRFCL","IRFCLDT2_IRFCL1T_SHP_EUR","Predetermined short-term net drains on foreign currency assets (nominal value), Total forwards and futures in foreign currencies vis ?? vis the domestic currency (including the forward leg of currency swaps), Short positions"
"IRFCL","IRFCLDT2_IRFCL1T_SHP_USD","Predetermined short-term net drains on foreign currency assets (nominal value), Total forwards and futures in foreign currencies vis ?? vis the domestic currency (including the forward leg of currency swaps), Short positions"
"IRFCL","IRFCLDT2_IRFCL1T_SHP_XDC","Predetermined short-term net drains on foreign currency assets (nominal value), Total forwards and futures in foreign currencies vis ?? vis the domestic currency (including the forward leg of currency swaps), Short positions"
"IRFCL","IRFCLDT2_IRFCL24_SM1MUT3M_USD","Predetermined short-term net drains on foreign currency assets (nominal value), Foreign currency loans, securities and deposits, More than 1 and up to 3 months"
"IRFCL","IRFCLDT2_IRFCL24_SM1MUT3M_XDC","Predetermined short-term net drains on foreign currency assets (nominal value), Foreign currency loans, securities and deposits, More than 1 and up to 3 months"
"IRFCL","IRFCLDT2_IRFCL24_SM3MUTY_USD","Predetermined short-term net drains on foreign currency assets (nominal value), Foreign currency loans, securities and deposits, More than 3 months and up to 1 year"
"IRFCL","IRFCLDT2_IRFCL24_SM3MUTY_XDC","Predetermined short-term net drains on foreign currency assets (nominal value), Foreign currency loans, securities and deposits, More than 3 months and up to 1 year"
"IRFCL","IRFCLDT2_IRFCL24_SUTM_USD","Predetermined short-term net drains on foreign currency assets (nominal value), Foreign currency loans, securities and deposits, Up to 1 month"
"IRFCL","IRFCLDT2_IRFCL24_SUTM_XDC","Predetermined short-term net drains on foreign currency assets (nominal value), Foreign currency loans, securities and deposits, Up to 1 month"
"IRFCL","IRFCLDT2_IRFCL26_SM1MUT3M_FO_EUR","Predetermined short-term net drains on foreign currency assets (nominal value), Foreign currency loans, securities and deposits, principal, More than 1 and up to 3 months, Outflows (reserves template)"
"IRFCL","IRFCLDT2_IRFCL26_SM1MUT3M_FO_USD","Predetermined short-term net drains on foreign currency assets (nominal value), Foreign currency loans, securities and deposits, principal, More than 1 and up to 3 months, Outflows (reserves template)"
"IRFCL","IRFCLDT2_IRFCL26_SM1MUT3M_FO_XDC","Predetermined short-term net drains on foreign currency assets (nominal value), Foreign currency loans, securities and deposits, principal, More than 1 and up to 3 months, Outflows (reserves template)"
"IRFCL","IRFCLDT2_IRFCL26_SM1MUT3M_IN_USD","Predetermined short-term net drains on foreign currency assets (nominal value), Foreign currency loans, securities and deposits, principal, More than 1 and up to 3 months, Inflows"
"IRFCL","IRFCLDT2_IRFCL26_SM1MUT3M_IN_XDC","Predetermined short-term net drains on foreign currency assets (nominal value), Foreign currency loans, securities and deposits, principal, More than 1 and up to 3 months, Inflows"
"IRFCL","IRFCLDT2_IRFCL26_SM3MUTY_FO_EUR","Predetermined short-term net drains on foreign currency assets (nominal value), Foreign currency loans, securities and deposits, principal, More than 3 months and up to 1 year, Outflows (reserves template)"
"IRFCL","IRFCLDT2_IRFCL26_SM3MUTY_FO_USD","Predetermined short-term net drains on foreign currency assets (nominal value), Foreign currency loans, securities and deposits, principal, More than 3 months and up to 1 year, Outflows (reserves template)"
"IRFCL","IRFCLDT2_IRFCL26_SM3MUTY_FO_XDC","Predetermined short-term net drains on foreign currency assets (nominal value), Foreign currency loans, securities and deposits, principal, More than 3 months and up to 1 year, Outflows (reserves template)"
"IRFCL","IRFCLDT2_IRFCL26_SM3MUTY_IN_USD","Predetermined short-term net drains on foreign currency assets (nominal value), Foreign currency loans, securities and deposits, principal, More than 3 months and up to 1 year, Inflows"
"IRFCL","IRFCLDT2_IRFCL26_SM3MUTY_IN_XDC","Predetermined short-term net drains on foreign currency assets (nominal value), Foreign currency loans, securities and deposits, principal, More than 3 months and up to 1 year, Inflows"
"IRFCL","IRFCLDT2_IRFCL26_SUTM_FO_EUR","Predetermined short-term net drains on foreign currency assets (nominal value), Foreign currency loans, securities and deposits, principal, Up to 1 month, Outflows (reserves template)"
"IRFCL","IRFCLDT2_IRFCL26_SUTM_FO_USD","Predetermined short-term net drains on foreign currency assets (nominal value), Foreign currency loans, securities and deposits, principal, Up to 1 month, Outflows (reserves template)"
"IRFCL","IRFCLDT2_IRFCL26_SUTM_FO_XDC","Predetermined short-term net drains on foreign currency assets (nominal value), Foreign currency loans, securities and deposits, principal, Up to 1 month, Outflows (reserves template)"
"IRFCL","IRFCLDT2_IRFCL26_SUTM_IN_USD","Predetermined short-term net drains on foreign currency assets (nominal value), Foreign currency loans, securities and deposits, principal, Up to 1 month, Inflows"
"IRFCL","IRFCLDT2_IRFCL26_SUTM_IN_XDC","Predetermined short-term net drains on foreign currency assets (nominal value), Foreign currency loans, securities and deposits, principal, Up to 1 month, Inflows"
"IRFCL","IRFCLDT2_IRFCL45_SM1MUT3M_USD","Predetermined short-term net drains on foreign currency assets (nominal value), Other predetermined short term net drains on foreign currency assets, More than 1 and up to 3 months"
"IRFCL","IRFCLDT2_IRFCL45_SM1MUT3M_XDC","Predetermined short-term net drains on foreign currency assets (nominal value), Other predetermined short term net drains on foreign currency assets, More than 1 and up to 3 months"
"IRFCL","IRFCLDT2_IRFCL45_SM3MUTY_USD","Predetermined short-term net drains on foreign currency assets (nominal value), Other predetermined short term net drains on foreign currency assets, More than 3 months and up to 1 year"
"IRFCL","IRFCLDT2_IRFCL45_SM3MUTY_XDC","Predetermined short-term net drains on foreign currency assets (nominal value), Other predetermined short term net drains on foreign currency assets, More than 3 months and up to 1 year"
"IRFCL","IRFCLDT2_IRFCL45_SUTM_USD","Predetermined short-term net drains on foreign currency assets (nominal value), Other predetermined short term net drains on foreign currency assets, Up to 1 month"
"IRFCL","IRFCLDT2_IRFCL45_SUTM_XDC","Predetermined short-term net drains on foreign currency assets (nominal value), Other predetermined short term net drains on foreign currency assets, Up to 1 month"
"IRFCL","IRFCLDT2_IRFCL46_SM1MUT3M_FO_EUR","Predetermined short-term net drains on foreign currency assets (nominal value), Other predetermined short term net drains on foreign currency assets, other accounts payable, More than 1 and up to 3 months, Outflows (reserves template)"
"IRFCL","IRFCLDT2_IRFCL46_SM1MUT3M_FO_USD","Predetermined short-term net drains on foreign currency assets (nominal value), Other predetermined short term net drains on foreign currency assets, other accounts payable, More than 1 and up to 3 months, Outflows (reserves template)"
"IRFCL","IRFCLDT2_IRFCL46_SM1MUT3M_FO_XDC","Predetermined short-term net drains on foreign currency assets (nominal value), Other predetermined short term net drains on foreign currency assets, other accounts payable, More than 1 and up to 3 months, Outflows (reserves template)"
"IRFCL","IRFCLDT2_IRFCL46_SM3MUTY_FO_EUR","Predetermined short-term net drains on foreign currency assets (nominal value), Other predetermined short term net drains on foreign currency assets, other accounts payable, More than 3 months and up to 1 year, Outflows (reserves template)"
"IRFCL","IRFCLDT2_IRFCL46_SM3MUTY_FO_USD","Predetermined short-term net drains on foreign currency assets (nominal value), Other predetermined short term net drains on foreign currency assets, other accounts payable, More than 3 months and up to 1 year, Outflows (reserves template)"
"IRFCL","IRFCLDT2_IRFCL46_SM3MUTY_FO_XDC","Predetermined short-term net drains on foreign currency assets (nominal value), Other predetermined short term net drains on foreign currency assets, other accounts payable, More than 3 months and up to 1 year, Outflows (reserves template)"
"IRFCL","IRFCLDT2_IRFCL46_SUTM_FO_EUR","Predetermined short-term net drains on foreign currency assets (nominal value), Other predetermined short term net drains on foreign currency assets, other accounts payable, Up to 1 month, Outflows (reserves template)"
"IRFCL","IRFCLDT2_IRFCL46_SUTM_FO_USD","Predetermined short-term net drains on foreign currency assets (nominal value), Other predetermined short term net drains on foreign currency assets, other accounts payable, Up to 1 month, Outflows (reserves template)"
"IRFCL","IRFCLDT2_IRFCL46_SUTM_FO_XDC","Predetermined short-term net drains on foreign currency assets (nominal value), Other predetermined short term net drains on foreign currency assets, other accounts payable, Up to 1 month, Outflows (reserves template)"
"IRFCL","IRFCLDT2_IRFCL46T_FO_EUR","Predetermined short-term net drains on foreign currency assets (nominal value), Total other predetermined short term net drains on foreign currency assets, other accounts payable, Outflows (reserves template)"
"IRFCL","IRFCLDT2_IRFCL46T_FO_USD","Predetermined short-term net drains on foreign currency assets (nominal value), Total other predetermined short term net drains on foreign currency assets, other accounts payable, Outflows (reserves template)"
"IRFCL","IRFCLDT2_IRFCL46T_FO_XDC","Predetermined short-term net drains on foreign currency assets (nominal value), Total other predetermined short term net drains on foreign currency assets, other accounts payable, Outflows (reserves template)"
"IRFCL","IRFCLDT2_IRFCL47_SM1MUT3M_USD","Predetermined short-term net drains on foreign currency assets (nominal value), Other predetermined short term net drains on foreign currency assets, other accounts receivable, More than 1 and up to 3 months"
"IRFCL","IRFCLDT2_IRFCL47_SM1MUT3M_XDC","Predetermined short-term net drains on foreign currency assets (nominal value), Other predetermined short term net drains on foreign currency assets, other accounts receivable, More than 1 and up to 3 months"
"IRFCL","IRFCLDT2_IRFCL47_SM3MUTY_IN_USD","Predetermined short-term net drains on foreign currency assets (nominal value), Other predetermined short term net drains on foreign currency assets, other accounts receivable, More than 3 months and up to 1 year, Inflows"
"IRFCL","IRFCLDT2_IRFCL47_SM3MUTY_IN_XDC","Predetermined short-term net drains on foreign currency assets (nominal value), Other predetermined short term net drains on foreign currency assets, other accounts receivable, More than 3 months and up to 1 year, Inflows"
"IRFCL","IRFCLDT2_IRFCL47_SUTM_IN_USD","Predetermined short-term net drains on foreign currency assets (nominal value), Other predetermined short term net drains on foreign currency assets, other accounts receivable, Up to 1 month, Inflows"
"IRFCL","IRFCLDT2_IRFCL47_SUTM_IN_XDC","Predetermined short-term net drains on foreign currency assets (nominal value), Other predetermined short term net drains on foreign currency assets, other accounts receivable, Up to 1 month, Inflows"
"IRFCL","IRFCLDT2_IRFCL47T_IN_USD","Predetermined short-term net drains on foreign currency assets (nominal value), Total other predetermined short term net drains on foreign currency assets, other accounts receivable, Inflows"
"IRFCL","IRFCLDT2_IRFCL47T_IN_XDC","Predetermined short-term net drains on foreign currency assets (nominal value), Total other predetermined short term net drains on foreign currency assets, other accounts receivable, Inflows"
"IRFCL","IRFCLDT2_IRFCL48_SM1MUT3M_FO_EUR","Predetermined short-term net drains on foreign currency assets (nominal value), Other predetermined short term net drains on foreign currency assets, related to repos, More than 1 and up to 3 months, Outflows (reserves template)"
"IRFCL","IRFCLDT2_IRFCL48_SM1MUT3M_FO_USD","Predetermined short-term net drains on foreign currency assets (nominal value), Other predetermined short term net drains on foreign currency assets, related to repos, More than 1 and up to 3 months, Outflows (reserves template)"
"IRFCL","IRFCLDT2_IRFCL48_SM1MUT3M_FO_XDC","Predetermined short-term net drains on foreign currency assets (nominal value), Other predetermined short term net drains on foreign currency assets, related to repos, More than 1 and up to 3 months, Outflows (reserves template)"
"IRFCL","IRFCLDT2_IRFCL48_SM3MUTY_FO_EUR","Predetermined short-term net drains on foreign currency assets (nominal value), Other predetermined short term net drains on foreign currency assets, related to repos, More than 3 months and up to 1 year, Outflows (reserves template)"
"IRFCL","IRFCLDT2_IRFCL48_SM3MUTY_FO_USD","Predetermined short-term net drains on foreign currency assets (nominal value), Other predetermined short term net drains on foreign currency assets, related to repos, More than 3 months and up to 1 year, Outflows (reserves template)"
"IRFCL","IRFCLDT2_IRFCL48_SM3MUTY_FO_XDC","Predetermined short-term net drains on foreign currency assets (nominal value), Other predetermined short term net drains on foreign currency assets, related to repos, More than 3 months and up to 1 year, Outflows (reserves template)"
"IRFCL","IRFCLDT2_IRFCL48_SUTM_FO_EUR","Predetermined short-term net drains on foreign currency assets (nominal value), Other predetermined short term net drains on foreign currency assets, related to repos, Up to 1 month, Outflows (reserves template)"
"IRFCL","IRFCLDT2_IRFCL48_SUTM_FO_USD","Predetermined short-term net drains on foreign currency assets (nominal value), Other predetermined short term net drains on foreign currency assets, related to repos, Up to 1 month, Outflows (reserves template)"
"IRFCL","IRFCLDT2_IRFCL48_SUTM_FO_XDC","Predetermined short-term net drains on foreign currency assets (nominal value), Other predetermined short term net drains on foreign currency assets, related to repos, Up to 1 month, Outflows (reserves template)"
"IRFCL","IRFCLDT2_IRFCL48T_FO_EUR","Predetermined short-term net drains on foreign currency assets (nominal value), Total other predetermined short term net drains on foreign currency assets, related to repos, Outflows (reserves template)"
"IRFCL","IRFCLDT2_IRFCL48T_FO_USD","Predetermined short-term net drains on foreign currency assets (nominal value), Total other predetermined short term net drains on foreign currency assets, related to repos, Outflows (reserves template)"
"IRFCL","IRFCLDT2_IRFCL48T_FO_XDC","Predetermined short-term net drains on foreign currency assets (nominal value), Total other predetermined short term net drains on foreign currency assets, related to repos, Outflows (reserves template)"
"IRFCL","IRFCLDT2_IRFCL49_SM1MUT3M_IN_USD","Predetermined short-term net drains on foreign currency assets (nominal value), Other predetermined short term net drains on foreign currency assets, related to reverse repos, More than 1 and up to 3 months, Inflows"
"IRFCL","IRFCLDT2_IRFCL49_SM1MUT3M_IN_XDC","Predetermined short-term net drains on foreign currency assets (nominal value), Other predetermined short term net drains on foreign currency assets, related to reverse repos, More than 1 and up to 3 months, Inflows"
"IRFCL","IRFCLDT2_IRFCL49_SM3MUTY_IN_USD","Predetermined short-term net drains on foreign currency assets (nominal value), Other predetermined short term net drains on foreign currency assets, related to reverse repos, More than 3 months and up to 1 year, Inflows"
"IRFCL","IRFCLDT2_IRFCL49_SM3MUTY_IN_XDC","Predetermined short-term net drains on foreign currency assets (nominal value), Other predetermined short term net drains on foreign currency assets, related to reverse repos, More than 3 months and up to 1 year, Inflows"
"IRFCL","IRFCLDT2_IRFCL49_SUTM_IN_USD","Predetermined short-term net drains on foreign currency assets (nominal value), Other predetermined short term net drains on foreign currency assets, related to reverse repos, Up to 1 month, Inflows"
"IRFCL","IRFCLDT2_IRFCL49_SUTM_IN_XDC","Predetermined short-term net drains on foreign currency assets (nominal value), Other predetermined short term net drains on foreign currency assets, related to reverse repos, Up to 1 month, Inflows"
"IRFCL","IRFCLDT2_IRFCL49T_IN_USD","Predetermined short-term net drains on foreign currency assets (nominal value), Total other predetermined short term net drains on foreign currency assets, related to reverse repos, Inflows"
"IRFCL","IRFCLDT2_IRFCL49T_IN_XDC","Predetermined short-term net drains on foreign currency assets (nominal value), Total other predetermined short term net drains on foreign currency assets, related to reverse repos, Inflows"
"IRFCL","IRFCLDT2_IRFCL50_SM1MUT3M_FO_EUR","Predetermined short-term net drains on foreign currency assets (nominal value), Other predetermined short term net drains on foreign currency assets, trade credit, More than 1 and up to 3 months, Outflows (reserves template)"
"IRFCL","IRFCLDT2_IRFCL50_SM1MUT3M_FO_USD","Predetermined short-term net drains on foreign currency assets (nominal value), Other predetermined short term net drains on foreign currency assets, trade credit, More than 1 and up to 3 months, Outflows (reserves template)"
"IRFCL","IRFCLDT2_IRFCL50_SM1MUT3M_FO_XDC","Predetermined short-term net drains on foreign currency assets (nominal value), Other predetermined short term net drains on foreign currency assets, trade credit, More than 1 and up to 3 months, Outflows (reserves template)"
"IRFCL","IRFCLDT2_IRFCL50_SM1MUT3M_IN_USD","Predetermined short-term net drains on foreign currency assets (nominal value), Other predetermined short term net drains on foreign currency assets, trade credit, More than 1 and up to 3 months, Inflows"
"IRFCL","IRFCLDT2_IRFCL50_SM1MUT3M_IN_XDC","Predetermined short-term net drains on foreign currency assets (nominal value), Other predetermined short term net drains on foreign currency assets, trade credit, More than 1 and up to 3 months, Inflows"
"IRFCL","IRFCLDT2_IRFCL50_SM3MUTY_FO_EUR","Predetermined short-term net drains on foreign currency assets (nominal value), Other predetermined short term net drains on foreign currency assets, trade credit, More than 3 months and up to 1 year, Outflows (reserves template)"
"IRFCL","IRFCLDT2_IRFCL50_SM3MUTY_FO_USD","Predetermined short-term net drains on foreign currency assets (nominal value), Other predetermined short term net drains on foreign currency assets, trade credit, More than 3 months and up to 1 year, Outflows (reserves template)"
"IRFCL","IRFCLDT2_IRFCL50_SM3MUTY_FO_XDC","Predetermined short-term net drains on foreign currency assets (nominal value), Other predetermined short term net drains on foreign currency assets, trade credit, More than 3 months and up to 1 year, Outflows (reserves template)"
"IRFCL","IRFCLDT2_IRFCL50_SM3MUTY_IN_USD","Predetermined short-term net drains on foreign currency assets (nominal value), Other predetermined short term net drains on foreign currency assets, trade credit, More than 3 months and up to 1 year, Inflows"
"IRFCL","IRFCLDT2_IRFCL50_SM3MUTY_IN_XDC","Predetermined short-term net drains on foreign currency assets (nominal value), Other predetermined short term net drains on foreign currency assets, trade credit, More than 3 months and up to 1 year, Inflows"
"IRFCL","IRFCLDT2_IRFCL50_SUTM_FO_EUR","Predetermined short-term net drains on foreign currency assets (nominal value), Other predetermined short term net drains on foreign currency assets, trade credit, Up to 1 month, Outflows (reserves template)"
"IRFCL","IRFCLDT2_IRFCL50_SUTM_FO_USD","Predetermined short-term net drains on foreign currency assets (nominal value), Other predetermined short term net drains on foreign currency assets, trade credit, Up to 1 month, Outflows (reserves template)"
"IRFCL","IRFCLDT2_IRFCL50_SUTM_FO_XDC","Predetermined short-term net drains on foreign currency assets (nominal value), Other predetermined short term net drains on foreign currency assets, trade credit, Up to 1 month, Outflows (reserves template)"
"IRFCL","IRFCLDT2_IRFCL50_SUTM_IN_USD","Predetermined short-term net drains on foreign currency assets (nominal value), Other predetermined short term net drains on foreign currency assets, trade credit, Up to 1 month, Inflows"
"IRFCL","IRFCLDT2_IRFCL50_SUTM_IN_XDC","Predetermined short-term net drains on foreign currency assets (nominal value), Other predetermined short term net drains on foreign currency assets, trade credit, Up to 1 month, Inflows"
"IRFCL","IRFCLDT2_IRFCL50T_FO_EUR","Predetermined short-term net drains on foreign currency assets (nominal value), Total other predetermined short term net drains on foreign currency assets, trade credit, Outflows (reserves template)"
"IRFCL","IRFCLDT2_IRFCL50T_FO_USD","Predetermined short-term net drains on foreign currency assets (nominal value), Total other predetermined short term net drains on foreign currency assets, trade credit, Outflows (reserves template)"
"IRFCL","IRFCLDT2_IRFCL50T_FO_XDC","Predetermined short-term net drains on foreign currency assets (nominal value), Total other predetermined short term net drains on foreign currency assets, trade credit, Outflows (reserves template)"
"IRFCL","IRFCLDT2_IRFCL50T_IN_USD","Predetermined short-term net drains on foreign currency assets (nominal value), Total other predetermined short term net drains on foreign currency assets, trade credit, Inflows"
"IRFCL","IRFCLDT2_IRFCL50T_IN_XDC","Predetermined short-term net drains on foreign currency assets (nominal value), Total other predetermined short term net drains on foreign currency assets, trade credit, Inflows"
"IRFCL","IRFCLDT2_IRFCL78_USD","Predetermined short-term net drains on foreign currency assets (nominal value), Total foreign currency loans securities and deposits"
"IRFCL","IRFCLDT2_IRFCL78_XDC","Predetermined short-term net drains on foreign currency assets (nominal value), Total foreign currency loans securities and deposits"
"IRFCL","IRFCLDT2_IRFCL79_FO_EUR","Predetermined short-term net drains on foreign currency assets (nominal value), Total foreign currency loans securities and deposits, interest, Outflows (reserves template)"
"IRFCL","IRFCLDT2_IRFCL79_FO_USD","Predetermined short-term net drains on foreign currency assets (nominal value), Total foreign currency loans securities and deposits, interest, Outflows (reserves template)"
"IRFCL","IRFCLDT2_IRFCL79_FO_XDC","Predetermined short-term net drains on foreign currency assets (nominal value), Total foreign currency loans securities and deposits, interest, Outflows (reserves template)"
"IRFCL","IRFCLDT2_IRFCL79_IN_USD","Predetermined short-term net drains on foreign currency assets (nominal value), Total foreign currency loans securities and deposits, interest, Inflows"
"IRFCL","IRFCLDT2_IRFCL79_IN_XDC","Predetermined short-term net drains on foreign currency assets (nominal value), Total foreign currency loans securities and deposits, interest, Inflows"
"IRFCL","IRFCLDT2_IRFCL80_FO_EUR","Predetermined short-term net drains on foreign currency assets (nominal value), Total foreign currency loans securities and deposits, principal, Outflows (reserves template)"
"IRFCL","IRFCLDT2_IRFCL80_FO_USD","Predetermined short-term net drains on foreign currency assets (nominal value), Total foreign currency loans securities and deposits, principal, Outflows (reserves template)"
"IRFCL","IRFCLDT2_IRFCL80_FO_XDC","Predetermined short-term net drains on foreign currency assets (nominal value), Total foreign currency loans securities and deposits, principal, Outflows (reserves template)"
"IRFCL","IRFCLDT2_IRFCL80_IN_USD","Predetermined short-term net drains on foreign currency assets (nominal value), Total foreign currency loans securities and deposits, principal, Inflows"
"IRFCL","IRFCLDT2_IRFCL80_IN_XDC","Predetermined short-term net drains on foreign currency assets (nominal value), Total foreign currency loans securities and deposits, principal, Inflows"
"IRFCL","IRFCLDT2_IRFCL85_USD","Predetermined short-term net drains on foreign currency assets (nominal value), Total other predetermined short term net drains on foreign currency assets"
"IRFCL","IRFCLDT2_IRFCL85_XDC","Predetermined short-term net drains on foreign currency assets (nominal value), Total other predetermined short term net drains on foreign currency assets"
"IRFCL","IRFCLDT2_T_XDC","Predetermined short-term net drains on foreign currency assets (nominal value), Total"
"IRFCL","IRFCLDT2_USD","Predetermined short-term net drains on foreign currency assets (nominal value)"
"IRFCL","IRFCLDT3_CL_SM1MUT3M_USD","Contingent short-term net drains on foreign currency assets (nominal value), Contingent liabilities, More than 1 and up to 3 months"
"IRFCL","IRFCLDT3_CL_SM1MUT3M_XDC","Contingent short-term net drains on foreign currency assets (nominal value), Contingent liabilities, More than 1 and up to 3 months"
"IRFCL","IRFCLDT3_CL_SM3MUTY_USD","Contingent short-term net drains on foreign currency assets (nominal value), Contingent liabilities, More than 3 months and up to 1 year"
"IRFCL","IRFCLDT3_CL_SM3MUTY_XDC","Contingent short-term net drains on foreign currency assets (nominal value), Contingent liabilities, More than 3 months and up to 1 year"
"IRFCL","IRFCLDT3_CL_USD","Contingent short-term net drains on foreign currency assets (nominal value), Contingent liabilities"
"IRFCL","IRFCLDT3_CL_XDC","Contingent short-term net drains on foreign currency assets (nominal value), Contingent liabilities"
"IRFCL","IRFCLDT3_IRFCL5_SM1MUT3M_EC1_SHP_EUR","Contingent short-term net drains on foreign currency assets (nominal value), Options in foreign currencies vis a  vis the domestic currency, More than 1 and up to 3 months, Written Calls, Short positions"
"IRFCL","IRFCLDT3_IRFCL5_SM1MUT3M_EC1_SHP_USD","Contingent short-term net drains on foreign currency assets (nominal value), Options in foreign currencies vis a  vis the domestic currency, More than 1 and up to 3 months, Written Calls, Short positions"
"IRFCL","IRFCLDT3_IRFCL5_SM1MUT3M_EC1_SHP_XDC","Contingent short-term net drains on foreign currency assets (nominal value), Options in foreign currencies vis a  vis the domestic currency, More than 1 and up to 3 months, Written Calls, Short positions"
"IRFCL","IRFCLDT3_IRFCL5_SM1MUT3M_EC10_LP_EUR","Contingent short-term net drains on foreign currency assets (nominal value), Options in foreign currencies vis a  vis the domestic currency, More than 1 and up to 3 months, In-the-money Options, Other, Long positions"
"IRFCL","IRFCLDT3_IRFCL5_SM1MUT3M_EC10_LP_USD","Contingent short-term net drains on foreign currency assets (nominal value), Options in foreign currencies vis a  vis the domestic currency, More than 1 and up to 3 months, In-the-money Options, Other, Long positions"
"IRFCL","IRFCLDT3_IRFCL5_SM1MUT3M_EC10_LP_XDC","Contingent short-term net drains on foreign currency assets (nominal value), Options in foreign currencies vis a  vis the domestic currency, More than 1 and up to 3 months, In-the-money Options, Other, Long positions"
"IRFCL","IRFCLDT3_IRFCL5_SM1MUT3M_EC10_SHP_EUR","Contingent short-term net drains on foreign currency assets (nominal value), Options in foreign currencies vis a  vis the domestic currency, More than 1 and up to 3 months, In-the-money Options, Other, Short positions"
"IRFCL","IRFCLDT3_IRFCL5_SM1MUT3M_EC10_SHP_USD","Contingent short-term net drains on foreign currency assets (nominal value), Options in foreign currencies vis a  vis the domestic currency, More than 1 and up to 3 months, In-the-money Options, Other, Short positions"
"IRFCL","IRFCLDT3_IRFCL5_SM1MUT3M_EC10_SHP_XDC","Contingent short-term net drains on foreign currency assets (nominal value), Options in foreign currencies vis a  vis the domestic currency, More than 1 and up to 3 months, In-the-money Options, Other, Short positions"
"IRFCL","IRFCLDT3_IRFCL5_SM1MUT3M_EC11_LP_EUR","Contingent short-term net drains on foreign currency assets (nominal value), Options in foreign currencies vis a  vis the domestic currency, More than 1 and up to 3 months, In-the-money Options, - 10 % (Appreciation of 10%), Long positions"
"IRFCL","IRFCLDT3_IRFCL5_SM1MUT3M_EC11_LP_USD","Contingent short-term net drains on foreign currency assets (nominal value), Options in foreign currencies vis a  vis the domestic currency, More than 1 and up to 3 months, In-the-money Options, - 10 % (Appreciation of 10%), Long positions"
"IRFCL","IRFCLDT3_IRFCL5_SM1MUT3M_EC11_LP_XDC","Contingent short-term net drains on foreign currency assets (nominal value), Options in foreign currencies vis a  vis the domestic currency, More than 1 and up to 3 months, In-the-money Options, - 10 % (Appreciation of 10%), Long positions"
"IRFCL","IRFCLDT3_IRFCL5_SM1MUT3M_EC11_SHP_EUR","Contingent short-term net drains on foreign currency assets (nominal value), Options in foreign currencies vis a  vis the domestic currency, More than 1 and up to 3 months, In-the-money Options, - 10 % (Appreciation of 10%), Short positions"
"IRFCL","IRFCLDT3_IRFCL5_SM1MUT3M_EC11_SHP_USD","Contingent short-term net drains on foreign currency assets (nominal value), Options in foreign currencies vis a  vis the domestic currency, More than 1 and up to 3 months, In-the-money Options, - 10 % (Appreciation of 10%), Short positions"
"IRFCL","IRFCLDT3_IRFCL5_SM1MUT3M_EC11_SHP_XDC","Contingent short-term net drains on foreign currency assets (nominal value), Options in foreign currencies vis a  vis the domestic currency, More than 1 and up to 3 months, In-the-money Options, - 10 % (Appreciation of 10%), Short positions"
"IRFCL","IRFCLDT3_IRFCL5_SM1MUT3M_EC12_LP_EUR","Contingent short-term net drains on foreign currency assets (nominal value), Options in foreign currencies vis a  vis the domestic currency, More than 1 and up to 3 months, In-the-money Options, - 5 % (Appreciation of 5%), Long positions"
"IRFCL","IRFCLDT3_IRFCL5_SM1MUT3M_EC12_LP_USD","Contingent short-term net drains on foreign currency assets (nominal value), Options in foreign currencies vis a  vis the domestic currency, More than 1 and up to 3 months, In-the-money Options, - 5 % (Appreciation of 5%), Long positions"
"IRFCL","IRFCLDT3_IRFCL5_SM1MUT3M_EC12_LP_XDC","Contingent short-term net drains on foreign currency assets (nominal value), Options in foreign currencies vis a  vis the domestic currency, More than 1 and up to 3 months, In-the-money Options, - 5 % (Appreciation of 5%), Long positions"
"IRFCL","IRFCLDT3_IRFCL5_SM1MUT3M_EC12_SHP_EUR","Contingent short-term net drains on foreign currency assets (nominal value), Options in foreign currencies vis a  vis the domestic currency, More than 1 and up to 3 months, In-the-money Options, - 5 % (Appreciation of 5%), Short positions"
"IRFCL","IRFCLDT3_IRFCL5_SM1MUT3M_EC12_SHP_USD","Contingent short-term net drains on foreign currency assets (nominal value), Options in foreign currencies vis a  vis the domestic currency, More than 1 and up to 3 months, In-the-money Options, - 5 % (Appreciation of 5%), Short positions"
"IRFCL","IRFCLDT3_IRFCL5_SM1MUT3M_EC12_SHP_XDC","Contingent short-term net drains on foreign currency assets (nominal value), Options in foreign currencies vis a  vis the domestic currency, More than 1 and up to 3 months, In-the-money Options, - 5 % (Appreciation of 5%), Short positions"
"IRFCL","IRFCLDT3_IRFCL5_SM1MUT3M_EC14_LP_EUR","Contingent short-term net drains on foreign currency assets (nominal value), Options in foreign currencies vis a  vis the domestic currency, More than 1 and up to 3 months, In-the-money Options, + 5 % (Depreciation of 5%), Long positions"
"IRFCL","IRFCLDT3_IRFCL5_SM1MUT3M_EC14_LP_USD","Contingent short-term net drains on foreign currency assets (nominal value), Options in foreign currencies vis a  vis the domestic currency, More than 1 and up to 3 months, In-the-money Options, + 5 % (Depreciation of 5%), Long positions"
"IRFCL","IRFCLDT3_IRFCL5_SM1MUT3M_EC14_LP_XDC","Contingent short-term net drains on foreign currency assets (nominal value), Options in foreign currencies vis a  vis the domestic currency, More than 1 and up to 3 months, In-the-money Options, + 5 % (Depreciation of 5%), Long positions"
"IRFCL","IRFCLDT3_IRFCL5_SM1MUT3M_EC14_SHP_EUR","Contingent short-term net drains on foreign currency assets (nominal value), Options in foreign currencies vis a  vis the domestic currency, More than 1 and up to 3 months, In-the-money Options, + 5 % (Depreciation of 5%), Short positions"
"IRFCL","IRFCLDT3_IRFCL5_SM1MUT3M_EC14_SHP_USD","Contingent short-term net drains on foreign currency assets (nominal value), Options in foreign currencies vis a  vis the domestic currency, More than 1 and up to 3 months, In-the-money Options, + 5 % (Depreciation of 5%), Short positions"
"IRFCL","IRFCLDT3_IRFCL5_SM1MUT3M_EC14_SHP_XDC","Contingent short-term net drains on foreign currency assets (nominal value), Options in foreign currencies vis a  vis the domestic currency, More than 1 and up to 3 months, In-the-money Options, + 5 % (Depreciation of 5%), Short positions"
"IRFCL","IRFCLDT3_IRFCL5_SM1MUT3M_EC15_LP_EUR","Contingent short-term net drains on foreign currency assets (nominal value), Options in foreign currencies vis a  vis the domestic currency, More than 1 and up to 3 months, In-the-money Options, At Current Exchange Rate, Long positions"
"IRFCL","IRFCLDT3_IRFCL5_SM1MUT3M_EC15_LP_USD","Contingent short-term net drains on foreign currency assets (nominal value), Options in foreign currencies vis a  vis the domestic currency, More than 1 and up to 3 months, In-the-money Options, At Current Exchange Rate, Long positions"
"IRFCL","IRFCLDT3_IRFCL5_SM1MUT3M_EC15_LP_XDC","Contingent short-term net drains on foreign currency assets (nominal value), Options in foreign currencies vis a  vis the domestic currency, More than 1 and up to 3 months, In-the-money Options, At Current Exchange Rate, Long positions"
"IRFCL","IRFCLDT3_IRFCL5_SM1MUT3M_EC15_SHP_EUR","Contingent short-term net drains on foreign currency assets (nominal value), Options in foreign currencies vis a  vis the domestic currency, More than 1 and up to 3 months, In-the-money Options, At Current Exchange Rate, Short positions"
"IRFCL","IRFCLDT3_IRFCL5_SM1MUT3M_EC15_SHP_USD","Contingent short-term net drains on foreign currency assets (nominal value), Options in foreign currencies vis a  vis the domestic currency, More than 1 and up to 3 months, In-the-money Options, At Current Exchange Rate, Short positions"
"IRFCL","IRFCLDT3_IRFCL5_SM1MUT3M_EC15_SHP_XDC","Contingent short-term net drains on foreign currency assets (nominal value), Options in foreign currencies vis a  vis the domestic currency, More than 1 and up to 3 months, In-the-money Options, At Current Exchange Rate, Short positions"
"IRFCL","IRFCLDT3_IRFCL5_SM1MUT3M_EC17_LP_EUR","Contingent short-term net drains on foreign currency assets (nominal value), Options in foreign currencies vis a  vis the domestic currency, More than 1 and up to 3 months, Bought calls, Long positions"
"IRFCL","IRFCLDT3_IRFCL5_SM1MUT3M_EC17_LP_USD","Contingent short-term net drains on foreign currency assets (nominal value), Options in foreign currencies vis a  vis the domestic currency, More than 1 and up to 3 months, Bought calls, Long positions"
"IRFCL","IRFCLDT3_IRFCL5_SM1MUT3M_EC17_LP_XDC","Contingent short-term net drains on foreign currency assets (nominal value), Options in foreign currencies vis a  vis the domestic currency, More than 1 and up to 3 months, Bought calls, Long positions"
"IRFCL","IRFCLDT3_IRFCL5_SM1MUT3M_EC2_SHP_EUR","Contingent short-term net drains on foreign currency assets (nominal value), Options in foreign currencies vis a  vis the domestic currency, More than 1 and up to 3 months, Bought Puts, Short positions"
"IRFCL","IRFCLDT3_IRFCL5_SM1MUT3M_EC2_SHP_USD","Contingent short-term net drains on foreign currency assets (nominal value), Options in foreign currencies vis a  vis the domestic currency, More than 1 and up to 3 months, Bought Puts, Short positions"
"IRFCL","IRFCLDT3_IRFCL5_SM1MUT3M_EC2_SHP_XDC","Contingent short-term net drains on foreign currency assets (nominal value), Options in foreign currencies vis a  vis the domestic currency, More than 1 and up to 3 months, Bought Puts, Short positions"
"IRFCL","IRFCLDT3_IRFCL5_SM1MUT3M_EC5_LP_EUR","Contingent short-term net drains on foreign currency assets (nominal value), Options in foreign currencies vis a  vis the domestic currency, More than 1 and up to 3 months, In-the-money Options, +10 % (Depreciation of 10%), Long positions"
"IRFCL","IRFCLDT3_IRFCL5_SM1MUT3M_EC5_LP_USD","Contingent short-term net drains on foreign currency assets (nominal value), Options in foreign currencies vis a  vis the domestic currency, More than 1 and up to 3 months, In-the-money Options, +10 % (Depreciation of 10%), Long positions"
"IRFCL","IRFCLDT3_IRFCL5_SM1MUT3M_EC5_LP_XDC","Contingent short-term net drains on foreign currency assets (nominal value), Options in foreign currencies vis a  vis the domestic currency, More than 1 and up to 3 months, In-the-money Options, +10 % (Depreciation of 10%), Long positions"
"IRFCL","IRFCLDT3_IRFCL5_SM1MUT3M_EC5_SHP_EUR","Contingent short-term net drains on foreign currency assets (nominal value), Options in foreign currencies vis a  vis the domestic currency, More than 1 and up to 3 months, In-the-money Options, +10 % (Depreciation of 10%), Short positions"
"IRFCL","IRFCLDT3_IRFCL5_SM1MUT3M_EC5_SHP_USD","Contingent short-term net drains on foreign currency assets (nominal value), Options in foreign currencies vis a  vis the domestic currency, More than 1 and up to 3 months, In-the-money Options, +10 % (Depreciation of 10%), Short positions"
"IRFCL","IRFCLDT3_IRFCL5_SM1MUT3M_EC5_SHP_XDC","Contingent short-term net drains on foreign currency assets (nominal value), Options in foreign currencies vis a  vis the domestic currency, More than 1 and up to 3 months, In-the-money Options, +10 % (Depreciation of 10%), Short positions"
"IRFCL","IRFCLDT3_IRFCL5_SM1MUT3M_EC9_LP_EUR","Contingent short-term net drains on foreign currency assets (nominal value), Options in foreign currencies vis a  vis the domestic currency, More than 1 and up to 3 months, Written Puts, Long positions"
"IRFCL","IRFCLDT3_IRFCL5_SM1MUT3M_EC9_LP_USD","Contingent short-term net drains on foreign currency assets (nominal value), Options in foreign currencies vis a  vis the domestic currency, More than 1 and up to 3 months, Written Puts, Long positions"
"IRFCL","IRFCLDT3_IRFCL5_SM1MUT3M_EC9_LP_XDC","Contingent short-term net drains on foreign currency assets (nominal value), Options in foreign currencies vis a  vis the domestic currency, More than 1 and up to 3 months, Written Puts, Long positions"
"IRFCL","IRFCLDT3_IRFCL5_SM1MUT3M_LP_EUR","Contingent short-term net drains on foreign currency assets (nominal value), Options in foreign currencies vis a  vis the domestic currency, More than 1 and up to 3 months, Long positions"
"IRFCL","IRFCLDT3_IRFCL5_SM1MUT3M_LP_USD","Contingent short-term net drains on foreign currency assets (nominal value), Options in foreign currencies vis a  vis the domestic currency, More than 1 and up to 3 months, Long positions"
"IRFCL","IRFCLDT3_IRFCL5_SM1MUT3M_LP_XDC","Contingent short-term net drains on foreign currency assets (nominal value), Options in foreign currencies vis a  vis the domestic currency, More than 1 and up to 3 months, Long positions"
"IRFCL","IRFCLDT3_IRFCL5_SM1MUT3M_SHP_EUR","Contingent short-term net drains on foreign currency assets (nominal value), Options in foreign currencies vis a  vis the domestic currency, More than 1 and up to 3 months, Short positions"
"IRFCL","IRFCLDT3_IRFCL5_SM1MUT3M_SHP_USD","Contingent short-term net drains on foreign currency assets (nominal value), Options in foreign currencies vis a  vis the domestic currency, More than 1 and up to 3 months, Short positions"
"IRFCL","IRFCLDT3_IRFCL5_SM1MUT3M_SHP_XDC","Contingent short-term net drains on foreign currency assets (nominal value), Options in foreign currencies vis a  vis the domestic currency, More than 1 and up to 3 months, Short positions"
"IRFCL","IRFCLDT3_IRFCL5_SM3MUTY_EC1_SHP_EUR","Contingent short-term net drains on foreign currency assets (nominal value), Options in foreign currencies vis a  vis the domestic currency, More than 3 months and up to 1 year, Written Calls, Short positions"
"IRFCL","IRFCLDT3_IRFCL5_SM3MUTY_EC1_SHP_USD","Contingent short-term net drains on foreign currency assets (nominal value), Options in foreign currencies vis a  vis the domestic currency, More than 3 months and up to 1 year, Written Calls, Short positions"
"IRFCL","IRFCLDT3_IRFCL5_SM3MUTY_EC1_SHP_XDC","Contingent short-term net drains on foreign currency assets (nominal value), Options in foreign currencies vis a  vis the domestic currency, More than 3 months and up to 1 year, Written Calls, Short positions"
"IRFCL","IRFCLDT3_IRFCL5_SM3MUTY_EC10_LP_EUR","Contingent short-term net drains on foreign currency assets (nominal value), Options in foreign currencies vis a  vis the domestic currency, More than 3 months and up to 1 year, In-the-money Options, Other, Long positions"
"IRFCL","IRFCLDT3_IRFCL5_SM3MUTY_EC10_LP_USD","Contingent short-term net drains on foreign currency assets (nominal value), Options in foreign currencies vis a  vis the domestic currency, More than 3 months and up to 1 year, In-the-money Options, Other, Long positions"
"IRFCL","IRFCLDT3_IRFCL5_SM3MUTY_EC10_LP_XDC","Contingent short-term net drains on foreign currency assets (nominal value), Options in foreign currencies vis a  vis the domestic currency, More than 3 months and up to 1 year, In-the-money Options, Other, Long positions"
"IRFCL","IRFCLDT3_IRFCL5_SM3MUTY_EC10_SHP_EUR","Contingent short-term net drains on foreign currency assets (nominal value), Options in foreign currencies vis a  vis the domestic currency, More than 3 months and up to 1 year, In-the-money Options, Other, Short positions"
"IRFCL","IRFCLDT3_IRFCL5_SM3MUTY_EC10_SHP_USD","Contingent short-term net drains on foreign currency assets (nominal value), Options in foreign currencies vis a  vis the domestic currency, More than 3 months and up to 1 year, In-the-money Options, Other, Short positions"
"IRFCL","IRFCLDT3_IRFCL5_SM3MUTY_EC10_SHP_XDC","Contingent short-term net drains on foreign currency assets (nominal value), Options in foreign currencies vis a  vis the domestic currency, More than 3 months and up to 1 year, In-the-money Options, Other, Short positions"
"IRFCL","IRFCLDT3_IRFCL5_SM3MUTY_EC11_LP_EUR","Contingent short-term net drains on foreign currency assets (nominal value), Options in foreign currencies vis a  vis the domestic currency, More than 3 months and up to 1 year, In-the-money Options, - 10 % (Appreciation of 10%), Long positions"
"IRFCL","IRFCLDT3_IRFCL5_SM3MUTY_EC11_LP_USD","Contingent short-term net drains on foreign currency assets (nominal value), Options in foreign currencies vis a  vis the domestic currency, More than 3 months and up to 1 year, In-the-money Options, - 10 % (Appreciation of 10%), Long positions"
"IRFCL","IRFCLDT3_IRFCL5_SM3MUTY_EC11_LP_XDC","Contingent short-term net drains on foreign currency assets (nominal value), Options in foreign currencies vis a  vis the domestic currency, More than 3 months and up to 1 year, In-the-money Options, - 10 % (Appreciation of 10%), Long positions"
"IRFCL","IRFCLDT3_IRFCL5_SM3MUTY_EC11_SHP_EUR","Contingent short-term net drains on foreign currency assets (nominal value), Options in foreign currencies vis a  vis the domestic currency, More than 3 months and up to 1 year, In-the-money Options, - 10 % (Appreciation of 10%), Short positions"
"IRFCL","IRFCLDT3_IRFCL5_SM3MUTY_EC11_SHP_USD","Contingent short-term net drains on foreign currency assets (nominal value), Options in foreign currencies vis a  vis the domestic currency, More than 3 months and up to 1 year, In-the-money Options, - 10 % (Appreciation of 10%), Short positions"
"IRFCL","IRFCLDT3_IRFCL5_SM3MUTY_EC11_SHP_XDC","Contingent short-term net drains on foreign currency assets (nominal value), Options in foreign currencies vis a  vis the domestic currency, More than 3 months and up to 1 year, In-the-money Options, - 10 % (Appreciation of 10%), Short positions"
"IRFCL","IRFCLDT3_IRFCL5_SM3MUTY_EC12_LP_EUR","Contingent short-term net drains on foreign currency assets (nominal value), Options in foreign currencies vis a  vis the domestic currency, More than 3 months and up to 1 year, In-the-money Options, - 5 % (Appreciation of 5%), Long positions"
"IRFCL","IRFCLDT3_IRFCL5_SM3MUTY_EC12_LP_USD","Contingent short-term net drains on foreign currency assets (nominal value), Options in foreign currencies vis a  vis the domestic currency, More than 3 months and up to 1 year, In-the-money Options, - 5 % (Appreciation of 5%), Long positions"
"IRFCL","IRFCLDT3_IRFCL5_SM3MUTY_EC12_LP_XDC","Contingent short-term net drains on foreign currency assets (nominal value), Options in foreign currencies vis a  vis the domestic currency, More than 3 months and up to 1 year, In-the-money Options, - 5 % (Appreciation of 5%), Long positions"
"IRFCL","IRFCLDT3_IRFCL5_SM3MUTY_EC12_SHP_EUR","Contingent short-term net drains on foreign currency assets (nominal value), Options in foreign currencies vis a  vis the domestic currency, More than 3 months and up to 1 year, In-the-money Options, - 5 % (Appreciation of 5%), Short positions"
"IRFCL","IRFCLDT3_IRFCL5_SM3MUTY_EC12_SHP_USD","Contingent short-term net drains on foreign currency assets (nominal value), Options in foreign currencies vis a  vis the domestic currency, More than 3 months and up to 1 year, In-the-money Options, - 5 % (Appreciation of 5%), Short positions"
"IRFCL","IRFCLDT3_IRFCL5_SM3MUTY_EC12_SHP_XDC","Contingent short-term net drains on foreign currency assets (nominal value), Options in foreign currencies vis a  vis the domestic currency, More than 3 months and up to 1 year, In-the-money Options, - 5 % (Appreciation of 5%), Short positions"
"IRFCL","IRFCLDT3_IRFCL5_SM3MUTY_EC14_LP_EUR","Contingent short-term net drains on foreign currency assets (nominal value), Options in foreign currencies vis a  vis the domestic currency, More than 3 months and up to 1 year, In-the-money Options, + 5 % (Depreciation of 5%), Long positions"
"IRFCL","IRFCLDT3_IRFCL5_SM3MUTY_EC14_LP_USD","Contingent short-term net drains on foreign currency assets (nominal value), Options in foreign currencies vis a  vis the domestic currency, More than 3 months and up to 1 year, In-the-money Options, + 5 % (Depreciation of 5%), Long positions"
"IRFCL","IRFCLDT3_IRFCL5_SM3MUTY_EC14_LP_XDC","Contingent short-term net drains on foreign currency assets (nominal value), Options in foreign currencies vis a  vis the domestic currency, More than 3 months and up to 1 year, In-the-money Options, + 5 % (Depreciation of 5%), Long positions"
"IRFCL","IRFCLDT3_IRFCL5_SM3MUTY_EC14_SHP_EUR","Contingent short-term net drains on foreign currency assets (nominal value), Options in foreign currencies vis a  vis the domestic currency, More than 3 months and up to 1 year, In-the-money Options, + 5 % (Depreciation of 5%), Short positions"
"IRFCL","IRFCLDT3_IRFCL5_SM3MUTY_EC14_SHP_USD","Contingent short-term net drains on foreign currency assets (nominal value), Options in foreign currencies vis a  vis the domestic currency, More than 3 months and up to 1 year, In-the-money Options, + 5 % (Depreciation of 5%), Short positions"
"IRFCL","IRFCLDT3_IRFCL5_SM3MUTY_EC14_SHP_XDC","Contingent short-term net drains on foreign currency assets (nominal value), Options in foreign currencies vis a  vis the domestic currency, More than 3 months and up to 1 year, In-the-money Options, + 5 % (Depreciation of 5%), Short positions"
"IRFCL","IRFCLDT3_IRFCL5_SM3MUTY_EC15_LP_EUR","Contingent short-term net drains on foreign currency assets (nominal value), Options in foreign currencies vis a  vis the domestic currency, More than 3 months and up to 1 year, In-the-money Options, At Current Exchange Rate, Long positions"
"IRFCL","IRFCLDT3_IRFCL5_SM3MUTY_EC15_LP_USD","Contingent short-term net drains on foreign currency assets (nominal value), Options in foreign currencies vis a  vis the domestic currency, More than 3 months and up to 1 year, In-the-money Options, At Current Exchange Rate, Long positions"
"IRFCL","IRFCLDT3_IRFCL5_SM3MUTY_EC15_LP_XDC","Contingent short-term net drains on foreign currency assets (nominal value), Options in foreign currencies vis a  vis the domestic currency, More than 3 months and up to 1 year, In-the-money Options, At Current Exchange Rate, Long positions"
"IRFCL","IRFCLDT3_IRFCL5_SM3MUTY_EC15_SHP_EUR","Contingent short-term net drains on foreign currency assets (nominal value), Options in foreign currencies vis a  vis the domestic currency, More than 3 months and up to 1 year, In-the-money Options, At Current Exchange Rate, Short positions"
"IRFCL","IRFCLDT3_IRFCL5_SM3MUTY_EC15_SHP_USD","Contingent short-term net drains on foreign currency assets (nominal value), Options in foreign currencies vis a  vis the domestic currency, More than 3 months and up to 1 year, In-the-money Options, At Current Exchange Rate, Short positions"
"IRFCL","IRFCLDT3_IRFCL5_SM3MUTY_EC15_SHP_XDC","Contingent short-term net drains on foreign currency assets (nominal value), Options in foreign currencies vis a  vis the domestic currency, More than 3 months and up to 1 year, In-the-money Options, At Current Exchange Rate, Short positions"
"IRFCL","IRFCLDT3_IRFCL5_SM3MUTY_EC17_LP_EUR","Contingent short-term net drains on foreign currency assets (nominal value), Options in foreign currencies vis a  vis the domestic currency, More than 3 months and up to 1 year, Bought calls, Long positions"
"IRFCL","IRFCLDT3_IRFCL5_SM3MUTY_EC17_LP_USD","Contingent short-term net drains on foreign currency assets (nominal value), Options in foreign currencies vis a  vis the domestic currency, More than 3 months and up to 1 year, Bought calls, Long positions"
"IRFCL","IRFCLDT3_IRFCL5_SM3MUTY_EC17_LP_XDC","Contingent short-term net drains on foreign currency assets (nominal value), Options in foreign currencies vis a  vis the domestic currency, More than 3 months and up to 1 year, Bought calls, Long positions"
"IRFCL","IRFCLDT3_IRFCL5_SM3MUTY_EC2_SHP_EUR","Contingent short-term net drains on foreign currency assets (nominal value), Options in foreign currencies vis a  vis the domestic currency, More than 3 months and up to 1 year, Bought Puts, Short positions"
"IRFCL","IRFCLDT3_IRFCL5_SM3MUTY_EC2_SHP_USD","Contingent short-term net drains on foreign currency assets (nominal value), Options in foreign currencies vis a  vis the domestic currency, More than 3 months and up to 1 year, Bought Puts, Short positions"
"IRFCL","IRFCLDT3_IRFCL5_SM3MUTY_EC2_SHP_XDC","Contingent short-term net drains on foreign currency assets (nominal value), Options in foreign currencies vis a  vis the domestic currency, More than 3 months and up to 1 year, Bought Puts, Short positions"
"IRFCL","IRFCLDT3_IRFCL5_SM3MUTY_EC5_LP_EUR","Contingent short-term net drains on foreign currency assets (nominal value), Options in foreign currencies vis a  vis the domestic currency, More than 3 months and up to 1 year, In-the-money Options, +10 % (Depreciation of 10%), Long positions"
"IRFCL","IRFCLDT3_IRFCL5_SM3MUTY_EC5_LP_USD","Contingent short-term net drains on foreign currency assets (nominal value), Options in foreign currencies vis a  vis the domestic currency, More than 3 months and up to 1 year, In-the-money Options, +10 % (Depreciation of 10%), Long positions"
"IRFCL","IRFCLDT3_IRFCL5_SM3MUTY_EC5_LP_XDC","Contingent short-term net drains on foreign currency assets (nominal value), Options in foreign currencies vis a  vis the domestic currency, More than 3 months and up to 1 year, In-the-money Options, +10 % (Depreciation of 10%), Long positions"
"IRFCL","IRFCLDT3_IRFCL5_SM3MUTY_EC5_SHP_EUR","Contingent short-term net drains on foreign currency assets (nominal value), Options in foreign currencies vis a  vis the domestic currency, More than 3 months and up to 1 year, In-the-money Options, +10 % (Depreciation of 10%), Short positions"
"IRFCL","IRFCLDT3_IRFCL5_SM3MUTY_EC5_SHP_USD","Contingent short-term net drains on foreign currency assets (nominal value), Options in foreign currencies vis a  vis the domestic currency, More than 3 months and up to 1 year, In-the-money Options, +10 % (Depreciation of 10%), Short positions"
"IRFCL","IRFCLDT3_IRFCL5_SM3MUTY_EC5_SHP_XDC","Contingent short-term net drains on foreign currency assets (nominal value), Options in foreign currencies vis a  vis the domestic currency, More than 3 months and up to 1 year, In-the-money Options, +10 % (Depreciation of 10%), Short positions"
"IRFCL","IRFCLDT3_IRFCL5_SM3MUTY_EC9_LP_EUR","Contingent short-term net drains on foreign currency assets (nominal value), Options in foreign currencies vis a  vis the domestic currency, More than 3 months and up to 1 year, Written Puts, Long positions"
"IRFCL","IRFCLDT3_IRFCL5_SM3MUTY_EC9_LP_USD","Contingent short-term net drains on foreign currency assets (nominal value), Options in foreign currencies vis a  vis the domestic currency, More than 3 months and up to 1 year, Written Puts, Long positions"
"IRFCL","IRFCLDT3_IRFCL5_SM3MUTY_EC9_LP_XDC","Contingent short-term net drains on foreign currency assets (nominal value), Options in foreign currencies vis a  vis the domestic currency, More than 3 months and up to 1 year, Written Puts, Long positions"
"IRFCL","IRFCLDT3_IRFCL5_SM3MUTY_LP_EUR","Contingent short-term net drains on foreign currency assets (nominal value), Options in foreign currencies vis a  vis the domestic currency, More than 3 months and up to 1 year, Long positions"
"IRFCL","IRFCLDT3_IRFCL5_SM3MUTY_LP_USD","Contingent short-term net drains on foreign currency assets (nominal value), Options in foreign currencies vis a  vis the domestic currency, More than 3 months and up to 1 year, Long positions"
"IRFCL","IRFCLDT3_IRFCL5_SM3MUTY_LP_XDC","Contingent short-term net drains on foreign currency assets (nominal value), Options in foreign currencies vis a  vis the domestic currency, More than 3 months and up to 1 year, Long positions"
"IRFCL","IRFCLDT3_IRFCL5_SM3MUTY_SHP_EUR","Contingent short-term net drains on foreign currency assets (nominal value), Options in foreign currencies vis a  vis the domestic currency, More than 3 months and up to 1 year, Short positions"
"IRFCL","IRFCLDT3_IRFCL5_SM3MUTY_SHP_USD","Contingent short-term net drains on foreign currency assets (nominal value), Options in foreign currencies vis a  vis the domestic currency, More than 3 months and up to 1 year, Short positions"
"IRFCL","IRFCLDT3_IRFCL5_SM3MUTY_SHP_XDC","Contingent short-term net drains on foreign currency assets (nominal value), Options in foreign currencies vis a  vis the domestic currency, More than 3 months and up to 1 year, Short positions"
"IRFCL","IRFCLDT3_IRFCL5_SUTM_EC1_SHP_EUR","Contingent short-term net drains on foreign currency assets (nominal value), Options in foreign currencies vis a  vis the domestic currency, Up to 1 month, Written Calls, Short positions"
"IRFCL","IRFCLDT3_IRFCL5_SUTM_EC1_SHP_USD","Contingent short-term net drains on foreign currency assets (nominal value), Options in foreign currencies vis a  vis the domestic currency, Up to 1 month, Written Calls, Short positions"
"IRFCL","IRFCLDT3_IRFCL5_SUTM_EC1_SHP_XDC","Contingent short-term net drains on foreign currency assets (nominal value), Options in foreign currencies vis a  vis the domestic currency, Up to 1 month, Written Calls, Short positions"
"IRFCL","IRFCLDT3_IRFCL5_SUTM_EC10_LP_EUR","Contingent short-term net drains on foreign currency assets (nominal value), Options in foreign currencies vis a  vis the domestic currency, Up to 1 month, In-the-money Options, Other, Long positions"
"IRFCL","IRFCLDT3_IRFCL5_SUTM_EC10_LP_USD","Contingent short-term net drains on foreign currency assets (nominal value), Options in foreign currencies vis a  vis the domestic currency, Up to 1 month, In-the-money Options, Other, Long positions"
"IRFCL","IRFCLDT3_IRFCL5_SUTM_EC10_LP_XDC","Contingent short-term net drains on foreign currency assets (nominal value), Options in foreign currencies vis a  vis the domestic currency, Up to 1 month, In-the-money Options, Other, Long positions"
"IRFCL","IRFCLDT3_IRFCL5_SUTM_EC10_SHP_EUR","Contingent short-term net drains on foreign currency assets (nominal value), Options in foreign currencies vis a  vis the domestic currency, Up to 1 month, In-the-money Options, Other, Short positions"
"IRFCL","IRFCLDT3_IRFCL5_SUTM_EC10_SHP_USD","Contingent short-term net drains on foreign currency assets (nominal value), Options in foreign currencies vis a  vis the domestic currency, Up to 1 month, In-the-money Options, Other, Short positions"
"IRFCL","IRFCLDT3_IRFCL5_SUTM_EC10_SHP_XDC","Contingent short-term net drains on foreign currency assets (nominal value), Options in foreign currencies vis a  vis the domestic currency, Up to 1 month, In-the-money Options, Other, Short positions"
"IRFCL","IRFCLDT3_IRFCL5_SUTM_EC11_LP_EUR","Contingent short-term net drains on foreign currency assets (nominal value), Options in foreign currencies vis a  vis the domestic currency, Up to 1 month, In-the-money Options, - 10 % (Appreciation of 10%), Long positions"
"IRFCL","IRFCLDT3_IRFCL5_SUTM_EC11_LP_USD","Contingent short-term net drains on foreign currency assets (nominal value), Options in foreign currencies vis a  vis the domestic currency, Up to 1 month, In-the-money Options, - 10 % (Appreciation of 10%), Long positions"
"IRFCL","IRFCLDT3_IRFCL5_SUTM_EC11_LP_XDC","Contingent short-term net drains on foreign currency assets (nominal value), Options in foreign currencies vis a  vis the domestic currency, Up to 1 month, In-the-money Options, - 10 % (Appreciation of 10%), Long positions"
"IRFCL","IRFCLDT3_IRFCL5_SUTM_EC11_SHP_EUR","Contingent short-term net drains on foreign currency assets (nominal value), Options in foreign currencies vis a  vis the domestic currency, Up to 1 month, In-the-money Options, - 10 % (Appreciation of 10%), Short positions"
"IRFCL","IRFCLDT3_IRFCL5_SUTM_EC11_SHP_USD","Contingent short-term net drains on foreign currency assets (nominal value), Options in foreign currencies vis a  vis the domestic currency, Up to 1 month, In-the-money Options, - 10 % (Appreciation of 10%), Short positions"
"IRFCL","IRFCLDT3_IRFCL5_SUTM_EC11_SHP_XDC","Contingent short-term net drains on foreign currency assets (nominal value), Options in foreign currencies vis a  vis the domestic currency, Up to 1 month, In-the-money Options, - 10 % (Appreciation of 10%), Short positions"
"IRFCL","IRFCLDT3_IRFCL5_SUTM_EC12_LP_EUR","Contingent short-term net drains on foreign currency assets (nominal value), Options in foreign currencies vis a  vis the domestic currency, Up to 1 month, In-the-money Options, - 5 % (Appreciation of 5%), Long positions"
"IRFCL","IRFCLDT3_IRFCL5_SUTM_EC12_LP_USD","Contingent short-term net drains on foreign currency assets (nominal value), Options in foreign currencies vis a  vis the domestic currency, Up to 1 month, In-the-money Options, - 5 % (Appreciation of 5%), Long positions"
"IRFCL","IRFCLDT3_IRFCL5_SUTM_EC12_LP_XDC","Contingent short-term net drains on foreign currency assets (nominal value), Options in foreign currencies vis a  vis the domestic currency, Up to 1 month, In-the-money Options, - 5 % (Appreciation of 5%), Long positions"
"IRFCL","IRFCLDT3_IRFCL5_SUTM_EC12_SHP_EUR","Contingent short-term net drains on foreign currency assets (nominal value), Options in foreign currencies vis a  vis the domestic currency, Up to 1 month, In-the-money Options, - 5 % (Appreciation of 5%), Short positions"
"IRFCL","IRFCLDT3_IRFCL5_SUTM_EC12_SHP_USD","Contingent short-term net drains on foreign currency assets (nominal value), Options in foreign currencies vis a  vis the domestic currency, Up to 1 month, In-the-money Options, - 5 % (Appreciation of 5%), Short positions"
"IRFCL","IRFCLDT3_IRFCL5_SUTM_EC12_SHP_XDC","Contingent short-term net drains on foreign currency assets (nominal value), Options in foreign currencies vis a  vis the domestic currency, Up to 1 month, In-the-money Options, - 5 % (Appreciation of 5%), Short positions"
"IRFCL","IRFCLDT3_IRFCL5_SUTM_EC14_LP_EUR","Contingent short-term net drains on foreign currency assets (nominal value), Options in foreign currencies vis a  vis the domestic currency, Up to 1 month, In-the-money Options, + 5 % (Depreciation of 5%), Long positions"
"IRFCL","IRFCLDT3_IRFCL5_SUTM_EC14_LP_USD","Contingent short-term net drains on foreign currency assets (nominal value), Options in foreign currencies vis a  vis the domestic currency, Up to 1 month, In-the-money Options, + 5 % (Depreciation of 5%), Long positions"
"IRFCL","IRFCLDT3_IRFCL5_SUTM_EC14_LP_XDC","Contingent short-term net drains on foreign currency assets (nominal value), Options in foreign currencies vis a  vis the domestic currency, Up to 1 month, In-the-money Options, + 5 % (Depreciation of 5%), Long positions"
"IRFCL","IRFCLDT3_IRFCL5_SUTM_EC14_SHP_EUR","Contingent short-term net drains on foreign currency assets (nominal value), Options in foreign currencies vis a  vis the domestic currency, Up to 1 month, In-the-money Options, + 5 % (Depreciation of 5%), Short positions"
"IRFCL","IRFCLDT3_IRFCL5_SUTM_EC14_SHP_USD","Contingent short-term net drains on foreign currency assets (nominal value), Options in foreign currencies vis a  vis the domestic currency, Up to 1 month, In-the-money Options, + 5 % (Depreciation of 5%), Short positions"
"IRFCL","IRFCLDT3_IRFCL5_SUTM_EC14_SHP_XDC","Contingent short-term net drains on foreign currency assets (nominal value), Options in foreign currencies vis a  vis the domestic currency, Up to 1 month, In-the-money Options, + 5 % (Depreciation of 5%), Short positions"
"IRFCL","IRFCLDT3_IRFCL5_SUTM_EC15_LP_EUR","Contingent short-term net drains on foreign currency assets (nominal value), Options in foreign currencies vis a  vis the domestic currency, Up to 1 month, In-the-money Options, At Current Exchange Rate, Long positions"
"IRFCL","IRFCLDT3_IRFCL5_SUTM_EC15_LP_USD","Contingent short-term net drains on foreign currency assets (nominal value), Options in foreign currencies vis a  vis the domestic currency, Up to 1 month, In-the-money Options, At Current Exchange Rate, Long positions"
"IRFCL","IRFCLDT3_IRFCL5_SUTM_EC15_LP_XDC","Contingent short-term net drains on foreign currency assets (nominal value), Options in foreign currencies vis a  vis the domestic currency, Up to 1 month, In-the-money Options, At Current Exchange Rate, Long positions"
"IRFCL","IRFCLDT3_IRFCL5_SUTM_EC15_SHP_EUR","Contingent short-term net drains on foreign currency assets (nominal value), Options in foreign currencies vis a  vis the domestic currency, Up to 1 month, In-the-money Options, At Current Exchange Rate, Short positions"
"IRFCL","IRFCLDT3_IRFCL5_SUTM_EC15_SHP_USD","Contingent short-term net drains on foreign currency assets (nominal value), Options in foreign currencies vis a  vis the domestic currency, Up to 1 month, In-the-money Options, At Current Exchange Rate, Short positions"
"IRFCL","IRFCLDT3_IRFCL5_SUTM_EC15_SHP_XDC","Contingent short-term net drains on foreign currency assets (nominal value), Options in foreign currencies vis a  vis the domestic currency, Up to 1 month, In-the-money Options, At Current Exchange Rate, Short positions"
"IRFCL","IRFCLDT3_IRFCL5_SUTM_EC17_LP_EUR","Contingent short-term net drains on foreign currency assets (nominal value), Options in foreign currencies vis a  vis the domestic currency, Up to 1 month, Bought calls, Long positions"
"IRFCL","IRFCLDT3_IRFCL5_SUTM_EC17_LP_USD","Contingent short-term net drains on foreign currency assets (nominal value), Options in foreign currencies vis a  vis the domestic currency, Up to 1 month, Bought calls, Long positions"
"IRFCL","IRFCLDT3_IRFCL5_SUTM_EC17_LP_XDC","Contingent short-term net drains on foreign currency assets (nominal value), Options in foreign currencies vis a  vis the domestic currency, Up to 1 month, Bought calls, Long positions"
"IRFCL","IRFCLDT3_IRFCL5_SUTM_EC2_SHP_EUR","Contingent short-term net drains on foreign currency assets (nominal value), Options in foreign currencies vis a  vis the domestic currency, Up to 1 month, Bought Puts, Short positions"
"IRFCL","IRFCLDT3_IRFCL5_SUTM_EC2_SHP_USD","Contingent short-term net drains on foreign currency assets (nominal value), Options in foreign currencies vis a  vis the domestic currency, Up to 1 month, Bought Puts, Short positions"
"IRFCL","IRFCLDT3_IRFCL5_SUTM_EC2_SHP_XDC","Contingent short-term net drains on foreign currency assets (nominal value), Options in foreign currencies vis a  vis the domestic currency, Up to 1 month, Bought Puts, Short positions"
"IRFCL","IRFCLDT3_IRFCL5_SUTM_EC5_LP_EUR","Contingent short-term net drains on foreign currency assets (nominal value), Options in foreign currencies vis a  vis the domestic currency, Up to 1 month, In-the-money Options, +10 % (Depreciation of 10%), Long positions"
"IRFCL","IRFCLDT3_IRFCL5_SUTM_EC5_LP_USD","Contingent short-term net drains on foreign currency assets (nominal value), Options in foreign currencies vis a  vis the domestic currency, Up to 1 month, In-the-money Options, +10 % (Depreciation of 10%), Long positions"
"IRFCL","IRFCLDT3_IRFCL5_SUTM_EC5_LP_XDC","Contingent short-term net drains on foreign currency assets (nominal value), Options in foreign currencies vis a  vis the domestic currency, Up to 1 month, In-the-money Options, +10 % (Depreciation of 10%), Long positions"
"IRFCL","IRFCLDT3_IRFCL5_SUTM_EC5_SHP_EUR","Contingent short-term net drains on foreign currency assets (nominal value), Options in foreign currencies vis a  vis the domestic currency, Up to 1 month, In-the-money Options, +10 % (Depreciation of 10%), Short positions"
"IRFCL","IRFCLDT3_IRFCL5_SUTM_EC5_SHP_USD","Contingent short-term net drains on foreign currency assets (nominal value), Options in foreign currencies vis a  vis the domestic currency, Up to 1 month, In-the-money Options, +10 % (Depreciation of 10%), Short positions"
"IRFCL","IRFCLDT3_IRFCL5_SUTM_EC5_SHP_XDC","Contingent short-term net drains on foreign currency assets (nominal value), Options in foreign currencies vis a  vis the domestic currency, Up to 1 month, In-the-money Options, +10 % (Depreciation of 10%), Short positions"
"IRFCL","IRFCLDT3_IRFCL5_SUTM_EC9_LP_EUR","Contingent short-term net drains on foreign currency assets (nominal value), Options in foreign currencies vis a  vis the domestic currency, Up to 1 month, Written Puts, Long positions"
"IRFCL","IRFCLDT3_IRFCL5_SUTM_EC9_LP_USD","Contingent short-term net drains on foreign currency assets (nominal value), Options in foreign currencies vis a  vis the domestic currency, Up to 1 month, Written Puts, Long positions"
"IRFCL","IRFCLDT3_IRFCL5_SUTM_EC9_LP_XDC","Contingent short-term net drains on foreign currency assets (nominal value), Options in foreign currencies vis a  vis the domestic currency, Up to 1 month, Written Puts, Long positions"
"IRFCL","IRFCLDT3_IRFCL5_SUTM_LP_EUR","Contingent short-term net drains on foreign currency assets (nominal value), Options in foreign currencies vis a  vis the domestic currency, Up to 1 month, Long positions"
"IRFCL","IRFCLDT3_IRFCL5_SUTM_LP_USD","Contingent short-term net drains on foreign currency assets (nominal value), Options in foreign currencies vis a  vis the domestic currency, Up to 1 month, Long positions"
"IRFCL","IRFCLDT3_IRFCL5_SUTM_LP_XDC","Contingent short-term net drains on foreign currency assets (nominal value), Options in foreign currencies vis a  vis the domestic currency, Up to 1 month, Long positions"
"IRFCL","IRFCLDT3_IRFCL5_SUTM_SHP_EUR","Contingent short-term net drains on foreign currency assets (nominal value), Options in foreign currencies vis a  vis the domestic currency, Up to 1 month, Short positions"
"IRFCL","IRFCLDT3_IRFCL5_SUTM_SHP_USD","Contingent short-term net drains on foreign currency assets (nominal value), Options in foreign currencies vis a  vis the domestic currency, Up to 1 month, Short positions"
"IRFCL","IRFCLDT3_IRFCL5_SUTM_SHP_XDC","Contingent short-term net drains on foreign currency assets (nominal value), Options in foreign currencies vis a  vis the domestic currency, Up to 1 month, Short positions"
"IRFCL","IRFCLDT3_IRFCL5T_EC1_SHP_EUR","Contingent short-term net drains on foreign currency assets (nominal value), Total options in foreign currencies vis-a-vis the domestic currency, Written Calls, Short positions"
"IRFCL","IRFCLDT3_IRFCL5T_EC1_SHP_USD","Contingent short-term net drains on foreign currency assets (nominal value), Total options in foreign currencies vis-a-vis the domestic currency, Written Calls, Short positions"
"IRFCL","IRFCLDT3_IRFCL5T_EC1_SHP_XDC","Contingent short-term net drains on foreign currency assets (nominal value), Total options in foreign currencies vis-a-vis the domestic currency, Written Calls, Short positions"
"IRFCL","IRFCLDT3_IRFCL5T_EC10_LP_EUR","Contingent short-term net drains on foreign currency assets (nominal value), Total options in foreign currencies vis-a-vis the domestic currency, In-the-money Options, Other, Long positions"
"IRFCL","IRFCLDT3_IRFCL5T_EC10_LP_USD","Contingent short-term net drains on foreign currency assets (nominal value), Total options in foreign currencies vis-a-vis the domestic currency, In-the-money Options, Other, Long positions"
"IRFCL","IRFCLDT3_IRFCL5T_EC10_LP_XDC","Contingent short-term net drains on foreign currency assets (nominal value), Total options in foreign currencies vis-a-vis the domestic currency, In-the-money Options, Other, Long positions"
"IRFCL","IRFCLDT3_IRFCL5T_EC10_SHP_EUR","Contingent short-term net drains on foreign currency assets (nominal value), Total options in foreign currencies vis-a-vis the domestic currency, In-the-money Options, Other, Short positions"
"IRFCL","IRFCLDT3_IRFCL5T_EC10_SHP_USD","Contingent short-term net drains on foreign currency assets (nominal value), Total options in foreign currencies vis-a-vis the domestic currency, In-the-money Options, Other, Short positions"
"IRFCL","IRFCLDT3_IRFCL5T_EC10_SHP_XDC","Contingent short-term net drains on foreign currency assets (nominal value), Total options in foreign currencies vis-a-vis the domestic currency, In-the-money Options, Other, Short positions"
"IRFCL","IRFCLDT3_IRFCL5T_EC11_LP_EUR","Contingent short-term net drains on foreign currency assets (nominal value), Total options in foreign currencies vis-a-vis the domestic currency, In-the-money Options, - 10 % (Appreciation of 10%), Long positions"
"IRFCL","IRFCLDT3_IRFCL5T_EC11_LP_USD","Contingent short-term net drains on foreign currency assets (nominal value), Total options in foreign currencies vis-a-vis the domestic currency, In-the-money Options, - 10 % (Appreciation of 10%), Long positions"
"IRFCL","IRFCLDT3_IRFCL5T_EC11_LP_XDC","Contingent short-term net drains on foreign currency assets (nominal value), Total options in foreign currencies vis-a-vis the domestic currency, In-the-money Options, - 10 % (Appreciation of 10%), Long positions"
"IRFCL","IRFCLDT3_IRFCL5T_EC11_SHP_EUR","Contingent short-term net drains on foreign currency assets (nominal value), Total options in foreign currencies vis-a-vis the domestic currency, In-the-money Options, - 10 % (Appreciation of 10%), Short positions"
"IRFCL","IRFCLDT3_IRFCL5T_EC11_SHP_USD","Contingent short-term net drains on foreign currency assets (nominal value), Total options in foreign currencies vis-a-vis the domestic currency, In-the-money Options, - 10 % (Appreciation of 10%), Short positions"
"IRFCL","IRFCLDT3_IRFCL5T_EC11_SHP_XDC","Contingent short-term net drains on foreign currency assets (nominal value), Total options in foreign currencies vis-a-vis the domestic currency, In-the-money Options, - 10 % (Appreciation of 10%), Short positions"
"IRFCL","IRFCLDT3_IRFCL5T_EC12_LP_EUR","Contingent short-term net drains on foreign currency assets (nominal value), Total options in foreign currencies vis-a-vis the domestic currency, In-the-money Options, - 5 % (Appreciation of 5%), Long positions"
"IRFCL","IRFCLDT3_IRFCL5T_EC12_LP_USD","Contingent short-term net drains on foreign currency assets (nominal value), Total options in foreign currencies vis-a-vis the domestic currency, In-the-money Options, - 5 % (Appreciation of 5%), Long positions"
"IRFCL","IRFCLDT3_IRFCL5T_EC12_LP_XDC","Contingent short-term net drains on foreign currency assets (nominal value), Total options in foreign currencies vis-a-vis the domestic currency, In-the-money Options, - 5 % (Appreciation of 5%), Long positions"
"IRFCL","IRFCLDT3_IRFCL5T_EC12_SHP_EUR","Contingent short-term net drains on foreign currency assets (nominal value), Total options in foreign currencies vis-a-vis the domestic currency, In-the-money Options, - 5 % (Appreciation of 5%), Short positions"
"IRFCL","IRFCLDT3_IRFCL5T_EC12_SHP_USD","Contingent short-term net drains on foreign currency assets (nominal value), Total options in foreign currencies vis-a-vis the domestic currency, In-the-money Options, - 5 % (Appreciation of 5%), Short positions"
"IRFCL","IRFCLDT3_IRFCL5T_EC12_SHP_XDC","Contingent short-term net drains on foreign currency assets (nominal value), Total options in foreign currencies vis-a-vis the domestic currency, In-the-money Options, - 5 % (Appreciation of 5%), Short positions"
"IRFCL","IRFCLDT3_IRFCL5T_EC13_LP_EUR","Contingent short-term net drains on foreign currency assets (nominal value), Total options in foreign currencies vis-a-vis the domestic currency, In-the-money Options, + 10 % (Depreciation of 10%), Long positions"
"IRFCL","IRFCLDT3_IRFCL5T_EC13_LP_USD","Contingent short-term net drains on foreign currency assets (nominal value), Total options in foreign currencies vis-a-vis the domestic currency, In-the-money Options, + 10 % (Depreciation of 10%), Long positions"
"IRFCL","IRFCLDT3_IRFCL5T_EC13_LP_XDC","Contingent short-term net drains on foreign currency assets (nominal value), Total options in foreign currencies vis-a-vis the domestic currency, In-the-money Options, + 10 % (Depreciation of 10%), Long positions"
"IRFCL","IRFCLDT3_IRFCL5T_EC13_SHP_EUR","Contingent short-term net drains on foreign currency assets (nominal value), Total options in foreign currencies vis-a-vis the domestic currency, In-the-money Options, + 10 % (Depreciation of 10%), Short positions"
"IRFCL","IRFCLDT3_IRFCL5T_EC13_SHP_USD","Contingent short-term net drains on foreign currency assets (nominal value), Total options in foreign currencies vis-a-vis the domestic currency, In-the-money Options, + 10 % (Depreciation of 10%), Short positions"
"IRFCL","IRFCLDT3_IRFCL5T_EC13_SHP_XDC","Contingent short-term net drains on foreign currency assets (nominal value), Total options in foreign currencies vis-a-vis the domestic currency, In-the-money Options, + 10 % (Depreciation of 10%), Short positions"
"IRFCL","IRFCLDT3_IRFCL5T_EC14_LP_EUR","Contingent short-term net drains on foreign currency assets (nominal value), Total options in foreign currencies vis-a-vis the domestic currency, In-the-money Options, + 5 % (Depreciation of 5%), Long positions"
"IRFCL","IRFCLDT3_IRFCL5T_EC14_LP_USD","Contingent short-term net drains on foreign currency assets (nominal value), Total options in foreign currencies vis-a-vis the domestic currency, In-the-money Options, + 5 % (Depreciation of 5%), Long positions"
"IRFCL","IRFCLDT3_IRFCL5T_EC14_LP_XDC","Contingent short-term net drains on foreign currency assets (nominal value), Total options in foreign currencies vis-a-vis the domestic currency, In-the-money Options, + 5 % (Depreciation of 5%), Long positions"
"IRFCL","IRFCLDT3_IRFCL5T_EC14_SHP_EUR","Contingent short-term net drains on foreign currency assets (nominal value), Total options in foreign currencies vis-a-vis the domestic currency, In-the-money Options, + 5 % (Depreciation of 5%), Short positions"
"IRFCL","IRFCLDT3_IRFCL5T_EC14_SHP_USD","Contingent short-term net drains on foreign currency assets (nominal value), Total options in foreign currencies vis-a-vis the domestic currency, In-the-money Options, + 5 % (Depreciation of 5%), Short positions"
"IRFCL","IRFCLDT3_IRFCL5T_EC14_SHP_XDC","Contingent short-term net drains on foreign currency assets (nominal value), Total options in foreign currencies vis-a-vis the domestic currency, In-the-money Options, + 5 % (Depreciation of 5%), Short positions"
"IRFCL","IRFCLDT3_IRFCL5T_EC15_LP_EUR","Contingent short-term net drains on foreign currency assets (nominal value), Total options in foreign currencies vis-a-vis the domestic currency, In-the-money Options, At Current Exchange Rate, Long positions"
"IRFCL","IRFCLDT3_IRFCL5T_EC15_LP_USD","Contingent short-term net drains on foreign currency assets (nominal value), Total options in foreign currencies vis-a-vis the domestic currency, In-the-money Options, At Current Exchange Rate, Long positions"
"IRFCL","IRFCLDT3_IRFCL5T_EC15_LP_XDC","Contingent short-term net drains on foreign currency assets (nominal value), Total options in foreign currencies vis-a-vis the domestic currency, In-the-money Options, At Current Exchange Rate, Long positions"
"IRFCL","IRFCLDT3_IRFCL5T_EC15_SHP_EUR","Contingent short-term net drains on foreign currency assets (nominal value), Total options in foreign currencies vis-a-vis the domestic currency, In-the-money Options, At Current Exchange Rate, Short positions"
"IRFCL","IRFCLDT3_IRFCL5T_EC15_SHP_USD","Contingent short-term net drains on foreign currency assets (nominal value), Total options in foreign currencies vis-a-vis the domestic currency, In-the-money Options, At Current Exchange Rate, Short positions"
"IRFCL","IRFCLDT3_IRFCL5T_EC15_SHP_XDC","Contingent short-term net drains on foreign currency assets (nominal value), Total options in foreign currencies vis-a-vis the domestic currency, In-the-money Options, At Current Exchange Rate, Short positions"
"IRFCL","IRFCLDT3_IRFCL5T_EC17_LP_EUR","Contingent short-term net drains on foreign currency assets (nominal value), Total options in foreign currencies vis-a-vis the domestic currency, Bought calls, Long positions"
"IRFCL","IRFCLDT3_IRFCL5T_EC17_LP_USD","Contingent short-term net drains on foreign currency assets (nominal value), Total options in foreign currencies vis-a-vis the domestic currency, Bought calls, Long positions"
"IRFCL","IRFCLDT3_IRFCL5T_EC17_LP_XDC","Contingent short-term net drains on foreign currency assets (nominal value), Total options in foreign currencies vis-a-vis the domestic currency, Bought calls, Long positions"
"IRFCL","IRFCLDT3_IRFCL5T_EC2_SHP_EUR","Contingent short-term net drains on foreign currency assets (nominal value), Total options in foreign currencies vis-a-vis the domestic currency, Bought Puts, Short positions"
"IRFCL","IRFCLDT3_IRFCL5T_EC2_SHP_USD","Contingent short-term net drains on foreign currency assets (nominal value), Total options in foreign currencies vis-a-vis the domestic currency, Bought Puts, Short positions"
"IRFCL","IRFCLDT3_IRFCL5T_EC2_SHP_XDC","Contingent short-term net drains on foreign currency assets (nominal value), Total options in foreign currencies vis-a-vis the domestic currency, Bought Puts, Short positions"
"IRFCL","IRFCLDT3_IRFCL5T_EC9_LP_EUR","Contingent short-term net drains on foreign currency assets (nominal value), Total options in foreign currencies vis-a-vis the domestic currency, Written Puts, Long positions"
"IRFCL","IRFCLDT3_IRFCL5T_EC9_LP_USD","Contingent short-term net drains on foreign currency assets (nominal value), Total options in foreign currencies vis-a-vis the domestic currency, Written Puts, Long positions"
"IRFCL","IRFCLDT3_IRFCL5T_EC9_LP_XDC","Contingent short-term net drains on foreign currency assets (nominal value), Total options in foreign currencies vis-a-vis the domestic currency, Written Puts, Long positions"
"IRFCL","IRFCLDT3_IRFCL5T_LP_EUR","Contingent short-term net drains on foreign currency assets (nominal value), Total options in foreign currencies vis-a-vis the domestic currency, Long positions"
"IRFCL","IRFCLDT3_IRFCL5T_LP_USD","Contingent short-term net drains on foreign currency assets (nominal value), Total options in foreign currencies vis-a-vis the domestic currency, Long positions"
"IRFCL","IRFCLDT3_IRFCL5T_LP_XDC","Contingent short-term net drains on foreign currency assets (nominal value), Total options in foreign currencies vis-a-vis the domestic currency, Long positions"
"IRFCL","IRFCLDT3_IRFCL5T_SHP_EUR","Contingent short-term net drains on foreign currency assets (nominal value), Total options in foreign currencies vis-a-vis the domestic currency, Short positions"
"IRFCL","IRFCLDT3_IRFCL5T_SHP_USD","Contingent short-term net drains on foreign currency assets (nominal value), Total options in foreign currencies vis-a-vis the domestic currency, Short positions"
"IRFCL","IRFCLDT3_IRFCL5T_SHP_XDC","Contingent short-term net drains on foreign currency assets (nominal value), Total options in foreign currencies vis-a-vis the domestic currency, Short positions"
"IRFCL","IRFCLDT3_IRFCL84_USD","Contingent short-term net drains on foreign currency assets (nominal value), Total foreign currency securities issued with embedded options (puttable bonds)"
"IRFCL","IRFCLDT3_IRFCL84_XDC","Contingent short-term net drains on foreign currency assets (nominal value), Total foreign currency securities issued with embedded options (puttable bonds)"
"IRFCL","IRFCLDT3_IRFCL9_SD1Y_CL_USD","Contingent short-term net drains on foreign currency assets (nominal value), Collateral guarantees on debt, Falling due within 1 year, Contingent liabilities"
"IRFCL","IRFCLDT3_IRFCL9_SD1Y_CL_XDC","Contingent short-term net drains on foreign currency assets (nominal value), Collateral guarantees on debt, Falling due within 1 year, Contingent liabilities"
"IRFCL","IRFCLDT3_IRFCL9_SM1MUT3M_CL_USD","Contingent short-term net drains on foreign currency assets (nominal value), Collateral guarantees on debt, More than 1 and up to 3 months, Contingent liabilities"
"IRFCL","IRFCLDT3_IRFCL9_SM1MUT3M_CL_XDC","Contingent short-term net drains on foreign currency assets (nominal value), Collateral guarantees on debt, More than 1 and up to 3 months, Contingent liabilities"
"IRFCL","IRFCLDT3_IRFCL9_SM3MUTY_CL_USD","Contingent short-term net drains on foreign currency assets (nominal value), Collateral guarantees on debt, More than 3 months and up to 1 year, Contingent liabilities"
"IRFCL","IRFCLDT3_IRFCL9_SM3MUTY_CL_XDC","Contingent short-term net drains on foreign currency assets (nominal value), Collateral guarantees on debt, More than 3 months and up to 1 year, Contingent liabilities"
"IRFCL","IRFCLDT3_IRFCL95_SM1MUT3M_PB_BOFIORC_USD","Contingent short-term net drains on foreign currency assets (nominal value), Undrawn unconditional credit lines, More than 1 and up to 3 months, Provided by, banks and other financial institutions outside reporting country"
"IRFCL","IRFCLDT3_IRFCL95_SM1MUT3M_PB_BOFIORC_XDC","Contingent short-term net drains on foreign currency assets (nominal value), Undrawn unconditional credit lines, More than 1 and up to 3 months, Provided by, banks and other financial institutions outside reporting country"
"IRFCL","IRFCLDT3_IRFCL95_SM1MUT3M_PB_BOFIRC_USD","Contingent short-term net drains on foreign currency assets (nominal value), Undrawn unconditional credit lines, More than 1 and up to 3 months, Provided by, banks and other financial institutions in the reporting country"
"IRFCL","IRFCLDT3_IRFCL95_SM1MUT3M_PB_BOFIRC_XDC","Contingent short-term net drains on foreign currency assets (nominal value), Undrawn unconditional credit lines, More than 1 and up to 3 months, Provided by, banks and other financial institutions in the reporting country"
"IRFCL","IRFCLDT3_IRFCL95_SM1MUT3M_PB_BONS1XABIS_USD","Contingent short-term net drains on foreign currency assets (nominal value), Undrawn unconditional credit lines, More than 1 and up to 3 months, Provided by, Other National Monetary authorities and international organizations, BIS"
"IRFCL","IRFCLDT3_IRFCL95_SM1MUT3M_PB_BONS1XABIS_XDC","Contingent short-term net drains on foreign currency assets (nominal value), Undrawn unconditional credit lines, More than 1 and up to 3 months, Provided by, Other National Monetary authorities and international organizations, BIS"
"IRFCL","IRFCLDT3_IRFCL95_SM1MUT3M_PB_BONS1XAIMF_USD","Contingent short-term net drains on foreign currency assets (nominal value), Undrawn unconditional credit lines, More than 1 and up to 3 months, Provided by, Other National Monetary authorities and international organizations, IMF"
"IRFCL","IRFCLDT3_IRFCL95_SM1MUT3M_PB_BONS1XAIMF_XDC","Contingent short-term net drains on foreign currency assets (nominal value), Undrawn unconditional credit lines, More than 1 and up to 3 months, Provided by, Other National Monetary authorities and international organizations, IMF"
"IRFCL","IRFCLDT3_IRFCL95_SM1MUT3M_PB_BONS1XAONA_USD","Contingent short-term net drains on foreign currency assets (nominal value), Undrawn unconditional credit lines, More than 1 and up to 3 months, Provided by, Other National Monetary authorities"
"IRFCL","IRFCLDT3_IRFCL95_SM1MUT3M_PB_BONS1XAONA_XDC","Contingent short-term net drains on foreign currency assets (nominal value), Undrawn unconditional credit lines, More than 1 and up to 3 months, Provided by, Other National Monetary authorities"
"IRFCL","IRFCLDT3_IRFCL95_SM1MUT3M_PB_BONS1XAOTH_USD","Contingent short-term net drains on foreign currency assets (nominal value), Undrawn unconditional credit lines, More than 1 and up to 3 months, Provided by, Other international monetary organizations"
"IRFCL","IRFCLDT3_IRFCL95_SM1MUT3M_PB_BONS1XAOTH_XDC","Contingent short-term net drains on foreign currency assets (nominal value), Undrawn unconditional credit lines, More than 1 and up to 3 months, Provided by, Other international monetary organizations"
"IRFCL","IRFCLDT3_IRFCL95_SM1MUT3M_PB_TONS1XA_USD","Contingent short-term net drains on foreign currency assets (nominal value), Undrawn unconditional credit lines, More than 1 and up to 3 months, Provided by, Other National Monetary authorities and international organizations"
"IRFCL","IRFCLDT3_IRFCL95_SM1MUT3M_PB_TONS1XA_XDC","Contingent short-term net drains on foreign currency assets (nominal value), Undrawn unconditional credit lines, More than 1 and up to 3 months, Provided by, Other National Monetary authorities and international organizations"
"IRFCL","IRFCLDT3_IRFCL95_SM1MUT3M_PB_USD","Contingent short-term net drains on foreign currency assets (nominal value), Undrawn unconditional credit lines, More than 1 and up to 3 months, Provided by"
"IRFCL","IRFCLDT3_IRFCL95_SM1MUT3M_PB_XDC","Contingent short-term net drains on foreign currency assets (nominal value), Undrawn unconditional credit lines, More than 1 and up to 3 months, Provided by"
"IRFCL","IRFCLDT3_IRFCL95_SM1MUT3M_PT_BOFIORC_USD","Contingent short-term net drains on foreign currency assets (nominal value), Undrawn unconditional credit lines, More than 1 and up to 3 months, Provided to, banks and other financial institutions outside reporting country"
"IRFCL","IRFCLDT3_IRFCL95_SM1MUT3M_PT_BOFIORC_XDC","Contingent short-term net drains on foreign currency assets (nominal value), Undrawn unconditional credit lines, More than 1 and up to 3 months, Provided to, banks and other financial institutions outside reporting country"
"IRFCL","IRFCLDT3_IRFCL95_SM1MUT3M_PT_BOFIRC_USD","Contingent short-term net drains on foreign currency assets (nominal value), Undrawn unconditional credit lines, More than 1 and up to 3 months, Provided to, banks and other financial institutions in the reporting country"
"IRFCL","IRFCLDT3_IRFCL95_SM1MUT3M_PT_BOFIRC_XDC","Contingent short-term net drains on foreign currency assets (nominal value), Undrawn unconditional credit lines, More than 1 and up to 3 months, Provided to, banks and other financial institutions in the reporting country"
"IRFCL","IRFCLDT3_IRFCL95_SM1MUT3M_PT_TONS1XA_USD","Contingent short-term net drains on foreign currency assets (nominal value), Undrawn unconditional credit lines, More than 1 and up to 3 months, Provided to, Other National Monetary authorities and international organizations"
"IRFCL","IRFCLDT3_IRFCL95_SM1MUT3M_PT_TONS1XA_XDC","Contingent short-term net drains on foreign currency assets (nominal value), Undrawn unconditional credit lines, More than 1 and up to 3 months, Provided to, Other National Monetary authorities and international organizations"
"IRFCL","IRFCLDT3_IRFCL95_SM1MUT3M_PT_TONS1XABIS_USD","Contingent short-term net drains on foreign currency assets (nominal value), Undrawn unconditional credit lines, More than 1 and up to 3 months, Provided to, Other National Monetary authorities and international organizations, BIS"
"IRFCL","IRFCLDT3_IRFCL95_SM1MUT3M_PT_TONS1XABIS_XDC","Contingent short-term net drains on foreign currency assets (nominal value), Undrawn unconditional credit lines, More than 1 and up to 3 months, Provided to, Other National Monetary authorities and international organizations, BIS"
"IRFCL","IRFCLDT3_IRFCL95_SM1MUT3M_PT_TONS1XAIMF_USD","Contingent short-term net drains on foreign currency assets (nominal value), Undrawn unconditional credit lines, More than 1 and up to 3 months, Provided to, Other National Monetary authorities and international organizations, IMF"
"IRFCL","IRFCLDT3_IRFCL95_SM1MUT3M_PT_TONS1XAIMF_XDC","Contingent short-term net drains on foreign currency assets (nominal value), Undrawn unconditional credit lines, More than 1 and up to 3 months, Provided to, Other National Monetary authorities and international organizations, IMF"
"IRFCL","IRFCLDT3_IRFCL95_SM1MUT3M_PT_TONS1XAONA_USD","Contingent short-term net drains on foreign currency assets (nominal value), Undrawn unconditional credit lines, More than 1 and up to 3 months, Provided to, Other National Monetary"
"IRFCL","IRFCLDT3_IRFCL95_SM1MUT3M_PT_TONS1XAONA_XDC","Contingent short-term net drains on foreign currency assets (nominal value), Undrawn unconditional credit lines, More than 1 and up to 3 months, Provided to, Other National Monetary"
"IRFCL","IRFCLDT3_IRFCL95_SM1MUT3M_PT_TONS1XAOTH_USD","Contingent short-term net drains on foreign currency assets (nominal value), Undrawn unconditional credit lines, More than 1 and up to 3 months, Provided to, Other international monetary organizations"
"IRFCL","IRFCLDT3_IRFCL95_SM1MUT3M_PT_TONS1XAOTH_XDC","Contingent short-term net drains on foreign currency assets (nominal value), Undrawn unconditional credit lines, More than 1 and up to 3 months, Provided to, Other international monetary organizations"
"IRFCL","IRFCLDT3_IRFCL95_SM1MUT3M_PT_USD","Contingent short-term net drains on foreign currency assets (nominal value), Undrawn unconditional credit lines, More than 1 and up to 3 months, Provided to"
"IRFCL","IRFCLDT3_IRFCL95_SM1MUT3M_PT_XDC","Contingent short-term net drains on foreign currency assets (nominal value), Undrawn unconditional credit lines, More than 1 and up to 3 months, Provided to"
"IRFCL","IRFCLDT3_IRFCL95_SM3MUTY_PB_BOFIORC_USD","Contingent short-term net drains on foreign currency assets (nominal value), Undrawn unconditional credit lines, More than 3 months and up to 1 year, Provided by, banks and other financial institutions outside reporting country"
"IRFCL","IRFCLDT3_IRFCL95_SM3MUTY_PB_BOFIORC_XDC","Contingent short-term net drains on foreign currency assets (nominal value), Undrawn unconditional credit lines, More than 3 months and up to 1 year, Provided by, banks and other financial institutions outside reporting country"
"IRFCL","IRFCLDT3_IRFCL95_SM3MUTY_PB_BOFIRC_USD","Contingent short-term net drains on foreign currency assets (nominal value), Undrawn unconditional credit lines, More than 3 months and up to 1 year, Provided by, banks and other financial institutions in the reporting country"
"IRFCL","IRFCLDT3_IRFCL95_SM3MUTY_PB_BOFIRC_XDC","Contingent short-term net drains on foreign currency assets (nominal value), Undrawn unconditional credit lines, More than 3 months and up to 1 year, Provided by, banks and other financial institutions in the reporting country"
"IRFCL","IRFCLDT3_IRFCL95_SM3MUTY_PB_BONS1XABIS_USD","Contingent short-term net drains on foreign currency assets (nominal value), Undrawn unconditional credit lines, More than 3 months and up to 1 year, Provided by, Other National Monetary authorities and international organizations, BIS"
"IRFCL","IRFCLDT3_IRFCL95_SM3MUTY_PB_BONS1XABIS_XDC","Contingent short-term net drains on foreign currency assets (nominal value), Undrawn unconditional credit lines, More than 3 months and up to 1 year, Provided by, Other National Monetary authorities and international organizations, BIS"
"IRFCL","IRFCLDT3_IRFCL95_SM3MUTY_PB_BONS1XAIMF_USD","Contingent short-term net drains on foreign currency assets (nominal value), Undrawn unconditional credit lines, More than 3 months and up to 1 year, Provided by, Other National Monetary authorities and international organizations, IMF"
"IRFCL","IRFCLDT3_IRFCL95_SM3MUTY_PB_BONS1XAIMF_XDC","Contingent short-term net drains on foreign currency assets (nominal value), Undrawn unconditional credit lines, More than 3 months and up to 1 year, Provided by, Other National Monetary authorities and international organizations, IMF"
"IRFCL","IRFCLDT3_IRFCL95_SM3MUTY_PB_BONS1XAONA_USD","Contingent short-term net drains on foreign currency assets (nominal value), Undrawn unconditional credit lines, More than 3 months and up to 1 year, Provided by, Other National Monetary authorities"
"IRFCL","IRFCLDT3_IRFCL95_SM3MUTY_PB_BONS1XAONA_XDC","Contingent short-term net drains on foreign currency assets (nominal value), Undrawn unconditional credit lines, More than 3 months and up to 1 year, Provided by, Other National Monetary authorities"
"IRFCL","IRFCLDT3_IRFCL95_SM3MUTY_PB_BONS1XAOTH_USD","Contingent short-term net drains on foreign currency assets (nominal value), Undrawn unconditional credit lines, More than 3 months and up to 1 year, Provided by, Other international monetary organizations"
"IRFCL","IRFCLDT3_IRFCL95_SM3MUTY_PB_BONS1XAOTH_XDC","Contingent short-term net drains on foreign currency assets (nominal value), Undrawn unconditional credit lines, More than 3 months and up to 1 year, Provided by, Other international monetary organizations"
"IRFCL","IRFCLDT3_IRFCL95_SM3MUTY_PB_TONS1XA_USD","Contingent short-term net drains on foreign currency assets (nominal value), Undrawn unconditional credit lines, More than 3 months and up to 1 year, Provided by, Other National Monetary authorities and international organizations"
"IRFCL","IRFCLDT3_IRFCL95_SM3MUTY_PB_TONS1XA_XDC","Contingent short-term net drains on foreign currency assets (nominal value), Undrawn unconditional credit lines, More than 3 months and up to 1 year, Provided by, Other National Monetary authorities and international organizations"
"IRFCL","IRFCLDT3_IRFCL95_SM3MUTY_PB_USD","Contingent short-term net drains on foreign currency assets (nominal value), Undrawn unconditional credit lines, More than 3 months and up to 1 year, Provided by"
"IRFCL","IRFCLDT3_IRFCL95_SM3MUTY_PB_XDC","Contingent short-term net drains on foreign currency assets (nominal value), Undrawn unconditional credit lines, More than 3 months and up to 1 year, Provided by"
"IRFCL","IRFCLDT3_IRFCL95_SM3MUTY_PT_BOFIORC_USD","Contingent short-term net drains on foreign currency assets (nominal value), Undrawn unconditional credit lines, More than 3 months and up to 1 year, Provided to, banks and other financial institutions outside reporting country"
"IRFCL","IRFCLDT3_IRFCL95_SM3MUTY_PT_BOFIORC_XDC","Contingent short-term net drains on foreign currency assets (nominal value), Undrawn unconditional credit lines, More than 3 months and up to 1 year, Provided to, banks and other financial institutions outside reporting country"
"IRFCL","IRFCLDT3_IRFCL95_SM3MUTY_PT_BOFIRC_USD","Contingent short-term net drains on foreign currency assets (nominal value), Undrawn unconditional credit lines, More than 3 months and up to 1 year, Provided to, banks and other financial institutions in the reporting country"
"IRFCL","IRFCLDT3_IRFCL95_SM3MUTY_PT_BOFIRC_XDC","Contingent short-term net drains on foreign currency assets (nominal value), Undrawn unconditional credit lines, More than 3 months and up to 1 year, Provided to, banks and other financial institutions in the reporting country"
"IRFCL","IRFCLDT3_IRFCL95_SM3MUTY_PT_TONS1XA_USD","Contingent short-term net drains on foreign currency assets (nominal value), Undrawn unconditional credit lines, More than 3 months and up to 1 year, Provided to, Other National Monetary authorities and international organizations"
"IRFCL","IRFCLDT3_IRFCL95_SM3MUTY_PT_TONS1XA_XDC","Contingent short-term net drains on foreign currency assets (nominal value), Undrawn unconditional credit lines, More than 3 months and up to 1 year, Provided to, Other National Monetary authorities and international organizations"
"IRFCL","IRFCLDT3_IRFCL95_SM3MUTY_PT_TONS1XABIS_USD","Contingent short-term net drains on foreign currency assets (nominal value), Undrawn unconditional credit lines, More than 3 months and up to 1 year, Provided to, Other National Monetary authorities and international organizations, BIS"
"IRFCL","IRFCLDT3_IRFCL95_SM3MUTY_PT_TONS1XABIS_XDC","Contingent short-term net drains on foreign currency assets (nominal value), Undrawn unconditional credit lines, More than 3 months and up to 1 year, Provided to, Other National Monetary authorities and international organizations, BIS"
"IRFCL","IRFCLDT3_IRFCL95_SM3MUTY_PT_TONS1XAIMF_USD","Contingent short-term net drains on foreign currency assets (nominal value), Undrawn unconditional credit lines, More than 3 months and up to 1 year, Provided to, Other National Monetary authorities and international organizations, IMF"
"IRFCL","IRFCLDT3_IRFCL95_SM3MUTY_PT_TONS1XAIMF_XDC","Contingent short-term net drains on foreign currency assets (nominal value), Undrawn unconditional credit lines, More than 3 months and up to 1 year, Provided to, Other National Monetary authorities and international organizations, IMF"
"IRFCL","IRFCLDT3_IRFCL95_SM3MUTY_PT_TONS1XAONA_USD","Contingent short-term net drains on foreign currency assets (nominal value), Undrawn unconditional credit lines, More than 3 months and up to 1 year, Provided to, Other National Monetary"
"IRFCL","IRFCLDT3_IRFCL95_SM3MUTY_PT_TONS1XAONA_XDC","Contingent short-term net drains on foreign currency assets (nominal value), Undrawn unconditional credit lines, More than 3 months and up to 1 year, Provided to, Other National Monetary"
"IRFCL","IRFCLDT3_IRFCL95_SM3MUTY_PT_TONS1XAOTH_USD","Contingent short-term net drains on foreign currency assets (nominal value), Undrawn unconditional credit lines, More than 3 months and up to 1 year, Provided to, Other international monetary organizations"
"IRFCL","IRFCLDT3_IRFCL95_SM3MUTY_PT_TONS1XAOTH_XDC","Contingent short-term net drains on foreign currency assets (nominal value), Undrawn unconditional credit lines, More than 3 months and up to 1 year, Provided to, Other international monetary organizations"
"IRFCL","IRFCLDT3_IRFCL95_SM3MUTY_PT_USD","Contingent short-term net drains on foreign currency assets (nominal value), Undrawn unconditional credit lines, More than 3 months and up to 1 year, Provided to"
"IRFCL","IRFCLDT3_IRFCL95_SM3MUTY_PT_XDC","Contingent short-term net drains on foreign currency assets (nominal value), Undrawn unconditional credit lines, More than 3 months and up to 1 year, Provided to"
"IRFCL","IRFCLDT3_IRFCL95_SUTM_PB_BOFIORC_USD","Contingent short-term net drains on foreign currency assets (nominal value), Undrawn unconditional credit lines, Up to 1 month, Provided by, banks and other financial institutions outside reporting country"
"IRFCL","IRFCLDT3_IRFCL95_SUTM_PB_BOFIORC_XDC","Contingent short-term net drains on foreign currency assets (nominal value), Undrawn unconditional credit lines, Up to 1 month, Provided by, banks and other financial institutions outside reporting country"
"IRFCL","IRFCLDT3_IRFCL95_SUTM_PB_BOFIRC_USD","Contingent short-term net drains on foreign currency assets (nominal value), Undrawn unconditional credit lines, Up to 1 month, Provided by, banks and other financial institutions in the reporting country"
"IRFCL","IRFCLDT3_IRFCL95_SUTM_PB_BOFIRC_XDC","Contingent short-term net drains on foreign currency assets (nominal value), Undrawn unconditional credit lines, Up to 1 month, Provided by, banks and other financial institutions in the reporting country"
"IRFCL","IRFCLDT3_IRFCL95_SUTM_PB_BONS1XABIS_USD","Contingent short-term net drains on foreign currency assets (nominal value), Undrawn unconditional credit lines, Up to 1 month, Provided by, Other National Monetary authorities and international organizations, BIS"
"IRFCL","IRFCLDT3_IRFCL95_SUTM_PB_BONS1XABIS_XDC","Contingent short-term net drains on foreign currency assets (nominal value), Undrawn unconditional credit lines, Up to 1 month, Provided by, Other National Monetary authorities and international organizations, BIS"
"IRFCL","IRFCLDT3_IRFCL95_SUTM_PB_BONS1XAIMF_USD","Contingent short-term net drains on foreign currency assets (nominal value), Undrawn unconditional credit lines, Up to 1 month, Provided by, Other National Monetary authorities and international organizations, IMF"
"IRFCL","IRFCLDT3_IRFCL95_SUTM_PB_BONS1XAIMF_XDC","Contingent short-term net drains on foreign currency assets (nominal value), Undrawn unconditional credit lines, Up to 1 month, Provided by, Other National Monetary authorities and international organizations, IMF"
"IRFCL","IRFCLDT3_IRFCL95_SUTM_PB_BONS1XAONA_USD","Contingent short-term net drains on foreign currency assets (nominal value), Undrawn unconditional credit lines, Up to 1 month, Provided by, Other National Monetary authorities"
"IRFCL","IRFCLDT3_IRFCL95_SUTM_PB_BONS1XAONA_XDC","Contingent short-term net drains on foreign currency assets (nominal value), Undrawn unconditional credit lines, Up to 1 month, Provided by, Other National Monetary authorities"
"IRFCL","IRFCLDT3_IRFCL95_SUTM_PB_BONS1XAOTH_USD","Contingent short-term net drains on foreign currency assets (nominal value), Undrawn unconditional credit lines, Up to 1 month, Provided by, Other international monetary organizations"
"IRFCL","IRFCLDT3_IRFCL95_SUTM_PB_BONS1XAOTH_XDC","Contingent short-term net drains on foreign currency assets (nominal value), Undrawn unconditional credit lines, Up to 1 month, Provided by, Other international monetary organizations"
"IRFCL","IRFCLDT3_IRFCL95_SUTM_PB_TONS1XA_USD","Contingent short-term net drains on foreign currency assets (nominal value), Undrawn unconditional credit lines, Up to 1 month, Provided by, Other National Monetary authorities and international organizations"
"IRFCL","IRFCLDT3_IRFCL95_SUTM_PB_TONS1XA_XDC","Contingent short-term net drains on foreign currency assets (nominal value), Undrawn unconditional credit lines, Up to 1 month, Provided by, Other National Monetary authorities and international organizations"
"IRFCL","IRFCLDT3_IRFCL95_SUTM_PB_USD","Contingent short-term net drains on foreign currency assets (nominal value), Undrawn unconditional credit lines, Up to 1 month, Provided by"
"IRFCL","IRFCLDT3_IRFCL95_SUTM_PB_XDC","Contingent short-term net drains on foreign currency assets (nominal value), Undrawn unconditional credit lines, Up to 1 month, Provided by"
"IRFCL","IRFCLDT3_IRFCL95_SUTM_PT_BOFIORC_USD","Contingent short-term net drains on foreign currency assets (nominal value), Undrawn unconditional credit lines, Up to 1 month, Provided to, banks and other financial institutions outside reporting country"
"IRFCL","IRFCLDT3_IRFCL95_SUTM_PT_BOFIORC_XDC","Contingent short-term net drains on foreign currency assets (nominal value), Undrawn unconditional credit lines, Up to 1 month, Provided to, banks and other financial institutions outside reporting country"
"IRFCL","IRFCLDT3_IRFCL95_SUTM_PT_BOFIRC_USD","Contingent short-term net drains on foreign currency assets (nominal value), Undrawn unconditional credit lines, Up to 1 month, Provided to, banks and other financial institutions in the reporting country"
"IRFCL","IRFCLDT3_IRFCL95_SUTM_PT_BOFIRC_XDC","Contingent short-term net drains on foreign currency assets (nominal value), Undrawn unconditional credit lines, Up to 1 month, Provided to, banks and other financial institutions in the reporting country"
"IRFCL","IRFCLDT3_IRFCL95_SUTM_PT_TONS1XA_USD","Contingent short-term net drains on foreign currency assets (nominal value), Undrawn unconditional credit lines, Up to 1 month, Provided to, Other National Monetary authorities and international organizations"
"IRFCL","IRFCLDT3_IRFCL95_SUTM_PT_TONS1XA_XDC","Contingent short-term net drains on foreign currency assets (nominal value), Undrawn unconditional credit lines, Up to 1 month, Provided to, Other National Monetary authorities and international organizations"
"IRFCL","IRFCLDT3_IRFCL95_SUTM_PT_TONS1XABIS_USD","Contingent short-term net drains on foreign currency assets (nominal value), Undrawn unconditional credit lines, Up to 1 month, Provided to, Other National Monetary authorities and international organizations, BIS"
"IRFCL","IRFCLDT3_IRFCL95_SUTM_PT_TONS1XABIS_XDC","Contingent short-term net drains on foreign currency assets (nominal value), Undrawn unconditional credit lines, Up to 1 month, Provided to, Other National Monetary authorities and international organizations, BIS"
"IRFCL","IRFCLDT3_IRFCL95_SUTM_PT_TONS1XAIMF_USD","Contingent short-term net drains on foreign currency assets (nominal value), Undrawn unconditional credit lines, Up to 1 month, Provided to, Other National Monetary authorities and international organizations, IMF"
"IRFCL","IRFCLDT3_IRFCL95_SUTM_PT_TONS1XAIMF_XDC","Contingent short-term net drains on foreign currency assets (nominal value), Undrawn unconditional credit lines, Up to 1 month, Provided to, Other National Monetary authorities and international organizations, IMF"
"IRFCL","IRFCLDT3_IRFCL95_SUTM_PT_TONS1XAONA_USD","Contingent short-term net drains on foreign currency assets (nominal value), Undrawn unconditional credit lines, Up to 1 month, Provided to, Other National Monetary"
"IRFCL","IRFCLDT3_IRFCL95_SUTM_PT_TONS1XAONA_XDC","Contingent short-term net drains on foreign currency assets (nominal value), Undrawn unconditional credit lines, Up to 1 month, Provided to, Other National Monetary"
"IRFCL","IRFCLDT3_IRFCL95_SUTM_PT_TONS1XAOTH_USD","Contingent short-term net drains on foreign currency assets (nominal value), Undrawn unconditional credit lines, Up to 1 month, Provided to, Other international monetary organizations"
"IRFCL","IRFCLDT3_IRFCL95_SUTM_PT_TONS1XAOTH_XDC","Contingent short-term net drains on foreign currency assets (nominal value), Undrawn unconditional credit lines, Up to 1 month, Provided to, Other international monetary organizations"
"IRFCL","IRFCLDT3_IRFCL95_SUTM_PT_USD","Contingent short-term net drains on foreign currency assets (nominal value), Undrawn unconditional credit lines, Up to 1 month, Provided to"
"IRFCL","IRFCLDT3_IRFCL95_SUTM_PT_XDC","Contingent short-term net drains on foreign currency assets (nominal value), Undrawn unconditional credit lines, Up to 1 month, Provided to"
"IRFCL","IRFCLDT3_IRFCL95T_PB_BOFIORC_USD","Contingent short-term net drains on foreign currency assets (nominal value), Total undrawn unconditional credit lines, Provided by, banks and other financial institutions outside reporting country"
"IRFCL","IRFCLDT3_IRFCL95T_PB_BOFIORC_XDC","Contingent short-term net drains on foreign currency assets (nominal value), Total undrawn unconditional credit lines, Provided by, banks and other financial institutions outside reporting country"
"IRFCL","IRFCLDT3_IRFCL95T_PB_BOFIRC_USD","Contingent short-term net drains on foreign currency assets (nominal value), Total undrawn unconditional credit lines, Provided by, banks and other financial institutions in the reporting country"
"IRFCL","IRFCLDT3_IRFCL95T_PB_BOFIRC_XDC","Contingent short-term net drains on foreign currency assets (nominal value), Total undrawn unconditional credit lines, Provided by, banks and other financial institutions in the reporting country"
"IRFCL","IRFCLDT3_IRFCL95T_PB_BONS1XABIS_USD","Contingent short-term net drains on foreign currency assets (nominal value), Total undrawn unconditional credit lines, Provided by, Other National Monetary authorities and international organizations, BIS"
"IRFCL","IRFCLDT3_IRFCL95T_PB_BONS1XABIS_XDC","Contingent short-term net drains on foreign currency assets (nominal value), Total undrawn unconditional credit lines, Provided by, Other National Monetary authorities and international organizations, BIS"
"IRFCL","IRFCLDT3_IRFCL95T_PB_BONS1XAIMF_USD","Contingent short-term net drains on foreign currency assets (nominal value), Total undrawn unconditional credit lines, Provided by, Other National Monetary authorities and international organizations, IMF"
"IRFCL","IRFCLDT3_IRFCL95T_PB_BONS1XAIMF_XDC","Contingent short-term net drains on foreign currency assets (nominal value), Total undrawn unconditional credit lines, Provided by, Other National Monetary authorities and international organizations, IMF"
"IRFCL","IRFCLDT3_IRFCL95T_PB_BONS1XAONA_USD","Contingent short-term net drains on foreign currency assets (nominal value), Total undrawn unconditional credit lines, Provided by, Other National Monetary authorities"
"IRFCL","IRFCLDT3_IRFCL95T_PB_BONS1XAONA_XDC","Contingent short-term net drains on foreign currency assets (nominal value), Total undrawn unconditional credit lines, Provided by, Other National Monetary authorities"
"IRFCL","IRFCLDT3_IRFCL95T_PB_BONS1XAOTH_USD","Contingent short-term net drains on foreign currency assets (nominal value), Total undrawn unconditional credit lines, Provided by, Other international monetary organizations"
"IRFCL","IRFCLDT3_IRFCL95T_PB_BONS1XAOTH_XDC","Contingent short-term net drains on foreign currency assets (nominal value), Total undrawn unconditional credit lines, Provided by, Other international monetary organizations"
"IRFCL","IRFCLDT3_IRFCL95T_PB_TONS1XA_USD","Contingent short-term net drains on foreign currency assets (nominal value), Total undrawn unconditional credit lines, Provided by, Other National Monetary authorities and international organizations"
"IRFCL","IRFCLDT3_IRFCL95T_PB_TONS1XA_XDC","Contingent short-term net drains on foreign currency assets (nominal value), Total undrawn unconditional credit lines, Provided by, Other National Monetary authorities and international organizations"
"IRFCL","IRFCLDT3_IRFCL95T_PB_USD","Contingent short-term net drains on foreign currency assets (nominal value), Total undrawn unconditional credit lines, Provided by"
"IRFCL","IRFCLDT3_IRFCL95T_PB_XDC","Contingent short-term net drains on foreign currency assets (nominal value), Total undrawn unconditional credit lines, Provided by"
"IRFCL","IRFCLDT3_IRFCL95T_PT_BOFIORC_USD","Contingent short-term net drains on foreign currency assets (nominal value), Total undrawn unconditional credit lines, Provided to, banks and other financial institutions outside reporting country"
"IRFCL","IRFCLDT3_IRFCL95T_PT_BOFIORC_XDC","Contingent short-term net drains on foreign currency assets (nominal value), Total undrawn unconditional credit lines, Provided to, banks and other financial institutions outside reporting country"
"IRFCL","IRFCLDT3_IRFCL95T_PT_BOFIRC_USD","Contingent short-term net drains on foreign currency assets (nominal value), Total undrawn unconditional credit lines, Provided to, banks and other financial institutions in the reporting country"
"IRFCL","IRFCLDT3_IRFCL95T_PT_BOFIRC_XDC","Contingent short-term net drains on foreign currency assets (nominal value), Total undrawn unconditional credit lines, Provided to, banks and other financial institutions in the reporting country"
"IRFCL","IRFCLDT3_IRFCL95T_PT_TONS1XA_USD","Contingent short-term net drains on foreign currency assets (nominal value), Total undrawn unconditional credit lines, Provided to, Other National Monetary authorities and international organizations"
"IRFCL","IRFCLDT3_IRFCL95T_PT_TONS1XA_XDC","Contingent short-term net drains on foreign currency assets (nominal value), Total undrawn unconditional credit lines, Provided to, Other National Monetary authorities and international organizations"
"IRFCL","IRFCLDT3_IRFCL95T_PT_TONS1XABIS_USD","Contingent short-term net drains on foreign currency assets (nominal value), Total undrawn unconditional credit lines, Provided to, Other National Monetary authorities and international organizations, BIS"
"IRFCL","IRFCLDT3_IRFCL95T_PT_TONS1XABIS_XDC","Contingent short-term net drains on foreign currency assets (nominal value), Total undrawn unconditional credit lines, Provided to, Other National Monetary authorities and international organizations, BIS"
"IRFCL","IRFCLDT3_IRFCL95T_PT_TONS1XAIMF_USD","Contingent short-term net drains on foreign currency assets (nominal value), Total undrawn unconditional credit lines, Provided to, Other National Monetary authorities and international organizations, IMF"
"IRFCL","IRFCLDT3_IRFCL95T_PT_TONS1XAIMF_XDC","Contingent short-term net drains on foreign currency assets (nominal value), Total undrawn unconditional credit lines, Provided to, Other National Monetary authorities and international organizations, IMF"
"IRFCL","IRFCLDT3_IRFCL95T_PT_TONS1XAONA_USD","Contingent short-term net drains on foreign currency assets (nominal value), Total undrawn unconditional credit lines, Provided to, Other National Monetary"
"IRFCL","IRFCLDT3_IRFCL95T_PT_TONS1XAONA_XDC","Contingent short-term net drains on foreign currency assets (nominal value), Total undrawn unconditional credit lines, Provided to, Other National Monetary"
"IRFCL","IRFCLDT3_IRFCL95T_PT_TONS1XAOTH_USD","Contingent short-term net drains on foreign currency assets (nominal value), Total undrawn unconditional credit lines, Provided to, Other international monetary organizations"
"IRFCL","IRFCLDT3_IRFCL95T_PT_TONS1XAOTH_XDC","Contingent short-term net drains on foreign currency assets (nominal value), Total undrawn unconditional credit lines, Provided to, Other international monetary organizations"
"IRFCL","IRFCLDT3_IRFCL95T_PT_USD","Contingent short-term net drains on foreign currency assets (nominal value), Total undrawn unconditional credit lines, Provided to"
"IRFCL","IRFCLDT3_IRFCL95T_PT_XDC","Contingent short-term net drains on foreign currency assets (nominal value), Total undrawn unconditional credit lines, Provided to"
"IRFCL","IRFCLDT3_IRFCL9T_SD1Y_CL_USD","Contingent short-term net drains on foreign currency assets (nominal value), Total collateral guarantees on debt, Falling due within 1 year, Contingent liabilities"
"IRFCL","IRFCLDT3_IRFCL9T_SD1Y_CL_XDC","Contingent short-term net drains on foreign currency assets (nominal value), Total collateral guarantees on debt, Falling due within 1 year, Contingent liabilities"
"IRFCL","IRFCLDT3_OCL_USD","Contingent short-term net drains on foreign currency assets (nominal value), Other contingent liabilities"
"IRFCL","IRFCLDT3_OCL_XDC","Contingent short-term net drains on foreign currency assets (nominal value), Other contingent liabilities"
"IRFCL","IRFCLDT3_SM1MUT3M_USD","Contingent short-term net drains on foreign currency assets (nominal value), More than 1 and up to 3 months"
"IRFCL","IRFCLDT3_SM1MUT3M_XDC","Contingent short-term net drains on foreign currency assets (nominal value), More than 1 and up to 3 months"
"IRFCL","IRFCLDT3_SM3MUTY_USD","Contingent short-term net drains on foreign currency assets (nominal value), More than 3 months and up to 1 year"
"IRFCL","IRFCLDT3_SM3MUTY_XDC","Contingent short-term net drains on foreign currency assets (nominal value), More than 3 months and up to 1 year"
"IRFCL","IRFCLDT3_SUTM_CL_USD","Contingent short-term net drains on foreign currency assets (nominal value), Up to 1 month, Contingent liabilities"
"IRFCL","IRFCLDT3_SUTM_CL_XDC","Contingent short-term net drains on foreign currency assets (nominal value), Up to 1 month, Contingent liabilities"
"IRFCL","IRFCLDT3_SUTM_USD","Contingent short-term net drains on foreign currency assets (nominal value), Up to 1 month"
"IRFCL","IRFCLDT3_SUTM_XDC","Contingent short-term net drains on foreign currency assets (nominal value), Up to 1 month"
"IRFCL","IRFCLDT3_T_USD","Contingent short-term net drains on foreign currency assets (nominal value), Total"
"IRFCL","IRFCLDT3_T_XDC","Contingent short-term net drains on foreign currency assets (nominal value), Total"
"IRFCL","IRFCLDT4_IRFCL1_LP_EUR","Memorandum items, Forwards and futures in foreign currencies vis-s-vis the domestic currency (including the forward leg of currency swaps), Long positions"
"IRFCL","IRFCLDT4_IRFCL1_LP_USD","Memorandum items, Forwards and futures in foreign currencies vis-s-vis the domestic currency (including the forward leg of currency swaps), Long positions"
"IRFCL","IRFCLDT4_IRFCL1_LP_XDC","Memorandum items, Forwards and futures in foreign currencies vis-s-vis the domestic currency (including the forward leg of currency swaps), Long positions"
"IRFCL","IRFCLDT4_IRFCL1_SHP_EUR","Memorandum items, Forwards and futures in foreign currencies vis-s-vis the domestic currency (including the forward leg of currency swaps), Short positions"
"IRFCL","IRFCLDT4_IRFCL1_SHP_USD","Memorandum items, Forwards and futures in foreign currencies vis-s-vis the domestic currency (including the forward leg of currency swaps), Short positions"
"IRFCL","IRFCLDT4_IRFCL1_SHP_XDC","Memorandum items, Forwards and futures in foreign currencies vis-s-vis the domestic currency (including the forward leg of currency swaps), Short positions"
"IRFCL","IRFCLDT4_IRFCL11_DIC_CNY_EUR","Memorandum items, Currency composition of reserves, Denominated in Chinese yuan renminbi"
"IRFCL","IRFCLDT4_IRFCL11_DIC_CNY_USD","Memorandum items, Currency composition of reserves, Denominated in Chinese yuan renminbi"
"IRFCL","IRFCLDT4_IRFCL11_DIC_CNY_XDC","Memorandum items, Currency composition of reserves, Denominated in Chinese yuan renminbi"
"IRFCL","IRFCLDT4_IRFCL11_DIC_EUR_EUR","Memorandum items, Currency composition of reserves, Denominated in Euro"
"IRFCL","IRFCLDT4_IRFCL11_DIC_EUR_USD","Memorandum items, Currency composition of reserves, Denominated in Euro"
"IRFCL","IRFCLDT4_IRFCL11_DIC_EUR_XDC","Memorandum items, Currency composition of reserves, Denominated in Euro"
"IRFCL","IRFCLDT4_IRFCL11_DIC_GBP_EUR","Memorandum items, Currency composition of reserves, Denominated in Pound sterling"
"IRFCL","IRFCLDT4_IRFCL11_DIC_GBP_USD","Memorandum items, Currency composition of reserves, Denominated in Pound sterling"
"IRFCL","IRFCLDT4_IRFCL11_DIC_GBP_XDC","Memorandum items, Currency composition of reserves, Denominated in Pound sterling"
"IRFCL","IRFCLDT4_IRFCL11_DIC_GROUP_EUR","Memorandum items, Currency composition of reserves, Denominated in Group of currencies"
"IRFCL","IRFCLDT4_IRFCL11_DIC_GROUP_USD","Memorandum items, Currency composition of reserves, Denominated in Group of currencies"
"IRFCL","IRFCLDT4_IRFCL11_DIC_GROUP_XDC","Memorandum items, Currency composition of reserves, Denominated in Group of currencies"
"IRFCL","IRFCLDT4_IRFCL11_DIC_JPY_EUR","Memorandum items, Currency composition of reserves, Denominated in Japanese yen"
"IRFCL","IRFCLDT4_IRFCL11_DIC_JPY_USD","Memorandum items, Currency composition of reserves, Denominated in Japanese yen"
"IRFCL","IRFCLDT4_IRFCL11_DIC_JPY_XDC","Memorandum items, Currency composition of reserves, Denominated in Japanese yen"
"IRFCL","IRFCLDT4_IRFCL11_DIC_USD_EUR","Memorandum items, Currency composition of reserves, Denominated in US dollar"
"IRFCL","IRFCLDT4_IRFCL11_DIC_USD_USD","Memorandum items, Currency composition of reserves, Denominated in US dollar"
"IRFCL","IRFCLDT4_IRFCL11_DIC_USD_XDC","Memorandum items, Currency composition of reserves, Denominated in US dollar"
"IRFCL","IRFCLDT4_IRFCL11_DIC_XDRB_EUR","Memorandum items, Currency composition of reserves, Denominated in Currencies in SDR basket"
"IRFCL","IRFCLDT4_IRFCL11_DIC_XDRB_USD","Memorandum items, Currency composition of reserves, Denominated in Currencies in SDR basket"
"IRFCL","IRFCLDT4_IRFCL11_DIC_XDRB_XDC","Memorandum items, Currency composition of reserves, Denominated in Currencies in SDR basket"
"IRFCL","IRFCLDT4_IRFCL11_DIC_XXDR_EUR","Memorandum items, Currency composition of reserves, Denominated in Currencies not in SDR basket"
"IRFCL","IRFCLDT4_IRFCL11_DIC_XXDR_USD","Memorandum items, Currency composition of reserves, Denominated in Currencies not in SDR basket"
"IRFCL","IRFCLDT4_IRFCL11_DIC_XXDR_XDC","Memorandum items, Currency composition of reserves, Denominated in Currencies not in SDR basket"
"IRFCL","IRFCLDT4_IRFCL12_LP_USD","Memorandum items, Financial derivatives (forwards futures or options contracts) , Long positions"
"IRFCL","IRFCLDT4_IRFCL12_LP_XDC","Memorandum items, Financial derivatives (forwards futures or options contracts) , Long positions"
"IRFCL","IRFCLDT4_IRFCL12_SHP_USD","Memorandum items, Financial derivatives (forwards futures or options contracts) , Short positions"
"IRFCL","IRFCLDT4_IRFCL12_SHP_XDC","Memorandum items, Financial derivatives (forwards futures or options contracts) , Short positions"
"IRFCL","IRFCLDT4_IRFCL12_USD","Memorandum items, Financial derivatives (forwards futures or options contracts)"
"IRFCL","IRFCLDT4_IRFCL12_XDC","Memorandum items, Financial derivatives (forwards futures or options contracts)"
"IRFCL","IRFCLDT4_IRFCL13_USD","Memorandum items, Financial derivatives (forwards futures or options contracts), other instruments"
"IRFCL","IRFCLDT4_IRFCL13_XDC","Memorandum items, Financial derivatives (forwards futures or options contracts), other instruments"
"IRFCL","IRFCLDT4_IRFCL150_USD","Memorandum items, Pledged assets included in reserve assets"
"IRFCL","IRFCLDT4_IRFCL150_XDC","Memorandum items, Pledged assets included in reserve assets"
"IRFCL","IRFCLDT4_IRFCL22_USD","Memorandum items, Financial instruments settled by other means"
"IRFCL","IRFCLDT4_IRFCL22_XDC","Memorandum items, Financial instruments settled by other means"
"IRFCL","IRFCLDT4_IRFCL5_EC1_LP_EUR","Memorandum items, Options in foreign currencies vis a  vis the domestic currency, Written Calls, Long positions"
"IRFCL","IRFCLDT4_IRFCL5_EC1_LP_USD","Memorandum items, Options in foreign currencies vis a  vis the domestic currency, Written Calls, Long positions"
"IRFCL","IRFCLDT4_IRFCL5_EC1_LP_XDC","Memorandum items, Options in foreign currencies vis a  vis the domestic currency, Written Calls, Long positions"
"IRFCL","IRFCLDT4_IRFCL5_EC1_SHP_EUR","Memorandum items, Options in foreign currencies vis a  vis the domestic currency, Written Calls, Short positions"
"IRFCL","IRFCLDT4_IRFCL5_EC1_SHP_USD","Memorandum items, Options in foreign currencies vis a  vis the domestic currency, Written Calls, Short positions"
"IRFCL","IRFCLDT4_IRFCL5_EC1_SHP_XDC","Memorandum items, Options in foreign currencies vis a  vis the domestic currency, Written Calls, Short positions"
"IRFCL","IRFCLDT4_IRFCL5_EC2_LP_EUR","Memorandum items, Options in foreign currencies vis a  vis the domestic currency, Bought Puts, Long positions"
"IRFCL","IRFCLDT4_IRFCL5_EC2_LP_USD","Memorandum items, Options in foreign currencies vis a  vis the domestic currency, Bought Puts, Long positions"
"IRFCL","IRFCLDT4_IRFCL5_EC2_LP_XDC","Memorandum items, Options in foreign currencies vis a  vis the domestic currency, Bought Puts, Long positions"
"IRFCL","IRFCLDT4_IRFCL5_EC2_SHP_EUR","Memorandum items, Options in foreign currencies vis a  vis the domestic currency, Bought Puts, Short positions"
"IRFCL","IRFCLDT4_IRFCL5_EC2_SHP_USD","Memorandum items, Options in foreign currencies vis a  vis the domestic currency, Bought Puts, Short positions"
"IRFCL","IRFCLDT4_IRFCL5_EC2_SHP_XDC","Memorandum items, Options in foreign currencies vis a  vis the domestic currency, Bought Puts, Short positions"
"IRFCL","IRFCLDT4_IRFCL5_LP_EUR","Memorandum items, Options in foreign currencies vis a  vis the domestic currency, Long positions"
"IRFCL","IRFCLDT4_IRFCL5_LP_USD","Memorandum items, Options in foreign currencies vis a  vis the domestic currency, Long positions"
"IRFCL","IRFCLDT4_IRFCL5_LP_XDC","Memorandum items, Options in foreign currencies vis a  vis the domestic currency, Long positions"
"IRFCL","IRFCLDT4_IRFCL5_SHP_EUR","Memorandum items, Options in foreign currencies vis a  vis the domestic currency, Short positions"
"IRFCL","IRFCLDT4_IRFCL5_SHP_USD","Memorandum items, Options in foreign currencies vis a  vis the domestic currency, Short positions"
"IRFCL","IRFCLDT4_IRFCL5_SHP_XDC","Memorandum items, Options in foreign currencies vis a  vis the domestic currency, Short positions"
"IRFCL","IRFCLDT4_IRFCL52_USD","Memorandum items, Pledged assets"
"IRFCL","IRFCLDT4_IRFCL52_XDC","Memorandum items, Pledged assets"
"IRFCL","IRFCLDT4_IRFCL53_USD","Memorandum items, Pledged assets included in other foreign currency assets"
"IRFCL","IRFCLDT4_IRFCL53_XDC","Memorandum items, Pledged assets included in other foreign currency assets"
"IRFCL","IRFCLDT4_IRFCL68_USD","Memorandum items, Securities lent and on repo"
"IRFCL","IRFCLDT4_IRFCL68_XDC","Memorandum items, Securities lent and on repo"
"IRFCL","IRFCLDT4_IRFCL69_USD","Memorandum items, Securities lent and on repo, borrowed or acquired and included in section I"
"IRFCL","IRFCLDT4_IRFCL69_XDC","Memorandum items, Securities lent and on repo, borrowed or acquired and included in section I"
"IRFCL","IRFCLDT4_IRFCL69X_USD","Memorandum items, Securities lent and on repo, borrowed or acquired but not included in section I"
"IRFCL","IRFCLDT4_IRFCL69X_XDC","Memorandum items, Securities lent and on repo, borrowed or acquired but not included in section I"
"IRFCL","IRFCLDT4_IRFCL70_USD","Memorandum items, Securities lent and on repo, lent or repoed and included in section I"
"IRFCL","IRFCLDT4_IRFCL70_XDC","Memorandum items, Securities lent and on repo, lent or repoed and included in section I"
"IRFCL","IRFCLDT4_IRFCL70X_USD","Memorandum items, Securities lent and on repo, lent or repoed but not included in section I"
"IRFCL","IRFCLDT4_IRFCL70X_XDC","Memorandum items, Securities lent and on repo, lent or repoed but not included in section I"
"IRFCL","IRFCLDT4_IRFCLDCDIXR_EUR","Memorandum items, Short-term domestic currency debt indexed to the exchange rate"
"IRFCL","IRFCLDT4_IRFCLDCDIXR_USD","Memorandum items, Short-term domestic currency debt indexed to the exchange rate"
"IRFCL","IRFCLDT4_IRFCLDCDIXR_XDC","Memorandum items, Short-term domestic currency debt indexed to the exchange rate"
"IRFCL","IRFCLDT4_IRFCLU101_A_USD","Memorandum items, Financial derivatives (net marked to market), futures, Assets"
"IRFCL","IRFCLDT4_IRFCLU101_A_XDC","Memorandum items, Financial derivatives (net marked to market), futures, Assets"
"IRFCL","IRFCLDT4_IRFCLU103_A_USD","Memorandum items, Financial derivatives (net marked to market), options, Assets"
"IRFCL","IRFCLDT4_IRFCLU103_A_XDC","Memorandum items, Financial derivatives (net marked to market), options, Assets"
"IRFCL","IRFCLDT4_IRFCLU105_A_USD","Memorandum items, Financial derivatives (net marked to market), other, Assets"
"IRFCL","IRFCLDT4_IRFCLU105_A_XDC","Memorandum items, Financial derivatives (net marked to market), other, Assets"
"IRFCL","IRFCLDT4_IRFCLU107_A_USD","Memorandum items, Financial derivatives (net marked to market), swaps, Assets"
"IRFCL","IRFCLDT4_IRFCLU107_A_XDC","Memorandum items, Financial derivatives (net marked to market), swaps, Assets"
"IRFCL","IRFCLDT4_IRFCLU96_RMGT1Y_A_USD","Memorandum items, Financial derivatives (net marked to market) forward futures or options contracts, Residual maturity more than 1 year, Assets"
"IRFCL","IRFCLDT4_IRFCLU96_RMGT1Y_A_XDC","Memorandum items, Financial derivatives (net marked to market) forward futures or options contracts, Residual maturity more than 1 year, Assets"
"IRFCL","IRFCLDT4_IRFCLU97_A_USD","Memorandum items, Financial derivatives (net marked to market), Assets"
"IRFCL","IRFCLDT4_IRFCLU97_A_XDC","Memorandum items, Financial derivatives (net marked to market), Assets"
"IRFCL","IRFCLDT4_IRFCLU99_A_USD","Memorandum items, Financial derivatives (net marked to market), forwards, Assets"
"IRFCL","IRFCLDT4_IRFCLU99_A_XDC","Memorandum items, Financial derivatives (net marked to market), forwards, Assets"
"MFS_IR","HENBD_NB_S11_XDC_RT_PT_A_PT","Harmonized Euro area rates: Deposits, New Business, Non-financial corporations, Domestic currency, Rate, Percent per annum"
"MFS_IR","HENBD_NB_S14_XDC_RT_PT_A_PT","Harmonized Euro area rates: Deposits, New Business, Households, Domestic currency, Rate, Percent per annum"
"MFS_IR","HENBL_NB_S11_XDC_RT_PT_A_PT","Harmonized Euro area rates: Loans, New Business, Non-financial corporations, Domestic currency, Rate, Percent per annum"
"MFS_IR","HENBL_NB_S14_XDC_RT_PT_A_PT","Harmonized Euro area rates: Loans, New Business, Households, Domestic currency, Rate, Percent per annum"
"MFS_IR","MFS135_USD_RT_PT_A_PT","Deposit rate, US dollar, Rate, Percent per annum"
"MFS_IR","MFS162_USD_RT_PT_A_PT","Lending rate, US dollar, Rate, Percent per annum"
"WEO","BCA","Current account balance (credit less debit), US dollar"
"WEO","BCA_NGDPD","Current account balance (credit less debit), Percent of GDP"
"WEO","BF","Financial account balance (assets less liabilities), US dollar"
"WEO","D_NGDPD","External debt, Percent of GDP"
"WEO","DS_NGDPD","External debt: total debt service, Percent of GDP"
"WEO","DSI_NGDPD","External debt: total debt service, interest, Percent of GDP"
"WEO","DSP_NGDPD","External debt: total debt service, amortization, Percent of GDP"
"WEO","GGR","Revenue, General government, Domestic currency"
"WEO","GGR_NGDP","Revenue, General government, Percent of GDP"
"WEO","GGSB","Structural balance, General government, Domestic currency"
"WEO","GGSB_NPGDP","Structural balance, General government, Percent"
"WEO","GGX","Expenditure, General government, Domestic currency"
"WEO","GGX_NGDP","Expenditure, General government, Percent of GDP"
"WEO","GGXCNL","Net lending (+) / net borrowing (-), General government, Domestic currency"
"WEO","GGXCNL_NGDP","Net lending (+) / net borrowing (-), General government, Percent of GDP"
"WEO","GGXONLB","Primary net lending (+) / net borrowing (-), General government, Domestic currency"
"WEO","GGXONLB_NGDP","Primary net lending (+) / net borrowing (-), General government, Percent of GDP"
"WEO","GGXWDG","Gross debt, General government, Domestic currency"
"WEO","GGXWDG_NGDP","Gross debt, General government, Percent of GDP"
"WEO","GGXWDN","Net debt, General government, Domestic currency"
"WEO","GGXWDN_NGDP","Net debt, General government, Percent of GDP"
"WEO","NGAP_NPGDP","Output gap, Percent of potential GDP"
"WEO","NGDP","Gross domestic product (GDP), Current prices, Domestic currency"
"WEO","NGDP_D","Gross domestic product (GDP), Price deflator, Index"
"WEO","NGDP_FY","Gross domestic product (GDP), Current prices, Fiscal year, Domestic currency"
"WEO","NGDP_R","Gross domestic product (GDP), Constant prices, Domestic currency"
"WEO","NGDP_RPCH","Gross domestic product (GDP), Constant prices, Percent change"
"WEO","NGDP_RPCHMK","Gross domestic product (GDP), Constant prices, Percent"
"WEO","NGDPD","Gross domestic product (GDP), Current prices, US dollar"
"WEO","NGDPDPC","Gross domestic product (GDP), Current prices, Per capita, US dollar"
"WEO","NGDPPC","Gross domestic product (GDP), Current prices, Per capita, Domestic currency"
"WEO","NGDPRPC","Gross domestic product (GDP), Constant prices, Per capita, Domestic currency"
"WEO","NGDPRPPPPC","Gross domestic product (GDP), Constant prices, Per capita, purchasing power parity (PPP) international dollar, ICP benchmark 2021"
"WEO","NGSD_NGDP","Gross national savings, Percent of GDP"
"WEO","NID_NGDP","Gross capital formation, Percent of GDP"
"WEO","PCPI","All Items, Consumer price index (CPI), Period average"
"WEO","PCPIE","All Items, Consumer price index (CPI), End-of-period (EoP)"
"WEO","PCPIEPCH","All Items, Consumer price index (CPI), End-of-period (EoP), percent change"
"WEO","PCPIPCH","All Items, Consumer price index (CPI), Period average, percent change"
"WEO","POILAPSP","APSP crude oil, Unit prices, US dollars per barrel"
"WEO","POILAPSPW","APSP crude oil, Commodity price index"
"WEO","POILBRE","Brent crude, Unit prices, US dollars per barrel"
"WEO","POILDUB","Dubai crude, Unit prices, US dollars per barrel"
"WEO","POILWTI","WTI crude, Unit prices, US dollars per barrel"
"WEO","PPOIL","Palm oil, Unit prices, US dollars per metric tonne"
"WEO","PPPEX","Rate, Domestic currency per international dollar in PPP terms, ICP benchmarks 2017-2021"
"WEO","PPPGDP","Gross domestic product (GDP), Current prices, Purchasing power parity (PPP) international dollar, ICP benchmarks 2017-2021"
"WEO","PPPPC","Gross domestic product (GDP), Per capita, purchasing power parity (PPP) international dollar, ICP benchmarks 2017-2021"
"WEO","PPPSH","Gross domestic product (GDP), Purchasing power parity (PPP) international dollar, percent of world GDP, Percent, ICP benchmarks 2017-2021"
