"indicator_id","indicator_name"
"100000","100000:GROSS DOMESTIC PRODUCT"
"1000000","1000000:GROSS DOMESTIC PRODUCT"
"110100","110100:FOOD AND NON-ALCOHOLIC BEVERAGES"
"1101000","1101000:FOOD AND NON-ALCOHOLIC BEVERAGES"
"110110","110110:FOOD"
"1101100","1101100:FOOD"
"110113","110113:Fish and seafood (Class)"
"1101130","1101130:Fish and seafood"
"110115","110115:Oils and fats (Class)"
"1101150","1101150:Oils and fats"
"110119","110119:Food products nec (Class)"
"1101190","1101190:Food products n.e.c. (Class)"
"110120","110120:NON-ALCOHOLIC BEVERAGES"
"1101200","1101200:NON-ALCOHOLIC BEVERAGES"
"111300","111300:BALANCE OF EXPENDITURES OF RESIDENTS ABROAD AND EXPENDITURES OF NON-RESIDENTS IN THE ECONOMIC TERRITORY"
"1600000","1600000:BALANCE OF EXPORTS AND IMPORTS"
"170000","170000:BALANCE OF EXPORTS AND IMPORTS"
"6.0.GDP_current","GDP (current $)"
"6.0.GDP_growth","GDP growth (annual %)"
"6.0.GDP_usd","GDP (constant 2005 $)"
"6.0.GDPpc_constant","GDP per capita, PPP (constant 2011 international $) "
"6.0.GNIpc","GNI per capita (2011 $)"
"AG.AID.CREL.MT","Cereal food aid deliveries (FAO, tonnes)"
"AG.AID.FOOD.MT","Total food (cereals and non-cereal) food aid deliveries (FAO, tonnes)"
"AG.AID.NCREL.MT","Non-cereal food aid deliveries (FAO, tonnes)"
"AG.PRD.FOOD.XD","Food production index (2014-2016 = 100)"
"AG.PRD.GFOOD.XD","Food production index (gross, 1999-2001 = 100)"
"AG.PRD.GNFOOD.XD","Non-food production index (gross, 1999-2001 = 100)"
"AG.PRD.NFOOD.XD","Gross non-food production index (1999-2001 = 100)"
"BG.GSR.NFSV.GD.ZS","Trade in services (% of GDP)"
"BG.KAC.FNEI.GD.PP.ZS","Gross private capital flows (% of GDP, PPP)"
"BG.KAC.FNEI.GD.ZS","Gross private capital flows (% of GDP)"
"BG.KLT.DINV.GD.PP.ZS","Gross foreign direct investment (% of GDP, PPP)"
"BG.KLT.DINV.GD.ZS","Gross foreign direct investment (% of GDP)"
"BI.WAG.TOTL.GD.ZS","Wage bill as a percentage of GDP"
"BM.FOD.AGRI.CD","Food imports excluding fish (FAO, current US$)"
"BM.GSR.MRCH.ZS","Merchandise imports (BOP): percentage of GDP (%)"
"BM.KLT.DINV.GD.ZS","Foreign direct investment, net outflows (% of GDP)"
"BM.KLT.DINV.WD.GD.ZS","Foreign direct investment, net outflows (% of GDP)"
"BN.CAB.IOTR.CD","Current Account Balance after off. trans. (US$, BoP)"
"BN.CAB.XOKA.CD","Current account balance (BoP, current US$)"
"BN.CAB.XOKA.GD.ZS","Current account balance (% of GDP)"
"BN.CAB.XOKA.GDP.ZS","Current account balance (% of GDP)"
"BN.CAB.XOKA.GN.ZS","Current account balance (% of GNP)"
"BN.CAB.XOTR.ZS","Curr. acc. bal. before official transf. (% of GDP)"
"BN.CUR.ACTN.CD","Current Account Balance (IMF def)(US$, BoP)"
"BN.CUR.GDPM.ZS","Current account balance excluding net official capital grants (% of GDP)"
"BN.GSR.FCTY.CD.ZS","Net income (% of GDP)"
"BN.KLT.DINV.CD.ZS","Foreign direct investment (% of GDP)"
"BN.KLT.DINV.DRS.GDP.ZS","Foreign direct investment, net inflows (% of GDP)"
"BN.KLT.PRVT.GD.ZS","Private capital flows, total (% of GDP)"
"BN.RES.4040.CD","Reserves and related items (BoP, US$)"
"BN.RES.INCL.CD","Reserves and related items (BoP, current US$)"
"BN.RES.LFAR.CD","Change in Reserves (- = increase) (US$, BoP)"
"BN.TRF.CURR.CD.ZS","Net current transfers (% of GDP)"
"BX.FOD.AGRI.CD","Food exports excluding fish (FAO, current US$)"
"BX.GSR.MRCH.ZS","Merchandise exports (BOP): percentage of GDP (%)"
"BX.KLT.DINV.DT.GD.ZS","Foreign direct investment, net inflows (% of GDP)"
"BX.KLT.DINV.WD.GD.ZS","Foreign direct investment, net inflows (% of GDP)"
"BX.TRF.MGR.DT.GD.ZS","Migrant remittance inflows (% of GDP)"
"BX.TRF.PWKR.DT.GD.ZS","Personal remittances, received (% of GDP)"
"BX.TRF.PWKR.GD.ZS","Workers' remittances, receipts (% of GDP)"
"C1.12","Gross domestic product (in USD)"
"C1.8","Gross national income per capita"
"C1.9","Percentage(%) of Gross Domestic Product as Public Procurement Expenditure"
"C4.1","Common spend taxonomy used"
"CC.AVPB.PTPI.FP","Additional people below $1.90 as % of total population by impact - Food prices"
"CC.CHIC.CFPI.FP","Change in income (%) for bottom 40% of the population by impact - Food prices (update)"
"CC.DEN.AGS","Emission Totals - Direct emissions (N2O) - Agricultural Soils"
"CC.DEN.SAS","Emission Totals - Direct emissions (N2O) - Manure applied to Soils"
"CC.EAR.AGS","Emission Totals - Emissions (CO2eq) (AR5) - Agricultural Soils"
"CC.EAR.DOC","Emission Totals - Emissions (CO2eq) (AR5) - Drained organic soils (CO2)"
"CC.EAR.DON","Emission Totals - Emissions (CO2eq) (AR5) - Drained organic soils (N2O)"
"CC.EAR.DOS","Emission Totals - Emissions (CO2eq) (AR5) - Drained organic soils"
"CC.EAR.FOS","Emission Totals - Emissions (CO2eq) (AR5) - Fires in organic soils"
"CC.EAR.SAS","Emission Totals - Emissions (CO2eq) (AR5) - Manure applied to Soils"
"CC.ECA.FOS","Emission Totals - Emissions (CO2eq) from CH4 (AR5) - Fires in organic soils"
"CC.ECH.FOS","Emission Totals - Emissions (CH4) - Fires in organic soils"
"CC.ECO.DOC","Emission Totals - Emissions (CO2) - Drained organic soils (CO2)"
"CC.ECO.FOS","Emission Totals - Emissions (CO2) - Fires in organic soils"
"CC.EG.CONS.OIL.PC","Per capita daily oil consumption (barrels per capita per day)"
"CC.EG.SUBF.PC","Fossil-fuel pre-tax subsidies (consumption and production) USD per capita"
"CC.ENA.AGS","Emission Totals - Emissions (CO2eq) from N2O (AR5) - Agricultural Soils"
"CC.ENA.DON","Emission Totals - Emissions (CO2eq) from N2O (AR5) - Drained organic soils (N2O)"
"CC.ENA.SAS","Emission Totals - Emissions (CO2eq) from N2O (AR5) - Manure applied to Soils"
"CC.ENO.AGS","Emission Totals - Emissions (N2O) - Agricultural Soils"
"CC.ENO.DON","Emission Totals - Emissions (N2O) - Drained organic soils (N2O)"
"CC.ENO.SAS","Emission Totals - Emissions (N2O) - Manure applied to Soils"
"CC.ENTX.ENE.ZS","Total energy tax revenue (% of GDP)"
"CC.ENTX.ENV.ZS","Total environmental tax revenue (% of GDP)"
"CC.FGHG.SYS.CS","Food GHG emissions by system stage (Share of total) - Consumption"
"CC.FGHG.SYS.EO","Food GHG emissions by system stage (Share of total) - End_of_Life"
"CC.FGHG.SYS.LU","Food GHG emissions by system stage (Share of total) - LULUC (Production)"
"CC.FGHG.SYS.PC","Food GHG emissions by system stage (Share of total) - Packaging"
"CC.FGHG.SYS.PD","Food GHG emissions by system stage (Share of total) - Production"
"CC.FGHG.SYS.PR","Food GHG emissions by system stage (Share of total) - Processing"
"CC.FGHG.SYS.RE","Food GHG emissions by system stage (Share of total) - Retail"
"CC.FGHG.SYS.TR","Food GHG emissions by system stage (Share of total) - Transport"
"CC.FOOD.ANIM.ZS","Share of animal products in food supply (% of total)"
"CC.FOOD.VEGT.ZS","Share of vegetal products in food supply (% of total)"
"CC.FSU.PECA","Per capita food supply (kcal/cap/day)"
"CC.GAS.PPBC.CN","Gas pipeline capacity by project status (barrels of oil equivalent per day) - Cancelled"
"CC.GAS.PPBC.CO","Gas pipeline capacity by project status (barrels of oil equivalent per day) - Construction"
"CC.GAS.PPBC.ID","Gas pipeline capacity by project status (barrels of oil equivalent per day) - In Development (Proposed + Construction)"
"CC.GAS.PPBC.MB","Gas pipeline capacity by project status (barrels of oil equivalent per day) - Mothballed"
"CC.GAS.PPBC.OP","Gas pipeline capacity by project status (barrels of oil equivalent per day) - Operating"
"CC.GAS.PPBC.PR","Gas pipeline capacity by project status (barrels of oil equivalent per day) - Proposed"
"CC.GAS.PPBC.RT","Gas pipeline capacity by project status (barrels of oil equivalent per day) - Retired"
"CC.GAS.PPBC.SH","Gas pipeline capacity by project status (barrels of oil equivalent per day) - Shelved"
"CC.GHG.FSYS.CH","GHG emissions from food systems, by gas (Mt CO2 eq) - Methane"
"CC.GHG.FSYS.CO","GHG emissions from food systems, by gas (Mt CO2 eq) - CO2"
"CC.GHG.FSYS.FG","GHG emissions from food systems, by gas (Mt CO2 eq) - F-gases"
"CC.GHG.FSYS.NO","GHG emissions from food systems, by gas (Mt CO2 eq) - N2O"
"CC.GHG.MEMG.EI","Macro drivers of GHG emissions growth in the period 2012-2018 - Emission Intensity of GDP"
"CC.GHG.MEMG.GC","Macro drivers of GHG emissions growth in the period 2012-2018 - GDP per capita"
"CC.IEN.AGS","Emission Totals - Indirect emissions (N2O) - Agricultural Soils"
"CC.IEN.SAS","Emission Totals - Indirect emissions (N2O) - Manure applied to Soils"
"CC.INCP.ALRS","Annual investment needs for coastal protection, by risk strategy (% of GDP) - low risk tolerance"
"CC.INCP.KRGC","Annual investment needs for coastal protection, by risk strategy (% of GDP) - constant relative flood risk"
"CC.INCP.SPMC","Annual investment needs for coastal protection, by risk strategy (% of GDP) - optimal protection"
"CC.NEFO.IMCR.BA","Net food imports by crop - Barley"
"CC.NEFO.IMCR.BP","Net food imports by crop - Rice, paddy"
"CC.NEFO.IMCR.MA","Net food imports by crop - Maize"
"CC.NEFO.IMCR.RB","Net food imports by crop - Rice, broken"
"CC.NEFO.IMCR.RE","Net food imports by crop - Rice, paddy (rice milled equivalent)"
"CC.NEFO.IMCR.RH","Net food imports by crop - Rice, husked"
"CC.NEFO.IMCR.RI","Net food imports by crop - Rice, milled/husked"
"CC.NEFO.IMCR.RM","Net food imports by crop - Rice, milled"
"CC.NEFO.IMCR.SB","Net food imports by crop - Soybeans"
"CC.NEFO.IMCR.WH","Net food imports by crop - Wheat"
"CC.OIL.PSBC.CN","Oil pipeline capacity by project status (barrels of oil equivalent per day) - Cancelled"
"CC.OIL.PSBC.CO","Oil pipeline capacity by project status (barrels of oil equivalent per day) - Construction"
"CC.OIL.PSBC.ID","Oil pipeline capacity by project status (barrels of oil equivalent per day) - In Development (Proposed + Construction)"
"CC.OIL.PSBC.OP","Oil pipeline capacity by project status (barrels of oil equivalent per day) - Operating"
"CC.OIL.PSBC.PR","Oil pipeline capacity by project status (barrels of oil equivalent per day) - Proposed"
"CC.OIL.PSBC.RT","Oil pipeline capacity by project status (barrels of oil equivalent per day) - Retired"
"CC.OIL.PSBC.SH","Oil pipeline capacity by project status (barrels of oil equivalent per day) - Shelved"
"CC.RISK.AST.ZS","Risk to asset (average annual losses as % of GDP)"
"CC.RISK.WELL.ZS","Risk to wellbeing (average annual losses as % of GDP)"
"CC.SP.EXP.ZS","Public social protection expenditure (%of GDP)"
"CM.FIN.INTL.GD.ZS","Financing via international capital markets (gross inflows, % of GDP)"
"CM.MKT.LCAP.GD.ZS","Market capitalization of listed domestic companies (% of GDP)"
"CM.MKT.TRAD.GD.ZS","Stocks traded, total value (% of GDP)"
"CoCA_fexp","Affordability of an energy sufficient diet: ratio of cost to food expenditures"
"CoCA_fexp","Affordability of an energy sufficient diet: ratio of cost to food expenditures"
"CoCA_pov","Affordability of an energy sufficient diet: ratio of cost to the food poverty line"
"CoCA_pov","Affordability of an energy sufficient diet: ratio of cost to the food poverty line"
"CoHD_asf_LCU","Cost of animal source foods in local currency unit"
"CoHD_asf_LCU","Cost of animal source foods in local currency unit"
"CoHD_asf_PPP","Cost of animal source foods in PPP dollars"
"CoHD_asf_PPP","Cost of animal source foods in PPP dollars"
"CoHD_asf_prop","Cost share for animal-sourced foods in a least-cost healthy diet"
"CoHD_asf_prop","Cost share for animal-sourced foods in a least-cost healthy diet"
"CoHD_asf_ss","Cost of animal-sourced foods relative to the starchy staples in a least-cost healthy diet"
"CoHD_asf_ss","Cost of animal-sourced foods relative to the starchy staples in a least-cost healthy diet"
"CoHD_fexp","Affordability of a healthy diet: ratio of cost to food expenditures"
"CoHD_fexp","Affordability of a healthy diet: ratio of cost to food expenditures"
"CoHD_of_LCU","Cost of fats and oils in local currency unit"
"CoHD_of_LCU","Cost of fats and oils in local currency unit"
"CoHD_of_PPP","Cost of fats and oils in PPP dollars"
"CoHD_of_PPP","Cost of fats and oils in PPP dollars"
"CoHD_of_prop","Cost share for oils and fats in a least-cost healthy diet"
"CoHD_of_prop","Cost share for oils and fats in a least-cost healthy diet"
"CoHD_of_ss","Cost of oils and fats relative to the starchy staples in a least-cost healthy diet"
"CoHD_of_ss","Cost of oils and fats relative to the starchy staples in a least-cost healthy diet"
"CoHD_pov","Affordability of a healthy diet: ratio of cost to the food poverty line"
"CoHD_pov","Affordability of a healthy diet: ratio of cost to the food poverty line"
"CoNA_fexp","Affordability of a nutrient adequate diet: ratio of cost to food expenditures"
"CoNA_fexp","Affordability of a nutrient adequate diet: ratio of cost to food expenditures"
"CoNA_pov","Affordability of a nutrient adequate diet: ratio of cost to the food poverty line"
"CoNA_pov","Affordability of a nutrient adequate diet: ratio of cost to the food poverty line"
"CRPFM-11","Climate-responsive fiscal decentralization"
"CRPFM-11.1","Climate-responsive fiscal decentralization arrangements"
"CRPFM-11.2","Climate-responsive fiscal transfers"
"CRPFM-13.2","Climate-related evaluation of taxes"
"CRPFM-7.1","Fiscal risks arising from climate-related contingent liabilities"
"CRPFM-9","Climate-responsive tax administration"
"CRPFM-9.1","Climate-related tax management, audit, and investigation"
"CRPFM-9.2","Climate-related tax arrears"
"DP.DOD.DECD.CR.BC.Z1","Gross PSD, Budgetary Central Gov., All maturities, All instruments, Domestic creditors, Nominal Value, % of GDP"
"DP.DOD.DECD.CR.CG.Z1","Gross PSD, Central Gov., All maturities, All instruments, Domestic creditors, Nominal Value, % of GDP"
"DP.DOD.DECD.CR.FC.Z1","Gross PSD, Financial Public Corp., All maturities, All instruments, Domestic creditors, Nominal Value, % of GDP"
"DP.DOD.DECD.CR.GG.Z1","Gross PSD, General Gov., All maturities, All instruments, Domestic creditors, Nominal Value, % of GDP"
"DP.DOD.DECD.CR.NF.Z1","Gross PSD, Nonfinancial Public Corp., All maturities, All instruments, Domestic creditors, Nominal Value, % of GDP"
"DP.DOD.DECF.CR.BC.Z1","Gross PSD, Budgetary Central Gov., All maturities, All instruments, Foreign currency, Nominal Value, % of GDP"
"DP.DOD.DECF.CR.CG.Z1","Gross PSD, Central Gov., All maturities, All instruments, Foreign currency, Nominal Value, % of GDP"
"DP.DOD.DECF.CR.FC.Z1","Gross PSD, Financial Public Corp., All maturities, All instruments, Foreign currency, Nominal Value, % of GDP"
"DP.DOD.DECF.CR.GG.Z1","Gross PSD, General Gov., All maturities, All instruments, Foreign currency, Nominal Value, % of GDP"
"DP.DOD.DECF.CR.NF.Z1","Gross PSD, Nonfinancial Public Corp., All maturities, All instruments, Foreign currency, Nominal Value, % of GDP"
"DP.DOD.DECN.CR.BC.Z1","Gross PSD, Budgetary Central Gov., All maturities, All instruments, Domestic currency, Nominal Value, % of GDP"
"DP.DOD.DECN.CR.CG.Z1","Gross PSD, Central Gov., All maturities, All instruments, Domestic currency, Nominal Value, % of GDP"
"DP.DOD.DECN.CR.FC.Z1","Gross PSD, Financial Public Corp., All maturities, All instruments, Domestic currency, Nominal Value, % of GDP"
"DP.DOD.DECN.CR.GG.Z1","Gross PSD, General Gov., All maturities, All instruments, Domestic currency, Nominal Value, % of GDP"
"DP.DOD.DECN.CR.NF.Z1","Gross PSD, Nonfinancial Public Corp., All maturities, All instruments, Domestic currency, Nominal Value, % of GDP"
"DP.DOD.DECT.CR.BC.Z1","Gross PSD, Budgetary Central Gov., All maturities, All instruments, Nominal Value, % of GDP"
"DP.DOD.DECT.CR.CG.Z1","Gross PSD, Central Gov., All maturities, All instruments, Nominal Value, % of GDP"
"DP.DOD.DECT.CR.FC.Z1","Gross PSD, Financial Public Corp., All maturities, All instruments, Nominal Value, % of GDP"
"DP.DOD.DECT.CR.GG.Z1","Gross PSD, General Gov., All maturities, All instruments, Nominal Value, % of GDP"
"DP.DOD.DECT.CR.NF.Z1","Gross PSD, Nonfinancial Public Corp., All maturities, All instruments, Nominal Value, % of GDP"
"DP.DOD.DECX.CR.BC.Z1","Gross PSD, Budgetary Central Gov., All maturities, All instruments, External creditors, Nominal Value, % of GDP"
"DP.DOD.DECX.CR.CG.Z1","Gross PSD, Central Gov., All maturities, All instruments, External creditors, Nominal Value, % of GDP"
"DP.DOD.DECX.CR.FC.Z1","Gross PSD, Financial Public Corp., All maturities, All instruments, External creditors, Nominal Value, % of GDP"
"DP.DOD.DECX.CR.GG.Z1","Gross PSD, General Gov., All maturities, All instruments, External creditors, Nominal Value, % of GDP"
"DP.DOD.DECX.CR.NF.Z1","Gross PSD, Nonfinancial Public Corp., All maturities, All instruments, External creditors, Nominal Value, % of GDP"
"DP.DOD.DLCD.CR.BC.Z1","Gross PSD, Budgetary Central Gov., All maturities, Currency and deposits, Nominal Value, % of GDP"
"DP.DOD.DLCD.CR.CG.Z1","Gross PSD, Central Gov., All maturities, Currency and deposits, Nominal Value, % of GDP"
"DP.DOD.DLCD.CR.FC.Z1","Gross PSD, Financial Public Corp., All maturities, Currency and deposits, Nominal Value, % of GDP"
"DP.DOD.DLCD.CR.GG.Z1","Gross PSD, General Gov., All maturities, Currency and deposits, Nominal Value, % of GDP"
"DP.DOD.DLCD.CR.L1.BC.Z1","Gross PSD, Budgetary Central Gov., Long-term, With payment due in one year or less, Currency and deposits, Nominal Value, % of GDP"
"DP.DOD.DLCD.CR.L1.CG.Z1","Gross PSD, Central Gov., Long-term, With payment due in one year or less, Currency and deposits, Nominal Value, % of GDP"
"DP.DOD.DLCD.CR.L1.FC.Z1","Gross PSD, Financial Public Corp., Long-term, With payment due in one year or less, Currency and deposits, Nominal Value, % of GDP"
"DP.DOD.DLCD.CR.L1.GG.Z1","Gross PSD, General Gov., Long-term, With payment due in one year or less, Currency and deposits, Nominal Value, % of GDP"
"DP.DOD.DLCD.CR.L1.NF.Z1","Gross PSD, Nonfinancial Public Corp., Long-term, With payment due in one year or less, Currency and deposits, Nominal Value, % of GDP"
"DP.DOD.DLCD.CR.M1.BC.Z1","Gross PSD, Budgetary Central Gov., Long-term, With payment due in more than one year, Currency and deposits, Nominal Value, % of GDP"
"DP.DOD.DLCD.CR.M1.CG.Z1","Gross PSD, Central Gov., Long-term, With payment due in more than one year, Currency and deposits, Nominal Value, % of GDP"
"DP.DOD.DLCD.CR.M1.FC.Z1","Gross PSD, Financial Public Corp., Long-term, With payment due in more than one year, Currency and deposits, Nominal Value, % of GDP"
"DP.DOD.DLCD.CR.M1.GG.Z1","Gross PSD, General Gov., Long-term, With payment due in more than one year, Currency and deposits, Nominal Value, % of GDP"
"DP.DOD.DLCD.CR.M1.NF.Z1","Gross PSD, Nonfinancial Public Corp., Long-term, With payment due in more than one year, Currency and deposits, Nominal Value, % of GDP"
"DP.DOD.DLCD.CR.NF.Z1","Gross PSD, Nonfinancial Public Corp., All maturities, Currency and deposits, Nominal Value, % of GDP"
"DP.DOD.DLD1.CR.CG.Z1","Gross PSD, Central Gov.-D1, All maturities, Debt securities + loans, Nominal Value, % of GDP"
"DP.DOD.DLD1.CR.GG.Z1","Gross PSD, General Gov.-D1, All maturities, Debt securities + loans, Nominal Value, % of GDP"
"DP.DOD.DLD2.CR.CG.Z1","Gross PSD, Central Gov.-D2, All maturities, D1+ SDRs + currency and deposits, Nominal Value, % of GDP"
"DP.DOD.DLD2.CR.GG.Z1","Gross PSD, General Gov.-D2, All maturities, D1+ SDRs + currency and deposits, Nominal Value, % of GDP"
"DP.DOD.DLD2A.CR.CG.Z1","Gross PSD, Central Gov.-D2A, All maturities, D1+ currency and deposits, Maastricht debt, % of GDP"
"DP.DOD.DLD2A.CR.GG.Z1","Gross PSD, General Gov.-D2A, All maturities, D1+ currency and deposits, Maastricht debt, % of GDP"
"DP.DOD.DLD3.CR.CG.Z1","Gross PSD, Central Gov.-D3, All maturities, D2+other accounts payable, Nominal Value, % of GDP"
"DP.DOD.DLD3.CR.GG.Z1","Gross PSD, General Gov.-D3, All maturities, D2+other accounts payable, Nominal Value, % of GDP"
"DP.DOD.DLD4.CR.CG.Z1","Gross PSD, Central Gov.-D4, All maturities, D3+insurance, pensions, and standardized guarantees, Nominal Value, % of GDP"
"DP.DOD.DLD4.CR.GG.Z1","Gross PSD, General Gov.-D4, All maturities, D3+insurance, pensions, and standardized guarantees, Nominal Value, % of GDP"
"DP.DOD.DLDS.CR.BC.Z1","Gross PSD, Budgetary Central Gov., All maturities, Debt securities, Nominal Value, % of GDP"
"DP.DOD.DLDS.CR.CG.Z1","Gross PSD, Central Gov., All maturities, Debt securities, Nominal Value, % of GDP"
"DP.DOD.DLDS.CR.FC.Z1","Gross PSD, Financial Public Corp., All maturities, Debt securities, Nominal Value, % of GDP"
"DP.DOD.DLDS.CR.GG.Z1","Gross PSD, General Gov., All maturities, Debt securities, Nominal Value, % of GDP"
"DP.DOD.DLDS.CR.L1.BC.Z1","Gross PSD, Budgetary Central Gov., Long-term, With payment due in one year or less, Debt securities, Nominal Value, % of GDP"
"DP.DOD.DLDS.CR.L1.CG.Z1","Gross PSD, Central Gov., Long-term, With payment due in one year or less, Debt securities, Nominal Value, % of GDP"
"DP.DOD.DLDS.CR.L1.FC.Z1","Gross PSD, Financial Public Corp., Long-term, With payment due in one year or less, Debt securities, Nominal Value, % of GDP"
"DP.DOD.DLDS.CR.L1.GG.Z1","Gross PSD, General Gov., Long-term, With payment due in one year or less, Debt securities, Nominal Value, % of GDP"
"DP.DOD.DLDS.CR.L1.NF.Z1","Gross PSD, Nonfinancial Public Corp., Long-term, With payment due in one year or less, Debt securities, Nominal Value, % of GDP"
"DP.DOD.DLDS.CR.M1.BC.Z1","Gross PSD, Budgetary Central Gov., Long-term, With payment due in more than one year, Debt securities, Nominal Value, % of GDP"
"DP.DOD.DLDS.CR.M1.CG.Z1","Gross PSD, Central Gov., Long-term, With payment due in more than one year, Debt securities, Nominal Value, % of GDP"
"DP.DOD.DLDS.CR.M1.FC.Z1","Gross PSD, Financial Public Corp., Long-term, With payment due in more than one year, Debt securities, Nominal Value, % of GDP"
"DP.DOD.DLDS.CR.M1.GG.Z1","Gross PSD, General Gov., Long-term, With payment due in more than one year, Debt securities, Nominal Value, % of GDP"
"DP.DOD.DLDS.CR.M1.NF.Z1","Gross PSD, Nonfinancial Public Corp., Long-term, With payment due in more than one year, Debt securities, Nominal Value, % of GDP"
"DP.DOD.DLDS.CR.MV.BC.Z1","Gross PSD, Budgetary Central Gov., All maturities, Debt Securities, Market value, % of GDP"
"DP.DOD.DLDS.CR.MV.CG.Z1","Gross PSD, Central Gov., All maturities, Debt Securities, Market value, % of GDP"
"DP.DOD.DLDS.CR.MV.FC.Z1","Gross PSD, Financial Public Corp., All maturities, Debt Securities, Market value, % of GDP"
"DP.DOD.DLDS.CR.MV.GG.Z1","Gross PSD, General Gov., All maturities, Debt Securities, Market value, % of GDP"
"DP.DOD.DLDS.CR.MV.NF.Z1","Gross PSD, Nonfinancial Public Corp., All maturities, Debt Securities, Market value, % of GDP"
"DP.DOD.DLDS.CR.NF.Z1","Gross PSD, Nonfinancial Public Corp., All maturities, Debt securities, Nominal Value, % of GDP"
"DP.DOD.DLIN.CR.BC.Z1","Gross PSD, Budgetary Central Gov., All maturities, Insurance, pensions, and standardized guarantee schemes, Nominal Value, % of GDP"
"DP.DOD.DLIN.CR.CG.Z1","Gross PSD, Central Gov., All maturities, Insurance, pensions, and standardized guarantee schemes, Nominal Value, % of GDP"
"DP.DOD.DLIN.CR.FC.Z1","Gross PSD, Financial Public Corp., All maturities, Insurance, pensions, and standardized guarantee schemes, Nominal Value, % of GDP"
"DP.DOD.DLIN.CR.GG.Z1","Gross PSD, General Gov., All maturities, Insurance, pensions, and standardized guarantee schemes, Nominal Value, % of GDP"
"DP.DOD.DLIN.CR.L1.BC.Z1","Gross PSD, Budgetary Central Gov., Long-term, With payment due in one year or less, Insurance, pensions, and standardized guarantee schemes, Nominal Value, % of GDP"
"DP.DOD.DLIN.CR.L1.CG.Z1","Gross PSD, Central Gov., Long-term, With payment due in one year or less, Insurance, pensions, and standardized guarantee schemes, Nominal Value, % of GDP"
"DP.DOD.DLIN.CR.L1.FC.Z1","Gross PSD, Financial Public Corp., Long-term, With payment due in one year or less, Insurance, pensions, and standardized guarantee schemes, Nominal Value, % of GDP"
"DP.DOD.DLIN.CR.L1.GG.Z1","Gross PSD, General Gov., Long-term, With payment due in one year or less, Insurance, pensions, and standardized guarantee schemes, Nominal Value, % of GDP"
"DP.DOD.DLIN.CR.L1.NF.Z1","Gross PSD, Nonfinancial Public Corp., Long-term, With payment due in one year or less, Insurance, pensions, and standardized guarantee schemes, Nominal Value, % of GDP"
"DP.DOD.DLIN.CR.M1.BC.Z1","Gross PSD, Budgetary Central Gov., Long-term, With payment due in more than one year, Insurance, pensions, and standardized guarantee schemes, Nominal Value, % of GDP"
"DP.DOD.DLIN.CR.M1.CG.Z1","Gross PSD, Central Gov., Long-term, With payment due in more than one year, Insurance, pensions, and standardized guarantee schemes, Nominal Value, % of GDP"
"DP.DOD.DLIN.CR.M1.FC.Z1","Gross PSD, Financial Public Corp., Long-term, With payment due in more than one year, Insurance, pensions, and standardized guarantee schemes, Nominal Value, % of GDP"
"DP.DOD.DLIN.CR.M1.GG.Z1","Gross PSD, General Gov., Long-term, With payment due in more than one year, Insurance, pensions, and standardized guarantee schemes, Nominal Value, % of GDP"
"DP.DOD.DLIN.CR.M1.NF.Z1","Gross PSD, Nonfinancial Public Corp., Long-term, With payment due in more than one year, Insurance, pensions, and standardized guarantee schemes, Nominal Value, % of GDP"
"DP.DOD.DLIN.CR.NF.Z1","Gross PSD, Nonfinancial Public Corp., All maturities, Insurance, pensions, and standardized guarantee schemes, Nominal Value, % of GDP"
"DP.DOD.DLLO.CR.BC.Z1","Gross PSD, Budgetary Central Gov., All maturities, Loans, Nominal Value, % of GDP"
"DP.DOD.DLLO.CR.CG.Z1","Gross PSD, Central Gov., All maturities, Loans, Nominal Value, % of GDP"
"DP.DOD.DLLO.CR.FC.Z1","Gross PSD, Financial Public Corp., All maturities, Loans, Nominal Value, % of GDP"
"DP.DOD.DLLO.CR.GG.Z1","Gross PSD, General Gov., All maturities, Loans, Nominal Value, % of GDP"
"DP.DOD.DLLO.CR.L1.BC.Z1","Gross PSD, Budgetary Central Gov., Long-term, With payment due in one year or less, Loans, Nominal Value, % of GDP"
"DP.DOD.DLLO.CR.L1.CG.Z1","Gross PSD, Central Gov., Long-term, With payment due in one year or less, Loans, Nominal Value, % of GDP"
"DP.DOD.DLLO.CR.L1.FC.Z1","Gross PSD, Financial Public Corp., Long-term, With payment due in one year or less, Loans, Nominal Value, % of GDP"
"DP.DOD.DLLO.CR.L1.GG.Z1","Gross PSD, General Gov., Long-term, With payment due in one year or less, Loans, Nominal Value, % of GDP"
"DP.DOD.DLLO.CR.L1.NF.Z1","Gross PSD, Nonfinancial Public Corp., Long-term, With payment due in one year or less, Loans, Nominal Value, % of GDP"
"DP.DOD.DLLO.CR.M1.BC.Z1","Gross PSD, Budgetary Central Gov., Long-term, With payment due in more than one year, Loans, Nominal Value, % of GDP"
"DP.DOD.DLLO.CR.M1.CG.Z1","Gross PSD, Central Gov., Long-term, With payment due in more than one year, Loans, Nominal Value, % of GDP"
"DP.DOD.DLLO.CR.M1.FC.Z1","Gross PSD, Financial Public Corp., Long-term, With payment due in more than one year, Loans, Nominal Value, % of GDP"
"DP.DOD.DLLO.CR.M1.GG.Z1","Gross PSD, General Gov., Long-term, With payment due in more than one year, Loans, Nominal Value, % of GDP"
"DP.DOD.DLLO.CR.M1.NF.Z1","Gross PSD, Nonfinancial Public Corp., Long-term, With payment due in more than one year, Loans, Nominal Value, % of GDP"
"DP.DOD.DLLO.CR.NF.Z1","Gross PSD, Nonfinancial Public Corp., All maturities, Loans, Nominal Value, % of GDP"
"DP.DOD.DLOA.CR.BC.Z1","Gross PSD, Budgetary Central Gov., All maturities, Other accounts payable, Nominal Value, % of GDP"
"DP.DOD.DLOA.CR.CG.Z1","Gross PSD, Central Gov., All maturities, Other accounts payable, Nominal Value, % of GDP"
"DP.DOD.DLOA.CR.FC.Z1","Gross PSD, Financial Public Corp., All maturities, Other accounts payable, Nominal Value, % of GDP"
"DP.DOD.DLOA.CR.GG.Z1","Gross PSD, General Gov., All maturities, Other accounts payable, Nominal Value, % of GDP"
"DP.DOD.DLOA.CR.L1.BC.Z1","Gross PSD, Budgetary Central Gov., Long-term, With payment due in one year or less, Other accounts payable, Nominal Value, % of GDP"
"DP.DOD.DLOA.CR.L1.CG.Z1","Gross PSD, Central Gov., Long-term, With payment due in one year or less, Other accounts payable, Nominal Value, % of GDP"
"DP.DOD.DLOA.CR.L1.FC.Z1","Gross PSD, Financial Public Corp., Long-term, With payment due in one year or less, Other accounts payable, Nominal Value, % of GDP"
"DP.DOD.DLOA.CR.L1.GG.Z1","Gross PSD, General Gov., Long-term, With payment due in one year or less, Other accounts payable, Nominal Value, % of GDP"
"DP.DOD.DLOA.CR.L1.NF.Z1","Gross PSD, Nonfinancial Public Corp., Long-term, With payment due in one year or less, Other accounts payable, Nominal Value, % of GDP"
"DP.DOD.DLOA.CR.M1.BC.Z1","Gross PSD, Budgetary Central Gov., Long-term, With payment due in more than one year, Other accounts payable, Nominal Value, % of GDP"
"DP.DOD.DLOA.CR.M1.CG.Z1","Gross PSD, Central Gov., Long-term, With payment due in more than one year, Other accounts payable, Nominal Value, % of GDP"
"DP.DOD.DLOA.CR.M1.FC.Z1","Gross PSD, Financial Public Corp., Long-term, With payment due in more than one year, Other accounts payable, Nominal Value, % of GDP"
"DP.DOD.DLOA.CR.M1.GG.Z1","Gross PSD, General Gov., Long-term, With payment due in more than one year, Other accounts payable, Nominal Value, % of GDP"
"DP.DOD.DLOA.CR.M1.NF.Z1","Gross PSD, Nonfinancial Public Corp., Long-term, With payment due in more than one year, Other accounts payable, Nominal Value, % of GDP"
"DP.DOD.DLOA.CR.NF.Z1","Gross PSD, Nonfinancial Public Corp., All maturities, Other accounts payable, Nominal Value, % of GDP"
"DP.DOD.DLSD.CR.BC.Z1","Gross PSD, Budgetary Central Gov., All maturities, Special Drawing Rights, Nominal Value, % of GDP"
"DP.DOD.DLSD.CR.CG.Z1","Gross PSD, Central Gov., All maturities, Special Drawing Rights, Nominal Value, % of GDP"
"DP.DOD.DLSD.CR.FC.Z1","Gross PSD, Financial Public Corp., All maturities, Special Drawing Rights, Nominal Value, % of GDP"
"DP.DOD.DLSD.CR.GG.Z1","Gross PSD, General Gov., All maturities, Special Drawing Rights, Nominal Value, % of GDP"
"DP.DOD.DLSD.CR.M1.BC.Z1","Gross PSD, Budgetary Central Gov., Long-term, With payment due in more than one year, Special Drawing Rights, Nominal Value, % of GDP"
"DP.DOD.DLSD.CR.M1.CG.Z1","Gross PSD, Central Gov., Long-term, With payment due in more than one year, Special Drawing Rights, Nominal Value, % of GDP"
"DP.DOD.DLSD.CR.M1.FC.Z1","Gross PSD, Financial Public Corp., Long-term, With payment due in more than one year, Special Drawing Rights, Nominal Value, % of GDP"
"DP.DOD.DLSD.CR.M1.GG.Z1","Gross PSD, General Gov., Long-term, With payment due in more than one year, Special Drawing Rights, Nominal Value, % of GDP"
"DP.DOD.DLSD.CR.M1.NF.Z1","Gross PSD, Nonfinancial Public Corp., Long-term, With payment due in more than one year, Special Drawing Rights, Nominal Value, % of GDP"
"DP.DOD.DLSD.CR.NF.Z1","Gross PSD, Nonfinancial Public Corp., All maturities, Special Drawing Rights, Nominal Value, % of GDP"
"DP.DOD.DLTC.CR.BC.Z1","Gross PSD, Budgetary Central Gov., Long-term, All instruments, Nominal Value, % of GDP"
"DP.DOD.DLTC.CR.CG.Z1","Gross PSD, Central Gov., Long-term, All instruments, Nominal Value, % of GDP"
"DP.DOD.DLTC.CR.FC.Z1","Gross PSD, Financial Public Corp., Long-term, All instruments, Nominal Value, % of GDP"
"DP.DOD.DLTC.CR.GG.Z1","Gross PSD, General Gov., Long-term, All instruments, Nominal Value, % of GDP"
"DP.DOD.DLTC.CR.L1.BC.Z1","Gross PSD, Budgetary Central Gov., Long-term, With payment due in one year or less, All instruments, Nominal Value, % of GDP"
"DP.DOD.DLTC.CR.L1.CG.Z1","Gross PSD, Central Gov., Long-term, With payment due in one year or less, All instruments, Nominal Value, % of GDP"
"DP.DOD.DLTC.CR.L1.FC.Z1","Gross PSD, Financial Public Corp., Long-term, With payment due in one year or less, All instruments, Nominal Value, % of GDP"
"DP.DOD.DLTC.CR.L1.GG.Z1","Gross PSD, General Gov., Long-term, With payment due in one year or less, All instruments, Nominal Value, % of GDP"
"DP.DOD.DLTC.CR.L1.NF.Z1","Gross PSD, Nonfinancial Public Corp., Long-term, With payment due in one year or less, All instruments, Nominal Value, % of GDP"
"DP.DOD.DLTC.CR.M1.BC.Z1","Gross PSD, Budgetary Central Gov., Long-term, With payment due in more than one year, All instruments, Nominal Value, % of GDP"
"DP.DOD.DLTC.CR.M1.CG.Z1","Gross PSD, Central Gov., Long-term, With payment due in more than one year, All instruments, Nominal Value, % of GDP"
"DP.DOD.DLTC.CR.M1.FC.Z1","Gross PSD, Financial Public Corp., Long-term, With payment due in more than one year, All instruments, Nominal Value, % of GDP"
"DP.DOD.DLTC.CR.M1.GG.Z1","Gross PSD, General Gov., Long-term, With payment due in more than one year, All instruments, Nominal Value, % of GDP"
"DP.DOD.DLTC.CR.M1.NF.Z1","Gross PSD, Nonfinancial Public Corp., Long-term, With payment due in more than one year, All instruments, Nominal Value, % of GDP"
"DP.DOD.DLTC.CR.NF.Z1","Gross PSD, Nonfinancial Public Corp., Long-term, All instruments, Nominal Value, % of GDP"
"DP.DOD.DSCD.CR.BC.Z1","Gross PSD, Budgetary Central Gov., Short-term, Currency and deposits, Nominal Value, % of GDP"
"DP.DOD.DSCD.CR.CG.Z1","Gross PSD, Central Gov., Short-term, Currency and deposits, Nominal Value, % of GDP"
"DP.DOD.DSCD.CR.FC.Z1","Gross PSD, Financial Public Corp., Short-term, Currency and deposits, Nominal Value, % of GDP"
"DP.DOD.DSCD.CR.GG.Z1","Gross PSD, General Gov., Short-term, Currency and deposits, Nominal Value, % of GDP"
"DP.DOD.DSCD.CR.NF.Z1","Gross PSD, Nonfinancial Public Corp., Short-term, Currency and deposits, Nominal Value, % of GDP"
"DP.DOD.DSDS.CR.BC.Z1","Gross PSD, Budgetary Central Gov., Short-term, Debt securities, Nominal Value, % of GDP"
"DP.DOD.DSDS.CR.CG.Z1","Gross PSD, Central Gov., Short-term, Debt securities, Nominal Value, % of GDP"
"DP.DOD.DSDS.CR.FC.Z1","Gross PSD, Financial Public Corp., Short-term, Debt securities, Nominal Value, % of GDP"
"DP.DOD.DSDS.CR.GG.Z1","Gross PSD, General Gov., Short-term, Debt securities, Nominal Value, % of GDP"
"DP.DOD.DSDS.CR.NF.Z1","Gross PSD, Nonfinancial Public Corp., Short-term, Debt securities, Nominal Value, % of GDP"
"DP.DOD.DSIN.CR.BC.Z1","Gross PSD, Budgetary Central Gov., Short-term, Insurance, pensions, and standardized guarantee schemes, Nominal Value, % of GDP"
"DP.DOD.DSIN.CR.CG.Z1","Gross PSD, Central Gov., Short-term, Insurance, pensions, and standardized guarantee schemes, Nominal Value, % of GDP"
"DP.DOD.DSIN.CR.FC.Z1","Gross PSD, Financial Public Corp., Short-term, Insurance, pensions, and standardized guarantee schemes, Nominal Value, % of GDP"
"DP.DOD.DSIN.CR.GG.Z1","Gross PSD, General Gov., Short-term, Insurance, pensions, and standardized guarantee schemes, Nominal Value, % of GDP"
"DP.DOD.DSIN.CR.NF.Z1","Gross PSD, Nonfinancial Public Corp., Short-term, Insurance, pensions, and standardized guarantee schemes, Nominal Value, % of GDP"
"DP.DOD.DSLO.CR.BC.Z1","Gross PSD, Budgetary Central Gov., Short-term, Loans, Nominal Value, % of GDP"
"DP.DOD.DSLO.CR.CG.Z1","Gross PSD, Central Gov., Short-term, Loans, Nominal Value, % of GDP"
"DP.DOD.DSLO.CR.FC.Z1","Gross PSD, Financial Public Corp., Short-term, Loans, Nominal Value, % of GDP"
"DP.DOD.DSLO.CR.GG.Z1","Gross PSD, General Gov., Short-term, Loans, Nominal Value, % of GDP"
"DP.DOD.DSLO.CR.NF.Z1","Gross PSD, Nonfinancial Public Corp., Short-term, Loans, Nominal Value, % of GDP"
"DP.DOD.DSOA.CR.BC.Z1","Gross PSD, Budgetary Central Gov., Short-term, Other accounts payable, Nominal Value, % of GDP"
"DP.DOD.DSOA.CR.CG.Z1","Gross PSD, Central Gov., Short-term, Other accounts payable, Nominal Value, % of GDP"
"DP.DOD.DSOA.CR.FC.Z1","Gross PSD, Financial Public Corp., Short-term, Other accounts payable, Nominal Value, % of GDP"
"DP.DOD.DSOA.CR.GG.Z1","Gross PSD, General Gov., Short-term, Other accounts payable, Nominal Value, % of GDP"
"DP.DOD.DSOA.CR.NF.Z1","Gross PSD, Nonfinancial Public Corp., Short-term, Other accounts payable, Nominal Value, % of GDP"
"DP.DOD.DSTC.CR.BC.Z1","Gross PSD, Budgetary Central Gov., Short-term, All instruments, Nominal Value, % of GDP"
"DP.DOD.DSTC.CR.CG.Z1","Gross PSD, Central Gov., Short-term, All instruments, Nominal Value, % of GDP"
"DP.DOD.DSTC.CR.FC.Z1","Gross PSD, Financial Public Corp., Short-term, All instruments, Nominal Value, % of GDP"
"DP.DOD.DSTC.CR.GG.Z1","Gross PSD, General Gov., Short-term, All instruments, Nominal Value, % of GDP"
"DP.DOD.DSTC.CR.NF.Z1","Gross PSD, Nonfinancial Public Corp., Short-term, All instruments, Nominal Value, % of GDP"
"DPANUSLCU","Official exchange rate, LCU per USD, period average"
"DPANUSSPB","Exchange rate, new LCU per USD extended backward, period average"
"DPANUSSPF","Exchange rate, old LCU per USD extended forward, period average"
"DT.AMD.DLXF.CD","LT Principal due per balance of payments account (BoP, current US$)"
"DT.DOD.ALLC.ZSG","Debt on Concessional terms to GDP (% of GDP)"
"DT.DOD.ALLN.ZSG","Debt on Non-concessional terms to GDP (% of GDP)"
"DT.DOD.DECT.CD.AR.EX.US","Gross Ext. Debt Pos., All Sectors, All maturities, All instruments,  Exchange rate chg, USD"
"DT.DOD.DECT.CD.CB.AR.EX.US","Gross Ext. Debt Pos., Deposit-Taking Corp., exc. CB, All maturities, All instruments, Exchange rate chg, USD"
"DT.DOD.DECT.CD.GG.AR.EX.US","Gross Ext. Debt Pos., General Government, All maturities, All instruments, Exchange rate chg, USD"
"DT.DOD.DECT.CD.IL.AR.EX.US","Gross Ext. Debt Pos., DI: Intercom Lending, All maturities, All instruments, Exchange rate chg, USD"
"DT.DOD.DECT.CD.MA.AR.EX.US","Gross Ext. Debt Pos., Central Bank, All maturities, All instruments, Exchange rate chg, USD"
"DT.DOD.DECT.CD.OT.AR.EX.US","Gross Ext. Debt Pos., Other Sectors, All maturities, All instruments, Exchange rate chg, USD"
"DT.DOD.DECT.CD.ZSG","Debt outstanding and disbursed, Total to GDP (% of GDP)"
"DT.DOD.DIDI.CD.IL.EX.US","Gross Ext. Debt Pos., DI: Intercom Lending, All maturities, Debt liab. of DI ent. to dir. investors, Exchange rate chg, USD"
"DT.DOD.DIFE.CD.IL.EX.US","Gross Ext. Debt Pos., DI: Intercom Lending, All maturities, Debt liab. to fellow ent., Exchange rate chg, USD"
"DT.DOD.DIIE.CD.IL.EX.US","Gross Ext. Debt Pos., DI: Intercom Lending, All maturities, Debt liab. of dir. investors to DI ent., Exchange rate chg, USD"
"DT.DOD.DLBN.CD.CB.AR.EX.US","Gross Ext. Debt Pos., Deposit-Taking Corp., exc. CB, Long-term, Debt securities, Exchange rate chg, USD"
"DT.DOD.DLBN.CD.GG.AR.EX.US","Gross Ext. Debt Pos., General Government, Long-term, Debt securities, Exchange rate chg, USD"
"DT.DOD.DLBN.CD.MA.AR.EX.US","Gross Ext. Debt Pos., Central Bank, Long-term, Debt securities, Exchange rate chg, USD"
"DT.DOD.DLBN.CD.OT.AR.EX.US","Gross Ext. Debt Pos., Other Sectors, Long-term, Debt securities, Exchange rate chg, USD"
"DT.DOD.DLCD.CD.CB.AR.EX.US","Gross Ext. Debt Pos., Deposit-Taking Corp., exc. CB, Long-term, Currency and deposits, Exchange rate chg, USD"
"DT.DOD.DLCD.CD.GG.AR.EX.US","Gross Ext. Debt Pos., General Government, Long-term, Currency and deposits, Exchange rate chg, USD"
"DT.DOD.DLCD.CD.MA.AR.EX.US","Gross Ext. Debt Pos., Central Bank, Long-term, Currency and deposits, Exchange rate chg, USD"
"DT.DOD.DLCD.CD.OT.AR.EX.US","Gross Ext. Debt Pos., Other Sectors, Long-term, Currency and deposits, Exchange rate chg, USD"
"DT.DOD.DLTL.CD.CB.AR.EX.US","Gross Ext. Debt Pos., Deposit-Taking Corp., exc. CB, Long-term, Loans, Exchange rate chg, USD"
"DT.DOD.DLTL.CD.GG.AR.EX.US","Gross Ext. Debt Pos., General Government, Long-term, Loans, Exchange rate chg, USD"
"DT.DOD.DLTL.CD.MA.AR.EX.US","Gross Ext. Debt Pos., Central Bank, Long-term, Loans, Exchange rate chg, USD"
"DT.DOD.DLTL.CD.OT.AR.EX.US","Gross Ext. Debt Pos., Other Sectors, Long-term, Loans, Exchange rate chg, USD"
"DT.DOD.DLTO.CD.CB.AR.EX.US","Gross Ext. Debt Pos., Deposit-Taking Corp., exc. CB, Long-term, Other debt liabilities, Exchange rate chg, USD"
"DT.DOD.DLTO.CD.GG.AR.EX.US","Gross Ext. Debt Pos., General Government, Long-term, Other debt liabilities, Exchange rate chg, USD"
"DT.DOD.DLTO.CD.MA.AR.EX.US","Gross Ext. Debt Pos., Central Bank, Long-term, Other debt liabilities, Exchange rate chg, USD"
"DT.DOD.DLTO.CD.OT.AR.EX.US","Gross Ext. Debt Pos., Other Sectors, Long-term, Other debt liabilities, Exchange rate chg, USD"
"DT.DOD.DLTS.CD.GG.EX.US","Gross Ext. Debt Pos., General Government, Long-term, Special drawing rights (allocations), Exchange rate chg, USD"
"DT.DOD.DLTS.CD.MA.AR.EX.US","Gross Ext. Debt Pos., Central Bank, Long-term, Special drawing rights (allocations), Exchange rate chg, USD"
"DT.DOD.DLTT.CD.CB.AR.EX.US","Gross Ext. Debt Pos., Deposit-Taking Corp., exc. CB, Long-term, Trade credit and advances, Exchange rate chg, USD"
"DT.DOD.DLTT.CD.GG.AR.EX.US","Gross Ext. Debt Pos., General Government, Long-term, Trade credit and advances, Exchange rate chg, USD"
"DT.DOD.DLTT.CD.MA.AR.EX.US","Gross Ext. Debt Pos., Central Bank, Long-term, Trade credit and advances, Exchange rate chg, USD"
"DT.DOD.DLTT.CD.OT.AR.EX.US","Gross Ext. Debt Pos., Other Sectors, Long-term, Trade credit and advances, Exchange rate chg, USD"
"DT.DOD.DLXF.CD.CB.AR.EX.US","Gross Ext. Debt Pos., Deposit-Taking Corp., exc. CB, Long-term, All instruments, Exchange rate chg, USD"
"DT.DOD.DLXF.CD.GG.AR.EX.US","Gross Ext. Debt Pos., General Government, Long-term, All instruments, Exchange rate chg, USD"
"DT.DOD.DLXF.CD.MA.AR.EX.US","Gross Ext. Debt Pos., Central Bank, Long-term, All instruments, Exchange rate chg, USD"
"DT.DOD.DLXF.CD.OT.AR.EX.US","Gross Ext. Debt Pos., Other Sectors, Long-term, All instruments, Exchange rate chg, USD"
"DT.DOD.DSCD.CD.CB.AR.EX.US","Gross Ext. Debt Pos., Deposit-Taking Corp., exc. CB, Short-term, Currency and deposits, Exchange rate chg, USD"
"DT.DOD.DSCD.CD.GG.AR.EX.US","Gross Ext. Debt Pos., General Government, Short-term, Currency and deposits, Exchange rate chg, USD"
"DT.DOD.DSCD.CD.MA.AR.EX.US","Gross Ext. Debt Pos., Central Bank, Short-term, Currency and deposits, Exchange rate chg, USD"
"DT.DOD.DSCD.CD.OT.AR.EX.US","Gross Ext. Debt Pos., Other Sectors, Short-term, Currency and deposits, Exchange rate chg, USD"
"DT.DOD.DSOO.CD.CB.AR.EX.US","Gross Ext. Debt Pos., Deposit-Taking Corp., exc. CB, Short-term, Other debt liabilities, Exchange rate chg, USD"
"DT.DOD.DSOO.CD.GG.AR.EX.US","Gross Ext. Debt Pos., General Government, Short-term, Other debt liabilities, Exchange rate chg, USD"
"DT.DOD.DSOO.CD.MA.AR.EX.US","Gross Ext. Debt Pos., Central Bank, Short-term, Other debt liabilities, Exchange rate chg, USD"
"DT.DOD.DSOO.CD.OT.AR.EX.US","Gross Ext. Debt Pos., Other Sectors, Short-term, Other debt liabilities, Exchange rate chg, USD"
"DT.DOD.DSTC.CD.CB.AR.EX.US","Gross Ext. Debt Pos., Deposit-Taking Corp., exc. CB, Short-term, All instruments, Exchange rate chg, USD"
"DT.DOD.DSTC.CD.GG.AR.EX.US","Gross Ext. Debt Pos., General Government, Short-term, All instruments, Exchange rate chg, USD"
"DT.DOD.DSTC.CD.MA.AR.EX.US","Gross Ext. Debt Pos., Central Bank, Short-term, All instruments, Exchange rate chg, USD"
"DT.DOD.DSTC.CD.OT.AR.EX.US","Gross Ext. Debt Pos., Other Sectors, Short-term, All instruments, Exchange rate chg, USD"
"DT.DOD.DSTC.IR.ZS","Short-term debt (% of total reserves)"
"DT.DOD.DSTL.CD.CB.AR.EX.US","Gross Ext. Debt Pos., Deposit-Taking Corp., exc. CB, Short-term, Loans, Exchange rate chg, USD"
"DT.DOD.DSTL.CD.GG.AR.EX.US","Gross Ext. Debt Pos., General Government, Short-term, Loans, Exchange rate chg, USD"
"DT.DOD.DSTL.CD.MA.AR.EX.US","Gross Ext. Debt Pos., Central Bank, Short-term, Loans, Exchange rate chg, USD"
"DT.DOD.DSTL.CD.OT.AR.EX.US","Gross Ext. Debt Pos., Other Sectors, Short-term, Loans, Exchange rate chg, USD"
"DT.DOD.DSTM.CD.CB.AR.EX.US","Gross Ext. Debt Pos., Deposit-Taking Corp., exc. CB, Short-term, Debt securities, Exchange rate chg, USD"
"DT.DOD.DSTM.CD.GG.AR.EX.US","Gross Ext. Debt Pos., General Government, Short-term, Debt securities, Exchange rate chg, USD"
"DT.DOD.DSTM.CD.MA.AR.EX.US","Gross Ext. Debt Pos., Central Bank, Short-term, Debt securities, Exchange rate chg, USD"
"DT.DOD.DSTM.CD.OT.AR.EX.US","Gross Ext. Debt Pos., Other Sectors, Short-term, Debt securities, Exchange rate chg, USD"
"DT.DOD.DSTT.CD.CB.AR.EX.US","Gross Ext. Debt Pos., Deposit-Taking Corp., exc. CB, Short-term, Trade credit and advances, Exchange rate chg, USD"
"DT.DOD.DSTT.CD.GG.AR.EX.US","Gross Ext. Debt Pos., General Government, Short-term, Trade credit and advances, Exchange rate chg, USD"
"DT.DOD.DSTT.CD.MA.AR.EX.US","Gross Ext. Debt Pos., Central Bank, Short-term, Trade credit and advances, Exchange rate chg, USD"
"DT.DOD.DSTT.CD.OT.AR.EX.US","Gross Ext. Debt Pos., Other Sectors, Short-term, Trade credit and advances, Exchange rate chg, USD"
"DT.ODA.ALLD.GD.ZS","Net ODA received (% of GDP)"
"DT.ODA.ALLD.XP.ZS","Net ODA received (% of central government expenditure)"
"DT.ODA.ALLD.XPD.ZS","Aid (% of central government expenditures)"
"DT.ODA.DACD.AGPA.FOOD.CD","Gross ODA aid disbursement for developmental food aid/food security assistance, DAC donors total (current US$)"
"DT.ODA.DACD.ZSG","Net ODA received from DAC donors (% of recipient's GDP)"
"DT.ODA.MULT.ZSG","Net ODA received from multilateral donors (% of GDP)"
"DT.ODA.NDAC.ZSG","Net ODA received from non-DAC bilateral donors (% of GDP)"
"DT.ODA.ODAT.GD.ZS","Net ODA received (% of GDP)"
"DT.ODA.ODAT.XP.ZS","Net ODA received (% of central government expense)"
"DT.TDS.DECT.GD.ZS","Total debt service (% of GDP)"
"EE.BOD.FOOD.ZS","Water pollution, food industry (% of total BOD emissions)"
"EG.EGY.PRIM.PP.KD","Energy intensity level of primary energy (MJ/$2021 PPP GDP)"
"EG.EGY.PROD.KT.OE","Energy production (kt of oil equivalent)"
"EG.ELC.FOSL.ZS","Electricity production from oil, gas and coal sources (% of total)"
"EG.ELC.PETR.KH","Electricity production from oil sources (kWh)"
"EG.ELC.PETR.ZS","Electricity production from oil sources (% of total)"
"EG.GDP.PUSE.KO.87","GDP per unit of energy use (1987 US$ per kg of oil equivalent)"
"EG.GDP.PUSE.KO.KD","GDP per unit of energy use (2000 US$ per kg of oil equivalent)"
"EG.GDP.PUSE.KO.PP","GDP per unit of energy use (PPP $ per kg of oil equivalent)"
"EG.GDP.PUSE.KO.PP.KD","GDP per unit of energy use (constant 2021 PPP $ per kg of oil equivalent)"
"EG.IMP.TOTL.KT.OE","Energy imports (kt of oil equivalent)"
"EG.USE.COMM.GD.PP.KD","Energy use (kg of oil equivalent) per $1,000 GDP (constant 2021 PPP)"
"EG.USE.COMM.KT.OE","Energy use (kt of oil equivalent)"
"EG.USE.CRNW.KT.OE","Combustible renewables and waste (metric tons of oil equivalent)"
"EG.USE.PCAP.KG.OE","Energy use (kg of oil equivalent per capita)"
"EN.ATM.CO2E.EG.ZS","CO2 intensity (kg per kg of oil equivalent energy use)"
"EN.ATM.CO2E.GDP","CO2 emissions, industrial (kg per 1987 US$ of GDP)"
"EN.ATM.CO2E.KD.87.GD","CO2 emissions, industrial (kg per 1987 US$ of GDP)"
"EN.ATM.CO2E.KD.GD","CO2 emissions (kg per 2010 US$ of GDP)"
"EN.ATM.CO2E.PP.GD","CO2 emissions (kg per PPP $ of GDP)"
"EN.ATM.CO2E.PP.GD.KD","CO2 emissions (kg per 2011 PPP $ of GDP)"
"EN.EGY.PROD.KT.OE","Commercial energy production (kt of oil equivalent)"
"EN.GHG.CO2.LU.OS.MT.CE.AR5","Carbon dioxide (CO2) net fluxes from LULUCF - Organic Soil (Mt CO2e)"
"EN.GHG.CO2.RT.GDP.KD","Carbon intensity of GDP (kg CO2e per constant 2015 US$ of GDP)"
"EN.GHG.CO2.RT.GDP.PP.KD","Carbon intensity of GDP (kg CO2e per 2021 PPP $ of GDP)"
"EN.TDF.COMP","Traditional fuel use (kt of oil equivalent)"
"EP.CPI.1996","Consumer Price Index in 42 cities base 1996"
"EP.CPI.2002","Consumer Price Index in 45 cities base 2002"
"EP.CPI.2007","Consumer Price Index in 66 cities base 2007"
"EP.CPI.2012","Consumer Price Index in 82 cities base 2012"
"EP.CPI.2018","Consumer Price Index in 90 cities base 2018"
"ER.GDP.FWTL.M3.KD","Water productivity, total (constant 2015 US$ GDP per cubic meter of total freshwater withdrawal)"
"EU.EGY.USES.GDP","GDP per unit of energy use (1987 US$ per kg of oil equivalent)"
"EU.EGY.USES.KG.OE.PC","Commercial energy use (kg of oil equivalent per capita)"
"EU.EGY.USES.KT.OE","Commercial energy use (kt of oil equivalent)"
"FB.DPT.INSU.PC.ZS","Deposit insurance coverage (% of GDP per capita)"
"FB.FCP.BREG.PR.TC.UF","586_Do laws and regulations prohibit or restrict the use in consumer agreements of any term or condition that is unfair, excessively unbalanced or abusive?  _#VHGA_00"
"FB.FCP.INST.CB.PD.MB","429_Are commercial banks required to disclose minimum balance requirements at the shopping and/or pre-contractual stage?_#VGZA_00"
"FB.INC.BNKG.AC.SC.MC","287_Is the ceiling on the minimum balance for savings/current accounts regulated in this country?_#VGTA_01"
"FB.INC.BNKG.AC.SC.MO","289_Are the maximum overdraft penalty or below minimum balance penalty regulated in this country?_#VGTA_03"
"FB.INC.POLI.FI.RE","019_Are requirements, exceptions, tax incentives, or subsidies policies in place to promote financial inclusion?_#VGBA_00"
"FB.INC.POLI.FI.TI","021_Are tax incentive savings schemes in place to promote financial inclusion?_#VGBA_02"
"FD.AST.PRVT.GD.ZS","Domestic credit to private sector by banks (% of GDP)"
"FD.RES.LIQU.AS.ZS","Bank liquid reserves to bank assets ratio (%)"
"fdis_al_alot_dfcl_1529","Persons aged 15 to 29 years in food insecure households (% persons aged 15 to 29 years with disability i.e. at least a lot of functional difficulty)"
"fdis_al_alot_dfcl_3044","Persons aged 30 to 44 years in food insecure households (% persons aged 30 to 44 years with disability i.e. at least a lot of functional difficulty)"
"fdis_al_alot_dfcl_4564","Persons aged 45 to 64 years in food insecure households (% persons aged 45 to 64 years with disability i.e. at least a lot of functional difficulty)"
"fdis_al_alot_dfcl_65up","Persons aged 65 or older in food insecure households (% persons aged 65 or older with disability i.e. at least a lot of functional difficulty)"
"fdis_al_alot_dfcl_all","Persons in food insecure households (% persons with disability i.e. at least a lot of functional difficulty)"
"fdis_al_alot_dfcl_fem","Female persons in food insecure households (% female persons with disability i.e. at least a lot of functional difficulty)"
"fdis_al_alot_dfcl_male","Male persons in food insecure households (% male persons with disability i.e. at least a lot of functional difficulty)"
"fdis_al_alot_dfcl_rur","Persons living in rural areas in food insecure households (% persons living in rural areas with disability i.e. at least a lot of functional difficulty)"
"fdis_al_alot_dfcl_urb","Persons living in urban areas in food insecure households (% persons living in urban areas with disability i.e. at least a lot of functional difficulty)"
"fdis_any_dfcl_1529","Persons aged 15 to 29 years in food insecure households (% persons aged 15 to 29 years with any degree of functional difficulty)"
"fdis_any_dfcl_3044","Persons aged 30 to 44 years in food insecure households (% persons aged 30 to 44 years with any degree of functional difficulty)"
"fdis_any_dfcl_4564","Persons aged 45 to 64 years in food insecure households (% persons aged 45 to 64 years with any degree of functional difficulty)"
"fdis_any_dfcl_65up","Persons aged 65 or older in food insecure households (% persons aged 65 or older with any degree of functional difficulty)"
"fdis_any_dfcl_all","Persons in food insecure households (% persons with any degree of functional difficulty)"
"fdis_any_dfcl_cogn_all","Persons in food insecure households (% persons with  any degree of cognitive difficulty)"
"fdis_any_dfcl_comm_all","Persons in food insecure households (% persons with any degree of communication difficulty)"
"fdis_any_dfcl_fem","Female persons in food insecure households (% female persons with any degree of functional difficulty)"
"fdis_any_dfcl_hearing_all","Persons in food insecure households (% persons with any degree of hearing difficulty)"
"fdis_any_dfcl_male","Male persons in food insecure households (% male persons with any degree of functional difficulty)"
"fdis_any_dfcl_mobile_all","Persons in food insecure households (% persons with any degree of mobility difficulty)"
"fdis_any_dfcl_rur","Persons living in rural areas in food insecure households (% persons living in rural areas with any degree of functional difficulty)"
"fdis_any_dfcl_seeing_all","Persons in food insecure households (% persons with any degree of seeing difficulty)"
"fdis_any_dfcl_selfcare_all","Persons in food insecure households (% persons with any degree of selfcare difficulty)"
"fdis_any_dfcl_urb","Persons living in urban areas in food insecure households (% persons living in urban areas with any degree of functional difficulty)"
"fdis_none_dfcl_1529","Persons aged 15 to 29 years in food insecure households (% persons aged 15 to 29 years with no functional difficulty)"
"fdis_none_dfcl_3044","Persons aged 30 to 44 years in food insecure households (% persons aged 30 to 44 years with no functional difficulty)"
"fdis_none_dfcl_4564","Persons aged 45 to 64 years in food insecure households (% persons aged 45 to 64 years with no functional difficulty)"
"fdis_none_dfcl_65up","Persons aged 65 or older in food insecure households (% persons aged 65 or older with no functional difficulty)"
"fdis_none_dfcl_all","Persons in food insecure households (% persons with no functional difficulty)"
"fdis_none_dfcl_fem","Female persons in food insecure households (% female persons with no functional difficulty)"
"fdis_none_dfcl_male","Male persons in food insecure households (% male persons with no functional difficulty)"
"fdis_none_dfcl_rur","Persons living in rural areas in food insecure households (% persons living in rural areas with no functional difficulty)"
"fdis_none_dfcl_urb","Persons living in urban areas in food insecure households (% persons living in urban areas with no functional difficulty)"
"fdis_nosome_dfcl_1529","Persons aged 15 to 29 years in food insecure households (% persons aged 15 to 29 years with none or some degree of functional difficulty)"
"fdis_nosome_dfcl_3044","Persons aged 30 to 44 years in food insecure households (% persons aged 30 to 44 years with none or some degree of functional difficulty)"
"fdis_nosome_dfcl_4564","Persons aged 45 to 64 years in food insecure households (% persons aged 45 to 64 years with none or some degree of functional difficulty)"
"fdis_nosome_dfcl_65up","Persons aged 65 or older in food insecure households (% persons aged 65 or older with none or some degree of functional difficulty)"
"fdis_nosome_dfcl_all","Persons in food insecure households (% persons with none or some degree of functional difficulty)"
"fdis_nosome_dfcl_fem","Female persons in food insecure households (% female persons with none or some degree of functional difficulty)"
"fdis_nosome_dfcl_male","Male persons in food insecure households (% male persons with none or some degree of functional difficulty)"
"fdis_nosome_dfcl_rur","Persons living in rural areas in food insecure households (% persons living in rural areas with none or some degree of functional difficulty)"
"fdis_nosome_dfcl_urb","Persons living in urban areas in food insecure households (% persons living in urban areas with none or some degree of functional difficulty)"
"fdis_some_dfcl_1529","Persons aged 15 to 29 years in food insecure households (% persons aged 15 to 29 years with some degree of functional difficulty)"
"fdis_some_dfcl_3044","Persons aged 30 to 44 years in food insecure households (% persons aged 30 to 44 years with some degree of functional difficulty)"
"fdis_some_dfcl_4564","Persons aged 45 to 64 years in food insecure households (% persons aged 45 to 64 years with some degree of functional difficulty)"
"fdis_some_dfcl_65up","Persons aged 65 or older in food insecure households (% persons aged 65 or older with some degree of functional difficulty)"
"fdis_some_dfcl_all","Persons in food insecure households (% persons with some degree of functional difficulty)"
"fdis_some_dfcl_fem","Female persons in food insecure households (% female persons with some degree of functional difficulty)"
"fdis_some_dfcl_male","Male persons in food insecure households (% male persons with some degree of functional difficulty)"
"fdis_some_dfcl_rur","Persons living in rural areas in food insecure households (% persons living in rural areas with some degree of functional difficulty)"
"fdis_some_dfcl_urb","Persons living in urban areas in food insecure households (% persons living in urban areas with some degree of functional difficulty)"
"FI.RES.TOTL.CD","Total reserves (includes gold, current US$)"
"FI.RES.TOTL.CD.WB","Total reserves including gold valued at London gold price (current US$)"
"FI.RES.TOTL.CD.ZS","Total reserves includes gold (% of GDP)"
"FI.RES.TOTL.DT.ZS","Total reserves (% of total external debt)"
"FI.RES.TOTL.MO","Total reserves in months of imports"
"FI.RES.TOTL.MO.WB","Total reserves in months of imports of goods and services"
"FI.RES.XGLD.CD","Total reserves minus gold (current US$)"
"fin22f","Purchased food on credit  (% age 15+)"
"fin22f.1","Purchased food on credit, women (% age 15+)"
"fin22f.10","Purchased food on credit, urban (% age 15+)"
"fin22f.11","Purchased food on credit, out of laborforce (% age 15+)"
"fin22f.12","Purchased food on credit, in laborforce (% age 15+)"
"fin22f.2","Purchased food on credit, men (% age 15+)"
"fin22f.3","Purchased food on credit, young (% ages 15-24)"
"fin22f.4","Purchased food on credit, older (% age 25+)"
"fin22f.5","Purchased food on credit, primary education or less (% age 15+)"
"fin22f.6","Purchased food on credit, secondary education or more (% age 15+)"
"fin22f.7","Purchased food on credit, poorest 40% (% age 15+)"
"fin22f.8","Purchased food on credit, richest 60% (% age 15+)"
"fin22f.9","Purchased food on credit, rural (% age 15+)"
"fin22h","Paid off all credit card balances in full by their due date  (% age 15+)"
"fin22h.1","Paid off all credit card balances in full by their due date, women (% age 15+)"
"fin22h.10","Paid off all credit card balances in full by their due date, urban (% age 15+)"
"fin22h.11","Paid off all credit card balances in full by their due date, out of laborforce (% age 15+)"
"fin22h.12","Paid off all credit card balances in full by their due date, in laborforce (% age 15+)"
"fin22h.2","Paid off all credit card balances in full by their due date, men (% age 15+)"
"fin22h.3","Paid off all credit card balances in full by their due date, young (% ages 15-24)"
"fin22h.4","Paid off all credit card balances in full by their due date, older (% age 25+)"
"fin22h.5","Paid off all credit card balances in full by their due date, primary education or less (% age 15+)"
"fin22h.6","Paid off all credit card balances in full by their due date, secondary education or more (% age 15+)"
"fin22h.7","Paid off all credit card balances in full by their due date, poorest 40% (% age 15+)"
"fin22h.8","Paid off all credit card balances in full by their due date, richest 60% (% age 15+)"
"fin22h.9","Paid off all credit card balances in full by their due date, rural (% age 15+)"
"fin22h.s","Paid off all credit card balances in full by their due date (% who used a credit card, age 15+)"
"fin25e1","Used mobile phone or card to pay for household food or cleaning supplies  (% age 15+)"
"fin25e1.1","Used mobile phone or card to pay for household food or cleaning supplies, women (% age 15+)"
"fin25e1.10","Used mobile phone or card to pay for household food or cleaning supplies, urban (% age 15+)"
"fin25e1.11","Used mobile phone or card to pay for household food or cleaning supplies, out of laborforce (% age 15+)"
"fin25e1.12","Used mobile phone or card to pay for household food or cleaning supplies, in laborforce (% age 15+)"
"fin25e1.2","Used mobile phone or card to pay for household food or cleaning supplies, men (% age 15+)"
"fin25e1.3","Used mobile phone or card to pay for household food or cleaning supplies, young (% ages 15-24)"
"fin25e1.4","Used mobile phone or card to pay for household food or cleaning supplies, older (% age 25+)"
"fin25e1.5","Used mobile phone or card to pay for household food or cleaning supplies, primary education or less (% age 15+)"
"fin25e1.6","Used mobile phone or card to pay for household food or cleaning supplies, secondary education or more (% age 15+)"
"fin25e1.7","Used mobile phone or card to pay for household food or cleaning supplies, poorest 40% (% age 15+)"
"fin25e1.8","Used mobile phone or card to pay for household food or cleaning supplies, richest 60% (% age 15+)"
"fin25e1.9","Used mobile phone or card to pay for household food or cleaning supplies, rural (% age 15+)"
"fin6_a","Used a mobile phone or the internet to check account balance in the past year (% age 15+)"
"fin6_a_1","Used a mobile phone or the internet to check account balance in the past year, female  (% age 15+)"
"fin6_a_2","Used a mobile phone or the internet to check account balance in the past year, male (% age 15+)"""
"fin6_a_3","Used a mobile phone or the internet to check account balance in the past year, income, poorest 40% (% age 15+)"
"fin6_a_4","Used a mobile phone or the internet to check account balance in the past year, income, richest 60% (% age 15+)"
"fin6_a_5","Used a mobile phone or the internet to check account balance in the past year (% ages 15-34)"
"fin6_a_6","Used a mobile phone or the internet to check account balance in the past year (% ages 35-59)"
"fin6_a_7","Used a mobile phone or the internet to check account balance in the past year (% age 60+)"
"fin9a.1","Received information about account balance from bank through email, SMS, or text message on mobile in the past 12 months, women (% age 15+)"
"fin9a.10","Received information about account balance from bank through email, SMS, or text message on mobile in the past 12 months, urban (% age 15+)"
"fin9a.11","Received information about account balance from bank through email, SMS, or text message on mobile in the past 12 months, out of laborforce (% age 15+)"
"fin9a.12","Received information about account balance from bank through email, SMS, or text message on mobile in the past 12 months, in laborforce (% age 15+)"
"fin9a.2","Received information about account balance from bank through email, SMS, or text message on mobile in the past 12 months, men (% age 15+)"
"fin9a.3","Received information about account balance from bank through email, SMS, or text message on mobile in the past 12 months, young (% ages 15-24)"
"fin9a.4","Received information about account balance from bank through email, SMS, or text message on mobile in the past 12 months, older (% age 25+)"
"fin9a.5","Received information about account balance from bank through email, SMS, or text message on mobile in the past 12 months, primary education or less (% age 15+)"
"fin9a.6","Received information about account balance from bank through email, SMS, or text message on mobile in the past 12 months, secondary education or more (% age 15+)"
"fin9a.7","Received information about account balance from bank through email, SMS, or text message on mobile in the past 12 months, poorest 40% (% age 15+)"
"fin9a.8","Received information about account balance from bank through email, SMS, or text message on mobile in the past 12 months, richest 60% (% age 15+)"
"fin9a.9","Received information about account balance from bank through email, SMS, or text message on mobile in the past 12 months, rural (% age 15+)"
"fin9b","Used a mobile phone or the internet to check account balance (% age 15+)"
"fin9b.1","Used a mobile phone or the internet to check account balance, women (% age 15+)"
"fin9b.10","Used a mobile phone or the internet to check account balance, urban (% age 15+)"
"fin9b.11","Used a mobile phone or the internet to check account balance, out of laborforce (% age 15+)"
"fin9b.12","Used a mobile phone or the internet to check account balance, in laborforce (% age 15+)"
"fin9b.2","Used a mobile phone or the internet to check account balance, men (% age 15+)"
"fin9b.3","Used a mobile phone or the internet to check account balance, young (% ages 15-24)"
"fin9b.4","Used a mobile phone or the internet to check account balance, older (% age 25+)"
"fin9b.5","Used a mobile phone or the internet to check account balance, primary education or less (% age 15+)"
"fin9b.6","Used a mobile phone or the internet to check account balance, secondary education or more (% age 15+)"
"fin9b.7","Used a mobile phone or the internet to check account balance, poorest 40% (% age 15+)"
"fin9b.8","Used a mobile phone or the internet to check account balance, richest 60% (% age 15+)"
"fin9b.9","Used a mobile phone or the internet to check account balance, rural (% age 15+)"
"fin9b.s","Used a mobile phone or the internet to check account balance(% with a bank or similar financial institution account, age 15+)"
"FM.AST.GOVT.CN.ZS","Claims on governments and other public entities (% of GDP)"
"FM.AST.PRVT.GD.ZS","Monetary Sector credit to private sector (% GDP)"
"FM.LBL.BMNY.GD.ZS","Broad money (% of GDP)"
"FM.LBL.BMNY.IR.ZS","Broad money to total reserves ratio"
"FM.LBL.MQMY.GD.ZS","Money and quasi money (M2) as % of GDP"
"FM.LBL.MQMY.GDP.ZS","Money and quasi money (M2) as % of GDP"
"FM.LBL.MQMY.IR.ZS","Money and quasi money (M2) to total reserves ratio"
"FM.LBL.MQMY.XD","Income velocity of money (GDP/M2)"
"FM.LBL.QMNY.GDP.ZS","Quasi-liquid liabilities (% of GDP)"
"FM.LBL.SEIG.GDP.ZS","Seignorage (% of GDP)"
"FP.CPI.TOTL","Consumer price index (2010 = 100)"
"FP.CPI.TOTL.ZG","Inflation, consumer prices (annual %)"
"FP.FPI.TOTL","Food price index (2000 = 100)"
"FP.FPI.TOTL.ZG","Inflation, food prices (annual %)"
"FP.WPI.TOTL.ZG","Inflation, wholesale prices (annual %)"
"FS.AST.CGOV.GD.ZS","Claims on central government, etc. (% GDP)"
"FS.AST.DOMO.GD.ZS","Claims on other sectors of the domestic economy (% of GDP)"
"FS.AST.DOMS.GD.ZS","Domestic credit provided by financial sector (% of GDP)"
"FS.AST.DTOT.ZS","Domestic credit provided by banking sector (% of GDP)"
"FS.AST.PRVT.GD.ZS","Domestic credit to private sector (% of GDP)"
"FS.AST.PRVT.GDP.ZS","Credit to private sector (% of GDP)"
"FS.LBL.LIQU.GD.ZS","Liquid liabilities (M3) as % of GDP"
"FS.LBL.LIQU.GDP.ZS","Liquid liabilities (M3) as % of GDP"
"FS.LBL.QLIQ.GD.ZS","Quasi-liquid liabilities (% of GDP)"
"GB.BAL.CIGR.CN","Current budget balance, including grants (current LCU)"
"GB.BAL.OVRL.CN","Overall budget balance, including grants (current LCU)"
"GB.BAL.OVRL.GD.ZS","Overall budget balance, including grants (% of GDP)"
"GB.BAL.OVRL.GDP.ZS","Overall budget deficit, including grants (% of GDP)"
"GB.BAL.XINT.CN","Primary balance, excluding interest (current LCU)"
"GB.DOD.TOTL.GD.ZS","Central government debt, total (% of GDP)"
"GB.DOD.TOTL.GDP.ZS","Central government debt, total (% of GDP)"
"GB.FIN.ABRD.GD.ZS","Financing from abroad (% of GDP)"
"GB.FIN.ABRD.GDP.ZS","Financing from abroad (% of GDP)"
"GB.FIN.DOMS.GD.ZS","Domestic financing, total (% of GDP)"
"GB.FIN.DOMS.GDP.ZS","Domestic finanacing (% of GDP)"
"GB.NTX.CIGR.CN","Nontax receipts (current LCU)"
"GB.NTX.TOTL.RV.ZS","Nontax revenue (% of current revenue)"
"GB.NTX.TOTL.ZS","Nontax revenue (% of current revenue)"
"GB.REV.CTOT.GD.ZS","Current revenue, excluding grants (% of GDP)"
"GB.REV.TOTL.GDP.ZS","Current revenue (% of GDP)"
"GB.REV.XAGT.CN.ZS","Central government revenues, excluding all grants (% of GDP)"
"GB.RVC.TOTL.GD.ZS","Current revenue, excluding grants (% of GDP)"
"GB.SOE.DECT.ZS","SOE external debt (% of GDP)"
"GB.SOE.ECON.GD.ZS","State-owned enterprises, economic activity (% of GDP)"
"GB.SOE.ECON.GDP.ZS","SOE economic activity (% of GDP)"
"GB.SOE.NFLW.GD.ZS","State-owned enterprises, net financial flows from government (% of GDP)"
"GB.SOE.NFLW.GDP.ZS","SOE net financial flows from government (% of GDP)"
"GB.SOE.OVRL.GD.ZS","State-owned enterprises, overall balance before transfers (% of GDP)"
"GB.SOE.OVRL.GDP.ZS","SOE overall balance before transfers (% of total)"
"GB.TAX.CMAR.ZS","Highest marginal tax rate, corporate rate (%)"
"GB.TAX.DRCT.CN","Direct taxes (current LCU)"
"GB.TAX.EXPT.ZS","Export duties (% of tax revenue)"
"GB.TAX.GSRV.CN","Taxes on goods and services, GB (current LCU)"
"GB.TAX.GSRV.NAGR.ZS","Taxes on goods and services (% value added of industry and srv.)"
"GB.TAX.GSRV.RV.ZS","Taxes on goods and services (% of current revenue)"
"GB.TAX.GSRV.VA.ZS","Taxes on goods and services (% value added of industry and services)"
"GB.TAX.GSRV.ZS","Taxes on goods and services (% of current revenue)"
"GB.TAX.IDRT.CN","Indirect taxes less subsidies (current LCU)"
"GB.TAX.IMAR.CD","Highest marginal tax rate, individual (on income exceeding, US$)"
"GB.TAX.IMAR.ZS","Highest marginal tax rate, individual rate (%)"
"GB.TAX.IMPT.ZS","Import duties (% of tax revenue)"
"GB.TAX.INCM.ZS","Income, profit, and capital gains taxes (% of current revenue)"
"GB.TAX.INTT.CN","Taxes on international trade, GB (current LCU)"
"GB.TAX.INTT.RV.ZS","Taxes on international trade (% of current revenue)"
"GB.TAX.INTT.ZS","Taxes on international trade (% of current revenue)"
"GB.TAX.OTHR.RV.ZS","Other taxes (% of current revenue)"
"GB.TAX.OTHR.ZS","Other taxes (% of current revenue)"
"GB.TAX.SSEC.RV.ZS","Social security taxes (% of current revenue)"
"GB.TAX.SSEC.ZS","Social security taxes (% of current revenue)"
"GB.TAX.TOTL.CN","Tax revenue (current LCU)"
"GB.TAX.TOTL.GD.ZS","Tax revenue (% of GDP)"
"GB.TAX.TOTL.GDP.ZS","Tax revenue (% of GDP)"
"GB.TAX.YPKG.RV.ZS","Taxes on income, profits and capital gains (% of current revenue)"
"GB.TAX.YPKG.ZS","Taxes on income, profits and capital gains (% of total taxes)"
"GB.XPD.DEFN.GDP.ZS","Defense expenditure (% of GDP)"
"GB.XPD.RSDV.GD.ZS","Research and development expenditure (% of GDP)"
"GB.XPD.TOTL.GD.ZS","Expenditure, total (% of GDP)"
"GB.XPD.TOTL.GDP.ZS","Total expenditure (% of GDP)"
"GC.AST.TOTL.GD.ZS","Net acquisition of financial assets (% of GDP)"
"GC.BAL.CASH.CD","Fiscal balance, cash surplus/deficit (current US$)"
"GC.BAL.CASH.CN","Cash surplus/deficit (current LCU)"
"GC.BAL.CASH.GD.ZS","Cash surplus/deficit (% of GDP)"
"GC.BAL.CIGR.CN","Government Current Budget Balance (local)"
"GC.BAL.CURI.CN","Gov. Current Budget Balance (+C&K Grants)(Local)"
"GC.BAL.OVRL.CN","Government Deficit (-) or Surplus (local)"
"GC.DOD.TOTL.GD.ZS","Central government debt, total (% of GDP)"
"GC.FIN.DOMS.GD.ZS","Net incurrence of liabilities, domestic (% of GDP)"
"GC.FIN.FRGN.GD.ZS","Net incurrence of liabilities, foreign (% of GDP)"
"GC.LBL.TOTL.GD.ZS","Net incurrence of liabilities, total (% of GDP)"
"GC.NFN.TOTL.GD.ZS","Net investment in nonfinancial assets (% of GDP)"
"GC.NLD.TOTL.GD.ZS","Net lending (+) / net borrowing (-) (% of GDP)"
"GC.REV.XGRT.GD.ZS","Revenue, excluding grants (% of GDP)"
"GC.TAX.EXPT.CN","Taxes on exports (current LCU)"
"GC.TAX.EXPT.ZS","Taxes on exports (% of tax revenue)"
"GC.TAX.GSRV.CN","Taxes on goods and services (current LCU)"
"GC.TAX.GSRV.RV.ZS","Taxes on goods and services (% of revenue)"
"GC.TAX.GSRV.VA.ZS","Taxes on goods and services (% value added of industry and services)"
"GC.TAX.IMPT.CN","Customs and other import duties (current LCU)"
"GC.TAX.IMPT.ZS","Customs and other import duties (% of tax revenue)"
"GC.TAX.INTT.CN","Taxes on international trade (current LCU)"
"GC.TAX.INTT.RV.ZS","Taxes on international trade (% of revenue)"
"GC.TAX.OTHR.CN","Other taxes (current LCU)"
"GC.TAX.OTHR.RV.ZS","Other taxes (% of revenue)"
"GC.TAX.TOTL.CN","Tax revenue (current LCU)"
"GC.TAX.TOTL.GD.ZS","Tax revenue (% of GDP)"
"GC.TAX.YPKG.CN","Taxes on income, profits and capital gains (current LCU)"
"GC.TAX.YPKG.RV.ZS","Taxes on income, profits and capital gains (% of revenue)"
"GC.TAX.YPKG.ZS","Taxes on income, profits and capital gains (% of total taxes)"
"GC.XPN.COMP.CN","Compensation of employees (current LCU)"
"GC.XPN.COMP.ZS","Compensation of employees (% of expense)"
"GC.XPN.GSRV.CN","Goods and services expense (current LCU)"
"GC.XPN.GSRV.ZS","Goods and services expense (% of expense)"
"GC.XPN.INTP.CN","Interest payments (current LCU)"
"GC.XPN.INTP.RV.ZS","Interest payments (% of revenue)"
"GC.XPN.INTP.ZS","Interest payments (% of expense)"
"GC.XPN.OTHR.CN","Other expense (current LCU)"
"GC.XPN.OTHR.ZS","Other expense (% of expense)"
"GC.XPN.TOTL.CD","Expense (current US$)"
"GC.XPN.TOTL.CN","Expense (current LCU)"
"GC.XPN.TOTL.GD.ZS","Expense (% of GDP)"
"GC.XPN.TRFT.CN","Subsidies and other transfers (current LCU)"
"GC.XPN.TRFT.ZS","Subsidies and other transfers (% of expense)"
"GF.XPD.BUDG.ZS","Primary government expenditures as a proportion of original approved budget (%)"
"GFDD.DI.01","Private credit by deposit money banks to GDP (%)"
"GFDD.DI.02","Deposit money banks'' assets to GDP (%)"
"GFDD.DI.03","Nonbank financial institutions? assets to GDP (%)"
"GFDD.DI.05","Liquid liabilities to GDP (%)"
"GFDD.DI.06","Central bank assets to GDP (%)"
"GFDD.DI.07","Mutual fund assets to GDP (%)"
"GFDD.DI.08","Financial system deposits to GDP (%)"
"GFDD.DI.09","Life insurance premium volume to GDP (%)"
"GFDD.DI.10","Non-life insurance premium volume to GDP (%)"
"GFDD.DI.11","Insurance company assets to GDP (%)"
"GFDD.DI.12","Private credit by deposit money banks and other financial institutions to GDP (%)"
"GFDD.DI.13","Pension fund assets to GDP (%)"
"GFDD.DI.14","Domestic credit to private sector (% of GDP)"
"GFDD.DM.01","Stock market capitalization to GDP (%)"
"GFDD.DM.02","Stock market total value traded to GDP (%)"
"GFDD.DM.03","Outstanding domestic private debt securities to GDP (%)"
"GFDD.DM.04","Outstanding domestic public debt securities to GDP (%)"
"GFDD.DM.05","Outstanding international private debt securities to GDP (%)"
"GFDD.DM.06","Outstanding international public debt securities to GDP (%)"
"GFDD.DM.07","International debt issues to GDP (%)"
"GFDD.DM.08","Gross portfolio equity liabilities to GDP (%)"
"GFDD.DM.09","Gross portfolio equity assets to GDP (%)"
"GFDD.DM.10","Gross portfolio debt liabilities to GDP (%)"
"GFDD.DM.11","Gross portfolio debt assets to GDP (%)"
"GFDD.DM.12","Syndicated loan issuance volume to GDP (%)"
"GFDD.DM.13","Corporate bond issuance volume to GDP (%)"
"GFDD.DM.16","Credit flows by fintech and bigtech companies to GDP (%)"
"GFDD.EI.05","Bank return on assets (%, after tax)"
"GFDD.EI.06","Bank return on equity (%, after tax)"
"GFDD.EI.08","Credit to government and state-owned enterprises to GDP (%)"
"GFDD.EI.09","Bank return on assets (%, before tax)"
"GFDD.EI.10","Bank return on equity (%, before tax)"
"GFDD.OI.02","Bank deposits to GDP (%)"
"GFDD.OI.08","Loans from nonresident banks (net) to GDP (%)"
"GFDD.OI.09","Loans from nonresident banks (amounts outstanding) to GDP (%)"
"GFDD.OI.13","Remittance inflows to GDP (%)"
"GFDD.OI.14","Consolidated foreign claims of BIS reporting banks to GDP (%)"
"GFDD.OI.17","Global leasing volume to GDP (%)"
"GFDD.OI.18","Total factoring volume to GDP (%)"
"IC.BRE.TX.OS","B-READY: Taxation: Overall Score"
"IC.BRE.TX.P1","B-READY: Taxation Pillar 1: Quality of Regulations on Taxation"
"IC.BRE.TX.P2","B-READY: Taxation Pillar 2: Public Services Provided by the Tax Administration"
"IC.BRE.TX.P3","B-READY: Taxation Pillar 3: Operational Efficiency of Tax Systems in Practice"
"IC.CNS.TAXAD.ZS","Tax administration (% of managers surveyed ranking this as a major constraint)"
"IC.CNS.TAXR.ZS","Tax rates (% of managers surveyed ranking this as a major constraint)"
"IC.DMKT.BRK.ZS","Products shipped to supply domestic markets lost due to breakage or spoilage (%)"
"IC.ELC.ACS.COST","Getting electricity: Cost to get electricity (% of income per capita)"
"IC.ELC.ACS.COST.DFRN","Getting electricity: Cost to get electricity (% of income per capita) - Score"
"IC.ELEC.COST.PC.ZS","Cost to get electricity connection (% of income per capita)"
"IC.FRM.CORR.CORR1","Percent of firms expected to give gifts in meetings with tax officials"
"IC.FRM.COST.PC.ZS","Dealing with construction permits, cost (% of income per capita)"
"IC.FRM.INFM.ZS","Firms that do not report all sales for tax purposes (% of firms)"
"IC.FRM.INFRA.IN14","Proportion of products lost to breakage or spoilage during shipping to domestic markets (%)"
"IC.FRM.METG.ZS","Firms visited or required meetings with tax officials (% of firms)"
"IC.FRM.OBS.OBST13","Percent of firms choosing tax administration as their biggest obstacle"
"IC.FRM.OBS.OBST14","Percent of firms choosing tax rates as their biggest obstacle"
"IC.FRM.REG.REG2_C","If there were visits, average number of visits or required meetings with tax officials"
"IC.FRM.REG.REG4","Percent of firms identifying tax rates as a major constraint"
"IC.FRM.REG.REG5","Percent of firms identifying tax administration as a major constraint"
"IC.FRM.REG.REG6","Percent of firms visited or required to meet with tax officials"
"IC.FRM.TAXAD.ZS","Tax Administration (% of firms identifying this as major constraint)"
"IC.FRM.TAXE.ZS","Firms filling taxes electronically (% of firms)"
"IC.FRM.TAXR.ZS","Tax rates (% of firms identifying this as major constraint)"
"IC.REG.CAP.PC.ZS","Minimum capital for starting a business  (% of income per capita)"
"IC.REG.COST.PC.FE.ZS","Cost of business start-up procedures, female (% of GNI per capita)"
"IC.REG.COST.PC.FE.ZS.DRFN","Starting a business: Cost - Women (% of income per capita) - Score"
"IC.REG.COST.PC.MA.ZS","Cost of business start-up procedures, male (% of GNI per capita)"
"IC.REG.COST.PC.MA.ZS.DFRN","Starting a business: Cost - Men (% of income per capita) - Score"
"IC.REG.COST.PC.ZS","Cost of business start-up procedures (% of GNI per capita)"
"IC.REG.DFRN.PC.DFRN","Starting a business: Paid-in Minimum capital (% of income per capita) - Score"
"IC.REG.MIN.CAP","Starting a business: Minimum capital (% of income per capita)"
"IC.TAX.DURS","Time to prepare and pay taxes (hours)"
"IC.TAX.GIFT.ZS","Firms expected to give gifts in meetings with tax officials (% of firms)"
"IC.TAX.LABR.CP.ZS","Labor tax and contributions (% of commercial profits)"
"IC.TAX.LBR.ZS","Paying taxes, labor tax and contributions (%)"
"IC.TAX.METG","Number of visits or required meetings with tax officials (average for affected firms)"
"IC.TAX.OTH.ZS","Paying taxes, other taxes (%)"
"IC.TAX.OTHR.CP.ZS","Other taxes payable by businesses (% of commercial profits)"
"IC.TAX.PAYM","Tax payments (number)"
"IC.TAX.PFT.ZS","Paying taxes, profit tax (%)"
"IC.TAX.PRFT.CP.ZS","Profit tax (% of commercial profits)"
"IC.TAX.TOTL.CP.ZS","Total tax rate (% of commercial profits)"
"IC.TAX.TOTL.GP.ZS","Total tax payable by businesses (% of gross profit)"
"IC.TAX.XQ","Paying taxes (rank)"
"IE.ICT.TOTL.GD.ZS","Information and communication technology expenditure (% of GDP)"
"IMPCOV","Foreign Reserves, Months Import Cover, Goods"
"IN.AGR.YLD.ALL","Yield - All Foodgrains (Kgs/Hectare)"
"IQ.CPA.FISP.XQ","CPIA fiscal policy rating (1=low to 6=high)"
"IS.ROD.DESL.KT","Road sector diesel fuel consumption (kt of oil equivalent)"
"IS.ROD.DESL.PC","Road sector diesel fuel consumption per capita (kg of oil equivalent)"
"IS.ROD.ENGY.KT","Road sector energy consumption (kt of oil equivalent)"
"IS.ROD.ENGY.PC","Road sector energy consumption per capita (kg of oil equivalent)"
"IS.ROD.SGAS.KT","Road sector gasoline fuel consumption (kt of oil equivalent)"
"IS.ROD.SGAS.PC","Road sector gasoline fuel consumption per capita (kg of oil equivalent)"
"IS.RRS.GOOD.KM.PP.ZS","Railways, goods transported (ton-km per PPP $ million of GDP)"
"IS.RRS.PASG.K2.PP.ZS","Railways, passenger-km (per PPP $ million of GDP)"
"IT.NET.USEC.ZS","Internet total monthly price (% of monthly GNI per capita)"
"IT.TEL.REVN.GD.ZS","Telecommunications revenue (% GDP)"
"MS.MIL.XPND.GD.ZS","Military expenditure (% of GDP)"
"MS.MIL.XPND.ZS","Military expenditure (% of general government expenditure)"
"NA.GDP.ACC.FB.SNA08.CR","GDP on Accommodation & Food Beverages Activity Sector (in IDR Million), SNA 2008, Current Price"
"NA.GDP.ACC.FB.SNA08.KR","GDP on Accommodation & Food Beverages Activity Sector (in IDR Million), SNA 2008, Constant Price"
"NA.GDP.AGR.CR","GDP on Agriculture Sector (in IDR Million), Current Price"
"NA.GDP.AGR.KR","GDP on Agriculture Sector (in IDR Million), Constant Price"
"NA.GDP.AGR.SNA08.CR","GDP on Agriculture, Forestry & Fisheries Sector (in IDR Million), SNA 2008, Current Price"
"NA.GDP.AGR.SNA08.KR","GDP on Agriculture, Forestry & Fisheries Sector (in IDR Million), SNA 2008, Constant Price"
"NA.GDP.BUSS.SNA08.CR","GDP on Business Services Sector (in IDR Million), SNA 2008, Current Price"
"NA.GDP.BUSS.SNA08.KR","GDP on Business Services Sector (in IDR Million), SNA 2008, Constant Price"
"NA.GDP.CNST.CR","GDP on Construction Sector (in IDR Million), Current Price"
"NA.GDP.CNST.KR","GDP on Construction Sector (in IDR Million), Constant Price"
"NA.GDP.CNST.SNA08.CR","GDP on Construction Sector (in IDR Million), SNA 2008, Current Price"
"NA.GDP.CNST.SNA08.KR","GDP on Construction Sector (in IDR Million), SNA 2008, Constant Price"
"NA.GDP.EDUS.SNA08.CR","GDP on Education Services Sector (in IDR Million), SNA 2008, Current Price"
"NA.GDP.EDUS.SNA08.KR","GDP on Education Services Sector (in IDR Million), SNA 2008, Constant Price"
"NA.GDP.ELEC.GAS.SNA08.CR","GDP on Electricity & Gas Supply Sector (in IDR Million), SNA 2008, Current Price"
"NA.GDP.ELEC.GAS.SNA08.KR","GDP on Electricity & Gas Supply Sector (in IDR Million), SNA 2008, Constant Price"
"NA.GDP.EXC.OG.CR","Total GDP excluding Oil and Gas (in IDR Million), Current Price"
"NA.GDP.EXC.OG.KR","Total GDP excluding Oil and Gas (in IDR Million), Constant Price"
"NA.GDP.FINS.CR","GDP on Financial Service Sector (in IDR Million), Current Price"
"NA.GDP.FINS.KR","GDP on Financial Service Sector (in IDR Million), Constant Price"
"NA.GDP.FINS.SNA08.CR","GDP on Financial & Insurance Activity Sector (in IDR Million), SNA 2008, Current Price"
"NA.GDP.FINS.SNA08.KR","GDP on Financial & Insurance Activity Sector (in IDR Million), SNA 2008, Constant Price"
"NA.GDP.HLTH.SOCW.SNA08.CR","GDP on Human Health & Social Work Activity Sector (in IDR Million), SNA 2008, Current Price"
"NA.GDP.HLTH.SOCW.SNA08.KR","GDP on Human Health & Social Work Activity Sector (in IDR Million), SNA 2008, Constant Price"
"NA.GDP.INC.OG.CR","Total GDP including Oil and Gas (in IDR Million), Current Price"
"NA.GDP.INC.OG.KR","Total GDP including Oil and Gas (in IDR Million), Constant Price"
"NA.GDP.INC.OG.SNA08.CR","Total GDP including Oil and Gas (in IDR Million), SNA 2008, Current Price"
"NA.GDP.INC.OG.SNA08.KR","Total GDP including Oil and Gas (in IDR Million), SNA 2008, Constant Price"
"NA.GDP.INF.COMM.SNA08.CR","GDP on Information & Communication Sector (in IDR Million), SNA 2008, Current Price"
"NA.GDP.INF.COMM.SNA08.KR","GDP on Information & Communication Sector (in IDR Million), SNA 2008, Constant Price"
"NA.GDP.MINQ.CR","GDP on Mining and Quarrying Sector (in IDR Million), Current Price"
"NA.GDP.MINQ.KR","GDP on Mining and Quarrying Sector (in IDR Million), Constant Price"
"NA.GDP.MINQ.SNA08.CR","GDP on Mining & Quarrying Sector (in IDR Million), SNA 2008, Current Price"
"NA.GDP.MINQ.SNA08.KR","GDP on Mining & Quarrying Sector (in IDR Million), SNA 2008, Constant Price"
"NA.GDP.MNF.CR","GDP on Manufacturing Sector (in IDR Million), Current Price"
"NA.GDP.MNF.KR","GDP on Manufacturing Sector (in IDR Million), Constant Price"
"NA.GDP.MNF.SNA08.CR","GDP on Manufacturing Industry Sector (in IDR Million), SNA 2008, Current Price"
"NA.GDP.MNF.SNA08.KR","GDP on Manufacturing Industry Sector (in IDR Million), SNA 2008, Constant Price"
"NA.GDP.PADM.DEF.SNA08.CR","GDP on Public Administration, Defense & Compulsory Social Security Sector (in IDR Million), SNA 2008, Current Price"
"NA.GDP.PADM.DEF.SNA08.KR","GDP on Public Administration, Defense & Compulsory Social Security Sector (in IDR Million), SNA 2008, Constant Price"
"NA.GDP.REST.SNA08.CR","GDP on Real Estate Sector (in IDR Million), SNA 2008, Current Price"
"NA.GDP.REST.SNA08.KR","GDP on Real Estate Sector (in IDR Million), SNA 2008, Constant Price"
"NA.GDP.SRV.OTHR.CR","GDP on Other Service Sector (in IDR Million), Current Price"
"NA.GDP.SRV.OTHR.KR","GDP on Other Service Sector (in IDR Million), Constant Price"
"NA.GDP.SRV.OTHR.SNA08.CR","GDP on Other Services Sector (in IDR Million), SNA 2008, Current Price"
"NA.GDP.SRV.OTHR.SNA08.KR","GDP on Other Services Sector (in IDR Million), SNA 2008, Constant Price"
"NA.GDP.TRAN.COMM.CR","GDP on Transportation and Telecommunication Sector (in IDR Million), Current Price"
"NA.GDP.TRAN.COMM.KR","GDP on Transportation and Telecommunication Sector (in IDR Million), Constant Price"
"NA.GDP.TRAN.STOR.SNA08.CR","GDP on Transportation & Storage Sector (in IDR Million), SNA 2008, Current Price"
"NA.GDP.TRAN.STOR.SNA08.KR","GDP on Transportation & Storage Sector (in IDR Million), SNA 2008, Constant Price"
"NA.GDP.TRD.HTL.CR","GDP on Trade, Hotel and Restaurant Sector (in IDR Million), Current Price"
"NA.GDP.TRD.HTL.KR","GDP on Trade, Hotel and Restaurant Sector (in IDR Million), Constant Price"
"NA.GDP.TRD.SNA08.CR","GDP on Wholesales & Retail Trade, Repair of Motor Vehicles & Motorcycles Sector (in IDR Million), SNA 2008, Current Price"
"NA.GDP.TRD.SNA08.KR","GDP on Wholesales & Retail Trade, Repair of Motor Vehicles & Motorcycles Sector (in IDR Million), SNA 2008, Constant Price"
"NA.GDP.UTL.CR","GDP on Utilities Sector (in IDR Million), Current Price"
"NA.GDP.UTL.KR","GDP on Utilities Sector (in IDR Million), Constant Price"
"NA.GDP.WTR.WST.SNA08.CR","GDP on Water Supply, Sewerage, Waste & Recycling Management Sector (in IDR Million), SNA 2008, Current Price"
"NA.GDP.WTR.WST.SNA08.KR","GDP on Water Supply, Sewerage, Waste & Recycling Management Sector (in IDR Million), SNA 2008, Constant Price"
"NE.CON.GOVT.ZS","General government final consumption expenditure (% of GDP)"
"NE.CON.PETC.ZS","Household final consumption expenditure, etc. (% of GDP)"
"NE.CON.PRVT.ZS","Households and NPISHs final consumption expenditure (% of GDP)"
"NE.CON.TETC.ZS","Final consumption expenditure, etc. (% of GDP)"
"NE.CON.TOTL.ZG","Total consumption: contribution to growth of GDP (%)"
"NE.CON.TOTL.ZS","Final consumption expenditure (% of GDP)"
"NE.DAB.TOTL.ZS","Gross national expenditure (% of GDP)"
"NE.EXP.GNFS.ZS","Exports of goods and services (% of GDP)"
"NE.GDI.CON.GOVT.CR","GDP expenditure on general government consumption (in IDR Million)"
"NE.GDI.CON.GOVT.SNA08.CR","GDP expenditure on general government consumption (in IDR Million), SNA 2008, Current Price"
"NE.GDI.CON.NPI.CR","GDP expenditure on non profit private institution consumption (in IDR Million)"
"NE.GDI.CON.NPI.SNA08.CR","GDP expenditure on non profit private institution consumption (in IDR Million), SNA 2008, Current Price"
"NE.GDI.CON.PRVT.CR","GDP expenditure on private consumption (in IDR Million)"
"NE.GDI.CON.PRVT.SNA08.CR","GDP expenditure on private consumption (in IDR Million), SNA 2008, Current Price"
"NE.GDI.EXPT.CR","GDP expenditure on exports (in IDR Million)"
"NE.GDI.EXPT.SNA08.CR","GDP expenditure on exports (in IDR Million), SNA 2008, Current Price"
"NE.GDI.FPRV.ZS","Gross fixed capital formation, private sector (% of GDP)"
"NE.GDI.FPUB.ZS","Gross public investment (% of GDP)"
"NE.GDI.FTOT.CR","GDP expenditure on gross fixed capital formation (in IDR Million)"
"NE.GDI.FTOT.SNA08.CR","GDP expenditure on gross fixed capital formation (in IDR Million), SNA 2008, Current Price"
"NE.GDI.FTOT.ZS","Gross fixed capital formation (% of GDP)"
"NE.GDI.IMPT.CR","GDP expenditure on imports (in IDR Million)"
"NE.GDI.IMPT.SNA08.CR","GDP expenditure on imports (in IDR Million), SNA 2008, Current Price"
"NE.GDI.INEX.SNA08.CR","GDP expenditure on inter-region net exports (in IDR Million), SNA 2008, Current Price"
"NE.GDI.STKB.CR","GDP expenditure on changes in stock (in IDR Million)"
"NE.GDI.STKB.SNA08.CR","GDP expenditure on changes in stock (in IDR Million), SNA 2008, Current Price"
"NE.GDI.TOTL.CR","Total GDP based on expenditure (in IDR Million)"
"NE.GDI.TOTL.SNA08.CR","Total GDP based on expenditure (in IDR Million), SNA 2008, Current Price"
"NE.GDI.TOTL.ZG","Gross domestic investment: contr. to growth of GDP(%)"
"NE.GDI.TOTL.ZS","Gross capital formation (% of GDP)"
"NE.IMP.GNFS.ZS","Imports of goods and services (% of GDP)"
"NE.MRCH.GDP.ZS","Merchandise trade to GDP ratio (%)"
"NE.RSB.GNFS.CD","External balance on goods and services (current US$)"
"NE.RSB.GNFS.CN","External balance on goods and services (current LCU)"
"NE.RSB.GNFS.KD.87","Resource balance (constant 1987 US$)"
"NE.RSB.GNFS.KN","External balance on goods and services (constant LCU)"
"NE.RSB.GNFS.KN.87","Resource balance (constant 1987 LCU)"
"NE.RSB.GNFS.ZG","Resource balance: contribution to growth of GDP (%)"
"NE.RSB.GNFS.ZS","External balance on goods and services (% of GDP)"
"NE.RSB.TOTL.KN","Resource Balance (local) (Const. Price)"
"NE.TRD.GNFS.ZS","Trade (% of GDP)"
"NEER","Nominal Effecive Exchange Rate"
"NP.AGR.TOTL.ZG","Agriculture: contribution to growth of GDP (%)"
"NP.IND.TOTL.ZG","Industry: contribution to growth of GDP (%)"
"NP.SRV.TOTL.ZG","Services: contribution to growth of GDP (%)"
"NRRV.SHR.PETR.CR","Total Natural Resources Revenue Sharing from Oil (in IDR, realization value)"
"NV.AGR.PCAP.KD.ZG","Real agricultural GDP per capita growth rate (%)"
"NV.AGR.TOTL.ZG","Real agricultural GDP growth rates (%)"
"NV.AGR.TOTL.ZS","Agriculture, forestry, and fishing, value added (% of GDP)"
"NV.IND.MANF.ZS","Manufacturing, value added (% of GDP)"
"NV.IND.TOTL.ZG","Industry: contribution to growth of GDP (%)"
"NV.IND.TOTL.ZS","Industry (including construction), value added (% of GDP)"
"NV.MNF.FBTO.UN.ZS","Food, beverages, and tobacco (% of value added in mfg)"
"NV.MNF.FBTO.ZS.UN","Food, beverages and tobacco (% of value added in manufacturing)"
"NV.SRV.DISC.CD","Discrepancy in GDP, value added (current US$)"
"NV.SRV.DISC.CN","Discrepancy in GDP, value added (current LCU)"
"NV.SRV.DISC.KN","Discrepancy in GDP, value added (constant LCU)"
"NV.SRV.TETC.ZG","Services: contribution to growth of GDP (%)"
"NV.SRV.TETC.ZS","Services, etc., value added (% of GDP)"
"NV.SRV.TOTL.ZS","Services, value added (% of GDP)"
"NW.NCA.SAOI.PC","Nonrenewable natural capital per capita, oil (real chained 2019 US$)"
"NW.NCA.SAOI.PC.CD","Nonrenewable natural capital per capita, oil (current US$)"
"NW.NCA.SAOI.TO","Nonrenewable natural capital, oil (real chained 2019 US$)"
"NW.NCA.SAOI.TO.CD","Nonrenewable natural capital, oil (current US$)"
"NY.ADJ.NNTY.PC.CD","Adjusted net national income per capita (current US$)"
"NY.ADJ.NNTY.PC.KD","Adjusted net national income per capita (constant 2015 US$)"
"NY.ADJ.NNTY.PC.KD.ZG","Adjusted net national income per capita (annual % growth)"
"NY.AGR.SUBS.GD.ZS","Agricultural support estimate (% of GDP)"
"NY.GDP.COAL.RT.ZS","Coal rents (% of GDP)"
"NY.GDP.DEFL.87.ZG","Inflation, GDP deflator (annual %)"
"NY.GDP.DEFL.KD.ZG","Inflation, GDP deflator (annual %)"
"NY.GDP.DEFL.KD.ZG.AD","Inflation, GDP deflator: linked series (annual %)"
"NY.GDP.DEFL.ZS","GDP deflator (base year varies by country)"
"NY.GDP.DEFL.ZS.87","GDP deflator (1987 = 100)"
"NY.GDP.DEFL.ZS.AD","GDP deflator: linked series (base year varies by country)"
"NY.GDP.DISC.CD","Discrepancy in expenditure estimate of GDP (current US$)"
"NY.GDP.DISC.CN","Discrepancy in expenditure estimate of GDP (current LCU)"
"NY.GDP.DISC.KN","Discrepancy in expenditure estimate of GDP (constant LCU)"
"NY.GDP.FCST.CD","Gross value added at basic prices (GVA) (current US$)"
"NY.GDP.FCST.CN","Gross value added at basic prices (GVA) (current LCU)"
"NY.GDP.FCST.KD","Gross value added at basic prices (GVA) (constant 2015 US$)"
"NY.GDP.FCST.KD.87","GDP at factor cost (constant 1987 US$)"
"NY.GDP.FCST.KN","Gross value added at basic prices (GVA) (constant LCU)"
"NY.GDP.FCST.KN.87","GDP at factor cost (constant 1987 LCU)"
"NY.GDP.FRST.RT.ZS","Forest rents (% of GDP)"
"NY.GDP.MINR.RT.ZS","Mineral rents (% of GDP)"
"NY.GDP.MKTP.CD","GDP (current US$)"
"NY.GDP.MKTP.CD.XD","GDP deflator, index (2000=100; US$ series)"
"NY.GDP.MKTP.CN","GDP (current LCU)"
"NY.GDP.MKTP.CN.AD","GDP: linked series (current LCU)"
"NY.GDP.MKTP.CN.XD","GDP deflator, period average (LCU index 2000=100)"
"NY.GDP.MKTP.IN","GDP Deflator"
"NY.GDP.MKTP.KD","GDP (constant 2015 US$)"
"NY.GDP.MKTP.KD.87","GDP at market prices (constant 1987 US$)"
"NY.GDP.MKTP.KD.ZG","GDP growth (annual %)"
"NY.GDP.MKTP.KN","GDP (constant LCU)"
"NY.GDP.MKTP.KN.87","GDP at market prices (constant 1987 LCU)"
"NY.GDP.MKTP.KN.87.ZG","GDP growth (annual %)"
"NY.GDP.MKTP.PP.CD","GDP, PPP (current international $)"
"NY.GDP.MKTP.PP.KD","GDP, PPP (constant 2021 international $)"
"NY.GDP.MKTP.PP.KD.87","GDP, PPP (constant 1987 international $)"
"NY.GDP.MKTP.XD","GDP deflator (1987=100,Index)"
"NY.GDP.MKTP.XU.E","GDP deflator, end period (base year varies by country)"
"NY.GDP.MKTP.ZG","Gross domestic product (Av. annual growth, %)"
"NY.GDP.NGAS.RT.ZS","Natural gas rents (% of GDP)"
"NY.GDP.PCAP.CD","GDP per capita (current US$)"
"NY.GDP.PCAP.CN","GDP per capita (current LCU)"
"NY.GDP.PCAP.KD","GDP per capita (constant 2015 US$)"
"NY.GDP.PCAP.KD.ZG","GDP per capita growth (annual %)"
"NY.GDP.PCAP.KN","GDP per capita (constant LCU)"
"NY.GDP.PCAP.PP.CD","GDP per capita, PPP (current international $)"
"NY.GDP.PCAP.PP.KD","GDP per capita, PPP (constant 2021 international $)"
"NY.GDP.PCAP.PP.KD.87","GDP per capita, PPP (constant 1987 international $)"
"NY.GDP.PCAP.PP.KD.ZG","GDP per capita, PPP annual growth (%)"
"NY.GDP.PETR.RT.ZS","Oil rents (% of GDP)"
"NY.GDP.TOTL.RT.ZS","Total natural resources rents (% of GDP)"
"NY.GDS.TOTL.ZS","Gross domestic savings (% of GDP)"
"NY.GEN.AEDU.GD.ZS","Genuine savings: education expenditure (% of GDP)"
"NY.GEN.DCO2.GD.ZS","Genuine savings: carbon dioxide damage (% of GDP)"
"NY.GEN.DFOR.GD.ZS","Genuine savings: net forest depletion (% of GDP)"
"NY.GEN.DKAP.GD.ZS","Genuine savings: consumption of fixed capital (% of GDP)"
"NY.GEN.DMIN.GD.ZS","Genuine savings: mineral depletion (% of GDP)"
"NY.GEN.DNGY.GD.ZS","Genuine savings: energy depletion (% of GDP)"
"NY.GEN.NDOM.GD.ZS","Genuine savings: net domestic savings (% of GDP)"
"NY.GEN.SVNG.GD.ZS","Genuine domestic savings (% of GDP)"
"NY.GNP.MKTP.PC.CD","GNI per capita (US$)"
"NY.GNP.PCAP.CD","GNI per capita, Atlas method (current US$)"
"NY.GNP.PCAP.CN","GNI per capita (current LCU)"
"NY.GNP.PCAP.KD","GNI per capita (constant 2015 US$)"
"NY.GNP.PCAP.KD.ZG","GNI per capita growth (annual %)"
"NY.GNP.PCAP.KN","GNI per capita (constant LCU)"
"NY.GNP.PCAP.PP.CD","GNI per capita, PPP (current international $)"
"NY.GNP.PCAP.PP.KD","GNI per capita, PPP (constant 2021 international $)"
"NY.GNS.ICTR.ZS","Gross savings (% of GDP)"
"NY.GNY.PCAP.KD","Gross national income per capita (1987 USD)"
"NY.GNY.PCAP.KD.87","Gross national income per capita (1987 US$)"
"NY.TAX.IDRT.CD","Indirect taxes (current US$)"
"NY.TAX.IDRT.CN","Indirect taxes (current LCU)"
"NY.TAX.NIND.CD","Taxes less subsidies on products (current US$)"
"NY.TAX.NIND.CN","Taxes less subsidies on products (current LCU)"
"NY.TAX.NIND.KD.87","Net indirect taxes (constant 1987 US$)"
"NY.TAX.NIND.KN","Taxes less subsidies on products (constant LCU)"
"NY.TAX.NIND.KN.87","Net indirect taxes (constant 1987 LCU)"
"NYGDPMKTPKDZ","GDP growth, constant (average 2010-19 prices and exchange rates)"
"NYGDPMKTPSACD","GDP,current US$,millions,seas. adj.,"
"NYGDPMKTPSACN","GDP,current LCU,millions,seas. adj.,"
"NYGDPMKTPSAKD","GDP,constant 2010 US$,millions,seas. adj.,"
"NYGDPMKTPSAKN","GDP,constant 2010 LCU,millions,seas. adj.,"
"OTHR.TAX.PAID.ZS","Other taxes (% of profits)"
"PA.NUS.FCRF","Official exchange rate (LCU per US$, period average)"
"PA.NUS.FCRF.XR","Official exchange rate to parallel exchange rate ratio"
"PA.NUS.GDP.PLI","Price level index (GDP)"
"PA.NUS.PPP","PPP conversion factor, GDP (LCU per international $)"
"PA.NUS.PPP.05","2005 PPP conversion factor, GDP (LCU per international $)"
"PA.NUS.PPPC.RF","Price level ratio of PPP conversion factor (GDP) to market exchange rate"
"PALM.LND.DMG","Palm Oil Land Area by type of condition: Damaged (in Hectares)"
"PALM.LND.IMM","Palm Oil Land Area by type of condition: Immature (in Hectares)"
"PALM.LND.MTR","Palm Oil Land Area by type of condition: Mature (in Hectares)"
"PALM.LND.PRVT","Palm Oil Land Area by type of ownership: Private (in Hectares)"
"PALM.LND.SMHD","Palm Oil Land Area by type of ownership: Smallholder (in Hectares)"
"PALM.LND.SOE","Palm Oil Land Area by type of ownership: State Owned Enterprise (in Hectares)"
"PALM.LND.TOTL","Palm Oil Land Area: Total (in Hectares)"
"PALM.YLD.PRVT","Palm Oil Yield by type of ownership: Private (in Kg/Ha)"
"PALM.YLD.SMHD","Palm Oil Yield by type of ownership: Smallholder (in Kg/Ha)"
"PALM.YLD.SOE","Palm Oil Yield by type of ownership: State Owned Enterprise (in Kg/Ha)"
"PAY.TAX.COIT.AU.HRS.DB1719","Paying taxes: Time to comply with corporate income tax correction (hours) (DB17-20 methodology)"
"PAY.TAX.COIT.AU.HRS.TM.DB1719.DFRN","Paying taxes: Time to comply with corporate income tax correction (hours) (DB17-20 methodology) - Score"
"PAY.TAX.COIT.AU.WKS.DB1719","Paying taxes: Time to complete a corporate income tax correction (weeks) (DB17-20 methodology)"
"PAY.TAX.COIT.WKS.TM.DB1719.DFRN","Paying taxes: Time to complete a corporate income tax correction (weeks) (DB17-20 methodology) - Score"
"PAY.TAX.DB0616.DFRN","Paying taxes (DB06-16 methodology) - Score"
"PAY.TAX.DB1719.DRFN","Paying taxes (DB17-20 methodology) - Score"
"PAY.TAX.LABR.TAX.CONTR.ZS","Paying taxes: Labor tax and contributions (% of profits)"
"PAY.TAX.POST.FIL.XD.0100.DB1719.DFRN","Paying taxes: Postfiling index (0-100) (DB17-20 methodology) - Score"
"PAY.TAX.PRFT.CP.ZS","Paying taxes: Profit tax (% of profits)"
"PAY.TAX.PYMT.FREQ.NO","Paying taxes: Payments (number per year)"
"PAY.TAX.PYMT.NO.DFRN","Paying taxes: Payments per year (number per year) - Score"
"PAY.TAX.RK.DB19","Rank: Paying taxes (1=most business-friendly regulations)"
"PAY.TAX.TM","Paying taxes: Time (hours per year)"
"PAY.TAX.TM.DFRN","Paying taxes: Time (hours per year) - Score"
"PAY.TAX.TOT.TAX.RT.ZS","Paying taxes: Total tax and contribution rate (% of profit)"
"PAY.TAX.TOT.TAX.RT.ZS.DRFRN","Paying taxes: Total tax and contribution rate (% of profit) - Score"
"PAY.TAX.VAT.REF.OBT.WKS.TM.DB1719","Paying taxes: Time to obtain VAT refund (weeks) (DB17-20 methodology)"
"PAY.TAX.VAT.REF.OBT.WKS.TM.DB1719.DFRN","Paying taxes: Time to obtain VAT refund (weeks) (DB17-20 methodology) - Score"
"PAY.TAX.VAT.REFU.COMP.HRS.TM.DB1719","Paying taxes: Time to comply with VAT refund (hours) (DB17-20 methodology)"
"PAY.TAX.VAT.REFU.COMP.HRS.TM.DB1719.DFRN","Paying taxes: Time to comply with VAT refund (hours) (DB17-20 methodology) - Score"
"PE.NUS.FCAE","Official exchange rate (LCU per US$, end period)"
"PER.ALL.CNTRL.GDP","World Bank: Share of GDP for central government expenditures on education (%)"
"PER.ALL.CPL.GDP","World Bank: Public capital expenditure on education as % of GDP"
"PER.ALL.CPL.TOT","World Bank: Public capital expenditure on education as a % of total capital government expenditure"
"PER.ALL.PS.GDP","World Bank: Public education expenditure per student (% of GDP per capita)"
"PER.ALL.RCT","World Bank: Share of total government expenditures (all sectors) for recurrent education expenditures (%)"
"PER.ALL.RCT.GDP","World Bank: Public recurrent expenditure on education (% of GDP)"
"PER.ALL.RCT.TOT.RCT","World Bank: Public recurrent education expenditure as % of total recurrent government expenditure"
"PER.ALL.SAL.GDP","World Bank: Education salary expenditures as a % of GDP"
"PER.ALL.SUB.GDP","World Bank: Share of GDP for subnational government expenditures on education (%)"
"PER.ALL.TSAL.GDP","World Bank: Ratio of Teacher Salaries to per capita GDP"
"PER.ALL.TTL.GDP","World Bank: Total education expenditure as % of GDP"
"PER.ALL.TTL.GDP.GOV","World Bank: Total public education expenditure as % of GDP"
"PER.BAS.GDP","World Bank: Share of GDP for education expenditures on basic education (%)"
"PER.BAS.PS.GDP","World Bank: Public education expenditure per student (% of GDP per capita), basic"
"PER.BAS.SAL.GDP","World Bank: Ratio of Teacher Salaries to per capita GDP, basic education"
"PER.EFF.GDP","World Bank: Share of GDP lost through inefficiencies (%)"
"PER.EFF.SUB.GDP","World Bank: Share of GDP potentially saved with improved targeting of education subsidies (%)"
"PER.EFF.TEACH.GDP","World Bank: Share of GDP potentially saved with improved pupil/teacher ratios (%)"
"PER.GOV.SHARE.TOT","World Bank: Share of total domestically-financed/government expenditures for education (%)"
"PER.JR.PS.GDP","World Bank: Public education expenditure per student (% of GDP per capita), junior secondary"
"PER.JR.SAL.GDP","World Bank: Ratio of Teacher Salaries to per capita GDP, junior secondary"
"PER.OC.FEED.GDP","World Bank: School Feeding Programs (% of GDP)"
"PER.OC.TRA.GDP","World Bank: Central Government Transfers for education (% of GDP)"
"PER.PP.GDP","World Bank: Share of GDP for education expenditures on pre-primary education (%)"
"PER.PP.PS.GDP","World Bank: Public education expenditure per student (% of GDP per capita), pre-primary"
"PER.PRM.GDP","World Bank: Share of GDP for education expenditures on primary education (%)"
"PER.PRM.PS.GDP","World Bank: Public education expenditure per student (% of GDP per capita), primary"
"PER.PRM.RCT.GDP","World Bank: Primary recurrent expenditures as a share of GDP (%)"
"PER.PRM.SAL.GDP","World Bank: Ratio of Teacher Salaries to per capita GDP, primary"
"PER.PRM.TTL.GOV","World Bank: Share of total government expenditures (all sectors) for primary education expenditures (%)"
"PER.SEC.GDP","World Bank: Share of GDP for education expenditures on secondary education (%)"
"PER.SEC.PS.GDP","World Bank: Public education expenditure per student (% of GDP per capita), secondary"
"PER.SEC.RCT.GDP","World Bank: Secondary recurrent expenditures as a share of GDP (%)"
"PER.SEC.SAL.GDP","World Bank: Ratio of Teacher Salaries to per capita GDP, secondary"
"PER.SOR.DIST.REV","World Bank: Share of total district/municipal government expenditures for the education sector (%)"
"PER.SOR.GOV.GDP","World Bank: Total education expenditure from public sources (% of GDP)"
"PER.SOR.GOV.PS.PRM","World Bank: Government expenditures per primary student (in USD or local currency)"
"PER.SOR.GOV.PS.SEC","World Bank: Government expenditures per secondary student (in USD or local currency)"
"PER.SOR.GOV.PS.TER","World Bank: Government expenditures per tertiary student (in USD or local currency)"
"PER.SOR.GOV.PS.VOC","World Bank: Government expenditures per technical/vocational education student (in USD or local currency)"
"PER.SOR.ITL.GDP","World Bank: Total education expenditures from international sources as a % of GDP"
"PER.SOR.PROV.REV","World Bank: Share of total provincial/state government expenditures for the education sector (%)"
"PER.SOR.PVT.GDP","World Bank: Total private expenditure on education (% of GDP)"
"PER.SOR.PVT.GDP.PP","World Bank: Total private expenditure on pre-primary education (% of GDP)"
"PER.SOR.PVT.GDP.PRM","World Bank: Total private expenditure on primary education (% of GDP)"
"PER.SOR.PVT.GDP.SEC","World Bank: Total private expenditure on secondary education (% of GDP)"
"PER.SOR.PVT.GDP.TER","World Bank: Total private expenditure on tertiary education (% of GDP)"
"PER.SOR.SUB.REV","World Bank: Share of total subnational government expenditures for the education sector (%)"
"PER.SR.PS.GDP","World Bank: Public education expenditure per student (% of GDP per capita), senior secondary"
"PER.SR.SAL.GDP","World Bank: Ratio of Teacher Salaries to per capita GDP, senior secondary"
"PER.TER.GDP","World Bank: Share of GDP for education expenditures on tertiary education (%)"
"PER.TER.PS.GDP","World Bank: Public education expenditure per student (% of GDP per capita), tertiary"
"PER.TER.RCT.GDP","World Bank: Tertiary recurrent expenditures as a share of GDP (%)"
"PER.TER.SAL.GDP","World Bank: Ratio of Teacher Salaries to per capita GDP, tertiary"
"PER.TT.PS.GDP","World Bank: Public education expenditure per student (% of GDP per capita), teacher training"
"PER.VOC.GDP","World Bank: Share of GDP for education expenditures on technical/vocational education (%)"
"PER.VOC.PS.GDP","World Bank: Public education expenditure per student (% of GDP per capita), technical/vocational education"
"per_sa_ik.avt_pop_totf","Average per capita transfer - In-Kind and Food Transfers -female-beneficiary"
"per_sa_ik.avt_pop_totfr","Average per capita transfer - In-Kind and Food Transfers -female-recipient of programs"
"per_sa_ik.avt_pop_totm","Average per capita transfer - In-Kind and Food Transfers -male-beneficiary"
"per_sa_ik.avt_pop_totmr","Average per capita transfer - In-Kind and Food Transfers -male-recipient of programs"
"per_sa_ik.avt_q1_preT_totfr","Avg per capita transfer held by 1st quintile(poorest)-In-Kind and Food Transfers(preT)-fem-recipient"
"per_sa_ik.avt_q1_preT_totmr","Avg. per capita transfer held by 1st quintile(poorest)-In-Kind and Food Transf.(preT)-male-recipient"
"per_sa_ik.avt_q1_totfr","Average per capita transfer held by 1st quintile(poorest)-In-Kind and Food Transfers-fem-recipient"
"per_sa_ik.avt_q1_totmr","Average per capita transfer held by 1st quintile (poorest)-In-Kind and Food Transfers-male-recipient"
"per_sa_ik.avt_q2_preT_totfr","Average per capita transfer held by 2nd quintile-In-Kind and Food Transfers (preT) -female-recipient"
"per_sa_ik.avt_q2_preT_totmr","Average per capita transfer held by 2nd quintile - In-Kind and Food Transfers (preT) -male-recipient"
"per_sa_ik.avt_q2_totfr","Average per capita transfer held by 2nd quintile - In-Kind and Food Transfers -female-recipient"
"per_sa_ik.avt_q2_totmr","Average per capita transfer held by 2nd quintile - In-Kind and Food Transfers -male-recipient"
"per_sa_ik.avt_q3_preT_totfr","Average per capita transfer held by 3rd quintile-In-Kind and Food Transfers (preT) -female-recipient"
"per_sa_ik.avt_q3_preT_totmr","Average per capita transfer held by 3rd quintile - In-Kind and Food Transfers (preT) -male-recipient"
"per_sa_ik.avt_q3_totfr","Average per capita transfer held by 3rd quintile - In-Kind and Food Transfers -female-recipient"
"per_sa_ik.avt_q3_totmr","Average per capita transfer held by 3rd quintile - In-Kind and Food Transfers -male-recipient"
"per_sa_ik.avt_q4_preT_totfr","Average per capita transfer held by 4th quintile-In-Kind and Food Transfers (preT) -female-recipient"
"per_sa_ik.avt_q4_preT_totmr","Average per capita transfer held by 4th quintile - In-Kind and Food Transfers (preT) -male-recipient"
"per_sa_ik.avt_q4_totfr","Average per capita transfer held by 4th quintile - In-Kind and Food Transfers -female-recipient"
"per_sa_ik.avt_q4_totmr","Average per capita transfer held by 4th quintile - In-Kind and Food Transfers -male-recipient"
"per_sa_ik.avt_q5_preT_totfr","Avg per capita transfer held by 5th quintile(richest)-In-Kind and Food Transfers(preT)-fem-recipient"
"per_sa_ik.avt_q5_preT_totmr","Avg. per capita transfer held by 5th quintile(richest)-In-Kind and Food Transf.(preT)-male-recipient"
"per_sa_ik.avt_q5_totfr","Average per capita transfer held by 5th quintile(richest)-In-Kind and Food Transfers-fem-recipient"
"per_sa_ik.avt_q5_totmr","Average per capita transfer held by 5th quintile (richest)-In-Kind and Food Transfers-male-recipient"
"per_sa_ik.ben_pop_totf","Benefits incidence in all income groups (%) - In-Kind and Food Transfers - female-beneficiary"
"per_sa_ik.ben_pop_totm","Benefits incidence in all income groups (%) - In-Kind and Food Transfers - male-beneficiary"
"per_sa_ik.bry_pop_totf","Beneficiary incidence in all income groups (%) - In-Kind and Food Transfers -female-beneficiary"
"per_sa_ik.bry_pop_totfr","Beneficiary incidence in all income groups (%) - In-Kind and Food Transfers -female-recipient"
"per_sa_ik.bry_pop_totm","Beneficiary incidence in all income groups (%) - In-Kind and Food Transfers-male-beneficiary"
"per_sa_ik.bry_pop_totmr","Beneficiary incidence in all income groups (%) - In-Kind and Food Transfers-male-recipient"
"per_sa_ik.bry_q1_preT_totfr","Beneficiary incidence in 1st quintile(poorest)(%)-In-Kind and Food Transfers(preT)-female-recipient"
"per_sa_ik.bry_q1_preT_totmr","Beneficiary incidence in 1st quintile (poorest) (%)-In-Kind and Food Transfers (preT)-male-recipient"
"per_sa_ik.bry_q1_totfr","Beneficiary incidence in 1st quintile (poorest) (%) - In-Kind and Food Transfers -female-recipient"
"per_sa_ik.bry_q1_totmr","Beneficiary incidence in 1st quintile (poorest) (%) - In-Kind and Food Transfers -male-recipient"
"per_sa_ik.bry_q2_preT_totfr","Beneficiary incidence in 2nd quintile (%) - In-Kind and Food Transfers (preT) -female-recipient"
"per_sa_ik.bry_q2_preT_totmr","Beneficiary incidence in 2nd quintile (%) - In-Kind and Food Transfers (preT) -male-recipient"
"per_sa_ik.bry_q2_totfr","Beneficiary incidence in 2nd quintile (%) - In-Kind and Food Transfers -female-recipient of programs"
"per_sa_ik.bry_q2_totmr","Beneficiary incidence in 2nd quintile (%) - In-Kind and Food Transfers -male-recipient of programs"
"per_sa_ik.bry_q3_preT_totfr","Beneficiary incidence in 3rd quintile (%) - In-Kind and Food Transfers (preT) -female-recipient"
"per_sa_ik.bry_q3_preT_totmr","Beneficiary incidence in 3rd quintile (%) - In-Kind and Food Transfers (preT) -male-recipient"
"per_sa_ik.bry_q3_totfr","Beneficiary incidence in 3rd quintile (%) - In-Kind and Food Transfers -female-recipient of programs"
"per_sa_ik.bry_q3_totmr","Beneficiary incidence in 3rd quintile (%) - In-Kind and Food Transfers -male-recipient of programs"
"per_sa_ik.bry_q4_preT_totfr","Beneficiary incidence in 4th quintile (%) - In-Kind and Food Transfers (preT) -female-recipient"
"per_sa_ik.bry_q4_preT_totmr","Beneficiary incidence in 4th quintile (%) - In-Kind and Food Transfers (preT) -male-recipient"
"per_sa_ik.bry_q4_totfr","Beneficiary incidence in 4th quintile (%) - In-Kind and Food Transfers -female-recipient of programs"
"per_sa_ik.bry_q4_totmr","Beneficiary incidence in 4th quintile (%) - In-Kind and Food Transfers -male-recipient of programs"
"per_sa_ik.bry_q5_preT_totfr","Beneficiary incidence in 5th quintile(richest)(%)-In-Kind and Food Transfers(preT)-female-recipient"
"per_sa_ik.bry_q5_preT_totmr","Beneficiary incidence in 5th quintile (richest) (%)-In-Kind and Food Transfers (preT)-male-recipient"
"per_sa_ik.bry_q5_totfr","Beneficiary incidence in 5th quintile (richest) (%) - In-Kind and Food Transfers -female-recipient"
"per_sa_ik.bry_q5_totmr","Beneficiary incidence in 5th quintile (richest) (%) - In-Kind and Food Transfers -male-recipient"
"per_sa_ik.cov_pop_totf","Coverage (%) - In-Kind and Food Transfers -female-beneficiary"
"per_sa_ik.cov_pop_totm","Coverage (%) - In-Kind and Food Transfers -male-beneficiary"
