flow_id,flow_name,dsd_ref,concept_ref,codelist_id,indicator_candidate,code,code_name,parent_code
WEO,World Economic Outlook (WEO),DSD_WEO,COUNTRY,CL_WEO_COUNTRY,FALSE,GX123,Other Advanced Economies (Advanced Economies excluding G7 and Euro Area countries),NA
WEO,World Economic Outlook (WEO),DSD_WEO,COUNTRY,CL_WEO_COUNTRY,FALSE,AFG,"Afghanistan, Islamic Republic of",NA
WEO,World Economic Outlook (WEO),DSD_WEO,COUNTRY,CL_WEO_COUNTRY,FALSE,ALB,Albania,NA
WEO,World Economic Outlook (WEO),DSD_WEO,COUNTRY,CL_WEO_COUNTRY,FALSE,DZA,Algeria,NA
WEO,World Economic Outlook (WEO),DSD_WEO,COUNTRY,CL_WEO_COUNTRY,FALSE,ASM,American Samoa,NA
WEO,World Economic Outlook (WEO),DSD_WEO,COUNTRY,CL_WEO_COUNTRY,FALSE,AND,"Andorra, Principality of",NA
WEO,World Economic Outlook (WEO),DSD_WEO,COUNTRY,CL_WEO_COUNTRY,FALSE,AGO,Angola,NA
WEO,World Economic Outlook (WEO),DSD_WEO,COUNTRY,CL_WEO_COUNTRY,FALSE,AIA,"Anguilla, United Kingdom-British Overseas Territory",NA
WEO,World Economic Outlook (WEO),DSD_WEO,COUNTRY,CL_WEO_COUNTRY,FALSE,ATG,Antigua and Barbuda,NA
WEO,World Economic Outlook (WEO),DSD_WEO,COUNTRY,CL_WEO_COUNTRY,FALSE,ARG,Argentina,NA
WEO,World Economic Outlook (WEO),DSD_WEO,COUNTRY,CL_WEO_COUNTRY,FALSE,ARM,"Armenia, Republic of",NA
WEO,World Economic Outlook (WEO),DSD_WEO,COUNTRY,CL_WEO_COUNTRY,FALSE,ABW,"Aruba, Kingdom of the Netherlands",NA
WEO,World Economic Outlook (WEO),DSD_WEO,COUNTRY,CL_WEO_COUNTRY,FALSE,AUS,Australia,NA
WEO,World Economic Outlook (WEO),DSD_WEO,COUNTRY,CL_WEO_COUNTRY,FALSE,AUT,Austria,NA
WEO,World Economic Outlook (WEO),DSD_WEO,COUNTRY,CL_WEO_COUNTRY,FALSE,AZE,"Azerbaijan, Republic of",NA
WEO,World Economic Outlook (WEO),DSD_WEO,COUNTRY,CL_WEO_COUNTRY,FALSE,BHS,"Bahamas, The",NA
WEO,World Economic Outlook (WEO),DSD_WEO,COUNTRY,CL_WEO_COUNTRY,FALSE,BHR,"Bahrain, Kingdom of",NA
WEO,World Economic Outlook (WEO),DSD_WEO,COUNTRY,CL_WEO_COUNTRY,FALSE,BGD,Bangladesh,NA
WEO,World Economic Outlook (WEO),DSD_WEO,COUNTRY,CL_WEO_COUNTRY,FALSE,BRB,Barbados,NA
WEO,World Economic Outlook (WEO),DSD_WEO,COUNTRY,CL_WEO_COUNTRY,FALSE,BLR,"Belarus, Republic of",NA
WEO,World Economic Outlook (WEO),DSD_WEO,COUNTRY,CL_WEO_COUNTRY,FALSE,BEL,Belgium,NA
WEO,World Economic Outlook (WEO),DSD_WEO,COUNTRY,CL_WEO_COUNTRY,FALSE,BLZ,Belize,NA
WEO,World Economic Outlook (WEO),DSD_WEO,COUNTRY,CL_WEO_COUNTRY,FALSE,BEN,Benin,NA
WEO,World Economic Outlook (WEO),DSD_WEO,COUNTRY,CL_WEO_COUNTRY,FALSE,BMU,Bermuda,NA
WEO,World Economic Outlook (WEO),DSD_WEO,COUNTRY,CL_WEO_COUNTRY,FALSE,BTN,Bhutan,NA
WEO,World Economic Outlook (WEO),DSD_WEO,COUNTRY,CL_WEO_COUNTRY,FALSE,BOL,Bolivia,NA
WEO,World Economic Outlook (WEO),DSD_WEO,COUNTRY,CL_WEO_COUNTRY,FALSE,BIH,Bosnia and Herzegovina,NA
WEO,World Economic Outlook (WEO),DSD_WEO,COUNTRY,CL_WEO_COUNTRY,FALSE,BWA,Botswana,NA
WEO,World Economic Outlook (WEO),DSD_WEO,COUNTRY,CL_WEO_COUNTRY,FALSE,BRA,Brazil,NA
WEO,World Economic Outlook (WEO),DSD_WEO,COUNTRY,CL_WEO_COUNTRY,FALSE,VGB,British Virgin Islands,NA
WEO,World Economic Outlook (WEO),DSD_WEO,COUNTRY,CL_WEO_COUNTRY,FALSE,BRN,Brunei Darussalam,NA
WEO,World Economic Outlook (WEO),DSD_WEO,COUNTRY,CL_WEO_COUNTRY,FALSE,BGR,Bulgaria,NA
WEO,World Economic Outlook (WEO),DSD_WEO,COUNTRY,CL_WEO_COUNTRY,FALSE,BFA,Burkina Faso,NA
WEO,World Economic Outlook (WEO),DSD_WEO,COUNTRY,CL_WEO_COUNTRY,FALSE,BDI,Burundi,NA
WEO,World Economic Outlook (WEO),DSD_WEO,COUNTRY,CL_WEO_COUNTRY,FALSE,CPV,Cabo Verde,NA
WEO,World Economic Outlook (WEO),DSD_WEO,COUNTRY,CL_WEO_COUNTRY,FALSE,KHM,Cambodia,NA
WEO,World Economic Outlook (WEO),DSD_WEO,COUNTRY,CL_WEO_COUNTRY,FALSE,CMR,Cameroon,NA
WEO,World Economic Outlook (WEO),DSD_WEO,COUNTRY,CL_WEO_COUNTRY,FALSE,CAN,Canada,NA
WEO,World Economic Outlook (WEO),DSD_WEO,COUNTRY,CL_WEO_COUNTRY,FALSE,CYM,Cayman Islands,NA
WEO,World Economic Outlook (WEO),DSD_WEO,COUNTRY,CL_WEO_COUNTRY,FALSE,CAF,Central African Republic,NA
WEO,World Economic Outlook (WEO),DSD_WEO,COUNTRY,CL_WEO_COUNTRY,FALSE,TCD,Chad,NA
WEO,World Economic Outlook (WEO),DSD_WEO,COUNTRY,CL_WEO_COUNTRY,FALSE,CHL,Chile,NA
WEO,World Economic Outlook (WEO),DSD_WEO,COUNTRY,CL_WEO_COUNTRY,FALSE,CHN,"China, People's Republic of",NA
WEO,World Economic Outlook (WEO),DSD_WEO,COUNTRY,CL_WEO_COUNTRY,FALSE,COL,Colombia,NA
WEO,World Economic Outlook (WEO),DSD_WEO,COUNTRY,CL_WEO_COUNTRY,FALSE,COM,"Comoros, Union of the",NA
WEO,World Economic Outlook (WEO),DSD_WEO,COUNTRY,CL_WEO_COUNTRY,FALSE,COD,"Congo, Democratic Republic of the",NA
WEO,World Economic Outlook (WEO),DSD_WEO,COUNTRY,CL_WEO_COUNTRY,FALSE,COG,"Congo, Republic of",NA
WEO,World Economic Outlook (WEO),DSD_WEO,COUNTRY,CL_WEO_COUNTRY,FALSE,COK,Cook Islands,NA
WEO,World Economic Outlook (WEO),DSD_WEO,COUNTRY,CL_WEO_COUNTRY,FALSE,CRI,Costa Rica,NA
WEO,World Economic Outlook (WEO),DSD_WEO,COUNTRY,CL_WEO_COUNTRY,FALSE,HRV,"Croatia, Republic of",NA
WEO,World Economic Outlook (WEO),DSD_WEO,COUNTRY,CL_WEO_COUNTRY,FALSE,CUB,Cuba,NA
WEO,World Economic Outlook (WEO),DSD_WEO,COUNTRY,CL_WEO_COUNTRY,FALSE,CUW,"Curaçao, Kingdom of the Netherlands",NA
WEO,World Economic Outlook (WEO),DSD_WEO,COUNTRY,CL_WEO_COUNTRY,FALSE,CYP,Cyprus,NA
WEO,World Economic Outlook (WEO),DSD_WEO,COUNTRY,CL_WEO_COUNTRY,FALSE,CZE,Czech Republic,NA
WEO,World Economic Outlook (WEO),DSD_WEO,COUNTRY,CL_WEO_COUNTRY,FALSE,CIV,Côte d'Ivoire,NA
WEO,World Economic Outlook (WEO),DSD_WEO,COUNTRY,CL_WEO_COUNTRY,FALSE,DNK,Denmark,NA
WEO,World Economic Outlook (WEO),DSD_WEO,COUNTRY,CL_WEO_COUNTRY,FALSE,DJI,Djibouti,NA
WEO,World Economic Outlook (WEO),DSD_WEO,COUNTRY,CL_WEO_COUNTRY,FALSE,DMA,Dominica,NA
WEO,World Economic Outlook (WEO),DSD_WEO,COUNTRY,CL_WEO_COUNTRY,FALSE,DOM,Dominican Republic,NA
WEO,World Economic Outlook (WEO),DSD_WEO,COUNTRY,CL_WEO_COUNTRY,FALSE,ECU,Ecuador,NA
WEO,World Economic Outlook (WEO),DSD_WEO,COUNTRY,CL_WEO_COUNTRY,FALSE,EGY,"Egypt, Arab Republic of",NA
WEO,World Economic Outlook (WEO),DSD_WEO,COUNTRY,CL_WEO_COUNTRY,FALSE,SLV,El Salvador,NA
WEO,World Economic Outlook (WEO),DSD_WEO,COUNTRY,CL_WEO_COUNTRY,FALSE,GNQ,"Equatorial Guinea, Republic of",NA
WEO,World Economic Outlook (WEO),DSD_WEO,COUNTRY,CL_WEO_COUNTRY,FALSE,ERI,"Eritrea, The State of",NA
WEO,World Economic Outlook (WEO),DSD_WEO,COUNTRY,CL_WEO_COUNTRY,FALSE,EST,"Estonia, Republic of",NA
WEO,World Economic Outlook (WEO),DSD_WEO,COUNTRY,CL_WEO_COUNTRY,FALSE,SWZ,"Eswatini, Kingdom of",NA
WEO,World Economic Outlook (WEO),DSD_WEO,COUNTRY,CL_WEO_COUNTRY,FALSE,ETH,"Ethiopia, The Federal Democratic Republic of",NA
WEO,World Economic Outlook (WEO),DSD_WEO,COUNTRY,CL_WEO_COUNTRY,FALSE,FLK,Falkland Islands (Malvinas),NA
WEO,World Economic Outlook (WEO),DSD_WEO,COUNTRY,CL_WEO_COUNTRY,FALSE,FRO,Faroe Islands,NA
WEO,World Economic Outlook (WEO),DSD_WEO,COUNTRY,CL_WEO_COUNTRY,FALSE,FJI,"Fiji, Republic of",NA
WEO,World Economic Outlook (WEO),DSD_WEO,COUNTRY,CL_WEO_COUNTRY,FALSE,FIN,Finland,NA
WEO,World Economic Outlook (WEO),DSD_WEO,COUNTRY,CL_WEO_COUNTRY,FALSE,FRA,France,NA
WEO,World Economic Outlook (WEO),DSD_WEO,COUNTRY,CL_WEO_COUNTRY,FALSE,GUF,French Guiana,NA
WEO,World Economic Outlook (WEO),DSD_WEO,COUNTRY,CL_WEO_COUNTRY,FALSE,PYF,French Polynesia,NA
WEO,World Economic Outlook (WEO),DSD_WEO,COUNTRY,CL_WEO_COUNTRY,FALSE,GAB,Gabon,NA
WEO,World Economic Outlook (WEO),DSD_WEO,COUNTRY,CL_WEO_COUNTRY,FALSE,GMB,"Gambia, The",NA
WEO,World Economic Outlook (WEO),DSD_WEO,COUNTRY,CL_WEO_COUNTRY,FALSE,GEO,Georgia,NA
WEO,World Economic Outlook (WEO),DSD_WEO,COUNTRY,CL_WEO_COUNTRY,FALSE,DEU,Germany,NA
WEO,World Economic Outlook (WEO),DSD_WEO,COUNTRY,CL_WEO_COUNTRY,FALSE,GHA,Ghana,NA
WEO,World Economic Outlook (WEO),DSD_WEO,COUNTRY,CL_WEO_COUNTRY,FALSE,GIB,Gibraltar,NA
WEO,World Economic Outlook (WEO),DSD_WEO,COUNTRY,CL_WEO_COUNTRY,FALSE,GRC,Greece,NA
WEO,World Economic Outlook (WEO),DSD_WEO,COUNTRY,CL_WEO_COUNTRY,FALSE,GRL,Greenland,NA
WEO,World Economic Outlook (WEO),DSD_WEO,COUNTRY,CL_WEO_COUNTRY,FALSE,GRD,Grenada,NA
WEO,World Economic Outlook (WEO),DSD_WEO,COUNTRY,CL_WEO_COUNTRY,FALSE,GLP,Guadeloupe,NA
WEO,World Economic Outlook (WEO),DSD_WEO,COUNTRY,CL_WEO_COUNTRY,FALSE,GUM,Guam,NA
WEO,World Economic Outlook (WEO),DSD_WEO,COUNTRY,CL_WEO_COUNTRY,FALSE,GTM,Guatemala,NA
WEO,World Economic Outlook (WEO),DSD_WEO,COUNTRY,CL_WEO_COUNTRY,FALSE,GGY,Guernsey,NA
WEO,World Economic Outlook (WEO),DSD_WEO,COUNTRY,CL_WEO_COUNTRY,FALSE,GIN,Guinea,NA
WEO,World Economic Outlook (WEO),DSD_WEO,COUNTRY,CL_WEO_COUNTRY,FALSE,GNB,Guinea-Bissau,NA
WEO,World Economic Outlook (WEO),DSD_WEO,COUNTRY,CL_WEO_COUNTRY,FALSE,GUY,Guyana,NA
WEO,World Economic Outlook (WEO),DSD_WEO,COUNTRY,CL_WEO_COUNTRY,FALSE,HTI,Haiti,NA
WEO,World Economic Outlook (WEO),DSD_WEO,COUNTRY,CL_WEO_COUNTRY,FALSE,VAT,Holy See,NA
WEO,World Economic Outlook (WEO),DSD_WEO,COUNTRY,CL_WEO_COUNTRY,FALSE,HND,Honduras,NA
WEO,World Economic Outlook (WEO),DSD_WEO,COUNTRY,CL_WEO_COUNTRY,FALSE,HKG,"Hong Kong Special Administrative Region, People's Republic of China",NA
WEO,World Economic Outlook (WEO),DSD_WEO,COUNTRY,CL_WEO_COUNTRY,FALSE,HUN,Hungary,NA
WEO,World Economic Outlook (WEO),DSD_WEO,COUNTRY,CL_WEO_COUNTRY,FALSE,ISL,Iceland,NA
WEO,World Economic Outlook (WEO),DSD_WEO,COUNTRY,CL_WEO_COUNTRY,FALSE,IND,India,NA
WEO,World Economic Outlook (WEO),DSD_WEO,COUNTRY,CL_WEO_COUNTRY,FALSE,IDN,Indonesia,NA
WEO,World Economic Outlook (WEO),DSD_WEO,COUNTRY,CL_WEO_COUNTRY,FALSE,IRN,"Iran, Islamic Republic of",NA
WEO,World Economic Outlook (WEO),DSD_WEO,COUNTRY,CL_WEO_COUNTRY,FALSE,IRQ,Iraq,NA
WEO,World Economic Outlook (WEO),DSD_WEO,COUNTRY,CL_WEO_COUNTRY,FALSE,IRL,Ireland,NA
WEO,World Economic Outlook (WEO),DSD_WEO,COUNTRY,CL_WEO_COUNTRY,FALSE,IMN,Isle of Man,NA
WEO,World Economic Outlook (WEO),DSD_WEO,COUNTRY,CL_WEO_COUNTRY,FALSE,ISR,Israel,NA
WEO,World Economic Outlook (WEO),DSD_WEO,COUNTRY,CL_WEO_COUNTRY,FALSE,ITA,Italy,NA
WEO,World Economic Outlook (WEO),DSD_WEO,COUNTRY,CL_WEO_COUNTRY,FALSE,JAM,Jamaica,NA
WEO,World Economic Outlook (WEO),DSD_WEO,COUNTRY,CL_WEO_COUNTRY,FALSE,JPN,Japan,NA
WEO,World Economic Outlook (WEO),DSD_WEO,COUNTRY,CL_WEO_COUNTRY,FALSE,JEY,Jersey,NA
WEO,World Economic Outlook (WEO),DSD_WEO,COUNTRY,CL_WEO_COUNTRY,FALSE,JOR,Jordan,NA
WEO,World Economic Outlook (WEO),DSD_WEO,COUNTRY,CL_WEO_COUNTRY,FALSE,KAZ,"Kazakhstan, Republic of",NA
WEO,World Economic Outlook (WEO),DSD_WEO,COUNTRY,CL_WEO_COUNTRY,FALSE,KEN,Kenya,NA
WEO,World Economic Outlook (WEO),DSD_WEO,COUNTRY,CL_WEO_COUNTRY,FALSE,KIR,Kiribati,NA
WEO,World Economic Outlook (WEO),DSD_WEO,COUNTRY,CL_WEO_COUNTRY,FALSE,PRK,"Korea, Democratic People's Republic of",NA
WEO,World Economic Outlook (WEO),DSD_WEO,COUNTRY,CL_WEO_COUNTRY,FALSE,KOR,"Korea, Republic of",NA
WEO,World Economic Outlook (WEO),DSD_WEO,COUNTRY,CL_WEO_COUNTRY,FALSE,KOS,"Kosovo, Republic of",NA
WEO,World Economic Outlook (WEO),DSD_WEO,COUNTRY,CL_WEO_COUNTRY,FALSE,KWT,Kuwait,NA
WEO,World Economic Outlook (WEO),DSD_WEO,COUNTRY,CL_WEO_COUNTRY,FALSE,KGZ,Kyrgyz Republic,NA
WEO,World Economic Outlook (WEO),DSD_WEO,COUNTRY,CL_WEO_COUNTRY,FALSE,LAO,Lao People's Democratic Republic,NA
WEO,World Economic Outlook (WEO),DSD_WEO,COUNTRY,CL_WEO_COUNTRY,FALSE,LVA,"Latvia, Republic of",NA
WEO,World Economic Outlook (WEO),DSD_WEO,COUNTRY,CL_WEO_COUNTRY,FALSE,LBN,Lebanon,NA
WEO,World Economic Outlook (WEO),DSD_WEO,COUNTRY,CL_WEO_COUNTRY,FALSE,LSO,"Lesotho, Kingdom of",NA
WEO,World Economic Outlook (WEO),DSD_WEO,COUNTRY,CL_WEO_COUNTRY,FALSE,LBR,Liberia,NA
WEO,World Economic Outlook (WEO),DSD_WEO,COUNTRY,CL_WEO_COUNTRY,FALSE,LBY,Libya,NA
WEO,World Economic Outlook (WEO),DSD_WEO,COUNTRY,CL_WEO_COUNTRY,FALSE,LIE,"Liechtenstein, Principality of",NA
WEO,World Economic Outlook (WEO),DSD_WEO,COUNTRY,CL_WEO_COUNTRY,FALSE,LTU,"Lithuania, Republic of",NA
WEO,World Economic Outlook (WEO),DSD_WEO,COUNTRY,CL_WEO_COUNTRY,FALSE,LUX,Luxembourg,NA
WEO,World Economic Outlook (WEO),DSD_WEO,COUNTRY,CL_WEO_COUNTRY,FALSE,MAC,"Macao Special Administrative Region, People's Republic of China",NA
WEO,World Economic Outlook (WEO),DSD_WEO,COUNTRY,CL_WEO_COUNTRY,FALSE,MDG,"Madagascar, Republic of",NA
WEO,World Economic Outlook (WEO),DSD_WEO,COUNTRY,CL_WEO_COUNTRY,FALSE,MWI,Malawi,NA
WEO,World Economic Outlook (WEO),DSD_WEO,COUNTRY,CL_WEO_COUNTRY,FALSE,MYS,Malaysia,NA
WEO,World Economic Outlook (WEO),DSD_WEO,COUNTRY,CL_WEO_COUNTRY,FALSE,MDV,Maldives,NA
WEO,World Economic Outlook (WEO),DSD_WEO,COUNTRY,CL_WEO_COUNTRY,FALSE,MLI,Mali,NA
WEO,World Economic Outlook (WEO),DSD_WEO,COUNTRY,CL_WEO_COUNTRY,FALSE,MLT,Malta,NA
WEO,World Economic Outlook (WEO),DSD_WEO,COUNTRY,CL_WEO_COUNTRY,FALSE,MHL,"Marshall Islands, Republic of the",NA
WEO,World Economic Outlook (WEO),DSD_WEO,COUNTRY,CL_WEO_COUNTRY,FALSE,MTQ,Martinique,NA
WEO,World Economic Outlook (WEO),DSD_WEO,COUNTRY,CL_WEO_COUNTRY,FALSE,MRT,"Mauritania, Islamic Republic of",NA
WEO,World Economic Outlook (WEO),DSD_WEO,COUNTRY,CL_WEO_COUNTRY,FALSE,MUS,Mauritius,NA
WEO,World Economic Outlook (WEO),DSD_WEO,COUNTRY,CL_WEO_COUNTRY,FALSE,MYT,Mayotte,NA
WEO,World Economic Outlook (WEO),DSD_WEO,COUNTRY,CL_WEO_COUNTRY,FALSE,MEX,Mexico,NA
WEO,World Economic Outlook (WEO),DSD_WEO,COUNTRY,CL_WEO_COUNTRY,FALSE,FSM,"Micronesia, Federated States of",NA
WEO,World Economic Outlook (WEO),DSD_WEO,COUNTRY,CL_WEO_COUNTRY,FALSE,MDA,"Moldova, Republic of",NA
WEO,World Economic Outlook (WEO),DSD_WEO,COUNTRY,CL_WEO_COUNTRY,FALSE,MCO,Monaco,NA
WEO,World Economic Outlook (WEO),DSD_WEO,COUNTRY,CL_WEO_COUNTRY,FALSE,MNG,Mongolia,NA
WEO,World Economic Outlook (WEO),DSD_WEO,COUNTRY,CL_WEO_COUNTRY,FALSE,MNE,Montenegro,NA
WEO,World Economic Outlook (WEO),DSD_WEO,COUNTRY,CL_WEO_COUNTRY,FALSE,MSR,"Montserrat, United Kingdom-British Overseas Territory",NA
WEO,World Economic Outlook (WEO),DSD_WEO,COUNTRY,CL_WEO_COUNTRY,FALSE,MAR,Morocco,NA
WEO,World Economic Outlook (WEO),DSD_WEO,COUNTRY,CL_WEO_COUNTRY,FALSE,MOZ,"Mozambique, Republic of",NA
WEO,World Economic Outlook (WEO),DSD_WEO,COUNTRY,CL_WEO_COUNTRY,FALSE,MMR,Myanmar,NA
WEO,World Economic Outlook (WEO),DSD_WEO,COUNTRY,CL_WEO_COUNTRY,FALSE,NAM,Namibia,NA
WEO,World Economic Outlook (WEO),DSD_WEO,COUNTRY,CL_WEO_COUNTRY,FALSE,NRU,"Nauru, Republic of",NA
WEO,World Economic Outlook (WEO),DSD_WEO,COUNTRY,CL_WEO_COUNTRY,FALSE,NPL,Nepal,NA
WEO,World Economic Outlook (WEO),DSD_WEO,COUNTRY,CL_WEO_COUNTRY,FALSE,NLD,"Netherlands, The",NA
WEO,World Economic Outlook (WEO),DSD_WEO,COUNTRY,CL_WEO_COUNTRY,FALSE,NCL,New Caledonia,NA
WEO,World Economic Outlook (WEO),DSD_WEO,COUNTRY,CL_WEO_COUNTRY,FALSE,NZL,New Zealand,NA
WEO,World Economic Outlook (WEO),DSD_WEO,COUNTRY,CL_WEO_COUNTRY,FALSE,NIC,Nicaragua,NA
WEO,World Economic Outlook (WEO),DSD_WEO,COUNTRY,CL_WEO_COUNTRY,FALSE,NER,Niger,NA
WEO,World Economic Outlook (WEO),DSD_WEO,COUNTRY,CL_WEO_COUNTRY,FALSE,NGA,Nigeria,NA
WEO,World Economic Outlook (WEO),DSD_WEO,COUNTRY,CL_WEO_COUNTRY,FALSE,NIU,Niue,NA
WEO,World Economic Outlook (WEO),DSD_WEO,COUNTRY,CL_WEO_COUNTRY,FALSE,NFK,Norfolk Island,NA
WEO,World Economic Outlook (WEO),DSD_WEO,COUNTRY,CL_WEO_COUNTRY,FALSE,MKD,"North Macedonia, Republic of",NA
WEO,World Economic Outlook (WEO),DSD_WEO,COUNTRY,CL_WEO_COUNTRY,FALSE,MNP,Northern Mariana Islands,NA
WEO,World Economic Outlook (WEO),DSD_WEO,COUNTRY,CL_WEO_COUNTRY,FALSE,NOR,Norway,NA
WEO,World Economic Outlook (WEO),DSD_WEO,COUNTRY,CL_WEO_COUNTRY,FALSE,OMN,Oman,NA
WEO,World Economic Outlook (WEO),DSD_WEO,COUNTRY,CL_WEO_COUNTRY,FALSE,PAK,Pakistan,NA
WEO,World Economic Outlook (WEO),DSD_WEO,COUNTRY,CL_WEO_COUNTRY,FALSE,PLW,"Palau, Republic of",NA
WEO,World Economic Outlook (WEO),DSD_WEO,COUNTRY,CL_WEO_COUNTRY,FALSE,PAN,Panama,NA
WEO,World Economic Outlook (WEO),DSD_WEO,COUNTRY,CL_WEO_COUNTRY,FALSE,PNG,Papua New Guinea,NA
WEO,World Economic Outlook (WEO),DSD_WEO,COUNTRY,CL_WEO_COUNTRY,FALSE,PRY,Paraguay,NA
WEO,World Economic Outlook (WEO),DSD_WEO,COUNTRY,CL_WEO_COUNTRY,FALSE,PER,Peru,NA
WEO,World Economic Outlook (WEO),DSD_WEO,COUNTRY,CL_WEO_COUNTRY,FALSE,PHL,Philippines,NA
WEO,World Economic Outlook (WEO),DSD_WEO,COUNTRY,CL_WEO_COUNTRY,FALSE,PCN,Pitcairn Islands,NA
WEO,World Economic Outlook (WEO),DSD_WEO,COUNTRY,CL_WEO_COUNTRY,FALSE,POL,"Poland, Republic of",NA
WEO,World Economic Outlook (WEO),DSD_WEO,COUNTRY,CL_WEO_COUNTRY,FALSE,PRT,Portugal,NA
WEO,World Economic Outlook (WEO),DSD_WEO,COUNTRY,CL_WEO_COUNTRY,FALSE,PRI,Puerto Rico,NA
WEO,World Economic Outlook (WEO),DSD_WEO,COUNTRY,CL_WEO_COUNTRY,FALSE,QAT,Qatar,NA
WEO,World Economic Outlook (WEO),DSD_WEO,COUNTRY,CL_WEO_COUNTRY,FALSE,ROU,Romania,NA
WEO,World Economic Outlook (WEO),DSD_WEO,COUNTRY,CL_WEO_COUNTRY,FALSE,RUS,Russian Federation,NA
WEO,World Economic Outlook (WEO),DSD_WEO,COUNTRY,CL_WEO_COUNTRY,FALSE,RWA,Rwanda,NA
WEO,World Economic Outlook (WEO),DSD_WEO,COUNTRY,CL_WEO_COUNTRY,FALSE,REU,Réunion,NA
WEO,World Economic Outlook (WEO),DSD_WEO,COUNTRY,CL_WEO_COUNTRY,FALSE,WSM,Samoa,NA
WEO,World Economic Outlook (WEO),DSD_WEO,COUNTRY,CL_WEO_COUNTRY,FALSE,SMR,"San Marino, Republic of",NA
WEO,World Economic Outlook (WEO),DSD_WEO,COUNTRY,CL_WEO_COUNTRY,FALSE,SAU,Saudi Arabia,NA
WEO,World Economic Outlook (WEO),DSD_WEO,COUNTRY,CL_WEO_COUNTRY,FALSE,SEN,Senegal,NA
WEO,World Economic Outlook (WEO),DSD_WEO,COUNTRY,CL_WEO_COUNTRY,FALSE,SRB,"Serbia, Republic of",NA
WEO,World Economic Outlook (WEO),DSD_WEO,COUNTRY,CL_WEO_COUNTRY,FALSE,SYC,Seychelles,NA
WEO,World Economic Outlook (WEO),DSD_WEO,COUNTRY,CL_WEO_COUNTRY,FALSE,SLE,Sierra Leone,NA
WEO,World Economic Outlook (WEO),DSD_WEO,COUNTRY,CL_WEO_COUNTRY,FALSE,SGP,Singapore,NA
WEO,World Economic Outlook (WEO),DSD_WEO,COUNTRY,CL_WEO_COUNTRY,FALSE,SXM,"Sint Maarten, Kingdom of the Netherlands",NA
WEO,World Economic Outlook (WEO),DSD_WEO,COUNTRY,CL_WEO_COUNTRY,FALSE,SVK,Slovak Republic,NA
WEO,World Economic Outlook (WEO),DSD_WEO,COUNTRY,CL_WEO_COUNTRY,FALSE,SVN,"Slovenia, Republic of",NA
WEO,World Economic Outlook (WEO),DSD_WEO,COUNTRY,CL_WEO_COUNTRY,FALSE,SLB,Solomon Islands,NA
WEO,World Economic Outlook (WEO),DSD_WEO,COUNTRY,CL_WEO_COUNTRY,FALSE,SOM,Somalia,NA
WEO,World Economic Outlook (WEO),DSD_WEO,COUNTRY,CL_WEO_COUNTRY,FALSE,ZAF,South Africa,NA
WEO,World Economic Outlook (WEO),DSD_WEO,COUNTRY,CL_WEO_COUNTRY,FALSE,SSD,"South Sudan, Republic of",NA
WEO,World Economic Outlook (WEO),DSD_WEO,COUNTRY,CL_WEO_COUNTRY,FALSE,ESP,Spain,NA
WEO,World Economic Outlook (WEO),DSD_WEO,COUNTRY,CL_WEO_COUNTRY,FALSE,LKA,Sri Lanka,NA
WEO,World Economic Outlook (WEO),DSD_WEO,COUNTRY,CL_WEO_COUNTRY,FALSE,SHN,St. Helena,NA
WEO,World Economic Outlook (WEO),DSD_WEO,COUNTRY,CL_WEO_COUNTRY,FALSE,KNA,St. Kitts and Nevis,NA
WEO,World Economic Outlook (WEO),DSD_WEO,COUNTRY,CL_WEO_COUNTRY,FALSE,LCA,St. Lucia,NA
WEO,World Economic Outlook (WEO),DSD_WEO,COUNTRY,CL_WEO_COUNTRY,FALSE,SPM,St. Pierre and Miquelon,NA
WEO,World Economic Outlook (WEO),DSD_WEO,COUNTRY,CL_WEO_COUNTRY,FALSE,VCT,St. Vincent and the Grenadines,NA
WEO,World Economic Outlook (WEO),DSD_WEO,COUNTRY,CL_WEO_COUNTRY,FALSE,SDN,Sudan,NA
WEO,World Economic Outlook (WEO),DSD_WEO,COUNTRY,CL_WEO_COUNTRY,FALSE,SUR,Suriname,NA
WEO,World Economic Outlook (WEO),DSD_WEO,COUNTRY,CL_WEO_COUNTRY,FALSE,SJM,Svalbard and Jan Mayen Islands,NA
WEO,World Economic Outlook (WEO),DSD_WEO,COUNTRY,CL_WEO_COUNTRY,FALSE,SWE,Sweden,NA
WEO,World Economic Outlook (WEO),DSD_WEO,COUNTRY,CL_WEO_COUNTRY,FALSE,CHE,Switzerland,NA
WEO,World Economic Outlook (WEO),DSD_WEO,COUNTRY,CL_WEO_COUNTRY,FALSE,SYR,Syrian Arab Republic,NA
WEO,World Economic Outlook (WEO),DSD_WEO,COUNTRY,CL_WEO_COUNTRY,FALSE,STP,"São Tomé and Príncipe, Democratic Republic of",NA
WEO,World Economic Outlook (WEO),DSD_WEO,COUNTRY,CL_WEO_COUNTRY,FALSE,TWN,Taiwan Province of China,NA
WEO,World Economic Outlook (WEO),DSD_WEO,COUNTRY,CL_WEO_COUNTRY,FALSE,TJK,"Tajikistan, Republic of",NA
WEO,World Economic Outlook (WEO),DSD_WEO,COUNTRY,CL_WEO_COUNTRY,FALSE,TZA,"Tanzania, United Republic of",NA
WEO,World Economic Outlook (WEO),DSD_WEO,COUNTRY,CL_WEO_COUNTRY,FALSE,THA,Thailand,NA
WEO,World Economic Outlook (WEO),DSD_WEO,COUNTRY,CL_WEO_COUNTRY,FALSE,TLS,"Timor-Leste, Democratic Republic of",NA
WEO,World Economic Outlook (WEO),DSD_WEO,COUNTRY,CL_WEO_COUNTRY,FALSE,TGO,Togo,NA
WEO,World Economic Outlook (WEO),DSD_WEO,COUNTRY,CL_WEO_COUNTRY,FALSE,TKL,Tokelau,NA
WEO,World Economic Outlook (WEO),DSD_WEO,COUNTRY,CL_WEO_COUNTRY,FALSE,TON,Tonga,NA
WEO,World Economic Outlook (WEO),DSD_WEO,COUNTRY,CL_WEO_COUNTRY,FALSE,TTO,Trinidad and Tobago,NA
WEO,World Economic Outlook (WEO),DSD_WEO,COUNTRY,CL_WEO_COUNTRY,FALSE,TUN,Tunisia,NA
WEO,World Economic Outlook (WEO),DSD_WEO,COUNTRY,CL_WEO_COUNTRY,FALSE,TKM,Turkmenistan,NA
WEO,World Economic Outlook (WEO),DSD_WEO,COUNTRY,CL_WEO_COUNTRY,FALSE,TCA,Turks and Caicos Islands,NA
WEO,World Economic Outlook (WEO),DSD_WEO,COUNTRY,CL_WEO_COUNTRY,FALSE,TUV,Tuvalu,NA
WEO,World Economic Outlook (WEO),DSD_WEO,COUNTRY,CL_WEO_COUNTRY,FALSE,TUR,"Türkiye, Republic of",NA
WEO,World Economic Outlook (WEO),DSD_WEO,COUNTRY,CL_WEO_COUNTRY,FALSE,UGA,Uganda,NA
WEO,World Economic Outlook (WEO),DSD_WEO,COUNTRY,CL_WEO_COUNTRY,FALSE,UKR,Ukraine,NA
WEO,World Economic Outlook (WEO),DSD_WEO,COUNTRY,CL_WEO_COUNTRY,FALSE,ARE,United Arab Emirates,NA
WEO,World Economic Outlook (WEO),DSD_WEO,COUNTRY,CL_WEO_COUNTRY,FALSE,GBR,United Kingdom,NA
WEO,World Economic Outlook (WEO),DSD_WEO,COUNTRY,CL_WEO_COUNTRY,FALSE,USA,United States,NA
WEO,World Economic Outlook (WEO),DSD_WEO,COUNTRY,CL_WEO_COUNTRY,FALSE,VIR,United States Virgin Islands,NA
WEO,World Economic Outlook (WEO),DSD_WEO,COUNTRY,CL_WEO_COUNTRY,FALSE,URY,Uruguay,NA
WEO,World Economic Outlook (WEO),DSD_WEO,COUNTRY,CL_WEO_COUNTRY,FALSE,UZB,"Uzbekistan, Republic of",NA
WEO,World Economic Outlook (WEO),DSD_WEO,COUNTRY,CL_WEO_COUNTRY,FALSE,VUT,Vanuatu,NA
WEO,World Economic Outlook (WEO),DSD_WEO,COUNTRY,CL_WEO_COUNTRY,FALSE,VEN,"Venezuela, República Bolivariana de",NA
WEO,World Economic Outlook (WEO),DSD_WEO,COUNTRY,CL_WEO_COUNTRY,FALSE,VNM,Vietnam,NA
WEO,World Economic Outlook (WEO),DSD_WEO,COUNTRY,CL_WEO_COUNTRY,FALSE,WLF,Wallis and Futuna Islands,NA
WEO,World Economic Outlook (WEO),DSD_WEO,COUNTRY,CL_WEO_COUNTRY,FALSE,WBG,West Bank and Gaza,NA
WEO,World Economic Outlook (WEO),DSD_WEO,COUNTRY,CL_WEO_COUNTRY,FALSE,YEM,"Yemen, Republic of",NA
WEO,World Economic Outlook (WEO),DSD_WEO,COUNTRY,CL_WEO_COUNTRY,FALSE,ZMB,Zambia,NA
WEO,World Economic Outlook (WEO),DSD_WEO,COUNTRY,CL_WEO_COUNTRY,FALSE,ZWE,Zimbabwe,NA
WEO,World Economic Outlook (WEO),DSD_WEO,COUNTRY,CL_WEO_COUNTRY,FALSE,ALA,Åland Islands,NA
WEO,World Economic Outlook (WEO),DSD_WEO,COUNTRY,CL_WEO_COUNTRY,FALSE,BES,"Bonaire, Saint Eustatius and Saba",NA
WEO,World Economic Outlook (WEO),DSD_WEO,COUNTRY,CL_WEO_COUNTRY,FALSE,ATF,French Southern Territories,NA
WEO,World Economic Outlook (WEO),DSD_WEO,COUNTRY,CL_WEO_COUNTRY,FALSE,CWX,Curaçao and Sint Maarten,NA
WEO,World Economic Outlook (WEO),DSD_WEO,COUNTRY,CL_WEO_COUNTRY,FALSE,CSK,Czechoslovakia,NA
WEO,World Economic Outlook (WEO),DSD_WEO,COUNTRY,CL_WEO_COUNTRY,FALSE,DDR,German Democratic Republic,NA
WEO,World Economic Outlook (WEO),DSD_WEO,COUNTRY,CL_WEO_COUNTRY,FALSE,ANT,Netherlands Antilles,NA
WEO,World Economic Outlook (WEO),DSD_WEO,COUNTRY,CL_WEO_COUNTRY,FALSE,VDR,"Vietnam, Democratic Republic of",NA
WEO,World Economic Outlook (WEO),DSD_WEO,COUNTRY,CL_WEO_COUNTRY,FALSE,SCG,Serbia and Montenegro,NA
WEO,World Economic Outlook (WEO),DSD_WEO,COUNTRY,CL_WEO_COUNTRY,FALSE,SUN,Union of Soviet Socialist Republics (USSR),NA
WEO,World Economic Outlook (WEO),DSD_WEO,COUNTRY,CL_WEO_COUNTRY,FALSE,YAR,Yemen Arab Republic,NA
WEO,World Economic Outlook (WEO),DSD_WEO,COUNTRY,CL_WEO_COUNTRY,FALSE,YMD,"Yemen, People's Democratic Republic of",NA
WEO,World Economic Outlook (WEO),DSD_WEO,COUNTRY,CL_WEO_COUNTRY,FALSE,YUG,"Yugoslavia, Socialist Federal Republic of",NA
WEO,World Economic Outlook (WEO),DSD_WEO,COUNTRY,CL_WEO_COUNTRY,FALSE,U019,Americas,NA
WEO,World Economic Outlook (WEO),DSD_WEO,COUNTRY,CL_WEO_COUNTRY,FALSE,U015,Northern Africa,NA
WEO,World Economic Outlook (WEO),DSD_WEO,COUNTRY,CL_WEO_COUNTRY,FALSE,U202,Sub-Saharan Africa,NA
WEO,World Economic Outlook (WEO),DSD_WEO,COUNTRY,CL_WEO_COUNTRY,FALSE,U002,Africa,NA
WEO,World Economic Outlook (WEO),DSD_WEO,COUNTRY,CL_WEO_COUNTRY,FALSE,U142,Asia,NA
WEO,World Economic Outlook (WEO),DSD_WEO,COUNTRY,CL_WEO_COUNTRY,FALSE,U053,Australia and New Zealand,NA
WEO,World Economic Outlook (WEO),DSD_WEO,COUNTRY,CL_WEO_COUNTRY,FALSE,U029,Caribbean,NA
WEO,World Economic Outlook (WEO),DSD_WEO,COUNTRY,CL_WEO_COUNTRY,FALSE,U013,Central America,NA
WEO,World Economic Outlook (WEO),DSD_WEO,COUNTRY,CL_WEO_COUNTRY,FALSE,U143,Central Asia,NA
WEO,World Economic Outlook (WEO),DSD_WEO,COUNTRY,CL_WEO_COUNTRY,FALSE,U014,Eastern Africa,NA
WEO,World Economic Outlook (WEO),DSD_WEO,COUNTRY,CL_WEO_COUNTRY,FALSE,U030,Eastern Asia,NA
WEO,World Economic Outlook (WEO),DSD_WEO,COUNTRY,CL_WEO_COUNTRY,FALSE,U151,Eastern Europe,NA
WEO,World Economic Outlook (WEO),DSD_WEO,COUNTRY,CL_WEO_COUNTRY,FALSE,U150,Europe,NA
WEO,World Economic Outlook (WEO),DSD_WEO,COUNTRY,CL_WEO_COUNTRY,FALSE,U054,Melanesia,NA
WEO,World Economic Outlook (WEO),DSD_WEO,COUNTRY,CL_WEO_COUNTRY,FALSE,U057,Micronesia,NA
WEO,World Economic Outlook (WEO),DSD_WEO,COUNTRY,CL_WEO_COUNTRY,FALSE,U017,Middle Africa,NA
WEO,World Economic Outlook (WEO),DSD_WEO,COUNTRY,CL_WEO_COUNTRY,FALSE,U154,Northern Europe,NA
WEO,World Economic Outlook (WEO),DSD_WEO,COUNTRY,CL_WEO_COUNTRY,FALSE,U009,Oceania,NA
WEO,World Economic Outlook (WEO),DSD_WEO,COUNTRY,CL_WEO_COUNTRY,FALSE,U061,Polynesia,NA
WEO,World Economic Outlook (WEO),DSD_WEO,COUNTRY,CL_WEO_COUNTRY,FALSE,U005,South America,NA
WEO,World Economic Outlook (WEO),DSD_WEO,COUNTRY,CL_WEO_COUNTRY,FALSE,U035,South-eastern Asia,NA
WEO,World Economic Outlook (WEO),DSD_WEO,COUNTRY,CL_WEO_COUNTRY,FALSE,U018,Southern Africa,NA
WEO,World Economic Outlook (WEO),DSD_WEO,COUNTRY,CL_WEO_COUNTRY,FALSE,U034,Southern Asia,NA
WEO,World Economic Outlook (WEO),DSD_WEO,COUNTRY,CL_WEO_COUNTRY,FALSE,U039,Southern Europe,NA
WEO,World Economic Outlook (WEO),DSD_WEO,COUNTRY,CL_WEO_COUNTRY,FALSE,U011,Western Africa,NA
WEO,World Economic Outlook (WEO),DSD_WEO,COUNTRY,CL_WEO_COUNTRY,FALSE,U145,Western Asia,NA
WEO,World Economic Outlook (WEO),DSD_WEO,COUNTRY,CL_WEO_COUNTRY,FALSE,U155,Western Europe,NA
WEO,World Economic Outlook (WEO),DSD_WEO,COUNTRY,CL_WEO_COUNTRY,FALSE,G202,Advanced Asia,NA
WEO,World Economic Outlook (WEO),DSD_WEO,COUNTRY,CL_WEO_COUNTRY,FALSE,G110,Advanced Economies,NA
WEO,World Economic Outlook (WEO),DSD_WEO,COUNTRY,CL_WEO_COUNTRY,FALSE,G906,Advanced Europe,NA
WEO,World Economic Outlook (WEO),DSD_WEO,COUNTRY,CL_WEO_COUNTRY,FALSE,G510,ASEAN-5,NA
WEO,World Economic Outlook (WEO),DSD_WEO,COUNTRY,CL_WEO_COUNTRY,FALSE,G940,Caucasus and Central Asia (CCA),NA
WEO,World Economic Outlook (WEO),DSD_WEO,COUNTRY,CL_WEO_COUNTRY,FALSE,G758,Central African Economic and Monetary Community (CEMAC),NA
WEO,World Economic Outlook (WEO),DSD_WEO,COUNTRY,CL_WEO_COUNTRY,FALSE,G609,CFA franc zone,NA
WEO,World Economic Outlook (WEO),DSD_WEO,COUNTRY,CL_WEO_COUNTRY,FALSE,G619,East African Community (EAC),NA
WEO,World Economic Outlook (WEO),DSD_WEO,COUNTRY,CL_WEO_COUNTRY,FALSE,G309,Eastern Caribbean Currency Union (ECCU),NA
WEO,World Economic Outlook (WEO),DSD_WEO,COUNTRY,CL_WEO_COUNTRY,FALSE,G776,Economic Community of West African States (ECOWAS),NA
WEO,World Economic Outlook (WEO),DSD_WEO,COUNTRY,CL_WEO_COUNTRY,FALSE,G209,EMDEs by External Financing: Net Creditors,NA
WEO,World Economic Outlook (WEO),DSD_WEO,COUNTRY,CL_WEO_COUNTRY,FALSE,G606,EMDEs by External Financing: Net Debtors,NA
WEO,World Economic Outlook (WEO),DSD_WEO,COUNTRY,CL_WEO_COUNTRY,FALSE,G087,EMDEs by External Financing: Net Debtors with Arrears and/or Reschedulings,NA
WEO,World Economic Outlook (WEO),DSD_WEO,COUNTRY,CL_WEO_COUNTRY,FALSE,G216,EMDEs by Source of Export Earnings: Diversified,NA
WEO,World Economic Outlook (WEO),DSD_WEO,COUNTRY,CL_WEO_COUNTRY,FALSE,G080,EMDEs by Source of Export Earnings: Fuel,NA
WEO,World Economic Outlook (WEO),DSD_WEO,COUNTRY,CL_WEO_COUNTRY,FALSE,G083,EMDEs by Source of Export Earnings: Manufactures,NA
WEO,World Economic Outlook (WEO),DSD_WEO,COUNTRY,CL_WEO_COUNTRY,FALSE,G092,EMDEs by Source of Export Earnings: Nonfuel,NA
WEO,World Economic Outlook (WEO),DSD_WEO,COUNTRY,CL_WEO_COUNTRY,FALSE,G089,EMDEs by Source of Export Earnings: Primary Products (excluding Fuel),NA
WEO,World Economic Outlook (WEO),DSD_WEO,COUNTRY,CL_WEO_COUNTRY,FALSE,G084,"EMDEs by Source of Export Earnings: Services (including Income, Transfers)",NA
WEO,World Economic Outlook (WEO),DSD_WEO,COUNTRY,CL_WEO_COUNTRY,FALSE,G505,Emerging and Developing Asia,NA
WEO,World Economic Outlook (WEO),DSD_WEO,COUNTRY,CL_WEO_COUNTRY,FALSE,G903,Emerging and Developing Europe,NA
WEO,World Economic Outlook (WEO),DSD_WEO,COUNTRY,CL_WEO_COUNTRY,FALSE,G1515,Emerging Asia,NA
WEO,World Economic Outlook (WEO),DSD_WEO,COUNTRY,CL_WEO_COUNTRY,FALSE,G200,Emerging Market and Developing Economies,NA
WEO,World Economic Outlook (WEO),DSD_WEO,COUNTRY,CL_WEO_COUNTRY,FALSE,G1201,Emerging Market and Middle-Income Economies,NA
WEO,World Economic Outlook (WEO),DSD_WEO,COUNTRY,CL_WEO_COUNTRY,FALSE,G995,Euro Area (EA) – aggregate of member states,NA
WEO,World Economic Outlook (WEO),DSD_WEO,COUNTRY,CL_WEO_COUNTRY,FALSE,G998,European Union (EU),NA
WEO,World Economic Outlook (WEO),DSD_WEO,COUNTRY,CL_WEO_COUNTRY,FALSE,G715,Fragile and Conflict-affected States (FCS),NA
WEO,World Economic Outlook (WEO),DSD_WEO,COUNTRY,CL_WEO_COUNTRY,FALSE,G120,G20,NA
WEO,World Economic Outlook (WEO),DSD_WEO,COUNTRY,CL_WEO_COUNTRY,FALSE,G119,G7,NA
WEO,World Economic Outlook (WEO),DSD_WEO,COUNTRY,CL_WEO_COUNTRY,FALSE,G450,Gulf Cooperation Council (GCC),NA
WEO,World Economic Outlook (WEO),DSD_WEO,COUNTRY,CL_WEO_COUNTRY,FALSE,G711,Heavily Indebted Poor Countries (HIPC),NA
WEO,World Economic Outlook (WEO),DSD_WEO,COUNTRY,CL_WEO_COUNTRY,FALSE,G205,Latin America and the Caribbean (LAC),NA
WEO,World Economic Outlook (WEO),DSD_WEO,COUNTRY,CL_WEO_COUNTRY,FALSE,G201,Low-Income Developing Countries (LIDC),NA
WEO,World Economic Outlook (WEO),DSD_WEO,COUNTRY,CL_WEO_COUNTRY,FALSE,G400,Middle East and Central Asia,NA
WEO,World Economic Outlook (WEO),DSD_WEO,COUNTRY,CL_WEO_COUNTRY,FALSE,G401,Middle East and Central Asia: Oil Exporters,NA
WEO,World Economic Outlook (WEO),DSD_WEO,COUNTRY,CL_WEO_COUNTRY,FALSE,G402,Middle East and Central Asia: Oil Importers,NA
WEO,World Economic Outlook (WEO),DSD_WEO,COUNTRY,CL_WEO_COUNTRY,FALSE,G406,Middle East and North Africa (MENA),NA
WEO,World Economic Outlook (WEO),DSD_WEO,COUNTRY,CL_WEO_COUNTRY,FALSE,G92031,North America,NA
WEO,World Economic Outlook (WEO),DSD_WEO,COUNTRY,CL_WEO_COUNTRY,FALSE,G757,Southern African Customs Union (SACU),NA
WEO,World Economic Outlook (WEO),DSD_WEO,COUNTRY,CL_WEO_COUNTRY,FALSE,G603,Sub-Saharan Africa (SSA),NA
WEO,World Economic Outlook (WEO),DSD_WEO,COUNTRY,CL_WEO_COUNTRY,FALSE,G1627,Sub-Saharan Africa (SSA): Low-Income,NA
WEO,World Economic Outlook (WEO),DSD_WEO,COUNTRY,CL_WEO_COUNTRY,FALSE,G1626,Sub-Saharan Africa (SSA): Middle-Income,NA
WEO,World Economic Outlook (WEO),DSD_WEO,COUNTRY,CL_WEO_COUNTRY,FALSE,G1614,Sub-Saharan Africa (SSA): Oil Exporters,NA
WEO,World Economic Outlook (WEO),DSD_WEO,COUNTRY,CL_WEO_COUNTRY,FALSE,G759,West African Economic and Monetary Union (WAEMU),NA
WEO,World Economic Outlook (WEO),DSD_WEO,COUNTRY,CL_WEO_COUNTRY,FALSE,G001,World,NA
WEO,World Economic Outlook (WEO),DSD_WEO,COUNTRY,CL_WEO_COUNTRY,FALSE,G163,Euro Area (EA),NA
WEO,World Economic Outlook (WEO),DSD_WEO,COUNTRY,CL_WEO_COUNTRY,FALSE,GASEAN,ASEAN,NA
WEO,World Economic Outlook (WEO),DSD_WEO,COUNTRY,CL_WEO_COUNTRY,FALSE,G765,Southern African Development Community (SADC),NA
WEO,World Economic Outlook (WEO),DSD_WEO,COUNTRY,CL_WEO_COUNTRY,FALSE,G760,Common Market for Eastern and Southern Africa (COMESA),NA
WEO,World Economic Outlook (WEO),DSD_WEO,COUNTRY,CL_WEO_COUNTRY,FALSE,G129,Benelux,NA
WEO,World Economic Outlook (WEO),DSD_WEO,COUNTRY,CL_WEO_COUNTRY,FALSE,BLM,Saint Barthelemy,NA
WEO,World Economic Outlook (WEO),DSD_WEO,COUNTRY,CL_WEO_COUNTRY,FALSE,MAF,Saint Martin,NA
WEO,World Economic Outlook (WEO),DSD_WEO,COUNTRY,CL_WEO_COUNTRY,FALSE,SGS,South Georgia and the South Sandwich Islands,NA
WEO,World Economic Outlook (WEO),DSD_WEO,COUNTRY,CL_WEO_COUNTRY,FALSE,CXR,Christmas Island,NA
WEO,World Economic Outlook (WEO),DSD_WEO,COUNTRY,CL_WEO_COUNTRY,FALSE,CCK,Cocos Islands,NA
WEO,World Economic Outlook (WEO),DSD_WEO,COUNTRY,CL_WEO_COUNTRY,FALSE,ESH,Western Sahara,NA
WEO,World Economic Outlook (WEO),DSD_WEO,COUNTRY,CL_WEO_COUNTRY,FALSE,BVT,Bouvet Island,NA
WEO,World Economic Outlook (WEO),DSD_WEO,COUNTRY,CL_WEO_COUNTRY,FALSE,IOT,British Indian Ocean Territory,NA
WEO,World Economic Outlook (WEO),DSD_WEO,COUNTRY,CL_WEO_COUNTRY,FALSE,HMD,Heard Island and McDonald Islands,NA
WEO,World Economic Outlook (WEO),DSD_WEO,COUNTRY,CL_WEO_COUNTRY,FALSE,UMI,United States Minor Outlying Islands,NA
WEO,World Economic Outlook (WEO),DSD_WEO,COUNTRY,CL_WEO_COUNTRY,FALSE,GSAC,Southern African Customs Union (SACU),NA
WEO,World Economic Outlook (WEO),DSD_WEO,INDICATOR,CL_WEO_INDICATOR,TRUE,LUR,Unemployment rate,NA
WEO,World Economic Outlook (WEO),DSD_WEO,INDICATOR,CL_WEO_INDICATOR,TRUE,PCOALSA,"Coal, South Africa, Export price, US dollars per metric tonne",NA
WEO,World Economic Outlook (WEO),DSD_WEO,INDICATOR,CL_WEO_INDICATOR,TRUE,DSP,"External debt: total debt service, amortization, US dollar",NA
WEO,World Economic Outlook (WEO),DSD_WEO,INDICATOR,CL_WEO_INDICATOR,TRUE,DSI,"External debt: total debt service, interest, US dollar",NA
WEO,World Economic Outlook (WEO),DSD_WEO,INDICATOR,CL_WEO_INDICATOR,TRUE,DSP_NGDPD,"External debt: total debt service, amortization, Percent of GDP",NA
WEO,World Economic Outlook (WEO),DSD_WEO,INDICATOR,CL_WEO_INDICATOR,TRUE,BX,"Exports of goods and services, US dollar",NA
WEO,World Economic Outlook (WEO),DSD_WEO,INDICATOR,CL_WEO_INDICATOR,TRUE,BM,"Imports of goods and services, US dollar",NA
WEO,World Economic Outlook (WEO),DSD_WEO,INDICATOR,CL_WEO_INDICATOR,TRUE,DS,"External debt: total debt service, US dollar",NA
WEO,World Economic Outlook (WEO),DSD_WEO,INDICATOR,CL_WEO_INDICATOR,TRUE,TTPCH,"Terms of trade of goods and services, percent change",NA
WEO,World Economic Outlook (WEO),DSD_WEO,INDICATOR,CL_WEO_INDICATOR,TRUE,DSI_NGDPD,"External debt: total debt service, interest, Percent of GDP",NA
WEO,World Economic Outlook (WEO),DSD_WEO,INDICATOR,CL_WEO_INDICATOR,TRUE,NGDP_RPCHMK,"Gross domestic product (GDP), Constant prices, Percent",NA
WEO,World Economic Outlook (WEO),DSD_WEO,INDICATOR,CL_WEO_INDICATOR,TRUE,NGDPD,"Gross domestic product (GDP), Current prices, US dollar",NA
WEO,World Economic Outlook (WEO),DSD_WEO,INDICATOR,CL_WEO_INDICATOR,TRUE,PTEA,"Tea, Kenyan, Unit prices, US cents per kilogram",NA
WEO,World Economic Outlook (WEO),DSD_WEO,INDICATOR,CL_WEO_INDICATOR,TRUE,DS_NGDPD,"External debt: total debt service, Percent of GDP",NA
WEO,World Economic Outlook (WEO),DSD_WEO,INDICATOR,CL_WEO_INDICATOR,TRUE,D,"External debt, US dollar",NA
WEO,World Economic Outlook (WEO),DSD_WEO,INDICATOR,CL_WEO_INDICATOR,TRUE,NGDP_D,"Gross domestic product (GDP), Price deflator, Index",NA
WEO,World Economic Outlook (WEO),DSD_WEO,INDICATOR,CL_WEO_INDICATOR,TRUE,NGDP_RPCH,"Gross domestic product (GDP), Constant prices, Percent change",NA
WEO,World Economic Outlook (WEO),DSD_WEO,INDICATOR,CL_WEO_INDICATOR,TRUE,TTTPCH,"Terms of trade of goods, percent change",NA
WEO,World Economic Outlook (WEO),DSD_WEO,INDICATOR,CL_WEO_INDICATOR,TRUE,NGDP_R,"Gross domestic product (GDP), Constant prices, Domestic currency",NA
WEO,World Economic Outlook (WEO),DSD_WEO,INDICATOR,CL_WEO_INDICATOR,TRUE,NGDP,"Gross domestic product (GDP), Current prices, Domestic currency",NA
WEO,World Economic Outlook (WEO),DSD_WEO,INDICATOR,CL_WEO_INDICATOR,TRUE,NGSD_NGDP,"Gross national savings, Percent of GDP",NA
WEO,World Economic Outlook (WEO),DSD_WEO,INDICATOR,CL_WEO_INDICATOR,TRUE,PSUNO,"Sunflower oil, Export price, US dollars per metric tonne",NA
WEO,World Economic Outlook (WEO),DSD_WEO,INDICATOR,CL_WEO_INDICATOR,TRUE,PNGASEU,"Natural gas, EU, Unit prices, US dollars per million metric British thermal units of gas",NA
WEO,World Economic Outlook (WEO),DSD_WEO,INDICATOR,CL_WEO_INDICATOR,TRUE,PZINC,"Zinc, Unit prices, US dollars per metric tonne",NA
WEO,World Economic Outlook (WEO),DSD_WEO,INDICATOR,CL_WEO_INDICATOR,TRUE,PPPSH,"Gross domestic product (GDP), Purchasing power parity (PPP) international dollar, percent of world GDP, Percent, ICP benchmarks 2017-2021",NA
WEO,World Economic Outlook (WEO),DSD_WEO,INDICATOR,CL_WEO_INDICATOR,TRUE,D_NGDPD,"External debt, Percent of GDP",NA
WEO,World Economic Outlook (WEO),DSD_WEO,INDICATOR,CL_WEO_INDICATOR,TRUE,PPPPC,"Gross domestic product (GDP), Per capita, purchasing power parity (PPP) international dollar, ICP benchmarks 2017-2021",NA
WEO,World Economic Outlook (WEO),DSD_WEO,INDICATOR,CL_WEO_INDICATOR,TRUE,PPPGDP,"Gross domestic product (GDP), Current prices, Purchasing power parity (PPP) international dollar, ICP benchmarks 2017-2021",NA
WEO,World Economic Outlook (WEO),DSD_WEO,INDICATOR,CL_WEO_INDICATOR,TRUE,DSP_BX,"External debt: total debt service, amortization, Percent of exports of goods and services",NA
WEO,World Economic Outlook (WEO),DSD_WEO,INDICATOR,CL_WEO_INDICATOR,TRUE,PPORK,"Swine, Unit prices, US cents per pound",NA
WEO,World Economic Outlook (WEO),DSD_WEO,INDICATOR,CL_WEO_INDICATOR,TRUE,PSAWMAL,"Hard sawnwood, Dark Red Meranti, Unit prices, US dollars per cubic meter",NA
WEO,World Economic Outlook (WEO),DSD_WEO,INDICATOR,CL_WEO_INDICATOR,TRUE,PORANG,"Orange, Import price, US dollars per metric tonne",NA
WEO,World Economic Outlook (WEO),DSD_WEO,INDICATOR,CL_WEO_INDICATOR,TRUE,PTIN,"Tin, Unit prices, US dollars per metric tonne",NA
WEO,World Economic Outlook (WEO),DSD_WEO,INDICATOR,CL_WEO_INDICATOR,TRUE,PPOULT,"Poultry, Unit prices, US cents per pound",NA
WEO,World Economic Outlook (WEO),DSD_WEO,INDICATOR,CL_WEO_INDICATOR,TRUE,DSI_BX,"External debt: total debt service, interest, Percent of exports of goods and services",NA
WEO,World Economic Outlook (WEO),DSD_WEO,INDICATOR,CL_WEO_INDICATOR,TRUE,NGDPDPC,"Gross domestic product (GDP), Current prices, Per capita, US dollar",NA
WEO,World Economic Outlook (WEO),DSD_WEO,INDICATOR,CL_WEO_INDICATOR,TRUE,PSAWORE,"Soft sawnwood, Export price, US dollars per cubic meter",NA
WEO,World Economic Outlook (WEO),DSD_WEO,INDICATOR,CL_WEO_INDICATOR,TRUE,PROIL,"Rapeseed oil, Unit prices, US dollars per metric tonne",NA
WEO,World Economic Outlook (WEO),DSD_WEO,INDICATOR,CL_WEO_INDICATOR,TRUE,PLAMB,"Lamb, Unit prices, US cents per pound",NA
WEO,World Economic Outlook (WEO),DSD_WEO,INDICATOR,CL_WEO_INDICATOR,TRUE,PBARL,"Barley, Unit prices, US dollars per metric tonne",NA
WEO,World Economic Outlook (WEO),DSD_WEO,INDICATOR,CL_WEO_INDICATOR,TRUE,PLOGORE,"Soft logs, Export price, US dollars per cubic meter",NA
WEO,World Economic Outlook (WEO),DSD_WEO,INDICATOR,CL_WEO_INDICATOR,TRUE,GGR_NGDP,"Revenue, General government, Percent of GDP",NA
WEO,World Economic Outlook (WEO),DSD_WEO,INDICATOR,CL_WEO_INDICATOR,TRUE,TRADEPCH,"Trade of goods and services, Volume, Percent change",NA
WEO,World Economic Outlook (WEO),DSD_WEO,INDICATOR,CL_WEO_INDICATOR,TRUE,PALUM,"Aluminum, Unit prices, US dollars per metric tonne",NA
WEO,World Economic Outlook (WEO),DSD_WEO,INDICATOR,CL_WEO_INDICATOR,TRUE,PLOGSK,"Hard logs, import price Japan, Import price, US dollars per cubic meter",NA
WEO,World Economic Outlook (WEO),DSD_WEO,INDICATOR,CL_WEO_INDICATOR,TRUE,PWOOLC,"Wool, coarse, Unit prices, US cents per kilogram",NA
WEO,World Economic Outlook (WEO),DSD_WEO,INDICATOR,CL_WEO_INDICATOR,TRUE,GGXWDN_NGDP,"Net debt, General government, Percent of GDP",NA
WEO,World Economic Outlook (WEO),DSD_WEO,INDICATOR,CL_WEO_INDICATOR,TRUE,PFISH,"Fishmeal, Unit prices, US dollars per metric tonne",NA
WEO,World Economic Outlook (WEO),DSD_WEO,INDICATOR,CL_WEO_INDICATOR,TRUE,NGDPRPC,"Gross domestic product (GDP), Constant prices, Per capita, Domestic currency",NA
WEO,World Economic Outlook (WEO),DSD_WEO,INDICATOR,CL_WEO_INDICATOR,TRUE,PNGASJP,"LNG, Asia, Unit prices, US dollars per million metric British thermal units of gas",NA
WEO,World Economic Outlook (WEO),DSD_WEO,INDICATOR,CL_WEO_INDICATOR,TRUE,LE,"Employed persons, Persons for countries / Index for country groups",NA
WEO,World Economic Outlook (WEO),DSD_WEO,INDICATOR,CL_WEO_INDICATOR,TRUE,NGDPPC,"Gross domestic product (GDP), Current prices, Per capita, Domestic currency",NA
WEO,World Economic Outlook (WEO),DSD_WEO,INDICATOR,CL_WEO_INDICATOR,TRUE,GGR,"Revenue, General government, Domestic currency",NA
WEO,World Economic Outlook (WEO),DSD_WEO,INDICATOR,CL_WEO_INDICATOR,TRUE,PWOOLF,"Wool, fine, Unit prices, US cents per kilogram",NA
WEO,World Economic Outlook (WEO),DSD_WEO,INDICATOR,CL_WEO_INDICATOR,TRUE,PCOFFOTM,"Coffee, other mild Arabica, Unit prices, US cents per pound",NA
WEO,World Economic Outlook (WEO),DSD_WEO,INDICATOR,CL_WEO_INDICATOR,TRUE,PNICK,"Nickel, Unit prices, US dollars per metric tonne",NA
WEO,World Economic Outlook (WEO),DSD_WEO,INDICATOR,CL_WEO_INDICATOR,TRUE,BCA,"Current account balance (credit less debit), US dollar",NA
WEO,World Economic Outlook (WEO),DSD_WEO,INDICATOR,CL_WEO_INDICATOR,TRUE,PBANSOP,"Bananas, Unit prices, US dollars per metric tonne",NA
WEO,World Economic Outlook (WEO),DSD_WEO,INDICATOR,CL_WEO_INDICATOR,TRUE,PRICENPQ,"Rice, Thailand, Unit prices, US dollars per metric tonne",NA
WEO,World Economic Outlook (WEO),DSD_WEO,INDICATOR,CL_WEO_INDICATOR,TRUE,DS_BX,"External debt: total debt service, Percent of exports of goods and services",NA
WEO,World Economic Outlook (WEO),DSD_WEO,INDICATOR,CL_WEO_INDICATOR,TRUE,PCOFFROB,"Coffee, Robustas, Unit prices, US cents per pound",NA
WEO,World Economic Outlook (WEO),DSD_WEO,INDICATOR,CL_WEO_INDICATOR,TRUE,PSALM,"Fish, Export price, US dollars per kilogram",NA
WEO,World Economic Outlook (WEO),DSD_WEO,INDICATOR,CL_WEO_INDICATOR,TRUE,PSUGAUSA,"Sugar, No. 16, US, Import price, US cents per pound",NA
WEO,World Economic Outlook (WEO),DSD_WEO,INDICATOR,CL_WEO_INDICATOR,TRUE,GGXWDG_NGDP,"Gross debt, General government, Percent of GDP",NA
WEO,World Economic Outlook (WEO),DSD_WEO,INDICATOR,CL_WEO_INDICATOR,TRUE,PCOPP,"Copper, Unit prices, US dollars per metric tonne",NA
WEO,World Economic Outlook (WEO),DSD_WEO,INDICATOR,CL_WEO_INDICATOR,TRUE,PLEAD,"Lead, Unit prices, US dollars per metric tonne",NA
WEO,World Economic Outlook (WEO),DSD_WEO,INDICATOR,CL_WEO_INDICATOR,TRUE,PBEEF,"Beef, Import price, US cents per pound",NA
WEO,World Economic Outlook (WEO),DSD_WEO,INDICATOR,CL_WEO_INDICATOR,TRUE,BF,"Financial account balance (assets less liabilities), US dollar",NA
WEO,World Economic Outlook (WEO),DSD_WEO,INDICATOR,CL_WEO_INDICATOR,TRUE,PURAN,"Uranium, Unit prices, US dollars per pound",NA
WEO,World Economic Outlook (WEO),DSD_WEO,INDICATOR,CL_WEO_INDICATOR,TRUE,BCA_NGDPD,"Current account balance (credit less debit), Percent of GDP",NA
WEO,World Economic Outlook (WEO),DSD_WEO,INDICATOR,CL_WEO_INDICATOR,TRUE,PHIDE,"Hides, Unit prices, US cents per pound",NA
WEO,World Economic Outlook (WEO),DSD_WEO,INDICATOR,CL_WEO_INDICATOR,TRUE,PGNUTS,"Groundnuts, Unit prices, US dollars per metric tonne",NA
WEO,World Economic Outlook (WEO),DSD_WEO,INDICATOR,CL_WEO_INDICATOR,TRUE,GGSB,"Structural balance, General government, Domestic currency",NA
WEO,World Economic Outlook (WEO),DSD_WEO,INDICATOR,CL_WEO_INDICATOR,TRUE,BFP,"Portfolio investment, Net (assets minus liabilities), US dollar",NA
WEO,World Economic Outlook (WEO),DSD_WEO,INDICATOR,CL_WEO_INDICATOR,TRUE,GGX_NGDP,"Expenditure, General government, Percent of GDP",NA
WEO,World Economic Outlook (WEO),DSD_WEO,INDICATOR,CL_WEO_INDICATOR,TRUE,GGXWDG,"Gross debt, General government, Domestic currency",NA
WEO,World Economic Outlook (WEO),DSD_WEO,INDICATOR,CL_WEO_INDICATOR,TRUE,GGXWDN,"Net debt, General government, Domestic currency",NA
WEO,World Economic Outlook (WEO),DSD_WEO,INDICATOR,CL_WEO_INDICATOR,TRUE,NGDP_FY,"Gross domestic product (GDP), Current prices, Fiscal year, Domestic currency",NA
WEO,World Economic Outlook (WEO),DSD_WEO,INDICATOR,CL_WEO_INDICATOR,TRUE,GGX,"Expenditure, General government, Domestic currency",NA
WEO,World Economic Outlook (WEO),DSD_WEO,INDICATOR,CL_WEO_INDICATOR,TRUE,PRUBB,"Rubber, Unit prices, US cents per pound",NA
WEO,World Economic Outlook (WEO),DSD_WEO,INDICATOR,CL_WEO_INDICATOR,TRUE,PWHEAMT,"Wheat, Unit prices, US dollars per metric tonne",NA
WEO,World Economic Outlook (WEO),DSD_WEO,INDICATOR,CL_WEO_INDICATOR,TRUE,PMAIZMT,"Corn, Unit prices, US dollars per metric tonne",NA
WEO,World Economic Outlook (WEO),DSD_WEO,INDICATOR,CL_WEO_INDICATOR,TRUE,GGSB_NPGDP,"Structural balance, General government, Percent",NA
WEO,World Economic Outlook (WEO),DSD_WEO,INDICATOR,CL_WEO_INDICATOR,TRUE,POLVOIL,"Olive oil, Unit prices, US dollars per metric tonne",NA
WEO,World Economic Outlook (WEO),DSD_WEO,INDICATOR,CL_WEO_INDICATOR,TRUE,PIORECR,"Iron ore, Unit prices, US dollars per metric tonne",NA
WEO,World Economic Outlook (WEO),DSD_WEO,INDICATOR,CL_WEO_INDICATOR,TRUE,D_BX,"External debt, Percent of exports of goods and services",NA
WEO,World Economic Outlook (WEO),DSD_WEO,INDICATOR,CL_WEO_INDICATOR,TRUE,BFD,"Direct investment, Net (assets minus liabilities), US dollar",NA
WEO,World Economic Outlook (WEO),DSD_WEO,INDICATOR,CL_WEO_INDICATOR,TRUE,TX_RPCH,"Exports of goods and services, Volume, Free on board (FOB), Percent change",NA
WEO,World Economic Outlook (WEO),DSD_WEO,INDICATOR,CL_WEO_INDICATOR,TRUE,PCOCO,"Cocoa, Unit prices, US dollars per metric tonne",NA
WEO,World Economic Outlook (WEO),DSD_WEO,INDICATOR,CL_WEO_INDICATOR,TRUE,BFO,"Other investment, Net (assets minus liabilities), US dollar",NA
WEO,World Economic Outlook (WEO),DSD_WEO,INDICATOR,CL_WEO_INDICATOR,TRUE,PPOIL,"Palm oil, Unit prices, US dollars per metric tonne",NA
WEO,World Economic Outlook (WEO),DSD_WEO,INDICATOR,CL_WEO_INDICATOR,TRUE,NGDPRPPPPC,"Gross domestic product (GDP), Constant prices, Per capita, purchasing power parity (PPP) international dollar, ICP benchmark 2021",NA
WEO,World Economic Outlook (WEO),DSD_WEO,INDICATOR,CL_WEO_INDICATOR,TRUE,PRAWMW,"Agricultural raw materials, Commodity price index",NA
WEO,World Economic Outlook (WEO),DSD_WEO,INDICATOR,CL_WEO_INDICATOR,TRUE,PSMEA,"Soybean meal, Unit prices, US dollars per metric tonne",NA
WEO,World Economic Outlook (WEO),DSD_WEO,INDICATOR,CL_WEO_INDICATOR,TRUE,PCOTTIND,"Cotton, Unit prices, US cents per pound",NA
WEO,World Economic Outlook (WEO),DSD_WEO,INDICATOR,CL_WEO_INDICATOR,TRUE,PCOALAU,"Coal, Australia, Unit prices, US dollars per metric tonne",NA
WEO,World Economic Outlook (WEO),DSD_WEO,INDICATOR,CL_WEO_INDICATOR,TRUE,PNGASUS,"Natural Gas, US Henry Hub Gas, Unit prices, US dollars per metric tonne",NA
WEO,World Economic Outlook (WEO),DSD_WEO,INDICATOR,CL_WEO_INDICATOR,TRUE,TXGM_D,"Exports of manufactures, Price deflator, Free on board (FOB), Index",NA
WEO,World Economic Outlook (WEO),DSD_WEO,INDICATOR,CL_WEO_INDICATOR,TRUE,TM_RPCH,"Imports of goods and services, Volume, Cost insurance freight (CIF), Percent change",NA
WEO,World Economic Outlook (WEO),DSD_WEO,INDICATOR,CL_WEO_INDICATOR,TRUE,PSOIL,"Soybeans oil, Unit prices, US dollars per metric tonne",NA
WEO,World Economic Outlook (WEO),DSD_WEO,INDICATOR,CL_WEO_INDICATOR,TRUE,PSUGAISA,"Sugar, No. 11, World, Unit prices, US cents per pound",NA
WEO,World Economic Outlook (WEO),DSD_WEO,INDICATOR,CL_WEO_INDICATOR,TRUE,BFF,"Financial derivatives and employee stock options, Net (assets minus liabilities), US dollar",NA
WEO,World Economic Outlook (WEO),DSD_WEO,INDICATOR,CL_WEO_INDICATOR,TRUE,NGAP_NPGDP,"Output gap, Percent of potential GDP",NA
WEO,World Economic Outlook (WEO),DSD_WEO,INDICATOR,CL_WEO_INDICATOR,TRUE,PSOYB,"Soybeans, Unit prices, US dollars per metric tonne",NA
WEO,World Economic Outlook (WEO),DSD_WEO,INDICATOR,CL_WEO_INDICATOR,TRUE,PINDUW,"Industrial materials, Commodity price index",NA
WEO,World Economic Outlook (WEO),DSD_WEO,INDICATOR,CL_WEO_INDICATOR,TRUE,GGXCNL,"Net lending (+) / net borrowing (-), General government, Domestic currency",NA
WEO,World Economic Outlook (WEO),DSD_WEO,INDICATOR,CL_WEO_INDICATOR,TRUE,BFRA,"Change in reserve assets, Net (assets minus liabilities), US dollar",NA
WEO,World Economic Outlook (WEO),DSD_WEO,INDICATOR,CL_WEO_INDICATOR,TRUE,TXGM_DPCH,"Exports of manufactures, Price deflator, Free on board (FOB), Percent change",NA
WEO,World Economic Outlook (WEO),DSD_WEO,INDICATOR,CL_WEO_INDICATOR,TRUE,POILBRE,"Brent crude, Unit prices, US dollars per barrel",NA
WEO,World Economic Outlook (WEO),DSD_WEO,INDICATOR,CL_WEO_INDICATOR,TRUE,PSHRI,"Shrimp, Unit prices, US dollars per kilogram",NA
WEO,World Economic Outlook (WEO),DSD_WEO,INDICATOR,CL_WEO_INDICATOR,TRUE,GGXCNL_NGDP,"Net lending (+) / net borrowing (-), General government, Percent of GDP",NA
WEO,World Economic Outlook (WEO),DSD_WEO,INDICATOR,CL_WEO_INDICATOR,TRUE,PCOALW,"Coal, Commodity price index",NA
WEO,World Economic Outlook (WEO),DSD_WEO,INDICATOR,CL_WEO_INDICATOR,TRUE,PBEVEW,"Beverages, Commodity price index",NA
WEO,World Economic Outlook (WEO),DSD_WEO,INDICATOR,CL_WEO_INDICATOR,TRUE,PWOOLW,"Wool, Commodity price index",NA
WEO,World Economic Outlook (WEO),DSD_WEO,INDICATOR,CL_WEO_INDICATOR,TRUE,POILDUB,"Dubai crude, Unit prices, US dollars per barrel",NA
WEO,World Economic Outlook (WEO),DSD_WEO,INDICATOR,CL_WEO_INDICATOR,TRUE,POILWTI,"WTI crude, Unit prices, US dollars per barrel",NA
WEO,World Economic Outlook (WEO),DSD_WEO,INDICATOR,CL_WEO_INDICATOR,TRUE,PCOFFW,"Coffee, Commodity price index",NA
WEO,World Economic Outlook (WEO),DSD_WEO,INDICATOR,CL_WEO_INDICATOR,TRUE,PCPI,"All Items, Consumer price index (CPI), Period average",NA
WEO,World Economic Outlook (WEO),DSD_WEO,INDICATOR,CL_WEO_INDICATOR,TRUE,PSEAFW,"Seafood, Commodity price index",NA
WEO,World Economic Outlook (WEO),DSD_WEO,INDICATOR,CL_WEO_INDICATOR,TRUE,PTIMBW,"Timber, Commodity price index",NA
WEO,World Economic Outlook (WEO),DSD_WEO,INDICATOR,CL_WEO_INDICATOR,TRUE,GGXONLB_NGDP,"Primary net lending (+) / net borrowing (-), General government, Percent of GDP",NA
WEO,World Economic Outlook (WEO),DSD_WEO,INDICATOR,CL_WEO_INDICATOR,TRUE,PSUGAW,"Sugar, Commodity price index",NA
WEO,World Economic Outlook (WEO),DSD_WEO,INDICATOR,CL_WEO_INDICATOR,TRUE,POILAPSP,"APSP crude oil, Unit prices, US dollars per barrel",NA
WEO,World Economic Outlook (WEO),DSD_WEO,INDICATOR,CL_WEO_INDICATOR,TRUE,PCEREW,"Cereal, Commodity price index",NA
WEO,World Economic Outlook (WEO),DSD_WEO,INDICATOR,CL_WEO_INDICATOR,TRUE,PALLFNFW,"All commodities, Commodity price index",NA
WEO,World Economic Outlook (WEO),DSD_WEO,INDICATOR,CL_WEO_INDICATOR,TRUE,PCPIE,"All Items, Consumer price index (CPI), End-of-period (EoP)",NA
WEO,World Economic Outlook (WEO),DSD_WEO,INDICATOR,CL_WEO_INDICATOR,TRUE,GGXONLB,"Primary net lending (+) / net borrowing (-), General government, Domestic currency",NA
WEO,World Economic Outlook (WEO),DSD_WEO,INDICATOR,CL_WEO_INDICATOR,TRUE,TXG_RPCH,"Exports of goods, Volume, Free on board (FOB), Percent change",NA
WEO,World Economic Outlook (WEO),DSD_WEO,INDICATOR,CL_WEO_INDICATOR,TRUE,TMG_RPCH,"Imports of goods, Volume, Cost insurance freight (CIF), Percent change",NA
WEO,World Economic Outlook (WEO),DSD_WEO,INDICATOR,CL_WEO_INDICATOR,TRUE,PSOFTW,"Softwood, Commodity price index",NA
WEO,World Economic Outlook (WEO),DSD_WEO,INDICATOR,CL_WEO_INDICATOR,TRUE,PHARDW,"Hardwood, Commodity price index",NA
WEO,World Economic Outlook (WEO),DSD_WEO,INDICATOR,CL_WEO_INDICATOR,TRUE,PCPIPCH,"All Items, Consumer price index (CPI), Period average, percent change",NA
WEO,World Economic Outlook (WEO),DSD_WEO,INDICATOR,CL_WEO_INDICATOR,TRUE,PMEATW,"Meat, Commodity price index",NA
WEO,World Economic Outlook (WEO),DSD_WEO,INDICATOR,CL_WEO_INDICATOR,TRUE,PFANDBW,"Food and beverage, Commodity price index",NA
WEO,World Economic Outlook (WEO),DSD_WEO,INDICATOR,CL_WEO_INDICATOR,TRUE,PCPIEPCH,"All Items, Consumer price index (CPI), End-of-period (EoP), percent change",NA
WEO,World Economic Outlook (WEO),DSD_WEO,INDICATOR,CL_WEO_INDICATOR,TRUE,PNFUELW,"Non-fuel, Commodity price index",NA
WEO,World Economic Outlook (WEO),DSD_WEO,INDICATOR,CL_WEO_INDICATOR,TRUE,PNRGW,"Energy, Commodity price index",NA
WEO,World Economic Outlook (WEO),DSD_WEO,INDICATOR,CL_WEO_INDICATOR,TRUE,LP,"Population, Persons for countries / Index for country groups",NA
WEO,World Economic Outlook (WEO),DSD_WEO,INDICATOR,CL_WEO_INDICATOR,TRUE,PNGASW,"Natural gas, Commodity price index",NA
WEO,World Economic Outlook (WEO),DSD_WEO,INDICATOR,CL_WEO_INDICATOR,TRUE,PPPEX,"Rate, Domestic currency per international dollar in PPP terms, ICP benchmarks 2017-2021",NA
WEO,World Economic Outlook (WEO),DSD_WEO,INDICATOR,CL_WEO_INDICATOR,TRUE,PFOODW,"Food, Commodity price index",NA
WEO,World Economic Outlook (WEO),DSD_WEO,INDICATOR,CL_WEO_INDICATOR,TRUE,PMETAW,"Metal, Commodity price index",NA
WEO,World Economic Outlook (WEO),DSD_WEO,INDICATOR,CL_WEO_INDICATOR,TRUE,POILAPSPW,"APSP crude oil, Commodity price index",NA
WEO,World Economic Outlook (WEO),DSD_WEO,INDICATOR,CL_WEO_INDICATOR,TRUE,NID_NGDP,"Gross capital formation, Percent of GDP",NA
WEO,World Economic Outlook (WEO),DSD_WEO,INDICATOR,CL_WEO_INDICATOR,TRUE,PVOILW,"Vegetable oil, Commodity price index",NA
WEO,World Economic Outlook (WEO),DSD_WEO,FREQ,CL_FREQ,FALSE,A,Annual,NA
WEO,World Economic Outlook (WEO),DSD_WEO,FREQ,CL_FREQ,FALSE,D,Daily,NA
WEO,World Economic Outlook (WEO),DSD_WEO,FREQ,CL_FREQ,FALSE,M,Monthly,NA
WEO,World Economic Outlook (WEO),DSD_WEO,FREQ,CL_FREQ,FALSE,Q,Quarterly,NA
WEO,World Economic Outlook (WEO),DSD_WEO,FREQ,CL_FREQ,FALSE,S,"Half-yearly, semester",NA
WEO,World Economic Outlook (WEO),DSD_WEO,FREQ,CL_FREQ,FALSE,W,Weekly,NA
WEO,World Economic Outlook (WEO),DSD_WEO,FREQ,CL_FREQ,FALSE,A2,Biennial,NA
WEO,World Economic Outlook (WEO),DSD_WEO,FREQ,CL_FREQ,FALSE,A3,Triennial,NA
WEO,World Economic Outlook (WEO),DSD_WEO,FREQ,CL_FREQ,FALSE,A4,Quadrennial,NA
WEO,World Economic Outlook (WEO),DSD_WEO,FREQ,CL_FREQ,FALSE,A5,Quinquennial,NA
WEO,World Economic Outlook (WEO),DSD_WEO,FREQ,CL_FREQ,FALSE,A10,Decennial,NA
WEO,World Economic Outlook (WEO),DSD_WEO,FREQ,CL_FREQ,FALSE,A20,Bidecennial,NA
WEO,World Economic Outlook (WEO),DSD_WEO,FREQ,CL_FREQ,FALSE,A30,Tridecennial,NA
WEO,World Economic Outlook (WEO),DSD_WEO,FREQ,CL_FREQ,FALSE,A_3,Three times a year,NA
WEO,World Economic Outlook (WEO),DSD_WEO,FREQ,CL_FREQ,FALSE,M2,Bimonthly,NA
WEO,World Economic Outlook (WEO),DSD_WEO,FREQ,CL_FREQ,FALSE,M_2,Semimonthly,NA
WEO,World Economic Outlook (WEO),DSD_WEO,FREQ,CL_FREQ,FALSE,M_3,Three times a month,NA
WEO,World Economic Outlook (WEO),DSD_WEO,FREQ,CL_FREQ,FALSE,W2,Biweekly,NA
WEO,World Economic Outlook (WEO),DSD_WEO,FREQ,CL_FREQ,FALSE,W3,Triweekly,NA
WEO,World Economic Outlook (WEO),DSD_WEO,FREQ,CL_FREQ,FALSE,W4,Four-weekly,NA
WEO,World Economic Outlook (WEO),DSD_WEO,FREQ,CL_FREQ,FALSE,W_2,Semiweekly,NA
WEO,World Economic Outlook (WEO),DSD_WEO,FREQ,CL_FREQ,FALSE,W_3,Three times a week,NA
WEO,World Economic Outlook (WEO),DSD_WEO,FREQ,CL_FREQ,FALSE,D_2,Twice a day,NA
WEO,World Economic Outlook (WEO),DSD_WEO,FREQ,CL_FREQ,FALSE,H,Hourly,NA
WEO,World Economic Outlook (WEO),DSD_WEO,FREQ,CL_FREQ,FALSE,H2,Bihourly,NA
WEO,World Economic Outlook (WEO),DSD_WEO,FREQ,CL_FREQ,FALSE,H3,Trihourly,NA
WEO,World Economic Outlook (WEO),DSD_WEO,FREQ,CL_FREQ,FALSE,B,Daily – business week,NA
WEO,World Economic Outlook (WEO),DSD_WEO,FREQ,CL_FREQ,FALSE,N,Minutely,NA
WEO,World Economic Outlook (WEO),DSD_WEO,FREQ,CL_FREQ,FALSE,I,Irregular,NA
WEO,World Economic Outlook (WEO),DSD_WEO,FREQ,CL_FREQ,FALSE,OA,Occasional annual,NA
WEO,World Economic Outlook (WEO),DSD_WEO,FREQ,CL_FREQ,FALSE,OM,Occasional monthly,NA
WEO,World Economic Outlook (WEO),DSD_WEO,FREQ,CL_FREQ,FALSE,_O,Other,NA
WEO,World Economic Outlook (WEO),DSD_WEO,FREQ,CL_FREQ,FALSE,_U,Unspecified,NA
WEO,World Economic Outlook (WEO),DSD_WEO,FREQ,CL_FREQ,FALSE,_Z,Not applicable,NA
CPI,Consumer Price Index (CPI),DSD_CPI,COUNTRY,CL_COUNTRY,FALSE,AFG,"Afghanistan, Islamic Republic of",NA
CPI,Consumer Price Index (CPI),DSD_CPI,COUNTRY,CL_COUNTRY,FALSE,ALB,Albania,NA
CPI,Consumer Price Index (CPI),DSD_CPI,COUNTRY,CL_COUNTRY,FALSE,DZA,Algeria,NA
CPI,Consumer Price Index (CPI),DSD_CPI,COUNTRY,CL_COUNTRY,FALSE,ASM,American Samoa,NA
CPI,Consumer Price Index (CPI),DSD_CPI,COUNTRY,CL_COUNTRY,FALSE,AND,"Andorra, Principality of",NA
CPI,Consumer Price Index (CPI),DSD_CPI,COUNTRY,CL_COUNTRY,FALSE,AGO,Angola,NA
CPI,Consumer Price Index (CPI),DSD_CPI,COUNTRY,CL_COUNTRY,FALSE,AIA,"Anguilla, United Kingdom-British Overseas Territory",NA
CPI,Consumer Price Index (CPI),DSD_CPI,COUNTRY,CL_COUNTRY,FALSE,ATG,Antigua and Barbuda,NA
CPI,Consumer Price Index (CPI),DSD_CPI,COUNTRY,CL_COUNTRY,FALSE,ARG,Argentina,NA
CPI,Consumer Price Index (CPI),DSD_CPI,COUNTRY,CL_COUNTRY,FALSE,ARM,"Armenia, Republic of",NA
CPI,Consumer Price Index (CPI),DSD_CPI,COUNTRY,CL_COUNTRY,FALSE,ABW,"Aruba, Kingdom of the Netherlands",NA
CPI,Consumer Price Index (CPI),DSD_CPI,COUNTRY,CL_COUNTRY,FALSE,AUS,Australia,NA
CPI,Consumer Price Index (CPI),DSD_CPI,COUNTRY,CL_COUNTRY,FALSE,AUT,Austria,NA
CPI,Consumer Price Index (CPI),DSD_CPI,COUNTRY,CL_COUNTRY,FALSE,AZE,"Azerbaijan, Republic of",NA
CPI,Consumer Price Index (CPI),DSD_CPI,COUNTRY,CL_COUNTRY,FALSE,BHS,"Bahamas, The",NA
CPI,Consumer Price Index (CPI),DSD_CPI,COUNTRY,CL_COUNTRY,FALSE,BHR,"Bahrain, Kingdom of",NA
CPI,Consumer Price Index (CPI),DSD_CPI,COUNTRY,CL_COUNTRY,FALSE,BGD,Bangladesh,NA
CPI,Consumer Price Index (CPI),DSD_CPI,COUNTRY,CL_COUNTRY,FALSE,BRB,Barbados,NA
CPI,Consumer Price Index (CPI),DSD_CPI,COUNTRY,CL_COUNTRY,FALSE,BLR,"Belarus, Republic of",NA
CPI,Consumer Price Index (CPI),DSD_CPI,COUNTRY,CL_COUNTRY,FALSE,BEL,Belgium,NA
CPI,Consumer Price Index (CPI),DSD_CPI,COUNTRY,CL_COUNTRY,FALSE,BLZ,Belize,NA
CPI,Consumer Price Index (CPI),DSD_CPI,COUNTRY,CL_COUNTRY,FALSE,BEN,Benin,NA
CPI,Consumer Price Index (CPI),DSD_CPI,COUNTRY,CL_COUNTRY,FALSE,BMU,Bermuda,NA
CPI,Consumer Price Index (CPI),DSD_CPI,COUNTRY,CL_COUNTRY,FALSE,BTN,Bhutan,NA
CPI,Consumer Price Index (CPI),DSD_CPI,COUNTRY,CL_COUNTRY,FALSE,BOL,Bolivia,NA
CPI,Consumer Price Index (CPI),DSD_CPI,COUNTRY,CL_COUNTRY,FALSE,BIH,Bosnia and Herzegovina,NA
CPI,Consumer Price Index (CPI),DSD_CPI,COUNTRY,CL_COUNTRY,FALSE,BWA,Botswana,NA
CPI,Consumer Price Index (CPI),DSD_CPI,COUNTRY,CL_COUNTRY,FALSE,BRA,Brazil,NA
CPI,Consumer Price Index (CPI),DSD_CPI,COUNTRY,CL_COUNTRY,FALSE,VGB,British Virgin Islands,NA
CPI,Consumer Price Index (CPI),DSD_CPI,COUNTRY,CL_COUNTRY,FALSE,BRN,Brunei Darussalam,NA
CPI,Consumer Price Index (CPI),DSD_CPI,COUNTRY,CL_COUNTRY,FALSE,BGR,Bulgaria,NA
CPI,Consumer Price Index (CPI),DSD_CPI,COUNTRY,CL_COUNTRY,FALSE,BFA,Burkina Faso,NA
CPI,Consumer Price Index (CPI),DSD_CPI,COUNTRY,CL_COUNTRY,FALSE,BDI,Burundi,NA
CPI,Consumer Price Index (CPI),DSD_CPI,COUNTRY,CL_COUNTRY,FALSE,CPV,Cabo Verde,NA
CPI,Consumer Price Index (CPI),DSD_CPI,COUNTRY,CL_COUNTRY,FALSE,KHM,Cambodia,NA
CPI,Consumer Price Index (CPI),DSD_CPI,COUNTRY,CL_COUNTRY,FALSE,CMR,Cameroon,NA
CPI,Consumer Price Index (CPI),DSD_CPI,COUNTRY,CL_COUNTRY,FALSE,CAN,Canada,NA
CPI,Consumer Price Index (CPI),DSD_CPI,COUNTRY,CL_COUNTRY,FALSE,CYM,Cayman Islands,NA
CPI,Consumer Price Index (CPI),DSD_CPI,COUNTRY,CL_COUNTRY,FALSE,CAF,Central African Republic,NA
CPI,Consumer Price Index (CPI),DSD_CPI,COUNTRY,CL_COUNTRY,FALSE,TCD,Chad,NA
CPI,Consumer Price Index (CPI),DSD_CPI,COUNTRY,CL_COUNTRY,FALSE,CHL,Chile,NA
CPI,Consumer Price Index (CPI),DSD_CPI,COUNTRY,CL_COUNTRY,FALSE,CHN,"China, People's Republic of",NA
CPI,Consumer Price Index (CPI),DSD_CPI,COUNTRY,CL_COUNTRY,FALSE,COL,Colombia,NA
CPI,Consumer Price Index (CPI),DSD_CPI,COUNTRY,CL_COUNTRY,FALSE,COM,"Comoros, Union of the",NA
CPI,Consumer Price Index (CPI),DSD_CPI,COUNTRY,CL_COUNTRY,FALSE,COD,"Congo, Democratic Republic of the",NA
CPI,Consumer Price Index (CPI),DSD_CPI,COUNTRY,CL_COUNTRY,FALSE,COG,"Congo, Republic of",NA
CPI,Consumer Price Index (CPI),DSD_CPI,COUNTRY,CL_COUNTRY,FALSE,COK,Cook Islands,NA
CPI,Consumer Price Index (CPI),DSD_CPI,COUNTRY,CL_COUNTRY,FALSE,CRI,Costa Rica,NA
CPI,Consumer Price Index (CPI),DSD_CPI,COUNTRY,CL_COUNTRY,FALSE,HRV,"Croatia, Republic of",NA
CPI,Consumer Price Index (CPI),DSD_CPI,COUNTRY,CL_COUNTRY,FALSE,CUB,Cuba,NA
CPI,Consumer Price Index (CPI),DSD_CPI,COUNTRY,CL_COUNTRY,FALSE,CUW,"Curaçao, Kingdom of the Netherlands",NA
CPI,Consumer Price Index (CPI),DSD_CPI,COUNTRY,CL_COUNTRY,FALSE,CYP,Cyprus,NA
CPI,Consumer Price Index (CPI),DSD_CPI,COUNTRY,CL_COUNTRY,FALSE,CZE,Czech Republic,NA
CPI,Consumer Price Index (CPI),DSD_CPI,COUNTRY,CL_COUNTRY,FALSE,CIV,Côte d'Ivoire,NA
CPI,Consumer Price Index (CPI),DSD_CPI,COUNTRY,CL_COUNTRY,FALSE,DNK,Denmark,NA
CPI,Consumer Price Index (CPI),DSD_CPI,COUNTRY,CL_COUNTRY,FALSE,DJI,Djibouti,NA
CPI,Consumer Price Index (CPI),DSD_CPI,COUNTRY,CL_COUNTRY,FALSE,DMA,Dominica,NA
CPI,Consumer Price Index (CPI),DSD_CPI,COUNTRY,CL_COUNTRY,FALSE,DOM,Dominican Republic,NA
CPI,Consumer Price Index (CPI),DSD_CPI,COUNTRY,CL_COUNTRY,FALSE,ECU,Ecuador,NA
CPI,Consumer Price Index (CPI),DSD_CPI,COUNTRY,CL_COUNTRY,FALSE,EGY,"Egypt, Arab Republic of",NA
CPI,Consumer Price Index (CPI),DSD_CPI,COUNTRY,CL_COUNTRY,FALSE,SLV,El Salvador,NA
CPI,Consumer Price Index (CPI),DSD_CPI,COUNTRY,CL_COUNTRY,FALSE,GNQ,"Equatorial Guinea, Republic of",NA
CPI,Consumer Price Index (CPI),DSD_CPI,COUNTRY,CL_COUNTRY,FALSE,ERI,"Eritrea, The State of",NA
CPI,Consumer Price Index (CPI),DSD_CPI,COUNTRY,CL_COUNTRY,FALSE,EST,"Estonia, Republic of",NA
CPI,Consumer Price Index (CPI),DSD_CPI,COUNTRY,CL_COUNTRY,FALSE,SWZ,"Eswatini, Kingdom of",NA
CPI,Consumer Price Index (CPI),DSD_CPI,COUNTRY,CL_COUNTRY,FALSE,ETH,"Ethiopia, The Federal Democratic Republic of",NA
CPI,Consumer Price Index (CPI),DSD_CPI,COUNTRY,CL_COUNTRY,FALSE,FLK,Falkland Islands (Malvinas),NA
CPI,Consumer Price Index (CPI),DSD_CPI,COUNTRY,CL_COUNTRY,FALSE,FRO,Faroe Islands,NA
CPI,Consumer Price Index (CPI),DSD_CPI,COUNTRY,CL_COUNTRY,FALSE,FJI,"Fiji, Republic of",NA
CPI,Consumer Price Index (CPI),DSD_CPI,COUNTRY,CL_COUNTRY,FALSE,FIN,Finland,NA
CPI,Consumer Price Index (CPI),DSD_CPI,COUNTRY,CL_COUNTRY,FALSE,FRA,France,NA
CPI,Consumer Price Index (CPI),DSD_CPI,COUNTRY,CL_COUNTRY,FALSE,GUF,French Guiana,NA
CPI,Consumer Price Index (CPI),DSD_CPI,COUNTRY,CL_COUNTRY,FALSE,PYF,French Polynesia,NA
CPI,Consumer Price Index (CPI),DSD_CPI,COUNTRY,CL_COUNTRY,FALSE,GAB,Gabon,NA
CPI,Consumer Price Index (CPI),DSD_CPI,COUNTRY,CL_COUNTRY,FALSE,GMB,"Gambia, The",NA
CPI,Consumer Price Index (CPI),DSD_CPI,COUNTRY,CL_COUNTRY,FALSE,GEO,Georgia,NA
CPI,Consumer Price Index (CPI),DSD_CPI,COUNTRY,CL_COUNTRY,FALSE,DEU,Germany,NA
CPI,Consumer Price Index (CPI),DSD_CPI,COUNTRY,CL_COUNTRY,FALSE,GHA,Ghana,NA
CPI,Consumer Price Index (CPI),DSD_CPI,COUNTRY,CL_COUNTRY,FALSE,GIB,Gibraltar,NA
CPI,Consumer Price Index (CPI),DSD_CPI,COUNTRY,CL_COUNTRY,FALSE,GRC,Greece,NA
CPI,Consumer Price Index (CPI),DSD_CPI,COUNTRY,CL_COUNTRY,FALSE,GRL,Greenland,NA
CPI,Consumer Price Index (CPI),DSD_CPI,COUNTRY,CL_COUNTRY,FALSE,GRD,Grenada,NA
CPI,Consumer Price Index (CPI),DSD_CPI,COUNTRY,CL_COUNTRY,FALSE,GLP,Guadeloupe,NA
CPI,Consumer Price Index (CPI),DSD_CPI,COUNTRY,CL_COUNTRY,FALSE,GUM,Guam,NA
CPI,Consumer Price Index (CPI),DSD_CPI,COUNTRY,CL_COUNTRY,FALSE,GTM,Guatemala,NA
CPI,Consumer Price Index (CPI),DSD_CPI,COUNTRY,CL_COUNTRY,FALSE,GGY,Guernsey,NA
CPI,Consumer Price Index (CPI),DSD_CPI,COUNTRY,CL_COUNTRY,FALSE,GIN,Guinea,NA
CPI,Consumer Price Index (CPI),DSD_CPI,COUNTRY,CL_COUNTRY,FALSE,GNB,Guinea-Bissau,NA
CPI,Consumer Price Index (CPI),DSD_CPI,COUNTRY,CL_COUNTRY,FALSE,GUY,Guyana,NA
CPI,Consumer Price Index (CPI),DSD_CPI,COUNTRY,CL_COUNTRY,FALSE,HTI,Haiti,NA
CPI,Consumer Price Index (CPI),DSD_CPI,COUNTRY,CL_COUNTRY,FALSE,VAT,Holy See,NA
CPI,Consumer Price Index (CPI),DSD_CPI,COUNTRY,CL_COUNTRY,FALSE,HND,Honduras,NA
CPI,Consumer Price Index (CPI),DSD_CPI,COUNTRY,CL_COUNTRY,FALSE,HKG,"Hong Kong Special Administrative Region, People's Republic of China",NA
CPI,Consumer Price Index (CPI),DSD_CPI,COUNTRY,CL_COUNTRY,FALSE,HUN,Hungary,NA
CPI,Consumer Price Index (CPI),DSD_CPI,COUNTRY,CL_COUNTRY,FALSE,ISL,Iceland,NA
CPI,Consumer Price Index (CPI),DSD_CPI,COUNTRY,CL_COUNTRY,FALSE,IND,India,NA
CPI,Consumer Price Index (CPI),DSD_CPI,COUNTRY,CL_COUNTRY,FALSE,IDN,Indonesia,NA
CPI,Consumer Price Index (CPI),DSD_CPI,COUNTRY,CL_COUNTRY,FALSE,IRN,"Iran, Islamic Republic of",NA
CPI,Consumer Price Index (CPI),DSD_CPI,COUNTRY,CL_COUNTRY,FALSE,IRQ,Iraq,NA
CPI,Consumer Price Index (CPI),DSD_CPI,COUNTRY,CL_COUNTRY,FALSE,IRL,Ireland,NA
CPI,Consumer Price Index (CPI),DSD_CPI,COUNTRY,CL_COUNTRY,FALSE,IMN,Isle of Man,NA
CPI,Consumer Price Index (CPI),DSD_CPI,COUNTRY,CL_COUNTRY,FALSE,ISR,Israel,NA
CPI,Consumer Price Index (CPI),DSD_CPI,COUNTRY,CL_COUNTRY,FALSE,ITA,Italy,NA
CPI,Consumer Price Index (CPI),DSD_CPI,COUNTRY,CL_COUNTRY,FALSE,JAM,Jamaica,NA
CPI,Consumer Price Index (CPI),DSD_CPI,COUNTRY,CL_COUNTRY,FALSE,JPN,Japan,NA
CPI,Consumer Price Index (CPI),DSD_CPI,COUNTRY,CL_COUNTRY,FALSE,JEY,Jersey,NA
CPI,Consumer Price Index (CPI),DSD_CPI,COUNTRY,CL_COUNTRY,FALSE,JOR,Jordan,NA
CPI,Consumer Price Index (CPI),DSD_CPI,COUNTRY,CL_COUNTRY,FALSE,KAZ,"Kazakhstan, Republic of",NA
CPI,Consumer Price Index (CPI),DSD_CPI,COUNTRY,CL_COUNTRY,FALSE,KEN,Kenya,NA
CPI,Consumer Price Index (CPI),DSD_CPI,COUNTRY,CL_COUNTRY,FALSE,KIR,Kiribati,NA
CPI,Consumer Price Index (CPI),DSD_CPI,COUNTRY,CL_COUNTRY,FALSE,PRK,"Korea, Democratic People's Republic of",NA
CPI,Consumer Price Index (CPI),DSD_CPI,COUNTRY,CL_COUNTRY,FALSE,KOR,"Korea, Republic of",NA
CPI,Consumer Price Index (CPI),DSD_CPI,COUNTRY,CL_COUNTRY,FALSE,KOS,"Kosovo, Republic of",NA
CPI,Consumer Price Index (CPI),DSD_CPI,COUNTRY,CL_COUNTRY,FALSE,KWT,Kuwait,NA
CPI,Consumer Price Index (CPI),DSD_CPI,COUNTRY,CL_COUNTRY,FALSE,KGZ,Kyrgyz Republic,NA
CPI,Consumer Price Index (CPI),DSD_CPI,COUNTRY,CL_COUNTRY,FALSE,LAO,Lao People's Democratic Republic,NA
CPI,Consumer Price Index (CPI),DSD_CPI,COUNTRY,CL_COUNTRY,FALSE,LVA,"Latvia, Republic of",NA
CPI,Consumer Price Index (CPI),DSD_CPI,COUNTRY,CL_COUNTRY,FALSE,LBN,Lebanon,NA
CPI,Consumer Price Index (CPI),DSD_CPI,COUNTRY,CL_COUNTRY,FALSE,LSO,"Lesotho, Kingdom of",NA
CPI,Consumer Price Index (CPI),DSD_CPI,COUNTRY,CL_COUNTRY,FALSE,LBR,Liberia,NA
CPI,Consumer Price Index (CPI),DSD_CPI,COUNTRY,CL_COUNTRY,FALSE,LBY,Libya,NA
CPI,Consumer Price Index (CPI),DSD_CPI,COUNTRY,CL_COUNTRY,FALSE,LIE,"Liechtenstein, Principality of",NA
CPI,Consumer Price Index (CPI),DSD_CPI,COUNTRY,CL_COUNTRY,FALSE,LTU,"Lithuania, Republic of",NA
CPI,Consumer Price Index (CPI),DSD_CPI,COUNTRY,CL_COUNTRY,FALSE,LUX,Luxembourg,NA
CPI,Consumer Price Index (CPI),DSD_CPI,COUNTRY,CL_COUNTRY,FALSE,MAC,"Macao Special Administrative Region, People's Republic of China",NA
CPI,Consumer Price Index (CPI),DSD_CPI,COUNTRY,CL_COUNTRY,FALSE,MDG,"Madagascar, Republic of",NA
CPI,Consumer Price Index (CPI),DSD_CPI,COUNTRY,CL_COUNTRY,FALSE,MWI,Malawi,NA
CPI,Consumer Price Index (CPI),DSD_CPI,COUNTRY,CL_COUNTRY,FALSE,MYS,Malaysia,NA
CPI,Consumer Price Index (CPI),DSD_CPI,COUNTRY,CL_COUNTRY,FALSE,MDV,Maldives,NA
CPI,Consumer Price Index (CPI),DSD_CPI,COUNTRY,CL_COUNTRY,FALSE,MLI,Mali,NA
CPI,Consumer Price Index (CPI),DSD_CPI,COUNTRY,CL_COUNTRY,FALSE,MLT,Malta,NA
CPI,Consumer Price Index (CPI),DSD_CPI,COUNTRY,CL_COUNTRY,FALSE,MHL,"Marshall Islands, Republic of the",NA
CPI,Consumer Price Index (CPI),DSD_CPI,COUNTRY,CL_COUNTRY,FALSE,MTQ,Martinique,NA
CPI,Consumer Price Index (CPI),DSD_CPI,COUNTRY,CL_COUNTRY,FALSE,MRT,"Mauritania, Islamic Republic of",NA
CPI,Consumer Price Index (CPI),DSD_CPI,COUNTRY,CL_COUNTRY,FALSE,MUS,Mauritius,NA
CPI,Consumer Price Index (CPI),DSD_CPI,COUNTRY,CL_COUNTRY,FALSE,MYT,Mayotte,NA
CPI,Consumer Price Index (CPI),DSD_CPI,COUNTRY,CL_COUNTRY,FALSE,MEX,Mexico,NA
CPI,Consumer Price Index (CPI),DSD_CPI,COUNTRY,CL_COUNTRY,FALSE,FSM,"Micronesia, Federated States of",NA
CPI,Consumer Price Index (CPI),DSD_CPI,COUNTRY,CL_COUNTRY,FALSE,MDA,"Moldova, Republic of",NA
CPI,Consumer Price Index (CPI),DSD_CPI,COUNTRY,CL_COUNTRY,FALSE,MCO,Monaco,NA
CPI,Consumer Price Index (CPI),DSD_CPI,COUNTRY,CL_COUNTRY,FALSE,MNG,Mongolia,NA
CPI,Consumer Price Index (CPI),DSD_CPI,COUNTRY,CL_COUNTRY,FALSE,MNE,Montenegro,NA
CPI,Consumer Price Index (CPI),DSD_CPI,COUNTRY,CL_COUNTRY,FALSE,MSR,"Montserrat, United Kingdom-British Overseas Territory",NA
CPI,Consumer Price Index (CPI),DSD_CPI,COUNTRY,CL_COUNTRY,FALSE,MAR,Morocco,NA
CPI,Consumer Price Index (CPI),DSD_CPI,COUNTRY,CL_COUNTRY,FALSE,MOZ,"Mozambique, Republic of",NA
CPI,Consumer Price Index (CPI),DSD_CPI,COUNTRY,CL_COUNTRY,FALSE,MMR,Myanmar,NA
CPI,Consumer Price Index (CPI),DSD_CPI,COUNTRY,CL_COUNTRY,FALSE,NAM,Namibia,NA
CPI,Consumer Price Index (CPI),DSD_CPI,COUNTRY,CL_COUNTRY,FALSE,NRU,"Nauru, Republic of",NA
CPI,Consumer Price Index (CPI),DSD_CPI,COUNTRY,CL_COUNTRY,FALSE,NPL,Nepal,NA
CPI,Consumer Price Index (CPI),DSD_CPI,COUNTRY,CL_COUNTRY,FALSE,NLD,"Netherlands, The",NA
CPI,Consumer Price Index (CPI),DSD_CPI,COUNTRY,CL_COUNTRY,FALSE,NCL,New Caledonia,NA
CPI,Consumer Price Index (CPI),DSD_CPI,COUNTRY,CL_COUNTRY,FALSE,NZL,New Zealand,NA
CPI,Consumer Price Index (CPI),DSD_CPI,COUNTRY,CL_COUNTRY,FALSE,NIC,Nicaragua,NA
CPI,Consumer Price Index (CPI),DSD_CPI,COUNTRY,CL_COUNTRY,FALSE,NER,Niger,NA
CPI,Consumer Price Index (CPI),DSD_CPI,COUNTRY,CL_COUNTRY,FALSE,NGA,Nigeria,NA
CPI,Consumer Price Index (CPI),DSD_CPI,COUNTRY,CL_COUNTRY,FALSE,NIU,Niue,NA
CPI,Consumer Price Index (CPI),DSD_CPI,COUNTRY,CL_COUNTRY,FALSE,NFK,Norfolk Island,NA
CPI,Consumer Price Index (CPI),DSD_CPI,COUNTRY,CL_COUNTRY,FALSE,MKD,"North Macedonia, Republic of",NA
CPI,Consumer Price Index (CPI),DSD_CPI,COUNTRY,CL_COUNTRY,FALSE,MNP,Northern Mariana Islands,NA
CPI,Consumer Price Index (CPI),DSD_CPI,COUNTRY,CL_COUNTRY,FALSE,NOR,Norway,NA
CPI,Consumer Price Index (CPI),DSD_CPI,COUNTRY,CL_COUNTRY,FALSE,OMN,Oman,NA
CPI,Consumer Price Index (CPI),DSD_CPI,COUNTRY,CL_COUNTRY,FALSE,PAK,Pakistan,NA
CPI,Consumer Price Index (CPI),DSD_CPI,COUNTRY,CL_COUNTRY,FALSE,PLW,"Palau, Republic of",NA
CPI,Consumer Price Index (CPI),DSD_CPI,COUNTRY,CL_COUNTRY,FALSE,PAN,Panama,NA
CPI,Consumer Price Index (CPI),DSD_CPI,COUNTRY,CL_COUNTRY,FALSE,PNG,Papua New Guinea,NA
CPI,Consumer Price Index (CPI),DSD_CPI,COUNTRY,CL_COUNTRY,FALSE,PRY,Paraguay,NA
CPI,Consumer Price Index (CPI),DSD_CPI,COUNTRY,CL_COUNTRY,FALSE,PER,Peru,NA
CPI,Consumer Price Index (CPI),DSD_CPI,COUNTRY,CL_COUNTRY,FALSE,PHL,Philippines,NA
CPI,Consumer Price Index (CPI),DSD_CPI,COUNTRY,CL_COUNTRY,FALSE,PCN,Pitcairn Islands,NA
CPI,Consumer Price Index (CPI),DSD_CPI,COUNTRY,CL_COUNTRY,FALSE,POL,"Poland, Republic of",NA
CPI,Consumer Price Index (CPI),DSD_CPI,COUNTRY,CL_COUNTRY,FALSE,PRT,Portugal,NA
CPI,Consumer Price Index (CPI),DSD_CPI,COUNTRY,CL_COUNTRY,FALSE,PRI,Puerto Rico,NA
CPI,Consumer Price Index (CPI),DSD_CPI,COUNTRY,CL_COUNTRY,FALSE,QAT,Qatar,NA
CPI,Consumer Price Index (CPI),DSD_CPI,COUNTRY,CL_COUNTRY,FALSE,ROU,Romania,NA
CPI,Consumer Price Index (CPI),DSD_CPI,COUNTRY,CL_COUNTRY,FALSE,RUS,Russian Federation,NA
CPI,Consumer Price Index (CPI),DSD_CPI,COUNTRY,CL_COUNTRY,FALSE,RWA,Rwanda,NA
CPI,Consumer Price Index (CPI),DSD_CPI,COUNTRY,CL_COUNTRY,FALSE,REU,Réunion,NA
CPI,Consumer Price Index (CPI),DSD_CPI,COUNTRY,CL_COUNTRY,FALSE,WSM,Samoa,NA
CPI,Consumer Price Index (CPI),DSD_CPI,COUNTRY,CL_COUNTRY,FALSE,SMR,"San Marino, Republic of",NA
CPI,Consumer Price Index (CPI),DSD_CPI,COUNTRY,CL_COUNTRY,FALSE,SAU,Saudi Arabia,NA
CPI,Consumer Price Index (CPI),DSD_CPI,COUNTRY,CL_COUNTRY,FALSE,SEN,Senegal,NA
CPI,Consumer Price Index (CPI),DSD_CPI,COUNTRY,CL_COUNTRY,FALSE,SRB,"Serbia, Republic of",NA
CPI,Consumer Price Index (CPI),DSD_CPI,COUNTRY,CL_COUNTRY,FALSE,SYC,Seychelles,NA
CPI,Consumer Price Index (CPI),DSD_CPI,COUNTRY,CL_COUNTRY,FALSE,SLE,Sierra Leone,NA
CPI,Consumer Price Index (CPI),DSD_CPI,COUNTRY,CL_COUNTRY,FALSE,SGP,Singapore,NA
CPI,Consumer Price Index (CPI),DSD_CPI,COUNTRY,CL_COUNTRY,FALSE,SXM,"Sint Maarten, Kingdom of the Netherlands",NA
CPI,Consumer Price Index (CPI),DSD_CPI,COUNTRY,CL_COUNTRY,FALSE,SVK,Slovak Republic,NA
CPI,Consumer Price Index (CPI),DSD_CPI,COUNTRY,CL_COUNTRY,FALSE,SVN,"Slovenia, Republic of",NA
CPI,Consumer Price Index (CPI),DSD_CPI,COUNTRY,CL_COUNTRY,FALSE,SLB,Solomon Islands,NA
CPI,Consumer Price Index (CPI),DSD_CPI,COUNTRY,CL_COUNTRY,FALSE,SOM,Somalia,NA
CPI,Consumer Price Index (CPI),DSD_CPI,COUNTRY,CL_COUNTRY,FALSE,ZAF,South Africa,NA
CPI,Consumer Price Index (CPI),DSD_CPI,COUNTRY,CL_COUNTRY,FALSE,SSD,"South Sudan, Republic of",NA
CPI,Consumer Price Index (CPI),DSD_CPI,COUNTRY,CL_COUNTRY,FALSE,ESP,Spain,NA
CPI,Consumer Price Index (CPI),DSD_CPI,COUNTRY,CL_COUNTRY,FALSE,LKA,Sri Lanka,NA
CPI,Consumer Price Index (CPI),DSD_CPI,COUNTRY,CL_COUNTRY,FALSE,SHN,St. Helena,NA
CPI,Consumer Price Index (CPI),DSD_CPI,COUNTRY,CL_COUNTRY,FALSE,KNA,St. Kitts and Nevis,NA
CPI,Consumer Price Index (CPI),DSD_CPI,COUNTRY,CL_COUNTRY,FALSE,LCA,St. Lucia,NA
CPI,Consumer Price Index (CPI),DSD_CPI,COUNTRY,CL_COUNTRY,FALSE,SPM,St. Pierre and Miquelon,NA
CPI,Consumer Price Index (CPI),DSD_CPI,COUNTRY,CL_COUNTRY,FALSE,VCT,St. Vincent and the Grenadines,NA
CPI,Consumer Price Index (CPI),DSD_CPI,COUNTRY,CL_COUNTRY,FALSE,SDN,Sudan,NA
CPI,Consumer Price Index (CPI),DSD_CPI,COUNTRY,CL_COUNTRY,FALSE,SUR,Suriname,NA
CPI,Consumer Price Index (CPI),DSD_CPI,COUNTRY,CL_COUNTRY,FALSE,SJM,Svalbard and Jan Mayen Islands,NA
CPI,Consumer Price Index (CPI),DSD_CPI,COUNTRY,CL_COUNTRY,FALSE,SWE,Sweden,NA
CPI,Consumer Price Index (CPI),DSD_CPI,COUNTRY,CL_COUNTRY,FALSE,CHE,Switzerland,NA
CPI,Consumer Price Index (CPI),DSD_CPI,COUNTRY,CL_COUNTRY,FALSE,SYR,Syrian Arab Republic,NA
CPI,Consumer Price Index (CPI),DSD_CPI,COUNTRY,CL_COUNTRY,FALSE,STP,"São Tomé and Príncipe, Democratic Republic of",NA
CPI,Consumer Price Index (CPI),DSD_CPI,COUNTRY,CL_COUNTRY,FALSE,TWN,Taiwan Province of China,NA
CPI,Consumer Price Index (CPI),DSD_CPI,COUNTRY,CL_COUNTRY,FALSE,TJK,"Tajikistan, Republic of",NA
CPI,Consumer Price Index (CPI),DSD_CPI,COUNTRY,CL_COUNTRY,FALSE,TZA,"Tanzania, United Republic of",NA
CPI,Consumer Price Index (CPI),DSD_CPI,COUNTRY,CL_COUNTRY,FALSE,THA,Thailand,NA
CPI,Consumer Price Index (CPI),DSD_CPI,COUNTRY,CL_COUNTRY,FALSE,TLS,"Timor-Leste, Democratic Republic of",NA
CPI,Consumer Price Index (CPI),DSD_CPI,COUNTRY,CL_COUNTRY,FALSE,TGO,Togo,NA
CPI,Consumer Price Index (CPI),DSD_CPI,COUNTRY,CL_COUNTRY,FALSE,TKL,Tokelau,NA
CPI,Consumer Price Index (CPI),DSD_CPI,COUNTRY,CL_COUNTRY,FALSE,TON,Tonga,NA
CPI,Consumer Price Index (CPI),DSD_CPI,COUNTRY,CL_COUNTRY,FALSE,TTO,Trinidad and Tobago,NA
CPI,Consumer Price Index (CPI),DSD_CPI,COUNTRY,CL_COUNTRY,FALSE,TUN,Tunisia,NA
CPI,Consumer Price Index (CPI),DSD_CPI,COUNTRY,CL_COUNTRY,FALSE,TKM,Turkmenistan,NA
CPI,Consumer Price Index (CPI),DSD_CPI,COUNTRY,CL_COUNTRY,FALSE,TCA,Turks and Caicos Islands,NA
CPI,Consumer Price Index (CPI),DSD_CPI,COUNTRY,CL_COUNTRY,FALSE,TUV,Tuvalu,NA
CPI,Consumer Price Index (CPI),DSD_CPI,COUNTRY,CL_COUNTRY,FALSE,TUR,"Türkiye, Republic of",NA
CPI,Consumer Price Index (CPI),DSD_CPI,COUNTRY,CL_COUNTRY,FALSE,UGA,Uganda,NA
CPI,Consumer Price Index (CPI),DSD_CPI,COUNTRY,CL_COUNTRY,FALSE,UKR,Ukraine,NA
CPI,Consumer Price Index (CPI),DSD_CPI,COUNTRY,CL_COUNTRY,FALSE,ARE,United Arab Emirates,NA
CPI,Consumer Price Index (CPI),DSD_CPI,COUNTRY,CL_COUNTRY,FALSE,GBR,United Kingdom,NA
CPI,Consumer Price Index (CPI),DSD_CPI,COUNTRY,CL_COUNTRY,FALSE,USA,United States,NA
CPI,Consumer Price Index (CPI),DSD_CPI,COUNTRY,CL_COUNTRY,FALSE,VIR,United States Virgin Islands,NA
CPI,Consumer Price Index (CPI),DSD_CPI,COUNTRY,CL_COUNTRY,FALSE,URY,Uruguay,NA
CPI,Consumer Price Index (CPI),DSD_CPI,COUNTRY,CL_COUNTRY,FALSE,UZB,"Uzbekistan, Republic of",NA
CPI,Consumer Price Index (CPI),DSD_CPI,COUNTRY,CL_COUNTRY,FALSE,VUT,Vanuatu,NA
CPI,Consumer Price Index (CPI),DSD_CPI,COUNTRY,CL_COUNTRY,FALSE,VEN,"Venezuela, República Bolivariana de",NA
CPI,Consumer Price Index (CPI),DSD_CPI,COUNTRY,CL_COUNTRY,FALSE,VNM,Vietnam,NA
CPI,Consumer Price Index (CPI),DSD_CPI,COUNTRY,CL_COUNTRY,FALSE,WLF,Wallis and Futuna Islands,NA
CPI,Consumer Price Index (CPI),DSD_CPI,COUNTRY,CL_COUNTRY,FALSE,WBG,West Bank and Gaza,NA
CPI,Consumer Price Index (CPI),DSD_CPI,COUNTRY,CL_COUNTRY,FALSE,YEM,"Yemen, Republic of",NA
CPI,Consumer Price Index (CPI),DSD_CPI,COUNTRY,CL_COUNTRY,FALSE,ZMB,Zambia,NA
CPI,Consumer Price Index (CPI),DSD_CPI,COUNTRY,CL_COUNTRY,FALSE,ZWE,Zimbabwe,NA
CPI,Consumer Price Index (CPI),DSD_CPI,COUNTRY,CL_COUNTRY,FALSE,ALA,Åland Islands,NA
CPI,Consumer Price Index (CPI),DSD_CPI,COUNTRY,CL_COUNTRY,FALSE,BES,"Bonaire, Saint Eustatius and Saba",NA
CPI,Consumer Price Index (CPI),DSD_CPI,COUNTRY,CL_COUNTRY,FALSE,ATF,French Southern Territories,NA
CPI,Consumer Price Index (CPI),DSD_CPI,COUNTRY,CL_COUNTRY,FALSE,CWX,Curaçao and Sint Maarten,NA
CPI,Consumer Price Index (CPI),DSD_CPI,COUNTRY,CL_COUNTRY,FALSE,CSK,Czechoslovakia,NA
CPI,Consumer Price Index (CPI),DSD_CPI,COUNTRY,CL_COUNTRY,FALSE,DDR,German Democratic Republic,NA
CPI,Consumer Price Index (CPI),DSD_CPI,COUNTRY,CL_COUNTRY,FALSE,ANT,Netherlands Antilles,NA
CPI,Consumer Price Index (CPI),DSD_CPI,COUNTRY,CL_COUNTRY,FALSE,VDR,"Vietnam, Democratic Republic of",NA
CPI,Consumer Price Index (CPI),DSD_CPI,COUNTRY,CL_COUNTRY,FALSE,SCG,Serbia and Montenegro,NA
CPI,Consumer Price Index (CPI),DSD_CPI,COUNTRY,CL_COUNTRY,FALSE,SUN,Union of Soviet Socialist Republics (USSR),NA
CPI,Consumer Price Index (CPI),DSD_CPI,COUNTRY,CL_COUNTRY,FALSE,YAR,Yemen Arab Republic,NA
CPI,Consumer Price Index (CPI),DSD_CPI,COUNTRY,CL_COUNTRY,FALSE,YMD,"Yemen, People's Democratic Republic of",NA
CPI,Consumer Price Index (CPI),DSD_CPI,COUNTRY,CL_COUNTRY,FALSE,YUG,"Yugoslavia, Socialist Federal Republic of",NA
CPI,Consumer Price Index (CPI),DSD_CPI,COUNTRY,CL_COUNTRY,FALSE,U019,Americas,NA
CPI,Consumer Price Index (CPI),DSD_CPI,COUNTRY,CL_COUNTRY,FALSE,U015,Northern Africa,NA
CPI,Consumer Price Index (CPI),DSD_CPI,COUNTRY,CL_COUNTRY,FALSE,U202,Sub-Saharan Africa,NA
CPI,Consumer Price Index (CPI),DSD_CPI,COUNTRY,CL_COUNTRY,FALSE,U002,Africa,NA
CPI,Consumer Price Index (CPI),DSD_CPI,COUNTRY,CL_COUNTRY,FALSE,U142,Asia,NA
CPI,Consumer Price Index (CPI),DSD_CPI,COUNTRY,CL_COUNTRY,FALSE,U053,Australia and New Zealand,NA
CPI,Consumer Price Index (CPI),DSD_CPI,COUNTRY,CL_COUNTRY,FALSE,U029,Caribbean,NA
CPI,Consumer Price Index (CPI),DSD_CPI,COUNTRY,CL_COUNTRY,FALSE,U013,Central America,NA
CPI,Consumer Price Index (CPI),DSD_CPI,COUNTRY,CL_COUNTRY,FALSE,U143,Central Asia,NA
CPI,Consumer Price Index (CPI),DSD_CPI,COUNTRY,CL_COUNTRY,FALSE,U014,Eastern Africa,NA
CPI,Consumer Price Index (CPI),DSD_CPI,COUNTRY,CL_COUNTRY,FALSE,U030,Eastern Asia,NA
CPI,Consumer Price Index (CPI),DSD_CPI,COUNTRY,CL_COUNTRY,FALSE,U151,Eastern Europe,NA
CPI,Consumer Price Index (CPI),DSD_CPI,COUNTRY,CL_COUNTRY,FALSE,U150,Europe,NA
CPI,Consumer Price Index (CPI),DSD_CPI,COUNTRY,CL_COUNTRY,FALSE,U054,Melanesia,NA
CPI,Consumer Price Index (CPI),DSD_CPI,COUNTRY,CL_COUNTRY,FALSE,U057,Micronesia,NA
CPI,Consumer Price Index (CPI),DSD_CPI,COUNTRY,CL_COUNTRY,FALSE,U017,Middle Africa,NA
CPI,Consumer Price Index (CPI),DSD_CPI,COUNTRY,CL_COUNTRY,FALSE,U154,Northern Europe,NA
CPI,Consumer Price Index (CPI),DSD_CPI,COUNTRY,CL_COUNTRY,FALSE,U009,Oceania,NA
CPI,Consumer Price Index (CPI),DSD_CPI,COUNTRY,CL_COUNTRY,FALSE,U061,Polynesia,NA
CPI,Consumer Price Index (CPI),DSD_CPI,COUNTRY,CL_COUNTRY,FALSE,U005,South America,NA
CPI,Consumer Price Index (CPI),DSD_CPI,COUNTRY,CL_COUNTRY,FALSE,U035,South-eastern Asia,NA
CPI,Consumer Price Index (CPI),DSD_CPI,COUNTRY,CL_COUNTRY,FALSE,U018,Southern Africa,NA
CPI,Consumer Price Index (CPI),DSD_CPI,COUNTRY,CL_COUNTRY,FALSE,U034,Southern Asia,NA
CPI,Consumer Price Index (CPI),DSD_CPI,COUNTRY,CL_COUNTRY,FALSE,U039,Southern Europe,NA
CPI,Consumer Price Index (CPI),DSD_CPI,COUNTRY,CL_COUNTRY,FALSE,U011,Western Africa,NA
CPI,Consumer Price Index (CPI),DSD_CPI,COUNTRY,CL_COUNTRY,FALSE,U145,Western Asia,NA
CPI,Consumer Price Index (CPI),DSD_CPI,COUNTRY,CL_COUNTRY,FALSE,U155,Western Europe,NA
CPI,Consumer Price Index (CPI),DSD_CPI,COUNTRY,CL_COUNTRY,FALSE,G202,Advanced Asia,NA
CPI,Consumer Price Index (CPI),DSD_CPI,COUNTRY,CL_COUNTRY,FALSE,G110,Advanced Economies,NA
CPI,Consumer Price Index (CPI),DSD_CPI,COUNTRY,CL_COUNTRY,FALSE,G906,Advanced Europe,NA
CPI,Consumer Price Index (CPI),DSD_CPI,COUNTRY,CL_COUNTRY,FALSE,G510,ASEAN-5,NA
CPI,Consumer Price Index (CPI),DSD_CPI,COUNTRY,CL_COUNTRY,FALSE,G940,Caucasus and Central Asia (CCA),NA
CPI,Consumer Price Index (CPI),DSD_CPI,COUNTRY,CL_COUNTRY,FALSE,G758,Central African Economic and Monetary Community (CEMAC),NA
CPI,Consumer Price Index (CPI),DSD_CPI,COUNTRY,CL_COUNTRY,FALSE,G609,CFA franc zone,NA
CPI,Consumer Price Index (CPI),DSD_CPI,COUNTRY,CL_COUNTRY,FALSE,G619,East African Community (EAC),NA
CPI,Consumer Price Index (CPI),DSD_CPI,COUNTRY,CL_COUNTRY,FALSE,G309,Eastern Caribbean Currency Union (ECCU),NA
CPI,Consumer Price Index (CPI),DSD_CPI,COUNTRY,CL_COUNTRY,FALSE,G776,Economic Community of West African States (ECOWAS),NA
CPI,Consumer Price Index (CPI),DSD_CPI,COUNTRY,CL_COUNTRY,FALSE,G209,EMDEs by External Financing: Net Creditors,NA
CPI,Consumer Price Index (CPI),DSD_CPI,COUNTRY,CL_COUNTRY,FALSE,G606,EMDEs by External Financing: Net Debtors,NA
CPI,Consumer Price Index (CPI),DSD_CPI,COUNTRY,CL_COUNTRY,FALSE,G087,EMDEs by External Financing: Net Debtors with Arrears and/or Reschedulings,NA
CPI,Consumer Price Index (CPI),DSD_CPI,COUNTRY,CL_COUNTRY,FALSE,G216,EMDEs by Source of Export Earnings: Diversified,NA
CPI,Consumer Price Index (CPI),DSD_CPI,COUNTRY,CL_COUNTRY,FALSE,G080,EMDEs by Source of Export Earnings: Fuel,NA
CPI,Consumer Price Index (CPI),DSD_CPI,COUNTRY,CL_COUNTRY,FALSE,G083,EMDEs by Source of Export Earnings: Manufactures,NA
CPI,Consumer Price Index (CPI),DSD_CPI,COUNTRY,CL_COUNTRY,FALSE,G092,EMDEs by Source of Export Earnings: Nonfuel,NA
CPI,Consumer Price Index (CPI),DSD_CPI,COUNTRY,CL_COUNTRY,FALSE,G089,EMDEs by Source of Export Earnings: Primary Products (excluding Fuel),NA
CPI,Consumer Price Index (CPI),DSD_CPI,COUNTRY,CL_COUNTRY,FALSE,G084,"EMDEs by Source of Export Earnings: Services (including Income, Transfers)",NA
CPI,Consumer Price Index (CPI),DSD_CPI,COUNTRY,CL_COUNTRY,FALSE,G505,Emerging and Developing Asia,NA
CPI,Consumer Price Index (CPI),DSD_CPI,COUNTRY,CL_COUNTRY,FALSE,G903,Emerging and Developing Europe,NA
CPI,Consumer Price Index (CPI),DSD_CPI,COUNTRY,CL_COUNTRY,FALSE,G1515,Emerging Asia,NA
CPI,Consumer Price Index (CPI),DSD_CPI,COUNTRY,CL_COUNTRY,FALSE,G200,Emerging Market and Developing Economies,NA
CPI,Consumer Price Index (CPI),DSD_CPI,COUNTRY,CL_COUNTRY,FALSE,G1201,Emerging Market and Middle-Income Economies,NA
CPI,Consumer Price Index (CPI),DSD_CPI,COUNTRY,CL_COUNTRY,FALSE,G995,Euro Area (EA) – aggregate of member states,NA
CPI,Consumer Price Index (CPI),DSD_CPI,COUNTRY,CL_COUNTRY,FALSE,G998,European Union (EU),NA
CPI,Consumer Price Index (CPI),DSD_CPI,COUNTRY,CL_COUNTRY,FALSE,G715,Fragile and Conflict-affected States (FCS),NA
CPI,Consumer Price Index (CPI),DSD_CPI,COUNTRY,CL_COUNTRY,FALSE,G120,G20,NA
CPI,Consumer Price Index (CPI),DSD_CPI,COUNTRY,CL_COUNTRY,FALSE,G119,G7,NA
CPI,Consumer Price Index (CPI),DSD_CPI,COUNTRY,CL_COUNTRY,FALSE,G450,Gulf Cooperation Council (GCC),NA
CPI,Consumer Price Index (CPI),DSD_CPI,COUNTRY,CL_COUNTRY,FALSE,G711,Heavily Indebted Poor Countries (HIPC),NA
CPI,Consumer Price Index (CPI),DSD_CPI,COUNTRY,CL_COUNTRY,FALSE,G205,Latin America and the Caribbean (LAC),NA
CPI,Consumer Price Index (CPI),DSD_CPI,COUNTRY,CL_COUNTRY,FALSE,G201,Low-Income Developing Countries (LIDC),NA
CPI,Consumer Price Index (CPI),DSD_CPI,COUNTRY,CL_COUNTRY,FALSE,G400,Middle East and Central Asia,NA
CPI,Consumer Price Index (CPI),DSD_CPI,COUNTRY,CL_COUNTRY,FALSE,G401,Middle East and Central Asia: Oil Exporters,NA
CPI,Consumer Price Index (CPI),DSD_CPI,COUNTRY,CL_COUNTRY,FALSE,G402,Middle East and Central Asia: Oil Importers,NA
CPI,Consumer Price Index (CPI),DSD_CPI,COUNTRY,CL_COUNTRY,FALSE,G406,Middle East and North Africa (MENA),NA
CPI,Consumer Price Index (CPI),DSD_CPI,COUNTRY,CL_COUNTRY,FALSE,G92031,North America,NA
CPI,Consumer Price Index (CPI),DSD_CPI,COUNTRY,CL_COUNTRY,FALSE,G757,Southern African Customs Union (SACU),NA
CPI,Consumer Price Index (CPI),DSD_CPI,COUNTRY,CL_COUNTRY,FALSE,G603,Sub-Saharan Africa (SSA),NA
CPI,Consumer Price Index (CPI),DSD_CPI,COUNTRY,CL_COUNTRY,FALSE,G1627,Sub-Saharan Africa (SSA): Low-Income,NA
CPI,Consumer Price Index (CPI),DSD_CPI,COUNTRY,CL_COUNTRY,FALSE,G1626,Sub-Saharan Africa (SSA): Middle-Income,NA
CPI,Consumer Price Index (CPI),DSD_CPI,COUNTRY,CL_COUNTRY,FALSE,G1614,Sub-Saharan Africa (SSA): Oil Exporters,NA
CPI,Consumer Price Index (CPI),DSD_CPI,COUNTRY,CL_COUNTRY,FALSE,G759,West African Economic and Monetary Union (WAEMU),NA
CPI,Consumer Price Index (CPI),DSD_CPI,COUNTRY,CL_COUNTRY,FALSE,G001,World,NA
CPI,Consumer Price Index (CPI),DSD_CPI,COUNTRY,CL_COUNTRY,FALSE,G163,Euro Area (EA),NA
CPI,Consumer Price Index (CPI),DSD_CPI,COUNTRY,CL_COUNTRY,FALSE,GASEAN,ASEAN,NA
CPI,Consumer Price Index (CPI),DSD_CPI,COUNTRY,CL_COUNTRY,FALSE,G765,Southern African Development Community (SADC),NA
CPI,Consumer Price Index (CPI),DSD_CPI,COUNTRY,CL_COUNTRY,FALSE,G760,Common Market for Eastern and Southern Africa (COMESA),NA
CPI,Consumer Price Index (CPI),DSD_CPI,COUNTRY,CL_COUNTRY,FALSE,G129,Benelux,NA
CPI,Consumer Price Index (CPI),DSD_CPI,COUNTRY,CL_COUNTRY,FALSE,BLM,Saint Barthelemy,NA
CPI,Consumer Price Index (CPI),DSD_CPI,COUNTRY,CL_COUNTRY,FALSE,MAF,Saint Martin,NA
CPI,Consumer Price Index (CPI),DSD_CPI,COUNTRY,CL_COUNTRY,FALSE,SGS,South Georgia and the South Sandwich Islands,NA
CPI,Consumer Price Index (CPI),DSD_CPI,COUNTRY,CL_COUNTRY,FALSE,CXR,Christmas Island,NA
CPI,Consumer Price Index (CPI),DSD_CPI,COUNTRY,CL_COUNTRY,FALSE,CCK,Cocos Islands,NA
CPI,Consumer Price Index (CPI),DSD_CPI,COUNTRY,CL_COUNTRY,FALSE,ESH,Western Sahara,NA
CPI,Consumer Price Index (CPI),DSD_CPI,COUNTRY,CL_COUNTRY,FALSE,BVT,Bouvet Island,NA
CPI,Consumer Price Index (CPI),DSD_CPI,COUNTRY,CL_COUNTRY,FALSE,IOT,British Indian Ocean Territory,NA
CPI,Consumer Price Index (CPI),DSD_CPI,COUNTRY,CL_COUNTRY,FALSE,HMD,Heard Island and McDonald Islands,NA
CPI,Consumer Price Index (CPI),DSD_CPI,COUNTRY,CL_COUNTRY,FALSE,UMI,United States Minor Outlying Islands,NA
CPI,Consumer Price Index (CPI),DSD_CPI,COUNTRY,CL_COUNTRY,FALSE,GSAC,Southern African Customs Union (SACU),NA
CPI,Consumer Price Index (CPI),DSD_CPI,INDEX_TYPE,CL_INDEX_TYPE,TRUE,BSI,Bank stock index,NA
CPI,Consumer Price Index (CPI),DSD_CPI,INDEX_TYPE,CL_INDEX_TYPE,TRUE,CCPI,Core consumer price index (CPI),NA
CPI,Consumer Price Index (CPI),DSD_CPI,INDEX_TYPE,CL_INDEX_TYPE,TRUE,CCPISVN,Core consumer price index (CCPI) (SVN),NA
CPI,Consumer Price Index (CPI),DSD_CPI,INDEX_TYPE,CL_INDEX_TYPE,TRUE,CECO,"Commodity price index, energy, crude oil (petroleum)",NA
CPI,Consumer Price Index (CPI),DSD_CPI,INDEX_TYPE,CL_INDEX_TYPE,TRUE,CEMPI,Commodity net export price index,NA
CPI,Consumer Price Index (CPI),DSD_CPI,INDEX_TYPE,CL_INDEX_TYPE,TRUE,CEPI,Commodity export price index,NA
CPI,Consumer Price Index (CPI),DSD_CPI,INDEX_TYPE,CL_INDEX_TYPE,TRUE,CHICPIF,Core HICP inflation forecast,NA
CPI,Consumer Price Index (CPI),DSD_CPI,INDEX_TYPE,CL_INDEX_TYPE,TRUE,CMPI,Commodity import price index,NA
CPI,Consumer Price Index (CPI),DSD_CPI,INDEX_TYPE,CL_INDEX_TYPE,TRUE,CPCE,Core PCE Price Index,NA
CPI,Consumer Price Index (CPI),DSD_CPI,INDEX_TYPE,CL_INDEX_TYPE,TRUE,CPI,Consumer price index (CPI),NA
CPI,Consumer Price Index (CPI),DSD_CPI,INDEX_TYPE,CL_INDEX_TYPE,TRUE,CPIR,Relative consumer price index (CPI),NA
CPI,Consumer Price Index (CPI),DSD_CPI,INDEX_TYPE,CL_INDEX_TYPE,TRUE,CPIU,Consumer price index (Urban),NA
CPI,Consumer Price Index (CPI),DSD_CPI,INDEX_TYPE,CL_INDEX_TYPE,TRUE,CPIX,Commodity price index,NA
CPI,Consumer Price Index (CPI),DSD_CPI,INDEX_TYPE,CL_INDEX_TYPE,TRUE,D,Deflator,NA
CPI,Consumer Price Index (CPI),DSD_CPI,INDEX_TYPE,CL_INDEX_TYPE,TRUE,DMN_EMP_CR_SQSCLD,Flexible exchange market pressure index,NA
CPI,Consumer Price Index (CPI),DSD_CPI,INDEX_TYPE,CL_INDEX_TYPE,TRUE,EPI,Export price index (XPI),NA
CPI,Consumer Price Index (CPI),DSD_CPI,INDEX_TYPE,CL_INDEX_TYPE,TRUE,FSI,Financial stress indicators,NA
CPI,Consumer Price Index (CPI),DSD_CPI,INDEX_TYPE,CL_INDEX_TYPE,TRUE,HFIDX,Herfindahl index,NA
CPI,Consumer Price Index (CPI),DSD_CPI,INDEX_TYPE,CL_INDEX_TYPE,TRUE,HICP,Harmonised index of consumer prices (HICP),NA
CPI,Consumer Price Index (CPI),DSD_CPI,INDEX_TYPE,CL_INDEX_TYPE,TRUE,IPIX,Industrial production index (IPI),NA
CPI,Consumer Price Index (CPI),DSD_CPI,INDEX_TYPE,CL_INDEX_TYPE,TRUE,L,Chain linked volume,NA
CPI,Consumer Price Index (CPI),DSD_CPI,INDEX_TYPE,CL_INDEX_TYPE,TRUE,LR,Chain linked volume (rebased),NA
CPI,Consumer Price Index (CPI),DSD_CPI,INDEX_TYPE,CL_INDEX_TYPE,TRUE,MPI,Import price index,NA
CPI,Consumer Price Index (CPI),DSD_CPI,INDEX_TYPE,CL_INDEX_TYPE,TRUE,NEER,Nominal effective exchange rate (NEER),NA
CPI,Consumer Price Index (CPI),DSD_CPI,INDEX_TYPE,CL_INDEX_TYPE,TRUE,PD,Price deflator,NA
CPI,Consumer Price Index (CPI),DSD_CPI,INDEX_TYPE,CL_INDEX_TYPE,TRUE,PPI,Producer price index (PPI),NA
CPI,Consumer Price Index (CPI),DSD_CPI,INDEX_TYPE,CL_INDEX_TYPE,TRUE,REER,Real effective exchange rate (REER),NA
CPI,Consumer Price Index (CPI),DSD_CPI,INDEX_TYPE,CL_INDEX_TYPE,TRUE,RSI,Retail sales index,NA
CPI,Consumer Price Index (CPI),DSD_CPI,INDEX_TYPE,CL_INDEX_TYPE,TRUE,SQRMSCINC_RET_SQSCLD,Financial price index,NA
CPI,Consumer Price Index (CPI),DSD_CPI,INDEX_TYPE,CL_INDEX_TYPE,TRUE,STKRET,Stock returns,NA
CPI,Consumer Price Index (CPI),DSD_CPI,INDEX_TYPE,CL_INDEX_TYPE,TRUE,THEIL,Theil index,NA
CPI,Consumer Price Index (CPI),DSD_CPI,INDEX_TYPE,CL_INDEX_TYPE,TRUE,TT,Terms of trade (TOT),NA
CPI,Consumer Price Index (CPI),DSD_CPI,INDEX_TYPE,CL_INDEX_TYPE,TRUE,VI,Volume index,NA
CPI,Consumer Price Index (CPI),DSD_CPI,INDEX_TYPE,CL_INDEX_TYPE,TRUE,WPI,Wholesale price index (WPI),NA
CPI,Consumer Price Index (CPI),DSD_CPI,INDEX_TYPE,CL_INDEX_TYPE,TRUE,PDE,Price deflator (Eurostat),NA
CPI,Consumer Price Index (CPI),DSD_CPI,INDEX_TYPE,CL_INDEX_TYPE,TRUE,UVD,Unit value deflator,NA
CPI,Consumer Price Index (CPI),DSD_CPI,INDEX_TYPE,CL_INDEX_TYPE,TRUE,REER_ASM,REER % ASM,NA
CPI,Consumer Price Index (CPI),DSD_CPI,INDEX_TYPE,CL_INDEX_TYPE,TRUE,CPPI,Core producer price index (Core PPI),NA
CPI,Consumer Price Index (CPI),DSD_CPI,INDEX_TYPE,CL_INDEX_TYPE,TRUE,PMI,Purchasing managers index (PMI),NA
CPI,Consumer Price Index (CPI),DSD_CPI,INDEX_TYPE,CL_INDEX_TYPE,TRUE,HIPP,Harmonised index of producer prices (HIPP),NA
CPI,Consumer Price Index (CPI),DSD_CPI,INDEX_TYPE,CL_INDEX_TYPE,TRUE,FMSCI,Morgan Stanley MSCI stock price index,NA
CPI,Consumer Price Index (CPI),DSD_CPI,INDEX_TYPE,CL_INDEX_TYPE,TRUE,TTG,Terms of trade (TOT) Goods,NA
CPI,Consumer Price Index (CPI),DSD_CPI,INDEX_TYPE,CL_INDEX_TYPE,TRUE,PD_EUR,Price deflator (EUR),NA
CPI,Consumer Price Index (CPI),DSD_CPI,INDEX_TYPE,CL_INDEX_TYPE,TRUE,PD_USD,Price deflator (USD),NA
CPI,Consumer Price Index (CPI),DSD_CPI,INDEX_TYPE,CL_INDEX_TYPE,TRUE,PD_XDR,Price deflator (SDR),NA
CPI,Consumer Price Index (CPI),DSD_CPI,INDEX_TYPE,CL_INDEX_TYPE,TRUE,PIX,Production index,NA
CPI,Consumer Price Index (CPI),DSD_CPI,INDEX_TYPE,CL_INDEX_TYPE,TRUE,CCPIXFEN,Core inflation excluding food and energy,NA
CPI,Consumer Price Index (CPI),DSD_CPI,INDEX_TYPE,CL_INDEX_TYPE,TRUE,PCPIHACO,Core inflation including housing,NA
CPI,Consumer Price Index (CPI),DSD_CPI,INDEX_TYPE,CL_INDEX_TYPE,TRUE,CPISRP,Consumer price index (CPI) common reference period,NA
CPI,Consumer Price Index (CPI),DSD_CPI,COICOP_1999,CL_COICOP_1999,TRUE,_T,All Items,NA
CPI,Consumer Price Index (CPI),DSD_CPI,COICOP_1999,CL_COICOP_1999,TRUE,CP01,Food and non-alcoholic beverages,NA
CPI,Consumer Price Index (CPI),DSD_CPI,COICOP_1999,CL_COICOP_1999,TRUE,CP02,"Alcoholic beverages, tobacco and narcotics",NA
CPI,Consumer Price Index (CPI),DSD_CPI,COICOP_1999,CL_COICOP_1999,TRUE,CP03,Clothing and footwear,NA
CPI,Consumer Price Index (CPI),DSD_CPI,COICOP_1999,CL_COICOP_1999,TRUE,CP04,"Housing, water, electricity, gas and other fuels",NA
CPI,Consumer Price Index (CPI),DSD_CPI,COICOP_1999,CL_COICOP_1999,TRUE,CP05,"Furnishings, household equipment and routine household maintenance",NA
CPI,Consumer Price Index (CPI),DSD_CPI,COICOP_1999,CL_COICOP_1999,TRUE,CP06,Health,NA
CPI,Consumer Price Index (CPI),DSD_CPI,COICOP_1999,CL_COICOP_1999,TRUE,CP07,Transport,NA
CPI,Consumer Price Index (CPI),DSD_CPI,COICOP_1999,CL_COICOP_1999,TRUE,CP08,Communication,NA
CPI,Consumer Price Index (CPI),DSD_CPI,COICOP_1999,CL_COICOP_1999,TRUE,CP09,Recreation and culture,NA
CPI,Consumer Price Index (CPI),DSD_CPI,COICOP_1999,CL_COICOP_1999,TRUE,CP10,Education,NA
CPI,Consumer Price Index (CPI),DSD_CPI,COICOP_1999,CL_COICOP_1999,TRUE,CP11,Restaurants and hotels,NA
CPI,Consumer Price Index (CPI),DSD_CPI,COICOP_1999,CL_COICOP_1999,TRUE,CP12,Miscellaneous goods and services,NA
CPI,Consumer Price Index (CPI),DSD_CPI,COICOP_1999,CL_COICOP_1999,TRUE,CP13,Individual consumption expenditure of non-profit institutions serving households (NPISHs),NA
CPI,Consumer Price Index (CPI),DSD_CPI,COICOP_1999,CL_COICOP_1999,TRUE,CP14,Individual consumption expenditure of general government,NA
CPI,Consumer Price Index (CPI),DSD_CPI,TYPE_OF_TRANSFORMATION,CL_CPI_TYPE_OF_TRANSFORMATION,TRUE,IX,Index,NA
CPI,Consumer Price Index (CPI),DSD_CPI,TYPE_OF_TRANSFORMATION,CL_CPI_TYPE_OF_TRANSFORMATION,TRUE,POP_PCH_PA_PT,"Period average, Period-over-period percent change",NA
CPI,Consumer Price Index (CPI),DSD_CPI,TYPE_OF_TRANSFORMATION,CL_CPI_TYPE_OF_TRANSFORMATION,TRUE,YOY_PCH_PA_PT,"Period average, Year-over-year (YOY) percent change",NA
CPI,Consumer Price Index (CPI),DSD_CPI,TYPE_OF_TRANSFORMATION,CL_CPI_TYPE_OF_TRANSFORMATION,TRUE,WGT,Weight,NA
CPI,Consumer Price Index (CPI),DSD_CPI,TYPE_OF_TRANSFORMATION,CL_CPI_TYPE_OF_TRANSFORMATION,TRUE,WGT_PT,"Weight, Percent",NA
CPI,Consumer Price Index (CPI),DSD_CPI,TYPE_OF_TRANSFORMATION,CL_CPI_TYPE_OF_TRANSFORMATION,TRUE,SRP_IX,"Standard reference period (2010=100), Index",NA
CPI,Consumer Price Index (CPI),DSD_CPI,TYPE_OF_TRANSFORMATION,CL_CPI_TYPE_OF_TRANSFORMATION,TRUE,SRP_POP_PCH_PA_PT,"Standard reference period (2010=100), Period average, Period-over-period percent change",NA
CPI,Consumer Price Index (CPI),DSD_CPI,TYPE_OF_TRANSFORMATION,CL_CPI_TYPE_OF_TRANSFORMATION,TRUE,SRP_YOY_PCH_PA_PT,"Standard reference period (2010=100), Period average, Year-over-year (YOY) percent change",NA
CPI,Consumer Price Index (CPI),DSD_CPI,FREQ,CL_FREQ,FALSE,A,Annual,NA
CPI,Consumer Price Index (CPI),DSD_CPI,FREQ,CL_FREQ,FALSE,D,Daily,NA
CPI,Consumer Price Index (CPI),DSD_CPI,FREQ,CL_FREQ,FALSE,M,Monthly,NA
CPI,Consumer Price Index (CPI),DSD_CPI,FREQ,CL_FREQ,FALSE,Q,Quarterly,NA
CPI,Consumer Price Index (CPI),DSD_CPI,FREQ,CL_FREQ,FALSE,S,"Half-yearly, semester",NA
CPI,Consumer Price Index (CPI),DSD_CPI,FREQ,CL_FREQ,FALSE,W,Weekly,NA
CPI,Consumer Price Index (CPI),DSD_CPI,FREQ,CL_FREQ,FALSE,A2,Biennial,NA
CPI,Consumer Price Index (CPI),DSD_CPI,FREQ,CL_FREQ,FALSE,A3,Triennial,NA
CPI,Consumer Price Index (CPI),DSD_CPI,FREQ,CL_FREQ,FALSE,A4,Quadrennial,NA
CPI,Consumer Price Index (CPI),DSD_CPI,FREQ,CL_FREQ,FALSE,A5,Quinquennial,NA
CPI,Consumer Price Index (CPI),DSD_CPI,FREQ,CL_FREQ,FALSE,A10,Decennial,NA
CPI,Consumer Price Index (CPI),DSD_CPI,FREQ,CL_FREQ,FALSE,A20,Bidecennial,NA
CPI,Consumer Price Index (CPI),DSD_CPI,FREQ,CL_FREQ,FALSE,A30,Tridecennial,NA
CPI,Consumer Price Index (CPI),DSD_CPI,FREQ,CL_FREQ,FALSE,A_3,Three times a year,NA
CPI,Consumer Price Index (CPI),DSD_CPI,FREQ,CL_FREQ,FALSE,M2,Bimonthly,NA
CPI,Consumer Price Index (CPI),DSD_CPI,FREQ,CL_FREQ,FALSE,M_2,Semimonthly,NA
CPI,Consumer Price Index (CPI),DSD_CPI,FREQ,CL_FREQ,FALSE,M_3,Three times a month,NA
CPI,Consumer Price Index (CPI),DSD_CPI,FREQ,CL_FREQ,FALSE,W2,Biweekly,NA
CPI,Consumer Price Index (CPI),DSD_CPI,FREQ,CL_FREQ,FALSE,W3,Triweekly,NA
CPI,Consumer Price Index (CPI),DSD_CPI,FREQ,CL_FREQ,FALSE,W4,Four-weekly,NA
CPI,Consumer Price Index (CPI),DSD_CPI,FREQ,CL_FREQ,FALSE,W_2,Semiweekly,NA
CPI,Consumer Price Index (CPI),DSD_CPI,FREQ,CL_FREQ,FALSE,W_3,Three times a week,NA
CPI,Consumer Price Index (CPI),DSD_CPI,FREQ,CL_FREQ,FALSE,D_2,Twice a day,NA
CPI,Consumer Price Index (CPI),DSD_CPI,FREQ,CL_FREQ,FALSE,H,Hourly,NA
CPI,Consumer Price Index (CPI),DSD_CPI,FREQ,CL_FREQ,FALSE,H2,Bihourly,NA
CPI,Consumer Price Index (CPI),DSD_CPI,FREQ,CL_FREQ,FALSE,H3,Trihourly,NA
CPI,Consumer Price Index (CPI),DSD_CPI,FREQ,CL_FREQ,FALSE,B,Daily – business week,NA
CPI,Consumer Price Index (CPI),DSD_CPI,FREQ,CL_FREQ,FALSE,N,Minutely,NA
CPI,Consumer Price Index (CPI),DSD_CPI,FREQ,CL_FREQ,FALSE,I,Irregular,NA
CPI,Consumer Price Index (CPI),DSD_CPI,FREQ,CL_FREQ,FALSE,OA,Occasional annual,NA
CPI,Consumer Price Index (CPI),DSD_CPI,FREQ,CL_FREQ,FALSE,OM,Occasional monthly,NA
CPI,Consumer Price Index (CPI),DSD_CPI,FREQ,CL_FREQ,FALSE,_O,Other,NA
CPI,Consumer Price Index (CPI),DSD_CPI,FREQ,CL_FREQ,FALSE,_U,Unspecified,NA
CPI,Consumer Price Index (CPI),DSD_CPI,FREQ,CL_FREQ,FALSE,_Z,Not applicable,NA
ER,Exchange Rates (ER),DSD_ER_PUB,COUNTRY,CL_ER_COUNTRY_PUB,FALSE,TX994,EPU/EF,NA
ER,Exchange Rates (ER),DSD_ER_PUB,COUNTRY,CL_ER_COUNTRY_PUB,FALSE,TX346,Leeward Islands,NA
ER,Exchange Rates (ER),DSD_ER_PUB,COUNTRY,CL_ER_COUNTRY_PUB,FALSE,TX356,Panama Canal Zone,NA
ER,Exchange Rates (ER),DSD_ER_PUB,COUNTRY,CL_ER_COUNTRY_PUB,FALSE,TX376,Windward Islands,NA
ER,Exchange Rates (ER),DSD_ER_PUB,COUNTRY,CL_ER_COUNTRY_PUB,FALSE,TMP,Timor,NA
ER,Exchange Rates (ER),DSD_ER_PUB,COUNTRY,CL_ER_COUNTRY_PUB,FALSE,AFG,"Afghanistan, Islamic Republic of",NA
ER,Exchange Rates (ER),DSD_ER_PUB,COUNTRY,CL_ER_COUNTRY_PUB,FALSE,ALB,Albania,NA
ER,Exchange Rates (ER),DSD_ER_PUB,COUNTRY,CL_ER_COUNTRY_PUB,FALSE,DZA,Algeria,NA
ER,Exchange Rates (ER),DSD_ER_PUB,COUNTRY,CL_ER_COUNTRY_PUB,FALSE,ASM,American Samoa,NA
ER,Exchange Rates (ER),DSD_ER_PUB,COUNTRY,CL_ER_COUNTRY_PUB,FALSE,AND,"Andorra, Principality of",NA
ER,Exchange Rates (ER),DSD_ER_PUB,COUNTRY,CL_ER_COUNTRY_PUB,FALSE,AGO,Angola,NA
ER,Exchange Rates (ER),DSD_ER_PUB,COUNTRY,CL_ER_COUNTRY_PUB,FALSE,AIA,"Anguilla, United Kingdom-British Overseas Territory",NA
ER,Exchange Rates (ER),DSD_ER_PUB,COUNTRY,CL_ER_COUNTRY_PUB,FALSE,ATG,Antigua and Barbuda,NA
ER,Exchange Rates (ER),DSD_ER_PUB,COUNTRY,CL_ER_COUNTRY_PUB,FALSE,ARG,Argentina,NA
ER,Exchange Rates (ER),DSD_ER_PUB,COUNTRY,CL_ER_COUNTRY_PUB,FALSE,ARM,"Armenia, Republic of",NA
ER,Exchange Rates (ER),DSD_ER_PUB,COUNTRY,CL_ER_COUNTRY_PUB,FALSE,ABW,"Aruba, Kingdom of the Netherlands",NA
ER,Exchange Rates (ER),DSD_ER_PUB,COUNTRY,CL_ER_COUNTRY_PUB,FALSE,AUS,Australia,NA
ER,Exchange Rates (ER),DSD_ER_PUB,COUNTRY,CL_ER_COUNTRY_PUB,FALSE,AUT,Austria,NA
ER,Exchange Rates (ER),DSD_ER_PUB,COUNTRY,CL_ER_COUNTRY_PUB,FALSE,AZE,"Azerbaijan, Republic of",NA
ER,Exchange Rates (ER),DSD_ER_PUB,COUNTRY,CL_ER_COUNTRY_PUB,FALSE,BHS,"Bahamas, The",NA
ER,Exchange Rates (ER),DSD_ER_PUB,COUNTRY,CL_ER_COUNTRY_PUB,FALSE,BHR,"Bahrain, Kingdom of",NA
ER,Exchange Rates (ER),DSD_ER_PUB,COUNTRY,CL_ER_COUNTRY_PUB,FALSE,BGD,Bangladesh,NA
ER,Exchange Rates (ER),DSD_ER_PUB,COUNTRY,CL_ER_COUNTRY_PUB,FALSE,BRB,Barbados,NA
ER,Exchange Rates (ER),DSD_ER_PUB,COUNTRY,CL_ER_COUNTRY_PUB,FALSE,BLR,"Belarus, Republic of",NA
ER,Exchange Rates (ER),DSD_ER_PUB,COUNTRY,CL_ER_COUNTRY_PUB,FALSE,BEL,Belgium,NA
ER,Exchange Rates (ER),DSD_ER_PUB,COUNTRY,CL_ER_COUNTRY_PUB,FALSE,BLZ,Belize,NA
ER,Exchange Rates (ER),DSD_ER_PUB,COUNTRY,CL_ER_COUNTRY_PUB,FALSE,BEN,Benin,NA
ER,Exchange Rates (ER),DSD_ER_PUB,COUNTRY,CL_ER_COUNTRY_PUB,FALSE,BMU,Bermuda,NA
ER,Exchange Rates (ER),DSD_ER_PUB,COUNTRY,CL_ER_COUNTRY_PUB,FALSE,BTN,Bhutan,NA
ER,Exchange Rates (ER),DSD_ER_PUB,COUNTRY,CL_ER_COUNTRY_PUB,FALSE,BOL,Bolivia,NA
ER,Exchange Rates (ER),DSD_ER_PUB,COUNTRY,CL_ER_COUNTRY_PUB,FALSE,BIH,Bosnia and Herzegovina,NA
ER,Exchange Rates (ER),DSD_ER_PUB,COUNTRY,CL_ER_COUNTRY_PUB,FALSE,BWA,Botswana,NA
ER,Exchange Rates (ER),DSD_ER_PUB,COUNTRY,CL_ER_COUNTRY_PUB,FALSE,BRA,Brazil,NA
ER,Exchange Rates (ER),DSD_ER_PUB,COUNTRY,CL_ER_COUNTRY_PUB,FALSE,VGB,British Virgin Islands,NA
ER,Exchange Rates (ER),DSD_ER_PUB,COUNTRY,CL_ER_COUNTRY_PUB,FALSE,BRN,Brunei Darussalam,NA
ER,Exchange Rates (ER),DSD_ER_PUB,COUNTRY,CL_ER_COUNTRY_PUB,FALSE,BGR,Bulgaria,NA
ER,Exchange Rates (ER),DSD_ER_PUB,COUNTRY,CL_ER_COUNTRY_PUB,FALSE,BFA,Burkina Faso,NA
ER,Exchange Rates (ER),DSD_ER_PUB,COUNTRY,CL_ER_COUNTRY_PUB,FALSE,BDI,Burundi,NA
ER,Exchange Rates (ER),DSD_ER_PUB,COUNTRY,CL_ER_COUNTRY_PUB,FALSE,CPV,Cabo Verde,NA
ER,Exchange Rates (ER),DSD_ER_PUB,COUNTRY,CL_ER_COUNTRY_PUB,FALSE,KHM,Cambodia,NA
ER,Exchange Rates (ER),DSD_ER_PUB,COUNTRY,CL_ER_COUNTRY_PUB,FALSE,CMR,Cameroon,NA
ER,Exchange Rates (ER),DSD_ER_PUB,COUNTRY,CL_ER_COUNTRY_PUB,FALSE,CAN,Canada,NA
ER,Exchange Rates (ER),DSD_ER_PUB,COUNTRY,CL_ER_COUNTRY_PUB,FALSE,CYM,Cayman Islands,NA
ER,Exchange Rates (ER),DSD_ER_PUB,COUNTRY,CL_ER_COUNTRY_PUB,FALSE,CAF,Central African Republic,NA
ER,Exchange Rates (ER),DSD_ER_PUB,COUNTRY,CL_ER_COUNTRY_PUB,FALSE,TCD,Chad,NA
ER,Exchange Rates (ER),DSD_ER_PUB,COUNTRY,CL_ER_COUNTRY_PUB,FALSE,CHL,Chile,NA
ER,Exchange Rates (ER),DSD_ER_PUB,COUNTRY,CL_ER_COUNTRY_PUB,FALSE,CHN,"China, People's Republic of",NA
ER,Exchange Rates (ER),DSD_ER_PUB,COUNTRY,CL_ER_COUNTRY_PUB,FALSE,COL,Colombia,NA
ER,Exchange Rates (ER),DSD_ER_PUB,COUNTRY,CL_ER_COUNTRY_PUB,FALSE,COM,"Comoros, Union of the",NA
ER,Exchange Rates (ER),DSD_ER_PUB,COUNTRY,CL_ER_COUNTRY_PUB,FALSE,COD,"Congo, Democratic Republic of the",NA
ER,Exchange Rates (ER),DSD_ER_PUB,COUNTRY,CL_ER_COUNTRY_PUB,FALSE,COG,"Congo, Republic of",NA
ER,Exchange Rates (ER),DSD_ER_PUB,COUNTRY,CL_ER_COUNTRY_PUB,FALSE,COK,Cook Islands,NA
ER,Exchange Rates (ER),DSD_ER_PUB,COUNTRY,CL_ER_COUNTRY_PUB,FALSE,CRI,Costa Rica,NA
ER,Exchange Rates (ER),DSD_ER_PUB,COUNTRY,CL_ER_COUNTRY_PUB,FALSE,HRV,"Croatia, Republic of",NA
ER,Exchange Rates (ER),DSD_ER_PUB,COUNTRY,CL_ER_COUNTRY_PUB,FALSE,CUB,Cuba,NA
ER,Exchange Rates (ER),DSD_ER_PUB,COUNTRY,CL_ER_COUNTRY_PUB,FALSE,CUW,"Curaçao, Kingdom of the Netherlands",NA
ER,Exchange Rates (ER),DSD_ER_PUB,COUNTRY,CL_ER_COUNTRY_PUB,FALSE,CYP,Cyprus,NA
ER,Exchange Rates (ER),DSD_ER_PUB,COUNTRY,CL_ER_COUNTRY_PUB,FALSE,CZE,Czech Republic,NA
ER,Exchange Rates (ER),DSD_ER_PUB,COUNTRY,CL_ER_COUNTRY_PUB,FALSE,CIV,Côte d'Ivoire,NA
ER,Exchange Rates (ER),DSD_ER_PUB,COUNTRY,CL_ER_COUNTRY_PUB,FALSE,DNK,Denmark,NA
ER,Exchange Rates (ER),DSD_ER_PUB,COUNTRY,CL_ER_COUNTRY_PUB,FALSE,DJI,Djibouti,NA
ER,Exchange Rates (ER),DSD_ER_PUB,COUNTRY,CL_ER_COUNTRY_PUB,FALSE,DMA,Dominica,NA
ER,Exchange Rates (ER),DSD_ER_PUB,COUNTRY,CL_ER_COUNTRY_PUB,FALSE,DOM,Dominican Republic,NA
ER,Exchange Rates (ER),DSD_ER_PUB,COUNTRY,CL_ER_COUNTRY_PUB,FALSE,ECU,Ecuador,NA
ER,Exchange Rates (ER),DSD_ER_PUB,COUNTRY,CL_ER_COUNTRY_PUB,FALSE,EGY,"Egypt, Arab Republic of",NA
ER,Exchange Rates (ER),DSD_ER_PUB,COUNTRY,CL_ER_COUNTRY_PUB,FALSE,SLV,El Salvador,NA
ER,Exchange Rates (ER),DSD_ER_PUB,COUNTRY,CL_ER_COUNTRY_PUB,FALSE,GNQ,"Equatorial Guinea, Republic of",NA
ER,Exchange Rates (ER),DSD_ER_PUB,COUNTRY,CL_ER_COUNTRY_PUB,FALSE,ERI,"Eritrea, The State of",NA
ER,Exchange Rates (ER),DSD_ER_PUB,COUNTRY,CL_ER_COUNTRY_PUB,FALSE,EST,"Estonia, Republic of",NA
ER,Exchange Rates (ER),DSD_ER_PUB,COUNTRY,CL_ER_COUNTRY_PUB,FALSE,SWZ,"Eswatini, Kingdom of",NA
ER,Exchange Rates (ER),DSD_ER_PUB,COUNTRY,CL_ER_COUNTRY_PUB,FALSE,ETH,"Ethiopia, The Federal Democratic Republic of",NA
ER,Exchange Rates (ER),DSD_ER_PUB,COUNTRY,CL_ER_COUNTRY_PUB,FALSE,FLK,Falkland Islands (Malvinas),NA
ER,Exchange Rates (ER),DSD_ER_PUB,COUNTRY,CL_ER_COUNTRY_PUB,FALSE,FRO,Faroe Islands,NA
ER,Exchange Rates (ER),DSD_ER_PUB,COUNTRY,CL_ER_COUNTRY_PUB,FALSE,FJI,"Fiji, Republic of",NA
ER,Exchange Rates (ER),DSD_ER_PUB,COUNTRY,CL_ER_COUNTRY_PUB,FALSE,FIN,Finland,NA
ER,Exchange Rates (ER),DSD_ER_PUB,COUNTRY,CL_ER_COUNTRY_PUB,FALSE,FRA,France,NA
ER,Exchange Rates (ER),DSD_ER_PUB,COUNTRY,CL_ER_COUNTRY_PUB,FALSE,GUF,French Guiana,NA
ER,Exchange Rates (ER),DSD_ER_PUB,COUNTRY,CL_ER_COUNTRY_PUB,FALSE,PYF,French Polynesia,NA
ER,Exchange Rates (ER),DSD_ER_PUB,COUNTRY,CL_ER_COUNTRY_PUB,FALSE,GAB,Gabon,NA
ER,Exchange Rates (ER),DSD_ER_PUB,COUNTRY,CL_ER_COUNTRY_PUB,FALSE,GMB,"Gambia, The",NA
ER,Exchange Rates (ER),DSD_ER_PUB,COUNTRY,CL_ER_COUNTRY_PUB,FALSE,GEO,Georgia,NA
ER,Exchange Rates (ER),DSD_ER_PUB,COUNTRY,CL_ER_COUNTRY_PUB,FALSE,DEU,Germany,NA
ER,Exchange Rates (ER),DSD_ER_PUB,COUNTRY,CL_ER_COUNTRY_PUB,FALSE,GHA,Ghana,NA
ER,Exchange Rates (ER),DSD_ER_PUB,COUNTRY,CL_ER_COUNTRY_PUB,FALSE,GIB,Gibraltar,NA
ER,Exchange Rates (ER),DSD_ER_PUB,COUNTRY,CL_ER_COUNTRY_PUB,FALSE,GRC,Greece,NA
ER,Exchange Rates (ER),DSD_ER_PUB,COUNTRY,CL_ER_COUNTRY_PUB,FALSE,GRL,Greenland,NA
ER,Exchange Rates (ER),DSD_ER_PUB,COUNTRY,CL_ER_COUNTRY_PUB,FALSE,GRD,Grenada,NA
ER,Exchange Rates (ER),DSD_ER_PUB,COUNTRY,CL_ER_COUNTRY_PUB,FALSE,GLP,Guadeloupe,NA
ER,Exchange Rates (ER),DSD_ER_PUB,COUNTRY,CL_ER_COUNTRY_PUB,FALSE,GUM,Guam,NA
ER,Exchange Rates (ER),DSD_ER_PUB,COUNTRY,CL_ER_COUNTRY_PUB,FALSE,GTM,Guatemala,NA
ER,Exchange Rates (ER),DSD_ER_PUB,COUNTRY,CL_ER_COUNTRY_PUB,FALSE,GGY,Guernsey,NA
ER,Exchange Rates (ER),DSD_ER_PUB,COUNTRY,CL_ER_COUNTRY_PUB,FALSE,GIN,Guinea,NA
ER,Exchange Rates (ER),DSD_ER_PUB,COUNTRY,CL_ER_COUNTRY_PUB,FALSE,GNB,Guinea-Bissau,NA
ER,Exchange Rates (ER),DSD_ER_PUB,COUNTRY,CL_ER_COUNTRY_PUB,FALSE,GUY,Guyana,NA
ER,Exchange Rates (ER),DSD_ER_PUB,COUNTRY,CL_ER_COUNTRY_PUB,FALSE,HTI,Haiti,NA
ER,Exchange Rates (ER),DSD_ER_PUB,COUNTRY,CL_ER_COUNTRY_PUB,FALSE,VAT,Holy See,NA
ER,Exchange Rates (ER),DSD_ER_PUB,COUNTRY,CL_ER_COUNTRY_PUB,FALSE,HND,Honduras,NA
ER,Exchange Rates (ER),DSD_ER_PUB,COUNTRY,CL_ER_COUNTRY_PUB,FALSE,HKG,"Hong Kong Special Administrative Region, People's Republic of China",NA
ER,Exchange Rates (ER),DSD_ER_PUB,COUNTRY,CL_ER_COUNTRY_PUB,FALSE,HUN,Hungary,NA
ER,Exchange Rates (ER),DSD_ER_PUB,COUNTRY,CL_ER_COUNTRY_PUB,FALSE,ISL,Iceland,NA
ER,Exchange Rates (ER),DSD_ER_PUB,COUNTRY,CL_ER_COUNTRY_PUB,FALSE,IND,India,NA
ER,Exchange Rates (ER),DSD_ER_PUB,COUNTRY,CL_ER_COUNTRY_PUB,FALSE,IDN,Indonesia,NA
ER,Exchange Rates (ER),DSD_ER_PUB,COUNTRY,CL_ER_COUNTRY_PUB,FALSE,IRN,"Iran, Islamic Republic of",NA
ER,Exchange Rates (ER),DSD_ER_PUB,COUNTRY,CL_ER_COUNTRY_PUB,FALSE,IRQ,Iraq,NA
ER,Exchange Rates (ER),DSD_ER_PUB,COUNTRY,CL_ER_COUNTRY_PUB,FALSE,IRL,Ireland,NA
ER,Exchange Rates (ER),DSD_ER_PUB,COUNTRY,CL_ER_COUNTRY_PUB,FALSE,IMN,Isle of Man,NA
ER,Exchange Rates (ER),DSD_ER_PUB,COUNTRY,CL_ER_COUNTRY_PUB,FALSE,ISR,Israel,NA
ER,Exchange Rates (ER),DSD_ER_PUB,COUNTRY,CL_ER_COUNTRY_PUB,FALSE,ITA,Italy,NA
ER,Exchange Rates (ER),DSD_ER_PUB,COUNTRY,CL_ER_COUNTRY_PUB,FALSE,JAM,Jamaica,NA
ER,Exchange Rates (ER),DSD_ER_PUB,COUNTRY,CL_ER_COUNTRY_PUB,FALSE,JPN,Japan,NA
ER,Exchange Rates (ER),DSD_ER_PUB,COUNTRY,CL_ER_COUNTRY_PUB,FALSE,JEY,Jersey,NA
ER,Exchange Rates (ER),DSD_ER_PUB,COUNTRY,CL_ER_COUNTRY_PUB,FALSE,JOR,Jordan,NA
ER,Exchange Rates (ER),DSD_ER_PUB,COUNTRY,CL_ER_COUNTRY_PUB,FALSE,KAZ,"Kazakhstan, Republic of",NA
ER,Exchange Rates (ER),DSD_ER_PUB,COUNTRY,CL_ER_COUNTRY_PUB,FALSE,KEN,Kenya,NA
ER,Exchange Rates (ER),DSD_ER_PUB,COUNTRY,CL_ER_COUNTRY_PUB,FALSE,KIR,Kiribati,NA
ER,Exchange Rates (ER),DSD_ER_PUB,COUNTRY,CL_ER_COUNTRY_PUB,FALSE,PRK,"Korea, Democratic People's Republic of",NA
ER,Exchange Rates (ER),DSD_ER_PUB,COUNTRY,CL_ER_COUNTRY_PUB,FALSE,KOR,"Korea, Republic of",NA
ER,Exchange Rates (ER),DSD_ER_PUB,COUNTRY,CL_ER_COUNTRY_PUB,FALSE,KOS,"Kosovo, Republic of",NA
ER,Exchange Rates (ER),DSD_ER_PUB,COUNTRY,CL_ER_COUNTRY_PUB,FALSE,KWT,Kuwait,NA
ER,Exchange Rates (ER),DSD_ER_PUB,COUNTRY,CL_ER_COUNTRY_PUB,FALSE,KGZ,Kyrgyz Republic,NA
ER,Exchange Rates (ER),DSD_ER_PUB,COUNTRY,CL_ER_COUNTRY_PUB,FALSE,LAO,Lao People's Democratic Republic,NA
ER,Exchange Rates (ER),DSD_ER_PUB,COUNTRY,CL_ER_COUNTRY_PUB,FALSE,LVA,"Latvia, Republic of",NA
ER,Exchange Rates (ER),DSD_ER_PUB,COUNTRY,CL_ER_COUNTRY_PUB,FALSE,LBN,Lebanon,NA
ER,Exchange Rates (ER),DSD_ER_PUB,COUNTRY,CL_ER_COUNTRY_PUB,FALSE,LSO,"Lesotho, Kingdom of",NA
ER,Exchange Rates (ER),DSD_ER_PUB,COUNTRY,CL_ER_COUNTRY_PUB,FALSE,LBR,Liberia,NA
ER,Exchange Rates (ER),DSD_ER_PUB,COUNTRY,CL_ER_COUNTRY_PUB,FALSE,LBY,Libya,NA
ER,Exchange Rates (ER),DSD_ER_PUB,COUNTRY,CL_ER_COUNTRY_PUB,FALSE,LIE,"Liechtenstein, Principality of",NA
ER,Exchange Rates (ER),DSD_ER_PUB,COUNTRY,CL_ER_COUNTRY_PUB,FALSE,LTU,"Lithuania, Republic of",NA
ER,Exchange Rates (ER),DSD_ER_PUB,COUNTRY,CL_ER_COUNTRY_PUB,FALSE,LUX,Luxembourg,NA
ER,Exchange Rates (ER),DSD_ER_PUB,COUNTRY,CL_ER_COUNTRY_PUB,FALSE,MAC,"Macao Special Administrative Region, People's Republic of China",NA
ER,Exchange Rates (ER),DSD_ER_PUB,COUNTRY,CL_ER_COUNTRY_PUB,FALSE,MDG,"Madagascar, Republic of",NA
ER,Exchange Rates (ER),DSD_ER_PUB,COUNTRY,CL_ER_COUNTRY_PUB,FALSE,MWI,Malawi,NA
ER,Exchange Rates (ER),DSD_ER_PUB,COUNTRY,CL_ER_COUNTRY_PUB,FALSE,MYS,Malaysia,NA
ER,Exchange Rates (ER),DSD_ER_PUB,COUNTRY,CL_ER_COUNTRY_PUB,FALSE,MDV,Maldives,NA
ER,Exchange Rates (ER),DSD_ER_PUB,COUNTRY,CL_ER_COUNTRY_PUB,FALSE,MLI,Mali,NA
ER,Exchange Rates (ER),DSD_ER_PUB,COUNTRY,CL_ER_COUNTRY_PUB,FALSE,MLT,Malta,NA
ER,Exchange Rates (ER),DSD_ER_PUB,COUNTRY,CL_ER_COUNTRY_PUB,FALSE,MHL,"Marshall Islands, Republic of the",NA
ER,Exchange Rates (ER),DSD_ER_PUB,COUNTRY,CL_ER_COUNTRY_PUB,FALSE,MTQ,Martinique,NA
ER,Exchange Rates (ER),DSD_ER_PUB,COUNTRY,CL_ER_COUNTRY_PUB,FALSE,MRT,"Mauritania, Islamic Republic of",NA
ER,Exchange Rates (ER),DSD_ER_PUB,COUNTRY,CL_ER_COUNTRY_PUB,FALSE,MUS,Mauritius,NA
ER,Exchange Rates (ER),DSD_ER_PUB,COUNTRY,CL_ER_COUNTRY_PUB,FALSE,MYT,Mayotte,NA
ER,Exchange Rates (ER),DSD_ER_PUB,COUNTRY,CL_ER_COUNTRY_PUB,FALSE,MEX,Mexico,NA
ER,Exchange Rates (ER),DSD_ER_PUB,COUNTRY,CL_ER_COUNTRY_PUB,FALSE,FSM,"Micronesia, Federated States of",NA
ER,Exchange Rates (ER),DSD_ER_PUB,COUNTRY,CL_ER_COUNTRY_PUB,FALSE,MDA,"Moldova, Republic of",NA
ER,Exchange Rates (ER),DSD_ER_PUB,COUNTRY,CL_ER_COUNTRY_PUB,FALSE,MCO,Monaco,NA
ER,Exchange Rates (ER),DSD_ER_PUB,COUNTRY,CL_ER_COUNTRY_PUB,FALSE,MNG,Mongolia,NA
ER,Exchange Rates (ER),DSD_ER_PUB,COUNTRY,CL_ER_COUNTRY_PUB,FALSE,MNE,Montenegro,NA
ER,Exchange Rates (ER),DSD_ER_PUB,COUNTRY,CL_ER_COUNTRY_PUB,FALSE,MSR,"Montserrat, United Kingdom-British Overseas Territory",NA
ER,Exchange Rates (ER),DSD_ER_PUB,COUNTRY,CL_ER_COUNTRY_PUB,FALSE,MAR,Morocco,NA
ER,Exchange Rates (ER),DSD_ER_PUB,COUNTRY,CL_ER_COUNTRY_PUB,FALSE,MOZ,"Mozambique, Republic of",NA
ER,Exchange Rates (ER),DSD_ER_PUB,COUNTRY,CL_ER_COUNTRY_PUB,FALSE,MMR,Myanmar,NA
ER,Exchange Rates (ER),DSD_ER_PUB,COUNTRY,CL_ER_COUNTRY_PUB,FALSE,NAM,Namibia,NA
ER,Exchange Rates (ER),DSD_ER_PUB,COUNTRY,CL_ER_COUNTRY_PUB,FALSE,NRU,"Nauru, Republic of",NA
ER,Exchange Rates (ER),DSD_ER_PUB,COUNTRY,CL_ER_COUNTRY_PUB,FALSE,NPL,Nepal,NA
ER,Exchange Rates (ER),DSD_ER_PUB,COUNTRY,CL_ER_COUNTRY_PUB,FALSE,NLD,"Netherlands, The",NA
ER,Exchange Rates (ER),DSD_ER_PUB,COUNTRY,CL_ER_COUNTRY_PUB,FALSE,NCL,New Caledonia,NA
ER,Exchange Rates (ER),DSD_ER_PUB,COUNTRY,CL_ER_COUNTRY_PUB,FALSE,NZL,New Zealand,NA
ER,Exchange Rates (ER),DSD_ER_PUB,COUNTRY,CL_ER_COUNTRY_PUB,FALSE,NIC,Nicaragua,NA
ER,Exchange Rates (ER),DSD_ER_PUB,COUNTRY,CL_ER_COUNTRY_PUB,FALSE,NER,Niger,NA
ER,Exchange Rates (ER),DSD_ER_PUB,COUNTRY,CL_ER_COUNTRY_PUB,FALSE,NGA,Nigeria,NA
ER,Exchange Rates (ER),DSD_ER_PUB,COUNTRY,CL_ER_COUNTRY_PUB,FALSE,NIU,Niue,NA
ER,Exchange Rates (ER),DSD_ER_PUB,COUNTRY,CL_ER_COUNTRY_PUB,FALSE,NFK,Norfolk Island,NA
ER,Exchange Rates (ER),DSD_ER_PUB,COUNTRY,CL_ER_COUNTRY_PUB,FALSE,MKD,"North Macedonia, Republic of",NA
ER,Exchange Rates (ER),DSD_ER_PUB,COUNTRY,CL_ER_COUNTRY_PUB,FALSE,MNP,Northern Mariana Islands,NA
ER,Exchange Rates (ER),DSD_ER_PUB,COUNTRY,CL_ER_COUNTRY_PUB,FALSE,NOR,Norway,NA
ER,Exchange Rates (ER),DSD_ER_PUB,COUNTRY,CL_ER_COUNTRY_PUB,FALSE,OMN,Oman,NA
ER,Exchange Rates (ER),DSD_ER_PUB,COUNTRY,CL_ER_COUNTRY_PUB,FALSE,PAK,Pakistan,NA
ER,Exchange Rates (ER),DSD_ER_PUB,COUNTRY,CL_ER_COUNTRY_PUB,FALSE,PLW,"Palau, Republic of",NA
ER,Exchange Rates (ER),DSD_ER_PUB,COUNTRY,CL_ER_COUNTRY_PUB,FALSE,PAN,Panama,NA
ER,Exchange Rates (ER),DSD_ER_PUB,COUNTRY,CL_ER_COUNTRY_PUB,FALSE,PNG,Papua New Guinea,NA
ER,Exchange Rates (ER),DSD_ER_PUB,COUNTRY,CL_ER_COUNTRY_PUB,FALSE,PRY,Paraguay,NA
ER,Exchange Rates (ER),DSD_ER_PUB,COUNTRY,CL_ER_COUNTRY_PUB,FALSE,PER,Peru,NA
ER,Exchange Rates (ER),DSD_ER_PUB,COUNTRY,CL_ER_COUNTRY_PUB,FALSE,PHL,Philippines,NA
ER,Exchange Rates (ER),DSD_ER_PUB,COUNTRY,CL_ER_COUNTRY_PUB,FALSE,PCN,Pitcairn Islands,NA
ER,Exchange Rates (ER),DSD_ER_PUB,COUNTRY,CL_ER_COUNTRY_PUB,FALSE,POL,"Poland, Republic of",NA
ER,Exchange Rates (ER),DSD_ER_PUB,COUNTRY,CL_ER_COUNTRY_PUB,FALSE,PRT,Portugal,NA
ER,Exchange Rates (ER),DSD_ER_PUB,COUNTRY,CL_ER_COUNTRY_PUB,FALSE,PRI,Puerto Rico,NA
ER,Exchange Rates (ER),DSD_ER_PUB,COUNTRY,CL_ER_COUNTRY_PUB,FALSE,QAT,Qatar,NA
ER,Exchange Rates (ER),DSD_ER_PUB,COUNTRY,CL_ER_COUNTRY_PUB,FALSE,ROU,Romania,NA
ER,Exchange Rates (ER),DSD_ER_PUB,COUNTRY,CL_ER_COUNTRY_PUB,FALSE,RUS,Russian Federation,NA
ER,Exchange Rates (ER),DSD_ER_PUB,COUNTRY,CL_ER_COUNTRY_PUB,FALSE,RWA,Rwanda,NA
ER,Exchange Rates (ER),DSD_ER_PUB,COUNTRY,CL_ER_COUNTRY_PUB,FALSE,REU,Réunion,NA
ER,Exchange Rates (ER),DSD_ER_PUB,COUNTRY,CL_ER_COUNTRY_PUB,FALSE,WSM,Samoa,NA
ER,Exchange Rates (ER),DSD_ER_PUB,COUNTRY,CL_ER_COUNTRY_PUB,FALSE,SMR,"San Marino, Republic of",NA
ER,Exchange Rates (ER),DSD_ER_PUB,COUNTRY,CL_ER_COUNTRY_PUB,FALSE,SAU,Saudi Arabia,NA
ER,Exchange Rates (ER),DSD_ER_PUB,COUNTRY,CL_ER_COUNTRY_PUB,FALSE,SEN,Senegal,NA
ER,Exchange Rates (ER),DSD_ER_PUB,COUNTRY,CL_ER_COUNTRY_PUB,FALSE,SRB,"Serbia, Republic of",NA
ER,Exchange Rates (ER),DSD_ER_PUB,COUNTRY,CL_ER_COUNTRY_PUB,FALSE,SYC,Seychelles,NA
ER,Exchange Rates (ER),DSD_ER_PUB,COUNTRY,CL_ER_COUNTRY_PUB,FALSE,SLE,Sierra Leone,NA
ER,Exchange Rates (ER),DSD_ER_PUB,COUNTRY,CL_ER_COUNTRY_PUB,FALSE,SGP,Singapore,NA
ER,Exchange Rates (ER),DSD_ER_PUB,COUNTRY,CL_ER_COUNTRY_PUB,FALSE,SXM,"Sint Maarten, Kingdom of the Netherlands",NA
ER,Exchange Rates (ER),DSD_ER_PUB,COUNTRY,CL_ER_COUNTRY_PUB,FALSE,SVK,Slovak Republic,NA
ER,Exchange Rates (ER),DSD_ER_PUB,COUNTRY,CL_ER_COUNTRY_PUB,FALSE,SVN,"Slovenia, Republic of",NA
ER,Exchange Rates (ER),DSD_ER_PUB,COUNTRY,CL_ER_COUNTRY_PUB,FALSE,SLB,Solomon Islands,NA
ER,Exchange Rates (ER),DSD_ER_PUB,COUNTRY,CL_ER_COUNTRY_PUB,FALSE,SOM,Somalia,NA
ER,Exchange Rates (ER),DSD_ER_PUB,COUNTRY,CL_ER_COUNTRY_PUB,FALSE,ZAF,South Africa,NA
ER,Exchange Rates (ER),DSD_ER_PUB,COUNTRY,CL_ER_COUNTRY_PUB,FALSE,SSD,"South Sudan, Republic of",NA
ER,Exchange Rates (ER),DSD_ER_PUB,COUNTRY,CL_ER_COUNTRY_PUB,FALSE,ESP,Spain,NA
ER,Exchange Rates (ER),DSD_ER_PUB,COUNTRY,CL_ER_COUNTRY_PUB,FALSE,LKA,Sri Lanka,NA
ER,Exchange Rates (ER),DSD_ER_PUB,COUNTRY,CL_ER_COUNTRY_PUB,FALSE,SHN,St. Helena,NA
ER,Exchange Rates (ER),DSD_ER_PUB,COUNTRY,CL_ER_COUNTRY_PUB,FALSE,KNA,St. Kitts and Nevis,NA
ER,Exchange Rates (ER),DSD_ER_PUB,COUNTRY,CL_ER_COUNTRY_PUB,FALSE,LCA,St. Lucia,NA
ER,Exchange Rates (ER),DSD_ER_PUB,COUNTRY,CL_ER_COUNTRY_PUB,FALSE,SPM,St. Pierre and Miquelon,NA
ER,Exchange Rates (ER),DSD_ER_PUB,COUNTRY,CL_ER_COUNTRY_PUB,FALSE,VCT,St. Vincent and the Grenadines,NA
ER,Exchange Rates (ER),DSD_ER_PUB,COUNTRY,CL_ER_COUNTRY_PUB,FALSE,SDN,Sudan,NA
ER,Exchange Rates (ER),DSD_ER_PUB,COUNTRY,CL_ER_COUNTRY_PUB,FALSE,SUR,Suriname,NA
ER,Exchange Rates (ER),DSD_ER_PUB,COUNTRY,CL_ER_COUNTRY_PUB,FALSE,SJM,Svalbard and Jan Mayen Islands,NA
ER,Exchange Rates (ER),DSD_ER_PUB,COUNTRY,CL_ER_COUNTRY_PUB,FALSE,SWE,Sweden,NA
ER,Exchange Rates (ER),DSD_ER_PUB,COUNTRY,CL_ER_COUNTRY_PUB,FALSE,CHE,Switzerland,NA
ER,Exchange Rates (ER),DSD_ER_PUB,COUNTRY,CL_ER_COUNTRY_PUB,FALSE,SYR,Syrian Arab Republic,NA
ER,Exchange Rates (ER),DSD_ER_PUB,COUNTRY,CL_ER_COUNTRY_PUB,FALSE,STP,"São Tomé and Príncipe, Democratic Republic of",NA
ER,Exchange Rates (ER),DSD_ER_PUB,COUNTRY,CL_ER_COUNTRY_PUB,FALSE,TWN,Taiwan Province of China,NA
ER,Exchange Rates (ER),DSD_ER_PUB,COUNTRY,CL_ER_COUNTRY_PUB,FALSE,TJK,"Tajikistan, Republic of",NA
ER,Exchange Rates (ER),DSD_ER_PUB,COUNTRY,CL_ER_COUNTRY_PUB,FALSE,TZA,"Tanzania, United Republic of",NA
ER,Exchange Rates (ER),DSD_ER_PUB,COUNTRY,CL_ER_COUNTRY_PUB,FALSE,THA,Thailand,NA
ER,Exchange Rates (ER),DSD_ER_PUB,COUNTRY,CL_ER_COUNTRY_PUB,FALSE,TLS,"Timor-Leste, Democratic Republic of",NA
ER,Exchange Rates (ER),DSD_ER_PUB,COUNTRY,CL_ER_COUNTRY_PUB,FALSE,TGO,Togo,NA
ER,Exchange Rates (ER),DSD_ER_PUB,COUNTRY,CL_ER_COUNTRY_PUB,FALSE,TKL,Tokelau,NA
ER,Exchange Rates (ER),DSD_ER_PUB,COUNTRY,CL_ER_COUNTRY_PUB,FALSE,TON,Tonga,NA
ER,Exchange Rates (ER),DSD_ER_PUB,COUNTRY,CL_ER_COUNTRY_PUB,FALSE,TTO,Trinidad and Tobago,NA
ER,Exchange Rates (ER),DSD_ER_PUB,COUNTRY,CL_ER_COUNTRY_PUB,FALSE,TUN,Tunisia,NA
ER,Exchange Rates (ER),DSD_ER_PUB,COUNTRY,CL_ER_COUNTRY_PUB,FALSE,TKM,Turkmenistan,NA
ER,Exchange Rates (ER),DSD_ER_PUB,COUNTRY,CL_ER_COUNTRY_PUB,FALSE,TCA,Turks and Caicos Islands,NA
ER,Exchange Rates (ER),DSD_ER_PUB,COUNTRY,CL_ER_COUNTRY_PUB,FALSE,TUV,Tuvalu,NA
ER,Exchange Rates (ER),DSD_ER_PUB,COUNTRY,CL_ER_COUNTRY_PUB,FALSE,TUR,"Türkiye, Republic of",NA
ER,Exchange Rates (ER),DSD_ER_PUB,COUNTRY,CL_ER_COUNTRY_PUB,FALSE,UGA,Uganda,NA
ER,Exchange Rates (ER),DSD_ER_PUB,COUNTRY,CL_ER_COUNTRY_PUB,FALSE,UKR,Ukraine,NA
ER,Exchange Rates (ER),DSD_ER_PUB,COUNTRY,CL_ER_COUNTRY_PUB,FALSE,ARE,United Arab Emirates,NA
ER,Exchange Rates (ER),DSD_ER_PUB,COUNTRY,CL_ER_COUNTRY_PUB,FALSE,GBR,United Kingdom,NA
ER,Exchange Rates (ER),DSD_ER_PUB,COUNTRY,CL_ER_COUNTRY_PUB,FALSE,USA,United States,NA
ER,Exchange Rates (ER),DSD_ER_PUB,COUNTRY,CL_ER_COUNTRY_PUB,FALSE,VIR,United States Virgin Islands,NA
ER,Exchange Rates (ER),DSD_ER_PUB,COUNTRY,CL_ER_COUNTRY_PUB,FALSE,URY,Uruguay,NA
ER,Exchange Rates (ER),DSD_ER_PUB,COUNTRY,CL_ER_COUNTRY_PUB,FALSE,UZB,"Uzbekistan, Republic of",NA
ER,Exchange Rates (ER),DSD_ER_PUB,COUNTRY,CL_ER_COUNTRY_PUB,FALSE,VUT,Vanuatu,NA
ER,Exchange Rates (ER),DSD_ER_PUB,COUNTRY,CL_ER_COUNTRY_PUB,FALSE,VEN,"Venezuela, República Bolivariana de",NA
ER,Exchange Rates (ER),DSD_ER_PUB,COUNTRY,CL_ER_COUNTRY_PUB,FALSE,VNM,Vietnam,NA
ER,Exchange Rates (ER),DSD_ER_PUB,COUNTRY,CL_ER_COUNTRY_PUB,FALSE,WLF,Wallis and Futuna Islands,NA
ER,Exchange Rates (ER),DSD_ER_PUB,COUNTRY,CL_ER_COUNTRY_PUB,FALSE,WBG,West Bank and Gaza,NA
ER,Exchange Rates (ER),DSD_ER_PUB,COUNTRY,CL_ER_COUNTRY_PUB,FALSE,YEM,"Yemen, Republic of",NA
ER,Exchange Rates (ER),DSD_ER_PUB,COUNTRY,CL_ER_COUNTRY_PUB,FALSE,ZMB,Zambia,NA
ER,Exchange Rates (ER),DSD_ER_PUB,COUNTRY,CL_ER_COUNTRY_PUB,FALSE,ZWE,Zimbabwe,NA
ER,Exchange Rates (ER),DSD_ER_PUB,COUNTRY,CL_ER_COUNTRY_PUB,FALSE,ALA,Åland Islands,NA
ER,Exchange Rates (ER),DSD_ER_PUB,COUNTRY,CL_ER_COUNTRY_PUB,FALSE,BES,"Bonaire, Saint Eustatius and Saba",NA
ER,Exchange Rates (ER),DSD_ER_PUB,COUNTRY,CL_ER_COUNTRY_PUB,FALSE,ATF,French Southern Territories,NA
ER,Exchange Rates (ER),DSD_ER_PUB,COUNTRY,CL_ER_COUNTRY_PUB,FALSE,CWX,Curaçao and Sint Maarten,NA
ER,Exchange Rates (ER),DSD_ER_PUB,COUNTRY,CL_ER_COUNTRY_PUB,FALSE,CSK,Czechoslovakia,NA
ER,Exchange Rates (ER),DSD_ER_PUB,COUNTRY,CL_ER_COUNTRY_PUB,FALSE,DDR,German Democratic Republic,NA
ER,Exchange Rates (ER),DSD_ER_PUB,COUNTRY,CL_ER_COUNTRY_PUB,FALSE,ANT,Netherlands Antilles,NA
ER,Exchange Rates (ER),DSD_ER_PUB,COUNTRY,CL_ER_COUNTRY_PUB,FALSE,VDR,"Vietnam, Democratic Republic of",NA
ER,Exchange Rates (ER),DSD_ER_PUB,COUNTRY,CL_ER_COUNTRY_PUB,FALSE,SCG,Serbia and Montenegro,NA
ER,Exchange Rates (ER),DSD_ER_PUB,COUNTRY,CL_ER_COUNTRY_PUB,FALSE,SUN,Union of Soviet Socialist Republics (USSR),NA
ER,Exchange Rates (ER),DSD_ER_PUB,COUNTRY,CL_ER_COUNTRY_PUB,FALSE,YAR,Yemen Arab Republic,NA
ER,Exchange Rates (ER),DSD_ER_PUB,COUNTRY,CL_ER_COUNTRY_PUB,FALSE,YMD,"Yemen, People's Democratic Republic of",NA
ER,Exchange Rates (ER),DSD_ER_PUB,COUNTRY,CL_ER_COUNTRY_PUB,FALSE,YUG,"Yugoslavia, Socialist Federal Republic of",NA
ER,Exchange Rates (ER),DSD_ER_PUB,COUNTRY,CL_ER_COUNTRY_PUB,FALSE,U019,Americas,NA
ER,Exchange Rates (ER),DSD_ER_PUB,COUNTRY,CL_ER_COUNTRY_PUB,FALSE,U015,Northern Africa,NA
ER,Exchange Rates (ER),DSD_ER_PUB,COUNTRY,CL_ER_COUNTRY_PUB,FALSE,U202,Sub-Saharan Africa,NA
ER,Exchange Rates (ER),DSD_ER_PUB,COUNTRY,CL_ER_COUNTRY_PUB,FALSE,U002,Africa,NA
ER,Exchange Rates (ER),DSD_ER_PUB,COUNTRY,CL_ER_COUNTRY_PUB,FALSE,U142,Asia,NA
ER,Exchange Rates (ER),DSD_ER_PUB,COUNTRY,CL_ER_COUNTRY_PUB,FALSE,U053,Australia and New Zealand,NA
ER,Exchange Rates (ER),DSD_ER_PUB,COUNTRY,CL_ER_COUNTRY_PUB,FALSE,U029,Caribbean,NA
ER,Exchange Rates (ER),DSD_ER_PUB,COUNTRY,CL_ER_COUNTRY_PUB,FALSE,U013,Central America,NA
ER,Exchange Rates (ER),DSD_ER_PUB,COUNTRY,CL_ER_COUNTRY_PUB,FALSE,U143,Central Asia,NA
ER,Exchange Rates (ER),DSD_ER_PUB,COUNTRY,CL_ER_COUNTRY_PUB,FALSE,U014,Eastern Africa,NA
ER,Exchange Rates (ER),DSD_ER_PUB,COUNTRY,CL_ER_COUNTRY_PUB,FALSE,U030,Eastern Asia,NA
ER,Exchange Rates (ER),DSD_ER_PUB,COUNTRY,CL_ER_COUNTRY_PUB,FALSE,U151,Eastern Europe,NA
ER,Exchange Rates (ER),DSD_ER_PUB,COUNTRY,CL_ER_COUNTRY_PUB,FALSE,U150,Europe,NA
ER,Exchange Rates (ER),DSD_ER_PUB,COUNTRY,CL_ER_COUNTRY_PUB,FALSE,U054,Melanesia,NA
ER,Exchange Rates (ER),DSD_ER_PUB,COUNTRY,CL_ER_COUNTRY_PUB,FALSE,U057,Micronesia,NA
ER,Exchange Rates (ER),DSD_ER_PUB,COUNTRY,CL_ER_COUNTRY_PUB,FALSE,U017,Middle Africa,NA
ER,Exchange Rates (ER),DSD_ER_PUB,COUNTRY,CL_ER_COUNTRY_PUB,FALSE,U154,Northern Europe,NA
ER,Exchange Rates (ER),DSD_ER_PUB,COUNTRY,CL_ER_COUNTRY_PUB,FALSE,U009,Oceania,NA
ER,Exchange Rates (ER),DSD_ER_PUB,COUNTRY,CL_ER_COUNTRY_PUB,FALSE,U061,Polynesia,NA
ER,Exchange Rates (ER),DSD_ER_PUB,COUNTRY,CL_ER_COUNTRY_PUB,FALSE,U005,South America,NA
ER,Exchange Rates (ER),DSD_ER_PUB,COUNTRY,CL_ER_COUNTRY_PUB,FALSE,U035,South-eastern Asia,NA
ER,Exchange Rates (ER),DSD_ER_PUB,COUNTRY,CL_ER_COUNTRY_PUB,FALSE,U018,Southern Africa,NA
ER,Exchange Rates (ER),DSD_ER_PUB,COUNTRY,CL_ER_COUNTRY_PUB,FALSE,U034,Southern Asia,NA
ER,Exchange Rates (ER),DSD_ER_PUB,COUNTRY,CL_ER_COUNTRY_PUB,FALSE,U039,Southern Europe,NA
ER,Exchange Rates (ER),DSD_ER_PUB,COUNTRY,CL_ER_COUNTRY_PUB,FALSE,U011,Western Africa,NA
ER,Exchange Rates (ER),DSD_ER_PUB,COUNTRY,CL_ER_COUNTRY_PUB,FALSE,U145,Western Asia,NA
ER,Exchange Rates (ER),DSD_ER_PUB,COUNTRY,CL_ER_COUNTRY_PUB,FALSE,U155,Western Europe,NA
ER,Exchange Rates (ER),DSD_ER_PUB,COUNTRY,CL_ER_COUNTRY_PUB,FALSE,G202,Advanced Asia,NA
ER,Exchange Rates (ER),DSD_ER_PUB,COUNTRY,CL_ER_COUNTRY_PUB,FALSE,G110,Advanced Economies,NA
ER,Exchange Rates (ER),DSD_ER_PUB,COUNTRY,CL_ER_COUNTRY_PUB,FALSE,G906,Advanced Europe,NA
ER,Exchange Rates (ER),DSD_ER_PUB,COUNTRY,CL_ER_COUNTRY_PUB,FALSE,G510,ASEAN-5,NA
ER,Exchange Rates (ER),DSD_ER_PUB,COUNTRY,CL_ER_COUNTRY_PUB,FALSE,G940,Caucasus and Central Asia (CCA),NA
ER,Exchange Rates (ER),DSD_ER_PUB,COUNTRY,CL_ER_COUNTRY_PUB,FALSE,G758,Central African Economic and Monetary Community (CEMAC),NA
ER,Exchange Rates (ER),DSD_ER_PUB,COUNTRY,CL_ER_COUNTRY_PUB,FALSE,G609,CFA franc zone,NA
ER,Exchange Rates (ER),DSD_ER_PUB,COUNTRY,CL_ER_COUNTRY_PUB,FALSE,G619,East African Community (EAC),NA
ER,Exchange Rates (ER),DSD_ER_PUB,COUNTRY,CL_ER_COUNTRY_PUB,FALSE,G309,Eastern Caribbean Currency Union (ECCU),NA
ER,Exchange Rates (ER),DSD_ER_PUB,COUNTRY,CL_ER_COUNTRY_PUB,FALSE,G776,Economic Community of West African States (ECOWAS),NA
ER,Exchange Rates (ER),DSD_ER_PUB,COUNTRY,CL_ER_COUNTRY_PUB,FALSE,G209,EMDEs by External Financing: Net Creditors,NA
ER,Exchange Rates (ER),DSD_ER_PUB,COUNTRY,CL_ER_COUNTRY_PUB,FALSE,G606,EMDEs by External Financing: Net Debtors,NA
ER,Exchange Rates (ER),DSD_ER_PUB,COUNTRY,CL_ER_COUNTRY_PUB,FALSE,G087,EMDEs by External Financing: Net Debtors with Arrears and/or Reschedulings,NA
ER,Exchange Rates (ER),DSD_ER_PUB,COUNTRY,CL_ER_COUNTRY_PUB,FALSE,G216,EMDEs by Source of Export Earnings: Diversified,NA
ER,Exchange Rates (ER),DSD_ER_PUB,COUNTRY,CL_ER_COUNTRY_PUB,FALSE,G080,EMDEs by Source of Export Earnings: Fuel,NA
ER,Exchange Rates (ER),DSD_ER_PUB,COUNTRY,CL_ER_COUNTRY_PUB,FALSE,G083,EMDEs by Source of Export Earnings: Manufactures,NA
ER,Exchange Rates (ER),DSD_ER_PUB,COUNTRY,CL_ER_COUNTRY_PUB,FALSE,G092,EMDEs by Source of Export Earnings: Nonfuel,NA
ER,Exchange Rates (ER),DSD_ER_PUB,COUNTRY,CL_ER_COUNTRY_PUB,FALSE,G089,EMDEs by Source of Export Earnings: Primary Products (excluding Fuel),NA
ER,Exchange Rates (ER),DSD_ER_PUB,COUNTRY,CL_ER_COUNTRY_PUB,FALSE,G084,"EMDEs by Source of Export Earnings: Services (including Income, Transfers)",NA
ER,Exchange Rates (ER),DSD_ER_PUB,COUNTRY,CL_ER_COUNTRY_PUB,FALSE,G505,Emerging and Developing Asia,NA
ER,Exchange Rates (ER),DSD_ER_PUB,COUNTRY,CL_ER_COUNTRY_PUB,FALSE,G903,Emerging and Developing Europe,NA
ER,Exchange Rates (ER),DSD_ER_PUB,COUNTRY,CL_ER_COUNTRY_PUB,FALSE,G1515,Emerging Asia,NA
ER,Exchange Rates (ER),DSD_ER_PUB,COUNTRY,CL_ER_COUNTRY_PUB,FALSE,G200,Emerging Market and Developing Economies,NA
ER,Exchange Rates (ER),DSD_ER_PUB,COUNTRY,CL_ER_COUNTRY_PUB,FALSE,G1201,Emerging Market and Middle-Income Economies,NA
ER,Exchange Rates (ER),DSD_ER_PUB,COUNTRY,CL_ER_COUNTRY_PUB,FALSE,G995,Euro Area (EA) – aggregate of member states,NA
ER,Exchange Rates (ER),DSD_ER_PUB,COUNTRY,CL_ER_COUNTRY_PUB,FALSE,G998,European Union (EU),NA
ER,Exchange Rates (ER),DSD_ER_PUB,COUNTRY,CL_ER_COUNTRY_PUB,FALSE,G715,Fragile and Conflict-affected States (FCS),NA
ER,Exchange Rates (ER),DSD_ER_PUB,COUNTRY,CL_ER_COUNTRY_PUB,FALSE,G120,G20,NA
ER,Exchange Rates (ER),DSD_ER_PUB,COUNTRY,CL_ER_COUNTRY_PUB,FALSE,G119,G7,NA
ER,Exchange Rates (ER),DSD_ER_PUB,COUNTRY,CL_ER_COUNTRY_PUB,FALSE,G450,Gulf Cooperation Council (GCC),NA
ER,Exchange Rates (ER),DSD_ER_PUB,COUNTRY,CL_ER_COUNTRY_PUB,FALSE,G711,Heavily Indebted Poor Countries (HIPC),NA
ER,Exchange Rates (ER),DSD_ER_PUB,COUNTRY,CL_ER_COUNTRY_PUB,FALSE,G205,Latin America and the Caribbean (LAC),NA
ER,Exchange Rates (ER),DSD_ER_PUB,COUNTRY,CL_ER_COUNTRY_PUB,FALSE,G201,Low-Income Developing Countries (LIDC),NA
ER,Exchange Rates (ER),DSD_ER_PUB,COUNTRY,CL_ER_COUNTRY_PUB,FALSE,G400,Middle East and Central Asia,NA
ER,Exchange Rates (ER),DSD_ER_PUB,COUNTRY,CL_ER_COUNTRY_PUB,FALSE,G401,Middle East and Central Asia: Oil Exporters,NA
ER,Exchange Rates (ER),DSD_ER_PUB,COUNTRY,CL_ER_COUNTRY_PUB,FALSE,G402,Middle East and Central Asia: Oil Importers,NA
ER,Exchange Rates (ER),DSD_ER_PUB,COUNTRY,CL_ER_COUNTRY_PUB,FALSE,G406,Middle East and North Africa (MENA),NA
ER,Exchange Rates (ER),DSD_ER_PUB,COUNTRY,CL_ER_COUNTRY_PUB,FALSE,G92031,North America,NA
ER,Exchange Rates (ER),DSD_ER_PUB,COUNTRY,CL_ER_COUNTRY_PUB,FALSE,G757,Southern African Customs Union (SACU),NA
ER,Exchange Rates (ER),DSD_ER_PUB,COUNTRY,CL_ER_COUNTRY_PUB,FALSE,G603,Sub-Saharan Africa (SSA),NA
ER,Exchange Rates (ER),DSD_ER_PUB,COUNTRY,CL_ER_COUNTRY_PUB,FALSE,G1627,Sub-Saharan Africa (SSA): Low-Income,NA
ER,Exchange Rates (ER),DSD_ER_PUB,COUNTRY,CL_ER_COUNTRY_PUB,FALSE,G1626,Sub-Saharan Africa (SSA): Middle-Income,NA
ER,Exchange Rates (ER),DSD_ER_PUB,COUNTRY,CL_ER_COUNTRY_PUB,FALSE,G1614,Sub-Saharan Africa (SSA): Oil Exporters,NA
ER,Exchange Rates (ER),DSD_ER_PUB,COUNTRY,CL_ER_COUNTRY_PUB,FALSE,G759,West African Economic and Monetary Union (WAEMU),NA
ER,Exchange Rates (ER),DSD_ER_PUB,COUNTRY,CL_ER_COUNTRY_PUB,FALSE,G001,World,NA
ER,Exchange Rates (ER),DSD_ER_PUB,COUNTRY,CL_ER_COUNTRY_PUB,FALSE,G163,Euro Area (EA),NA
ER,Exchange Rates (ER),DSD_ER_PUB,COUNTRY,CL_ER_COUNTRY_PUB,FALSE,GASEAN,ASEAN,NA
ER,Exchange Rates (ER),DSD_ER_PUB,COUNTRY,CL_ER_COUNTRY_PUB,FALSE,G765,Southern African Development Community (SADC),NA
ER,Exchange Rates (ER),DSD_ER_PUB,COUNTRY,CL_ER_COUNTRY_PUB,FALSE,G760,Common Market for Eastern and Southern Africa (COMESA),NA
ER,Exchange Rates (ER),DSD_ER_PUB,COUNTRY,CL_ER_COUNTRY_PUB,FALSE,G129,Benelux,NA
ER,Exchange Rates (ER),DSD_ER_PUB,COUNTRY,CL_ER_COUNTRY_PUB,FALSE,BLM,Saint Barthelemy,NA
ER,Exchange Rates (ER),DSD_ER_PUB,COUNTRY,CL_ER_COUNTRY_PUB,FALSE,MAF,Saint Martin,NA
ER,Exchange Rates (ER),DSD_ER_PUB,COUNTRY,CL_ER_COUNTRY_PUB,FALSE,SGS,South Georgia and the South Sandwich Islands,NA
ER,Exchange Rates (ER),DSD_ER_PUB,COUNTRY,CL_ER_COUNTRY_PUB,FALSE,CXR,Christmas Island,NA
ER,Exchange Rates (ER),DSD_ER_PUB,COUNTRY,CL_ER_COUNTRY_PUB,FALSE,CCK,Cocos Islands,NA
ER,Exchange Rates (ER),DSD_ER_PUB,COUNTRY,CL_ER_COUNTRY_PUB,FALSE,ESH,Western Sahara,NA
ER,Exchange Rates (ER),DSD_ER_PUB,COUNTRY,CL_ER_COUNTRY_PUB,FALSE,BVT,Bouvet Island,NA
ER,Exchange Rates (ER),DSD_ER_PUB,COUNTRY,CL_ER_COUNTRY_PUB,FALSE,IOT,British Indian Ocean Territory,NA
ER,Exchange Rates (ER),DSD_ER_PUB,COUNTRY,CL_ER_COUNTRY_PUB,FALSE,HMD,Heard Island and McDonald Islands,NA
ER,Exchange Rates (ER),DSD_ER_PUB,COUNTRY,CL_ER_COUNTRY_PUB,FALSE,UMI,United States Minor Outlying Islands,NA
ER,Exchange Rates (ER),DSD_ER_PUB,COUNTRY,CL_ER_COUNTRY_PUB,FALSE,GSAC,Southern African Customs Union (SACU),NA
ER,Exchange Rates (ER),DSD_ER_PUB,INDICATOR,CL_ER_INDICATOR_PUB,TRUE,ECU_XDC,ECU per domestic currency,NA
ER,Exchange Rates (ER),DSD_ER_PUB,INDICATOR,CL_ER_INDICATOR_PUB,TRUE,EUR_XDC,Euros per domestic currency,NA
ER,Exchange Rates (ER),DSD_ER_PUB,INDICATOR,CL_ER_INDICATOR_PUB,TRUE,XDC_ECU,Domestic currency per ECU,NA
ER,Exchange Rates (ER),DSD_ER_PUB,INDICATOR,CL_ER_INDICATOR_PUB,TRUE,XDC_EUR,Domestic currency per Euro,NA
ER,Exchange Rates (ER),DSD_ER_PUB,INDICATOR,CL_ER_INDICATOR_PUB,TRUE,XDC_XDR,Domestic currency per SDR,NA
ER,Exchange Rates (ER),DSD_ER_PUB,INDICATOR,CL_ER_INDICATOR_PUB,TRUE,XDC_USD,Domestic currency per US Dollar,NA
ER,Exchange Rates (ER),DSD_ER_PUB,INDICATOR,CL_ER_INDICATOR_PUB,TRUE,XDR_XDC,SDR per domestic currency,NA
ER,Exchange Rates (ER),DSD_ER_PUB,INDICATOR,CL_ER_INDICATOR_PUB,TRUE,XDR_USD,SDR per US Dollar,NA
ER,Exchange Rates (ER),DSD_ER_PUB,INDICATOR,CL_ER_INDICATOR_PUB,TRUE,USD_XDC,US Dollar per domestic currency,NA
ER,Exchange Rates (ER),DSD_ER_PUB,INDICATOR,CL_ER_INDICATOR_PUB,TRUE,USD_XDR,US Dollar per SDR,NA
ER,Exchange Rates (ER),DSD_ER_PUB,TYPE_OF_TRANSFORMATION,CL_ER_TYPE_OF_TRANSFORMATION,TRUE,EOP_RT,End-of-period (EoP),NA
ER,Exchange Rates (ER),DSD_ER_PUB,TYPE_OF_TRANSFORMATION,CL_ER_TYPE_OF_TRANSFORMATION,TRUE,PA_RT,Period average,NA
ER,Exchange Rates (ER),DSD_ER_PUB,FREQ,CL_FREQ,FALSE,A,Annual,NA
ER,Exchange Rates (ER),DSD_ER_PUB,FREQ,CL_FREQ,FALSE,D,Daily,NA
ER,Exchange Rates (ER),DSD_ER_PUB,FREQ,CL_FREQ,FALSE,M,Monthly,NA
ER,Exchange Rates (ER),DSD_ER_PUB,FREQ,CL_FREQ,FALSE,Q,Quarterly,NA
ER,Exchange Rates (ER),DSD_ER_PUB,FREQ,CL_FREQ,FALSE,S,"Half-yearly, semester",NA
ER,Exchange Rates (ER),DSD_ER_PUB,FREQ,CL_FREQ,FALSE,W,Weekly,NA
ER,Exchange Rates (ER),DSD_ER_PUB,FREQ,CL_FREQ,FALSE,A2,Biennial,NA
ER,Exchange Rates (ER),DSD_ER_PUB,FREQ,CL_FREQ,FALSE,A3,Triennial,NA
ER,Exchange Rates (ER),DSD_ER_PUB,FREQ,CL_FREQ,FALSE,A4,Quadrennial,NA
ER,Exchange Rates (ER),DSD_ER_PUB,FREQ,CL_FREQ,FALSE,A5,Quinquennial,NA
ER,Exchange Rates (ER),DSD_ER_PUB,FREQ,CL_FREQ,FALSE,A10,Decennial,NA
ER,Exchange Rates (ER),DSD_ER_PUB,FREQ,CL_FREQ,FALSE,A20,Bidecennial,NA
ER,Exchange Rates (ER),DSD_ER_PUB,FREQ,CL_FREQ,FALSE,A30,Tridecennial,NA
ER,Exchange Rates (ER),DSD_ER_PUB,FREQ,CL_FREQ,FALSE,A_3,Three times a year,NA
ER,Exchange Rates (ER),DSD_ER_PUB,FREQ,CL_FREQ,FALSE,M2,Bimonthly,NA
ER,Exchange Rates (ER),DSD_ER_PUB,FREQ,CL_FREQ,FALSE,M_2,Semimonthly,NA
ER,Exchange Rates (ER),DSD_ER_PUB,FREQ,CL_FREQ,FALSE,M_3,Three times a month,NA
ER,Exchange Rates (ER),DSD_ER_PUB,FREQ,CL_FREQ,FALSE,W2,Biweekly,NA
ER,Exchange Rates (ER),DSD_ER_PUB,FREQ,CL_FREQ,FALSE,W3,Triweekly,NA
ER,Exchange Rates (ER),DSD_ER_PUB,FREQ,CL_FREQ,FALSE,W4,Four-weekly,NA
ER,Exchange Rates (ER),DSD_ER_PUB,FREQ,CL_FREQ,FALSE,W_2,Semiweekly,NA
ER,Exchange Rates (ER),DSD_ER_PUB,FREQ,CL_FREQ,FALSE,W_3,Three times a week,NA
ER,Exchange Rates (ER),DSD_ER_PUB,FREQ,CL_FREQ,FALSE,D_2,Twice a day,NA
ER,Exchange Rates (ER),DSD_ER_PUB,FREQ,CL_FREQ,FALSE,H,Hourly,NA
ER,Exchange Rates (ER),DSD_ER_PUB,FREQ,CL_FREQ,FALSE,H2,Bihourly,NA
ER,Exchange Rates (ER),DSD_ER_PUB,FREQ,CL_FREQ,FALSE,H3,Trihourly,NA
ER,Exchange Rates (ER),DSD_ER_PUB,FREQ,CL_FREQ,FALSE,B,Daily – business week,NA
ER,Exchange Rates (ER),DSD_ER_PUB,FREQ,CL_FREQ,FALSE,N,Minutely,NA
ER,Exchange Rates (ER),DSD_ER_PUB,FREQ,CL_FREQ,FALSE,I,Irregular,NA
ER,Exchange Rates (ER),DSD_ER_PUB,FREQ,CL_FREQ,FALSE,OA,Occasional annual,NA
ER,Exchange Rates (ER),DSD_ER_PUB,FREQ,CL_FREQ,FALSE,OM,Occasional monthly,NA
ER,Exchange Rates (ER),DSD_ER_PUB,FREQ,CL_FREQ,FALSE,_O,Other,NA
ER,Exchange Rates (ER),DSD_ER_PUB,FREQ,CL_FREQ,FALSE,_U,Unspecified,NA
ER,Exchange Rates (ER),DSD_ER_PUB,FREQ,CL_FREQ,FALSE,_Z,Not applicable,NA
MFS_IR,"Monetary and Financial Statistics (MFS), Interest Rate",DSD_MFS_IR,COUNTRY,CL_COUNTRY,FALSE,AFG,"Afghanistan, Islamic Republic of",NA
MFS_IR,"Monetary and Financial Statistics (MFS), Interest Rate",DSD_MFS_IR,COUNTRY,CL_COUNTRY,FALSE,ALB,Albania,NA
MFS_IR,"Monetary and Financial Statistics (MFS), Interest Rate",DSD_MFS_IR,COUNTRY,CL_COUNTRY,FALSE,DZA,Algeria,NA
MFS_IR,"Monetary and Financial Statistics (MFS), Interest Rate",DSD_MFS_IR,COUNTRY,CL_COUNTRY,FALSE,ASM,American Samoa,NA
MFS_IR,"Monetary and Financial Statistics (MFS), Interest Rate",DSD_MFS_IR,COUNTRY,CL_COUNTRY,FALSE,AND,"Andorra, Principality of",NA
MFS_IR,"Monetary and Financial Statistics (MFS), Interest Rate",DSD_MFS_IR,COUNTRY,CL_COUNTRY,FALSE,AGO,Angola,NA
MFS_IR,"Monetary and Financial Statistics (MFS), Interest Rate",DSD_MFS_IR,COUNTRY,CL_COUNTRY,FALSE,AIA,"Anguilla, United Kingdom-British Overseas Territory",NA
MFS_IR,"Monetary and Financial Statistics (MFS), Interest Rate",DSD_MFS_IR,COUNTRY,CL_COUNTRY,FALSE,ATG,Antigua and Barbuda,NA
MFS_IR,"Monetary and Financial Statistics (MFS), Interest Rate",DSD_MFS_IR,COUNTRY,CL_COUNTRY,FALSE,ARG,Argentina,NA
MFS_IR,"Monetary and Financial Statistics (MFS), Interest Rate",DSD_MFS_IR,COUNTRY,CL_COUNTRY,FALSE,ARM,"Armenia, Republic of",NA
MFS_IR,"Monetary and Financial Statistics (MFS), Interest Rate",DSD_MFS_IR,COUNTRY,CL_COUNTRY,FALSE,ABW,"Aruba, Kingdom of the Netherlands",NA
MFS_IR,"Monetary and Financial Statistics (MFS), Interest Rate",DSD_MFS_IR,COUNTRY,CL_COUNTRY,FALSE,AUS,Australia,NA
MFS_IR,"Monetary and Financial Statistics (MFS), Interest Rate",DSD_MFS_IR,COUNTRY,CL_COUNTRY,FALSE,AUT,Austria,NA
MFS_IR,"Monetary and Financial Statistics (MFS), Interest Rate",DSD_MFS_IR,COUNTRY,CL_COUNTRY,FALSE,AZE,"Azerbaijan, Republic of",NA
MFS_IR,"Monetary and Financial Statistics (MFS), Interest Rate",DSD_MFS_IR,COUNTRY,CL_COUNTRY,FALSE,BHS,"Bahamas, The",NA
MFS_IR,"Monetary and Financial Statistics (MFS), Interest Rate",DSD_MFS_IR,COUNTRY,CL_COUNTRY,FALSE,BHR,"Bahrain, Kingdom of",NA
MFS_IR,"Monetary and Financial Statistics (MFS), Interest Rate",DSD_MFS_IR,COUNTRY,CL_COUNTRY,FALSE,BGD,Bangladesh,NA
MFS_IR,"Monetary and Financial Statistics (MFS), Interest Rate",DSD_MFS_IR,COUNTRY,CL_COUNTRY,FALSE,BRB,Barbados,NA
MFS_IR,"Monetary and Financial Statistics (MFS), Interest Rate",DSD_MFS_IR,COUNTRY,CL_COUNTRY,FALSE,BLR,"Belarus, Republic of",NA
MFS_IR,"Monetary and Financial Statistics (MFS), Interest Rate",DSD_MFS_IR,COUNTRY,CL_COUNTRY,FALSE,BEL,Belgium,NA
MFS_IR,"Monetary and Financial Statistics (MFS), Interest Rate",DSD_MFS_IR,COUNTRY,CL_COUNTRY,FALSE,BLZ,Belize,NA
MFS_IR,"Monetary and Financial Statistics (MFS), Interest Rate",DSD_MFS_IR,COUNTRY,CL_COUNTRY,FALSE,BEN,Benin,NA
MFS_IR,"Monetary and Financial Statistics (MFS), Interest Rate",DSD_MFS_IR,COUNTRY,CL_COUNTRY,FALSE,BMU,Bermuda,NA
MFS_IR,"Monetary and Financial Statistics (MFS), Interest Rate",DSD_MFS_IR,COUNTRY,CL_COUNTRY,FALSE,BTN,Bhutan,NA
MFS_IR,"Monetary and Financial Statistics (MFS), Interest Rate",DSD_MFS_IR,COUNTRY,CL_COUNTRY,FALSE,BOL,Bolivia,NA
MFS_IR,"Monetary and Financial Statistics (MFS), Interest Rate",DSD_MFS_IR,COUNTRY,CL_COUNTRY,FALSE,BIH,Bosnia and Herzegovina,NA
MFS_IR,"Monetary and Financial Statistics (MFS), Interest Rate",DSD_MFS_IR,COUNTRY,CL_COUNTRY,FALSE,BWA,Botswana,NA
MFS_IR,"Monetary and Financial Statistics (MFS), Interest Rate",DSD_MFS_IR,COUNTRY,CL_COUNTRY,FALSE,BRA,Brazil,NA
MFS_IR,"Monetary and Financial Statistics (MFS), Interest Rate",DSD_MFS_IR,COUNTRY,CL_COUNTRY,FALSE,VGB,British Virgin Islands,NA
MFS_IR,"Monetary and Financial Statistics (MFS), Interest Rate",DSD_MFS_IR,COUNTRY,CL_COUNTRY,FALSE,BRN,Brunei Darussalam,NA
MFS_IR,"Monetary and Financial Statistics (MFS), Interest Rate",DSD_MFS_IR,COUNTRY,CL_COUNTRY,FALSE,BGR,Bulgaria,NA
MFS_IR,"Monetary and Financial Statistics (MFS), Interest Rate",DSD_MFS_IR,COUNTRY,CL_COUNTRY,FALSE,BFA,Burkina Faso,NA
MFS_IR,"Monetary and Financial Statistics (MFS), Interest Rate",DSD_MFS_IR,COUNTRY,CL_COUNTRY,FALSE,BDI,Burundi,NA
MFS_IR,"Monetary and Financial Statistics (MFS), Interest Rate",DSD_MFS_IR,COUNTRY,CL_COUNTRY,FALSE,CPV,Cabo Verde,NA
MFS_IR,"Monetary and Financial Statistics (MFS), Interest Rate",DSD_MFS_IR,COUNTRY,CL_COUNTRY,FALSE,KHM,Cambodia,NA
MFS_IR,"Monetary and Financial Statistics (MFS), Interest Rate",DSD_MFS_IR,COUNTRY,CL_COUNTRY,FALSE,CMR,Cameroon,NA
MFS_IR,"Monetary and Financial Statistics (MFS), Interest Rate",DSD_MFS_IR,COUNTRY,CL_COUNTRY,FALSE,CAN,Canada,NA
MFS_IR,"Monetary and Financial Statistics (MFS), Interest Rate",DSD_MFS_IR,COUNTRY,CL_COUNTRY,FALSE,CYM,Cayman Islands,NA
MFS_IR,"Monetary and Financial Statistics (MFS), Interest Rate",DSD_MFS_IR,COUNTRY,CL_COUNTRY,FALSE,CAF,Central African Republic,NA
MFS_IR,"Monetary and Financial Statistics (MFS), Interest Rate",DSD_MFS_IR,COUNTRY,CL_COUNTRY,FALSE,TCD,Chad,NA
MFS_IR,"Monetary and Financial Statistics (MFS), Interest Rate",DSD_MFS_IR,COUNTRY,CL_COUNTRY,FALSE,CHL,Chile,NA
MFS_IR,"Monetary and Financial Statistics (MFS), Interest Rate",DSD_MFS_IR,COUNTRY,CL_COUNTRY,FALSE,CHN,"China, People's Republic of",NA
MFS_IR,"Monetary and Financial Statistics (MFS), Interest Rate",DSD_MFS_IR,COUNTRY,CL_COUNTRY,FALSE,COL,Colombia,NA
MFS_IR,"Monetary and Financial Statistics (MFS), Interest Rate",DSD_MFS_IR,COUNTRY,CL_COUNTRY,FALSE,COM,"Comoros, Union of the",NA
MFS_IR,"Monetary and Financial Statistics (MFS), Interest Rate",DSD_MFS_IR,COUNTRY,CL_COUNTRY,FALSE,COD,"Congo, Democratic Republic of the",NA
MFS_IR,"Monetary and Financial Statistics (MFS), Interest Rate",DSD_MFS_IR,COUNTRY,CL_COUNTRY,FALSE,COG,"Congo, Republic of",NA
MFS_IR,"Monetary and Financial Statistics (MFS), Interest Rate",DSD_MFS_IR,COUNTRY,CL_COUNTRY,FALSE,COK,Cook Islands,NA
MFS_IR,"Monetary and Financial Statistics (MFS), Interest Rate",DSD_MFS_IR,COUNTRY,CL_COUNTRY,FALSE,CRI,Costa Rica,NA
MFS_IR,"Monetary and Financial Statistics (MFS), Interest Rate",DSD_MFS_IR,COUNTRY,CL_COUNTRY,FALSE,HRV,"Croatia, Republic of",NA
MFS_IR,"Monetary and Financial Statistics (MFS), Interest Rate",DSD_MFS_IR,COUNTRY,CL_COUNTRY,FALSE,CUB,Cuba,NA
MFS_IR,"Monetary and Financial Statistics (MFS), Interest Rate",DSD_MFS_IR,COUNTRY,CL_COUNTRY,FALSE,CUW,"Curaçao, Kingdom of the Netherlands",NA
MFS_IR,"Monetary and Financial Statistics (MFS), Interest Rate",DSD_MFS_IR,COUNTRY,CL_COUNTRY,FALSE,CYP,Cyprus,NA
MFS_IR,"Monetary and Financial Statistics (MFS), Interest Rate",DSD_MFS_IR,COUNTRY,CL_COUNTRY,FALSE,CZE,Czech Republic,NA
MFS_IR,"Monetary and Financial Statistics (MFS), Interest Rate",DSD_MFS_IR,COUNTRY,CL_COUNTRY,FALSE,CIV,Côte d'Ivoire,NA
MFS_IR,"Monetary and Financial Statistics (MFS), Interest Rate",DSD_MFS_IR,COUNTRY,CL_COUNTRY,FALSE,DNK,Denmark,NA
MFS_IR,"Monetary and Financial Statistics (MFS), Interest Rate",DSD_MFS_IR,COUNTRY,CL_COUNTRY,FALSE,DJI,Djibouti,NA
MFS_IR,"Monetary and Financial Statistics (MFS), Interest Rate",DSD_MFS_IR,COUNTRY,CL_COUNTRY,FALSE,DMA,Dominica,NA
MFS_IR,"Monetary and Financial Statistics (MFS), Interest Rate",DSD_MFS_IR,COUNTRY,CL_COUNTRY,FALSE,DOM,Dominican Republic,NA
MFS_IR,"Monetary and Financial Statistics (MFS), Interest Rate",DSD_MFS_IR,COUNTRY,CL_COUNTRY,FALSE,ECU,Ecuador,NA
MFS_IR,"Monetary and Financial Statistics (MFS), Interest Rate",DSD_MFS_IR,COUNTRY,CL_COUNTRY,FALSE,EGY,"Egypt, Arab Republic of",NA
MFS_IR,"Monetary and Financial Statistics (MFS), Interest Rate",DSD_MFS_IR,COUNTRY,CL_COUNTRY,FALSE,SLV,El Salvador,NA
MFS_IR,"Monetary and Financial Statistics (MFS), Interest Rate",DSD_MFS_IR,COUNTRY,CL_COUNTRY,FALSE,GNQ,"Equatorial Guinea, Republic of",NA
MFS_IR,"Monetary and Financial Statistics (MFS), Interest Rate",DSD_MFS_IR,COUNTRY,CL_COUNTRY,FALSE,ERI,"Eritrea, The State of",NA
MFS_IR,"Monetary and Financial Statistics (MFS), Interest Rate",DSD_MFS_IR,COUNTRY,CL_COUNTRY,FALSE,EST,"Estonia, Republic of",NA
MFS_IR,"Monetary and Financial Statistics (MFS), Interest Rate",DSD_MFS_IR,COUNTRY,CL_COUNTRY,FALSE,SWZ,"Eswatini, Kingdom of",NA
MFS_IR,"Monetary and Financial Statistics (MFS), Interest Rate",DSD_MFS_IR,COUNTRY,CL_COUNTRY,FALSE,ETH,"Ethiopia, The Federal Democratic Republic of",NA
MFS_IR,"Monetary and Financial Statistics (MFS), Interest Rate",DSD_MFS_IR,COUNTRY,CL_COUNTRY,FALSE,FLK,Falkland Islands (Malvinas),NA
MFS_IR,"Monetary and Financial Statistics (MFS), Interest Rate",DSD_MFS_IR,COUNTRY,CL_COUNTRY,FALSE,FRO,Faroe Islands,NA
MFS_IR,"Monetary and Financial Statistics (MFS), Interest Rate",DSD_MFS_IR,COUNTRY,CL_COUNTRY,FALSE,FJI,"Fiji, Republic of",NA
MFS_IR,"Monetary and Financial Statistics (MFS), Interest Rate",DSD_MFS_IR,COUNTRY,CL_COUNTRY,FALSE,FIN,Finland,NA
MFS_IR,"Monetary and Financial Statistics (MFS), Interest Rate",DSD_MFS_IR,COUNTRY,CL_COUNTRY,FALSE,FRA,France,NA
MFS_IR,"Monetary and Financial Statistics (MFS), Interest Rate",DSD_MFS_IR,COUNTRY,CL_COUNTRY,FALSE,GUF,French Guiana,NA
MFS_IR,"Monetary and Financial Statistics (MFS), Interest Rate",DSD_MFS_IR,COUNTRY,CL_COUNTRY,FALSE,PYF,French Polynesia,NA
MFS_IR,"Monetary and Financial Statistics (MFS), Interest Rate",DSD_MFS_IR,COUNTRY,CL_COUNTRY,FALSE,GAB,Gabon,NA
MFS_IR,"Monetary and Financial Statistics (MFS), Interest Rate",DSD_MFS_IR,COUNTRY,CL_COUNTRY,FALSE,GMB,"Gambia, The",NA
MFS_IR,"Monetary and Financial Statistics (MFS), Interest Rate",DSD_MFS_IR,COUNTRY,CL_COUNTRY,FALSE,GEO,Georgia,NA
MFS_IR,"Monetary and Financial Statistics (MFS), Interest Rate",DSD_MFS_IR,COUNTRY,CL_COUNTRY,FALSE,DEU,Germany,NA
MFS_IR,"Monetary and Financial Statistics (MFS), Interest Rate",DSD_MFS_IR,COUNTRY,CL_COUNTRY,FALSE,GHA,Ghana,NA
MFS_IR,"Monetary and Financial Statistics (MFS), Interest Rate",DSD_MFS_IR,COUNTRY,CL_COUNTRY,FALSE,GIB,Gibraltar,NA
MFS_IR,"Monetary and Financial Statistics (MFS), Interest Rate",DSD_MFS_IR,COUNTRY,CL_COUNTRY,FALSE,GRC,Greece,NA
MFS_IR,"Monetary and Financial Statistics (MFS), Interest Rate",DSD_MFS_IR,COUNTRY,CL_COUNTRY,FALSE,GRL,Greenland,NA
MFS_IR,"Monetary and Financial Statistics (MFS), Interest Rate",DSD_MFS_IR,COUNTRY,CL_COUNTRY,FALSE,GRD,Grenada,NA
MFS_IR,"Monetary and Financial Statistics (MFS), Interest Rate",DSD_MFS_IR,COUNTRY,CL_COUNTRY,FALSE,GLP,Guadeloupe,NA
MFS_IR,"Monetary and Financial Statistics (MFS), Interest Rate",DSD_MFS_IR,COUNTRY,CL_COUNTRY,FALSE,GUM,Guam,NA
MFS_IR,"Monetary and Financial Statistics (MFS), Interest Rate",DSD_MFS_IR,COUNTRY,CL_COUNTRY,FALSE,GTM,Guatemala,NA
MFS_IR,"Monetary and Financial Statistics (MFS), Interest Rate",DSD_MFS_IR,COUNTRY,CL_COUNTRY,FALSE,GGY,Guernsey,NA
MFS_IR,"Monetary and Financial Statistics (MFS), Interest Rate",DSD_MFS_IR,COUNTRY,CL_COUNTRY,FALSE,GIN,Guinea,NA
MFS_IR,"Monetary and Financial Statistics (MFS), Interest Rate",DSD_MFS_IR,COUNTRY,CL_COUNTRY,FALSE,GNB,Guinea-Bissau,NA
MFS_IR,"Monetary and Financial Statistics (MFS), Interest Rate",DSD_MFS_IR,COUNTRY,CL_COUNTRY,FALSE,GUY,Guyana,NA
MFS_IR,"Monetary and Financial Statistics (MFS), Interest Rate",DSD_MFS_IR,COUNTRY,CL_COUNTRY,FALSE,HTI,Haiti,NA
MFS_IR,"Monetary and Financial Statistics (MFS), Interest Rate",DSD_MFS_IR,COUNTRY,CL_COUNTRY,FALSE,VAT,Holy See,NA
MFS_IR,"Monetary and Financial Statistics (MFS), Interest Rate",DSD_MFS_IR,COUNTRY,CL_COUNTRY,FALSE,HND,Honduras,NA
MFS_IR,"Monetary and Financial Statistics (MFS), Interest Rate",DSD_MFS_IR,COUNTRY,CL_COUNTRY,FALSE,HKG,"Hong Kong Special Administrative Region, People's Republic of China",NA
MFS_IR,"Monetary and Financial Statistics (MFS), Interest Rate",DSD_MFS_IR,COUNTRY,CL_COUNTRY,FALSE,HUN,Hungary,NA
MFS_IR,"Monetary and Financial Statistics (MFS), Interest Rate",DSD_MFS_IR,COUNTRY,CL_COUNTRY,FALSE,ISL,Iceland,NA
MFS_IR,"Monetary and Financial Statistics (MFS), Interest Rate",DSD_MFS_IR,COUNTRY,CL_COUNTRY,FALSE,IND,India,NA
MFS_IR,"Monetary and Financial Statistics (MFS), Interest Rate",DSD_MFS_IR,COUNTRY,CL_COUNTRY,FALSE,IDN,Indonesia,NA
MFS_IR,"Monetary and Financial Statistics (MFS), Interest Rate",DSD_MFS_IR,COUNTRY,CL_COUNTRY,FALSE,IRN,"Iran, Islamic Republic of",NA
MFS_IR,"Monetary and Financial Statistics (MFS), Interest Rate",DSD_MFS_IR,COUNTRY,CL_COUNTRY,FALSE,IRQ,Iraq,NA
MFS_IR,"Monetary and Financial Statistics (MFS), Interest Rate",DSD_MFS_IR,COUNTRY,CL_COUNTRY,FALSE,IRL,Ireland,NA
MFS_IR,"Monetary and Financial Statistics (MFS), Interest Rate",DSD_MFS_IR,COUNTRY,CL_COUNTRY,FALSE,IMN,Isle of Man,NA
MFS_IR,"Monetary and Financial Statistics (MFS), Interest Rate",DSD_MFS_IR,COUNTRY,CL_COUNTRY,FALSE,ISR,Israel,NA
MFS_IR,"Monetary and Financial Statistics (MFS), Interest Rate",DSD_MFS_IR,COUNTRY,CL_COUNTRY,FALSE,ITA,Italy,NA
MFS_IR,"Monetary and Financial Statistics (MFS), Interest Rate",DSD_MFS_IR,COUNTRY,CL_COUNTRY,FALSE,JAM,Jamaica,NA
MFS_IR,"Monetary and Financial Statistics (MFS), Interest Rate",DSD_MFS_IR,COUNTRY,CL_COUNTRY,FALSE,JPN,Japan,NA
MFS_IR,"Monetary and Financial Statistics (MFS), Interest Rate",DSD_MFS_IR,COUNTRY,CL_COUNTRY,FALSE,JEY,Jersey,NA
MFS_IR,"Monetary and Financial Statistics (MFS), Interest Rate",DSD_MFS_IR,COUNTRY,CL_COUNTRY,FALSE,JOR,Jordan,NA
MFS_IR,"Monetary and Financial Statistics (MFS), Interest Rate",DSD_MFS_IR,COUNTRY,CL_COUNTRY,FALSE,KAZ,"Kazakhstan, Republic of",NA
MFS_IR,"Monetary and Financial Statistics (MFS), Interest Rate",DSD_MFS_IR,COUNTRY,CL_COUNTRY,FALSE,KEN,Kenya,NA
MFS_IR,"Monetary and Financial Statistics (MFS), Interest Rate",DSD_MFS_IR,COUNTRY,CL_COUNTRY,FALSE,KIR,Kiribati,NA
MFS_IR,"Monetary and Financial Statistics (MFS), Interest Rate",DSD_MFS_IR,COUNTRY,CL_COUNTRY,FALSE,PRK,"Korea, Democratic People's Republic of",NA
MFS_IR,"Monetary and Financial Statistics (MFS), Interest Rate",DSD_MFS_IR,COUNTRY,CL_COUNTRY,FALSE,KOR,"Korea, Republic of",NA
MFS_IR,"Monetary and Financial Statistics (MFS), Interest Rate",DSD_MFS_IR,COUNTRY,CL_COUNTRY,FALSE,KOS,"Kosovo, Republic of",NA
MFS_IR,"Monetary and Financial Statistics (MFS), Interest Rate",DSD_MFS_IR,COUNTRY,CL_COUNTRY,FALSE,KWT,Kuwait,NA
MFS_IR,"Monetary and Financial Statistics (MFS), Interest Rate",DSD_MFS_IR,COUNTRY,CL_COUNTRY,FALSE,KGZ,Kyrgyz Republic,NA
MFS_IR,"Monetary and Financial Statistics (MFS), Interest Rate",DSD_MFS_IR,COUNTRY,CL_COUNTRY,FALSE,LAO,Lao People's Democratic Republic,NA
MFS_IR,"Monetary and Financial Statistics (MFS), Interest Rate",DSD_MFS_IR,COUNTRY,CL_COUNTRY,FALSE,LVA,"Latvia, Republic of",NA
MFS_IR,"Monetary and Financial Statistics (MFS), Interest Rate",DSD_MFS_IR,COUNTRY,CL_COUNTRY,FALSE,LBN,Lebanon,NA
MFS_IR,"Monetary and Financial Statistics (MFS), Interest Rate",DSD_MFS_IR,COUNTRY,CL_COUNTRY,FALSE,LSO,"Lesotho, Kingdom of",NA
MFS_IR,"Monetary and Financial Statistics (MFS), Interest Rate",DSD_MFS_IR,COUNTRY,CL_COUNTRY,FALSE,LBR,Liberia,NA
MFS_IR,"Monetary and Financial Statistics (MFS), Interest Rate",DSD_MFS_IR,COUNTRY,CL_COUNTRY,FALSE,LBY,Libya,NA
MFS_IR,"Monetary and Financial Statistics (MFS), Interest Rate",DSD_MFS_IR,COUNTRY,CL_COUNTRY,FALSE,LIE,"Liechtenstein, Principality of",NA
MFS_IR,"Monetary and Financial Statistics (MFS), Interest Rate",DSD_MFS_IR,COUNTRY,CL_COUNTRY,FALSE,LTU,"Lithuania, Republic of",NA
MFS_IR,"Monetary and Financial Statistics (MFS), Interest Rate",DSD_MFS_IR,COUNTRY,CL_COUNTRY,FALSE,LUX,Luxembourg,NA
MFS_IR,"Monetary and Financial Statistics (MFS), Interest Rate",DSD_MFS_IR,COUNTRY,CL_COUNTRY,FALSE,MAC,"Macao Special Administrative Region, People's Republic of China",NA
MFS_IR,"Monetary and Financial Statistics (MFS), Interest Rate",DSD_MFS_IR,COUNTRY,CL_COUNTRY,FALSE,MDG,"Madagascar, Republic of",NA
MFS_IR,"Monetary and Financial Statistics (MFS), Interest Rate",DSD_MFS_IR,COUNTRY,CL_COUNTRY,FALSE,MWI,Malawi,NA
MFS_IR,"Monetary and Financial Statistics (MFS), Interest Rate",DSD_MFS_IR,COUNTRY,CL_COUNTRY,FALSE,MYS,Malaysia,NA
MFS_IR,"Monetary and Financial Statistics (MFS), Interest Rate",DSD_MFS_IR,COUNTRY,CL_COUNTRY,FALSE,MDV,Maldives,NA
MFS_IR,"Monetary and Financial Statistics (MFS), Interest Rate",DSD_MFS_IR,COUNTRY,CL_COUNTRY,FALSE,MLI,Mali,NA
MFS_IR,"Monetary and Financial Statistics (MFS), Interest Rate",DSD_MFS_IR,COUNTRY,CL_COUNTRY,FALSE,MLT,Malta,NA
MFS_IR,"Monetary and Financial Statistics (MFS), Interest Rate",DSD_MFS_IR,COUNTRY,CL_COUNTRY,FALSE,MHL,"Marshall Islands, Republic of the",NA
MFS_IR,"Monetary and Financial Statistics (MFS), Interest Rate",DSD_MFS_IR,COUNTRY,CL_COUNTRY,FALSE,MTQ,Martinique,NA
MFS_IR,"Monetary and Financial Statistics (MFS), Interest Rate",DSD_MFS_IR,COUNTRY,CL_COUNTRY,FALSE,MRT,"Mauritania, Islamic Republic of",NA
MFS_IR,"Monetary and Financial Statistics (MFS), Interest Rate",DSD_MFS_IR,COUNTRY,CL_COUNTRY,FALSE,MUS,Mauritius,NA
MFS_IR,"Monetary and Financial Statistics (MFS), Interest Rate",DSD_MFS_IR,COUNTRY,CL_COUNTRY,FALSE,MYT,Mayotte,NA
MFS_IR,"Monetary and Financial Statistics (MFS), Interest Rate",DSD_MFS_IR,COUNTRY,CL_COUNTRY,FALSE,MEX,Mexico,NA
MFS_IR,"Monetary and Financial Statistics (MFS), Interest Rate",DSD_MFS_IR,COUNTRY,CL_COUNTRY,FALSE,FSM,"Micronesia, Federated States of",NA
MFS_IR,"Monetary and Financial Statistics (MFS), Interest Rate",DSD_MFS_IR,COUNTRY,CL_COUNTRY,FALSE,MDA,"Moldova, Republic of",NA
MFS_IR,"Monetary and Financial Statistics (MFS), Interest Rate",DSD_MFS_IR,COUNTRY,CL_COUNTRY,FALSE,MCO,Monaco,NA
MFS_IR,"Monetary and Financial Statistics (MFS), Interest Rate",DSD_MFS_IR,COUNTRY,CL_COUNTRY,FALSE,MNG,Mongolia,NA
MFS_IR,"Monetary and Financial Statistics (MFS), Interest Rate",DSD_MFS_IR,COUNTRY,CL_COUNTRY,FALSE,MNE,Montenegro,NA
MFS_IR,"Monetary and Financial Statistics (MFS), Interest Rate",DSD_MFS_IR,COUNTRY,CL_COUNTRY,FALSE,MSR,"Montserrat, United Kingdom-British Overseas Territory",NA
MFS_IR,"Monetary and Financial Statistics (MFS), Interest Rate",DSD_MFS_IR,COUNTRY,CL_COUNTRY,FALSE,MAR,Morocco,NA
MFS_IR,"Monetary and Financial Statistics (MFS), Interest Rate",DSD_MFS_IR,COUNTRY,CL_COUNTRY,FALSE,MOZ,"Mozambique, Republic of",NA
MFS_IR,"Monetary and Financial Statistics (MFS), Interest Rate",DSD_MFS_IR,COUNTRY,CL_COUNTRY,FALSE,MMR,Myanmar,NA
MFS_IR,"Monetary and Financial Statistics (MFS), Interest Rate",DSD_MFS_IR,COUNTRY,CL_COUNTRY,FALSE,NAM,Namibia,NA
MFS_IR,"Monetary and Financial Statistics (MFS), Interest Rate",DSD_MFS_IR,COUNTRY,CL_COUNTRY,FALSE,NRU,"Nauru, Republic of",NA
MFS_IR,"Monetary and Financial Statistics (MFS), Interest Rate",DSD_MFS_IR,COUNTRY,CL_COUNTRY,FALSE,NPL,Nepal,NA
MFS_IR,"Monetary and Financial Statistics (MFS), Interest Rate",DSD_MFS_IR,COUNTRY,CL_COUNTRY,FALSE,NLD,"Netherlands, The",NA
MFS_IR,"Monetary and Financial Statistics (MFS), Interest Rate",DSD_MFS_IR,COUNTRY,CL_COUNTRY,FALSE,NCL,New Caledonia,NA
MFS_IR,"Monetary and Financial Statistics (MFS), Interest Rate",DSD_MFS_IR,COUNTRY,CL_COUNTRY,FALSE,NZL,New Zealand,NA
MFS_IR,"Monetary and Financial Statistics (MFS), Interest Rate",DSD_MFS_IR,COUNTRY,CL_COUNTRY,FALSE,NIC,Nicaragua,NA
MFS_IR,"Monetary and Financial Statistics (MFS), Interest Rate",DSD_MFS_IR,COUNTRY,CL_COUNTRY,FALSE,NER,Niger,NA
MFS_IR,"Monetary and Financial Statistics (MFS), Interest Rate",DSD_MFS_IR,COUNTRY,CL_COUNTRY,FALSE,NGA,Nigeria,NA
MFS_IR,"Monetary and Financial Statistics (MFS), Interest Rate",DSD_MFS_IR,COUNTRY,CL_COUNTRY,FALSE,NIU,Niue,NA
MFS_IR,"Monetary and Financial Statistics (MFS), Interest Rate",DSD_MFS_IR,COUNTRY,CL_COUNTRY,FALSE,NFK,Norfolk Island,NA
MFS_IR,"Monetary and Financial Statistics (MFS), Interest Rate",DSD_MFS_IR,COUNTRY,CL_COUNTRY,FALSE,MKD,"North Macedonia, Republic of",NA
MFS_IR,"Monetary and Financial Statistics (MFS), Interest Rate",DSD_MFS_IR,COUNTRY,CL_COUNTRY,FALSE,MNP,Northern Mariana Islands,NA
MFS_IR,"Monetary and Financial Statistics (MFS), Interest Rate",DSD_MFS_IR,COUNTRY,CL_COUNTRY,FALSE,NOR,Norway,NA
MFS_IR,"Monetary and Financial Statistics (MFS), Interest Rate",DSD_MFS_IR,COUNTRY,CL_COUNTRY,FALSE,OMN,Oman,NA
MFS_IR,"Monetary and Financial Statistics (MFS), Interest Rate",DSD_MFS_IR,COUNTRY,CL_COUNTRY,FALSE,PAK,Pakistan,NA
MFS_IR,"Monetary and Financial Statistics (MFS), Interest Rate",DSD_MFS_IR,COUNTRY,CL_COUNTRY,FALSE,PLW,"Palau, Republic of",NA
MFS_IR,"Monetary and Financial Statistics (MFS), Interest Rate",DSD_MFS_IR,COUNTRY,CL_COUNTRY,FALSE,PAN,Panama,NA
MFS_IR,"Monetary and Financial Statistics (MFS), Interest Rate",DSD_MFS_IR,COUNTRY,CL_COUNTRY,FALSE,PNG,Papua New Guinea,NA
MFS_IR,"Monetary and Financial Statistics (MFS), Interest Rate",DSD_MFS_IR,COUNTRY,CL_COUNTRY,FALSE,PRY,Paraguay,NA
MFS_IR,"Monetary and Financial Statistics (MFS), Interest Rate",DSD_MFS_IR,COUNTRY,CL_COUNTRY,FALSE,PER,Peru,NA
MFS_IR,"Monetary and Financial Statistics (MFS), Interest Rate",DSD_MFS_IR,COUNTRY,CL_COUNTRY,FALSE,PHL,Philippines,NA
MFS_IR,"Monetary and Financial Statistics (MFS), Interest Rate",DSD_MFS_IR,COUNTRY,CL_COUNTRY,FALSE,PCN,Pitcairn Islands,NA
MFS_IR,"Monetary and Financial Statistics (MFS), Interest Rate",DSD_MFS_IR,COUNTRY,CL_COUNTRY,FALSE,POL,"Poland, Republic of",NA
MFS_IR,"Monetary and Financial Statistics (MFS), Interest Rate",DSD_MFS_IR,COUNTRY,CL_COUNTRY,FALSE,PRT,Portugal,NA
MFS_IR,"Monetary and Financial Statistics (MFS), Interest Rate",DSD_MFS_IR,COUNTRY,CL_COUNTRY,FALSE,PRI,Puerto Rico,NA
MFS_IR,"Monetary and Financial Statistics (MFS), Interest Rate",DSD_MFS_IR,COUNTRY,CL_COUNTRY,FALSE,QAT,Qatar,NA
MFS_IR,"Monetary and Financial Statistics (MFS), Interest Rate",DSD_MFS_IR,COUNTRY,CL_COUNTRY,FALSE,ROU,Romania,NA
MFS_IR,"Monetary and Financial Statistics (MFS), Interest Rate",DSD_MFS_IR,COUNTRY,CL_COUNTRY,FALSE,RUS,Russian Federation,NA
MFS_IR,"Monetary and Financial Statistics (MFS), Interest Rate",DSD_MFS_IR,COUNTRY,CL_COUNTRY,FALSE,RWA,Rwanda,NA
MFS_IR,"Monetary and Financial Statistics (MFS), Interest Rate",DSD_MFS_IR,COUNTRY,CL_COUNTRY,FALSE,REU,Réunion,NA
MFS_IR,"Monetary and Financial Statistics (MFS), Interest Rate",DSD_MFS_IR,COUNTRY,CL_COUNTRY,FALSE,WSM,Samoa,NA
MFS_IR,"Monetary and Financial Statistics (MFS), Interest Rate",DSD_MFS_IR,COUNTRY,CL_COUNTRY,FALSE,SMR,"San Marino, Republic of",NA
MFS_IR,"Monetary and Financial Statistics (MFS), Interest Rate",DSD_MFS_IR,COUNTRY,CL_COUNTRY,FALSE,SAU,Saudi Arabia,NA
MFS_IR,"Monetary and Financial Statistics (MFS), Interest Rate",DSD_MFS_IR,COUNTRY,CL_COUNTRY,FALSE,SEN,Senegal,NA
MFS_IR,"Monetary and Financial Statistics (MFS), Interest Rate",DSD_MFS_IR,COUNTRY,CL_COUNTRY,FALSE,SRB,"Serbia, Republic of",NA
MFS_IR,"Monetary and Financial Statistics (MFS), Interest Rate",DSD_MFS_IR,COUNTRY,CL_COUNTRY,FALSE,SYC,Seychelles,NA
MFS_IR,"Monetary and Financial Statistics (MFS), Interest Rate",DSD_MFS_IR,COUNTRY,CL_COUNTRY,FALSE,SLE,Sierra Leone,NA
MFS_IR,"Monetary and Financial Statistics (MFS), Interest Rate",DSD_MFS_IR,COUNTRY,CL_COUNTRY,FALSE,SGP,Singapore,NA
MFS_IR,"Monetary and Financial Statistics (MFS), Interest Rate",DSD_MFS_IR,COUNTRY,CL_COUNTRY,FALSE,SXM,"Sint Maarten, Kingdom of the Netherlands",NA
MFS_IR,"Monetary and Financial Statistics (MFS), Interest Rate",DSD_MFS_IR,COUNTRY,CL_COUNTRY,FALSE,SVK,Slovak Republic,NA
MFS_IR,"Monetary and Financial Statistics (MFS), Interest Rate",DSD_MFS_IR,COUNTRY,CL_COUNTRY,FALSE,SVN,"Slovenia, Republic of",NA
MFS_IR,"Monetary and Financial Statistics (MFS), Interest Rate",DSD_MFS_IR,COUNTRY,CL_COUNTRY,FALSE,SLB,Solomon Islands,NA
MFS_IR,"Monetary and Financial Statistics (MFS), Interest Rate",DSD_MFS_IR,COUNTRY,CL_COUNTRY,FALSE,SOM,Somalia,NA
MFS_IR,"Monetary and Financial Statistics (MFS), Interest Rate",DSD_MFS_IR,COUNTRY,CL_COUNTRY,FALSE,ZAF,South Africa,NA
MFS_IR,"Monetary and Financial Statistics (MFS), Interest Rate",DSD_MFS_IR,COUNTRY,CL_COUNTRY,FALSE,SSD,"South Sudan, Republic of",NA
MFS_IR,"Monetary and Financial Statistics (MFS), Interest Rate",DSD_MFS_IR,COUNTRY,CL_COUNTRY,FALSE,ESP,Spain,NA
MFS_IR,"Monetary and Financial Statistics (MFS), Interest Rate",DSD_MFS_IR,COUNTRY,CL_COUNTRY,FALSE,LKA,Sri Lanka,NA
MFS_IR,"Monetary and Financial Statistics (MFS), Interest Rate",DSD_MFS_IR,COUNTRY,CL_COUNTRY,FALSE,SHN,St. Helena,NA
MFS_IR,"Monetary and Financial Statistics (MFS), Interest Rate",DSD_MFS_IR,COUNTRY,CL_COUNTRY,FALSE,KNA,St. Kitts and Nevis,NA
MFS_IR,"Monetary and Financial Statistics (MFS), Interest Rate",DSD_MFS_IR,COUNTRY,CL_COUNTRY,FALSE,LCA,St. Lucia,NA
MFS_IR,"Monetary and Financial Statistics (MFS), Interest Rate",DSD_MFS_IR,COUNTRY,CL_COUNTRY,FALSE,SPM,St. Pierre and Miquelon,NA
MFS_IR,"Monetary and Financial Statistics (MFS), Interest Rate",DSD_MFS_IR,COUNTRY,CL_COUNTRY,FALSE,VCT,St. Vincent and the Grenadines,NA
MFS_IR,"Monetary and Financial Statistics (MFS), Interest Rate",DSD_MFS_IR,COUNTRY,CL_COUNTRY,FALSE,SDN,Sudan,NA
MFS_IR,"Monetary and Financial Statistics (MFS), Interest Rate",DSD_MFS_IR,COUNTRY,CL_COUNTRY,FALSE,SUR,Suriname,NA
MFS_IR,"Monetary and Financial Statistics (MFS), Interest Rate",DSD_MFS_IR,COUNTRY,CL_COUNTRY,FALSE,SJM,Svalbard and Jan Mayen Islands,NA
MFS_IR,"Monetary and Financial Statistics (MFS), Interest Rate",DSD_MFS_IR,COUNTRY,CL_COUNTRY,FALSE,SWE,Sweden,NA
MFS_IR,"Monetary and Financial Statistics (MFS), Interest Rate",DSD_MFS_IR,COUNTRY,CL_COUNTRY,FALSE,CHE,Switzerland,NA
MFS_IR,"Monetary and Financial Statistics (MFS), Interest Rate",DSD_MFS_IR,COUNTRY,CL_COUNTRY,FALSE,SYR,Syrian Arab Republic,NA
MFS_IR,"Monetary and Financial Statistics (MFS), Interest Rate",DSD_MFS_IR,COUNTRY,CL_COUNTRY,FALSE,STP,"São Tomé and Príncipe, Democratic Republic of",NA
MFS_IR,"Monetary and Financial Statistics (MFS), Interest Rate",DSD_MFS_IR,COUNTRY,CL_COUNTRY,FALSE,TWN,Taiwan Province of China,NA
MFS_IR,"Monetary and Financial Statistics (MFS), Interest Rate",DSD_MFS_IR,COUNTRY,CL_COUNTRY,FALSE,TJK,"Tajikistan, Republic of",NA
MFS_IR,"Monetary and Financial Statistics (MFS), Interest Rate",DSD_MFS_IR,COUNTRY,CL_COUNTRY,FALSE,TZA,"Tanzania, United Republic of",NA
MFS_IR,"Monetary and Financial Statistics (MFS), Interest Rate",DSD_MFS_IR,COUNTRY,CL_COUNTRY,FALSE,THA,Thailand,NA
MFS_IR,"Monetary and Financial Statistics (MFS), Interest Rate",DSD_MFS_IR,COUNTRY,CL_COUNTRY,FALSE,TLS,"Timor-Leste, Democratic Republic of",NA
MFS_IR,"Monetary and Financial Statistics (MFS), Interest Rate",DSD_MFS_IR,COUNTRY,CL_COUNTRY,FALSE,TGO,Togo,NA
MFS_IR,"Monetary and Financial Statistics (MFS), Interest Rate",DSD_MFS_IR,COUNTRY,CL_COUNTRY,FALSE,TKL,Tokelau,NA
MFS_IR,"Monetary and Financial Statistics (MFS), Interest Rate",DSD_MFS_IR,COUNTRY,CL_COUNTRY,FALSE,TON,Tonga,NA
MFS_IR,"Monetary and Financial Statistics (MFS), Interest Rate",DSD_MFS_IR,COUNTRY,CL_COUNTRY,FALSE,TTO,Trinidad and Tobago,NA
MFS_IR,"Monetary and Financial Statistics (MFS), Interest Rate",DSD_MFS_IR,COUNTRY,CL_COUNTRY,FALSE,TUN,Tunisia,NA
MFS_IR,"Monetary and Financial Statistics (MFS), Interest Rate",DSD_MFS_IR,COUNTRY,CL_COUNTRY,FALSE,TKM,Turkmenistan,NA
MFS_IR,"Monetary and Financial Statistics (MFS), Interest Rate",DSD_MFS_IR,COUNTRY,CL_COUNTRY,FALSE,TCA,Turks and Caicos Islands,NA
MFS_IR,"Monetary and Financial Statistics (MFS), Interest Rate",DSD_MFS_IR,COUNTRY,CL_COUNTRY,FALSE,TUV,Tuvalu,NA
MFS_IR,"Monetary and Financial Statistics (MFS), Interest Rate",DSD_MFS_IR,COUNTRY,CL_COUNTRY,FALSE,TUR,"Türkiye, Republic of",NA
MFS_IR,"Monetary and Financial Statistics (MFS), Interest Rate",DSD_MFS_IR,COUNTRY,CL_COUNTRY,FALSE,UGA,Uganda,NA
MFS_IR,"Monetary and Financial Statistics (MFS), Interest Rate",DSD_MFS_IR,COUNTRY,CL_COUNTRY,FALSE,UKR,Ukraine,NA
MFS_IR,"Monetary and Financial Statistics (MFS), Interest Rate",DSD_MFS_IR,COUNTRY,CL_COUNTRY,FALSE,ARE,United Arab Emirates,NA
MFS_IR,"Monetary and Financial Statistics (MFS), Interest Rate",DSD_MFS_IR,COUNTRY,CL_COUNTRY,FALSE,GBR,United Kingdom,NA
MFS_IR,"Monetary and Financial Statistics (MFS), Interest Rate",DSD_MFS_IR,COUNTRY,CL_COUNTRY,FALSE,USA,United States,NA
MFS_IR,"Monetary and Financial Statistics (MFS), Interest Rate",DSD_MFS_IR,COUNTRY,CL_COUNTRY,FALSE,VIR,United States Virgin Islands,NA
MFS_IR,"Monetary and Financial Statistics (MFS), Interest Rate",DSD_MFS_IR,COUNTRY,CL_COUNTRY,FALSE,URY,Uruguay,NA
MFS_IR,"Monetary and Financial Statistics (MFS), Interest Rate",DSD_MFS_IR,COUNTRY,CL_COUNTRY,FALSE,UZB,"Uzbekistan, Republic of",NA
MFS_IR,"Monetary and Financial Statistics (MFS), Interest Rate",DSD_MFS_IR,COUNTRY,CL_COUNTRY,FALSE,VUT,Vanuatu,NA
MFS_IR,"Monetary and Financial Statistics (MFS), Interest Rate",DSD_MFS_IR,COUNTRY,CL_COUNTRY,FALSE,VEN,"Venezuela, República Bolivariana de",NA
MFS_IR,"Monetary and Financial Statistics (MFS), Interest Rate",DSD_MFS_IR,COUNTRY,CL_COUNTRY,FALSE,VNM,Vietnam,NA
MFS_IR,"Monetary and Financial Statistics (MFS), Interest Rate",DSD_MFS_IR,COUNTRY,CL_COUNTRY,FALSE,WLF,Wallis and Futuna Islands,NA
MFS_IR,"Monetary and Financial Statistics (MFS), Interest Rate",DSD_MFS_IR,COUNTRY,CL_COUNTRY,FALSE,WBG,West Bank and Gaza,NA
MFS_IR,"Monetary and Financial Statistics (MFS), Interest Rate",DSD_MFS_IR,COUNTRY,CL_COUNTRY,FALSE,YEM,"Yemen, Republic of",NA
MFS_IR,"Monetary and Financial Statistics (MFS), Interest Rate",DSD_MFS_IR,COUNTRY,CL_COUNTRY,FALSE,ZMB,Zambia,NA
MFS_IR,"Monetary and Financial Statistics (MFS), Interest Rate",DSD_MFS_IR,COUNTRY,CL_COUNTRY,FALSE,ZWE,Zimbabwe,NA
MFS_IR,"Monetary and Financial Statistics (MFS), Interest Rate",DSD_MFS_IR,COUNTRY,CL_COUNTRY,FALSE,ALA,Åland Islands,NA
MFS_IR,"Monetary and Financial Statistics (MFS), Interest Rate",DSD_MFS_IR,COUNTRY,CL_COUNTRY,FALSE,BES,"Bonaire, Saint Eustatius and Saba",NA
MFS_IR,"Monetary and Financial Statistics (MFS), Interest Rate",DSD_MFS_IR,COUNTRY,CL_COUNTRY,FALSE,ATF,French Southern Territories,NA
MFS_IR,"Monetary and Financial Statistics (MFS), Interest Rate",DSD_MFS_IR,COUNTRY,CL_COUNTRY,FALSE,CWX,Curaçao and Sint Maarten,NA
MFS_IR,"Monetary and Financial Statistics (MFS), Interest Rate",DSD_MFS_IR,COUNTRY,CL_COUNTRY,FALSE,CSK,Czechoslovakia,NA
MFS_IR,"Monetary and Financial Statistics (MFS), Interest Rate",DSD_MFS_IR,COUNTRY,CL_COUNTRY,FALSE,DDR,German Democratic Republic,NA
MFS_IR,"Monetary and Financial Statistics (MFS), Interest Rate",DSD_MFS_IR,COUNTRY,CL_COUNTRY,FALSE,ANT,Netherlands Antilles,NA
MFS_IR,"Monetary and Financial Statistics (MFS), Interest Rate",DSD_MFS_IR,COUNTRY,CL_COUNTRY,FALSE,VDR,"Vietnam, Democratic Republic of",NA
MFS_IR,"Monetary and Financial Statistics (MFS), Interest Rate",DSD_MFS_IR,COUNTRY,CL_COUNTRY,FALSE,SCG,Serbia and Montenegro,NA
MFS_IR,"Monetary and Financial Statistics (MFS), Interest Rate",DSD_MFS_IR,COUNTRY,CL_COUNTRY,FALSE,SUN,Union of Soviet Socialist Republics (USSR),NA
MFS_IR,"Monetary and Financial Statistics (MFS), Interest Rate",DSD_MFS_IR,COUNTRY,CL_COUNTRY,FALSE,YAR,Yemen Arab Republic,NA
MFS_IR,"Monetary and Financial Statistics (MFS), Interest Rate",DSD_MFS_IR,COUNTRY,CL_COUNTRY,FALSE,YMD,"Yemen, People's Democratic Republic of",NA
MFS_IR,"Monetary and Financial Statistics (MFS), Interest Rate",DSD_MFS_IR,COUNTRY,CL_COUNTRY,FALSE,YUG,"Yugoslavia, Socialist Federal Republic of",NA
MFS_IR,"Monetary and Financial Statistics (MFS), Interest Rate",DSD_MFS_IR,COUNTRY,CL_COUNTRY,FALSE,U019,Americas,NA
MFS_IR,"Monetary and Financial Statistics (MFS), Interest Rate",DSD_MFS_IR,COUNTRY,CL_COUNTRY,FALSE,U015,Northern Africa,NA
MFS_IR,"Monetary and Financial Statistics (MFS), Interest Rate",DSD_MFS_IR,COUNTRY,CL_COUNTRY,FALSE,U202,Sub-Saharan Africa,NA
MFS_IR,"Monetary and Financial Statistics (MFS), Interest Rate",DSD_MFS_IR,COUNTRY,CL_COUNTRY,FALSE,U002,Africa,NA
MFS_IR,"Monetary and Financial Statistics (MFS), Interest Rate",DSD_MFS_IR,COUNTRY,CL_COUNTRY,FALSE,U142,Asia,NA
MFS_IR,"Monetary and Financial Statistics (MFS), Interest Rate",DSD_MFS_IR,COUNTRY,CL_COUNTRY,FALSE,U053,Australia and New Zealand,NA
MFS_IR,"Monetary and Financial Statistics (MFS), Interest Rate",DSD_MFS_IR,COUNTRY,CL_COUNTRY,FALSE,U029,Caribbean,NA
MFS_IR,"Monetary and Financial Statistics (MFS), Interest Rate",DSD_MFS_IR,COUNTRY,CL_COUNTRY,FALSE,U013,Central America,NA
MFS_IR,"Monetary and Financial Statistics (MFS), Interest Rate",DSD_MFS_IR,COUNTRY,CL_COUNTRY,FALSE,U143,Central Asia,NA
MFS_IR,"Monetary and Financial Statistics (MFS), Interest Rate",DSD_MFS_IR,COUNTRY,CL_COUNTRY,FALSE,U014,Eastern Africa,NA
MFS_IR,"Monetary and Financial Statistics (MFS), Interest Rate",DSD_MFS_IR,COUNTRY,CL_COUNTRY,FALSE,U030,Eastern Asia,NA
MFS_IR,"Monetary and Financial Statistics (MFS), Interest Rate",DSD_MFS_IR,COUNTRY,CL_COUNTRY,FALSE,U151,Eastern Europe,NA
MFS_IR,"Monetary and Financial Statistics (MFS), Interest Rate",DSD_MFS_IR,COUNTRY,CL_COUNTRY,FALSE,U150,Europe,NA
MFS_IR,"Monetary and Financial Statistics (MFS), Interest Rate",DSD_MFS_IR,COUNTRY,CL_COUNTRY,FALSE,U054,Melanesia,NA
MFS_IR,"Monetary and Financial Statistics (MFS), Interest Rate",DSD_MFS_IR,COUNTRY,CL_COUNTRY,FALSE,U057,Micronesia,NA
MFS_IR,"Monetary and Financial Statistics (MFS), Interest Rate",DSD_MFS_IR,COUNTRY,CL_COUNTRY,FALSE,U017,Middle Africa,NA
MFS_IR,"Monetary and Financial Statistics (MFS), Interest Rate",DSD_MFS_IR,COUNTRY,CL_COUNTRY,FALSE,U154,Northern Europe,NA
MFS_IR,"Monetary and Financial Statistics (MFS), Interest Rate",DSD_MFS_IR,COUNTRY,CL_COUNTRY,FALSE,U009,Oceania,NA
MFS_IR,"Monetary and Financial Statistics (MFS), Interest Rate",DSD_MFS_IR,COUNTRY,CL_COUNTRY,FALSE,U061,Polynesia,NA
MFS_IR,"Monetary and Financial Statistics (MFS), Interest Rate",DSD_MFS_IR,COUNTRY,CL_COUNTRY,FALSE,U005,South America,NA
MFS_IR,"Monetary and Financial Statistics (MFS), Interest Rate",DSD_MFS_IR,COUNTRY,CL_COUNTRY,FALSE,U035,South-eastern Asia,NA
MFS_IR,"Monetary and Financial Statistics (MFS), Interest Rate",DSD_MFS_IR,COUNTRY,CL_COUNTRY,FALSE,U018,Southern Africa,NA
MFS_IR,"Monetary and Financial Statistics (MFS), Interest Rate",DSD_MFS_IR,COUNTRY,CL_COUNTRY,FALSE,U034,Southern Asia,NA
MFS_IR,"Monetary and Financial Statistics (MFS), Interest Rate",DSD_MFS_IR,COUNTRY,CL_COUNTRY,FALSE,U039,Southern Europe,NA
MFS_IR,"Monetary and Financial Statistics (MFS), Interest Rate",DSD_MFS_IR,COUNTRY,CL_COUNTRY,FALSE,U011,Western Africa,NA
MFS_IR,"Monetary and Financial Statistics (MFS), Interest Rate",DSD_MFS_IR,COUNTRY,CL_COUNTRY,FALSE,U145,Western Asia,NA
MFS_IR,"Monetary and Financial Statistics (MFS), Interest Rate",DSD_MFS_IR,COUNTRY,CL_COUNTRY,FALSE,U155,Western Europe,NA
MFS_IR,"Monetary and Financial Statistics (MFS), Interest Rate",DSD_MFS_IR,COUNTRY,CL_COUNTRY,FALSE,G202,Advanced Asia,NA
MFS_IR,"Monetary and Financial Statistics (MFS), Interest Rate",DSD_MFS_IR,COUNTRY,CL_COUNTRY,FALSE,G110,Advanced Economies,NA
MFS_IR,"Monetary and Financial Statistics (MFS), Interest Rate",DSD_MFS_IR,COUNTRY,CL_COUNTRY,FALSE,G906,Advanced Europe,NA
MFS_IR,"Monetary and Financial Statistics (MFS), Interest Rate",DSD_MFS_IR,COUNTRY,CL_COUNTRY,FALSE,G510,ASEAN-5,NA
MFS_IR,"Monetary and Financial Statistics (MFS), Interest Rate",DSD_MFS_IR,COUNTRY,CL_COUNTRY,FALSE,G940,Caucasus and Central Asia (CCA),NA
MFS_IR,"Monetary and Financial Statistics (MFS), Interest Rate",DSD_MFS_IR,COUNTRY,CL_COUNTRY,FALSE,G758,Central African Economic and Monetary Community (CEMAC),NA
MFS_IR,"Monetary and Financial Statistics (MFS), Interest Rate",DSD_MFS_IR,COUNTRY,CL_COUNTRY,FALSE,G609,CFA franc zone,NA
MFS_IR,"Monetary and Financial Statistics (MFS), Interest Rate",DSD_MFS_IR,COUNTRY,CL_COUNTRY,FALSE,G619,East African Community (EAC),NA
MFS_IR,"Monetary and Financial Statistics (MFS), Interest Rate",DSD_MFS_IR,COUNTRY,CL_COUNTRY,FALSE,G309,Eastern Caribbean Currency Union (ECCU),NA
MFS_IR,"Monetary and Financial Statistics (MFS), Interest Rate",DSD_MFS_IR,COUNTRY,CL_COUNTRY,FALSE,G776,Economic Community of West African States (ECOWAS),NA
MFS_IR,"Monetary and Financial Statistics (MFS), Interest Rate",DSD_MFS_IR,COUNTRY,CL_COUNTRY,FALSE,G209,EMDEs by External Financing: Net Creditors,NA
MFS_IR,"Monetary and Financial Statistics (MFS), Interest Rate",DSD_MFS_IR,COUNTRY,CL_COUNTRY,FALSE,G606,EMDEs by External Financing: Net Debtors,NA
MFS_IR,"Monetary and Financial Statistics (MFS), Interest Rate",DSD_MFS_IR,COUNTRY,CL_COUNTRY,FALSE,G087,EMDEs by External Financing: Net Debtors with Arrears and/or Reschedulings,NA
MFS_IR,"Monetary and Financial Statistics (MFS), Interest Rate",DSD_MFS_IR,COUNTRY,CL_COUNTRY,FALSE,G216,EMDEs by Source of Export Earnings: Diversified,NA
MFS_IR,"Monetary and Financial Statistics (MFS), Interest Rate",DSD_MFS_IR,COUNTRY,CL_COUNTRY,FALSE,G080,EMDEs by Source of Export Earnings: Fuel,NA
MFS_IR,"Monetary and Financial Statistics (MFS), Interest Rate",DSD_MFS_IR,COUNTRY,CL_COUNTRY,FALSE,G083,EMDEs by Source of Export Earnings: Manufactures,NA
MFS_IR,"Monetary and Financial Statistics (MFS), Interest Rate",DSD_MFS_IR,COUNTRY,CL_COUNTRY,FALSE,G092,EMDEs by Source of Export Earnings: Nonfuel,NA
MFS_IR,"Monetary and Financial Statistics (MFS), Interest Rate",DSD_MFS_IR,COUNTRY,CL_COUNTRY,FALSE,G089,EMDEs by Source of Export Earnings: Primary Products (excluding Fuel),NA
MFS_IR,"Monetary and Financial Statistics (MFS), Interest Rate",DSD_MFS_IR,COUNTRY,CL_COUNTRY,FALSE,G084,"EMDEs by Source of Export Earnings: Services (including Income, Transfers)",NA
MFS_IR,"Monetary and Financial Statistics (MFS), Interest Rate",DSD_MFS_IR,COUNTRY,CL_COUNTRY,FALSE,G505,Emerging and Developing Asia,NA
MFS_IR,"Monetary and Financial Statistics (MFS), Interest Rate",DSD_MFS_IR,COUNTRY,CL_COUNTRY,FALSE,G903,Emerging and Developing Europe,NA
MFS_IR,"Monetary and Financial Statistics (MFS), Interest Rate",DSD_MFS_IR,COUNTRY,CL_COUNTRY,FALSE,G1515,Emerging Asia,NA
MFS_IR,"Monetary and Financial Statistics (MFS), Interest Rate",DSD_MFS_IR,COUNTRY,CL_COUNTRY,FALSE,G200,Emerging Market and Developing Economies,NA
MFS_IR,"Monetary and Financial Statistics (MFS), Interest Rate",DSD_MFS_IR,COUNTRY,CL_COUNTRY,FALSE,G1201,Emerging Market and Middle-Income Economies,NA
MFS_IR,"Monetary and Financial Statistics (MFS), Interest Rate",DSD_MFS_IR,COUNTRY,CL_COUNTRY,FALSE,G995,Euro Area (EA) – aggregate of member states,NA
MFS_IR,"Monetary and Financial Statistics (MFS), Interest Rate",DSD_MFS_IR,COUNTRY,CL_COUNTRY,FALSE,G998,European Union (EU),NA
MFS_IR,"Monetary and Financial Statistics (MFS), Interest Rate",DSD_MFS_IR,COUNTRY,CL_COUNTRY,FALSE,G715,Fragile and Conflict-affected States (FCS),NA
MFS_IR,"Monetary and Financial Statistics (MFS), Interest Rate",DSD_MFS_IR,COUNTRY,CL_COUNTRY,FALSE,G120,G20,NA
MFS_IR,"Monetary and Financial Statistics (MFS), Interest Rate",DSD_MFS_IR,COUNTRY,CL_COUNTRY,FALSE,G119,G7,NA
MFS_IR,"Monetary and Financial Statistics (MFS), Interest Rate",DSD_MFS_IR,COUNTRY,CL_COUNTRY,FALSE,G450,Gulf Cooperation Council (GCC),NA
MFS_IR,"Monetary and Financial Statistics (MFS), Interest Rate",DSD_MFS_IR,COUNTRY,CL_COUNTRY,FALSE,G711,Heavily Indebted Poor Countries (HIPC),NA
MFS_IR,"Monetary and Financial Statistics (MFS), Interest Rate",DSD_MFS_IR,COUNTRY,CL_COUNTRY,FALSE,G205,Latin America and the Caribbean (LAC),NA
MFS_IR,"Monetary and Financial Statistics (MFS), Interest Rate",DSD_MFS_IR,COUNTRY,CL_COUNTRY,FALSE,G201,Low-Income Developing Countries (LIDC),NA
MFS_IR,"Monetary and Financial Statistics (MFS), Interest Rate",DSD_MFS_IR,COUNTRY,CL_COUNTRY,FALSE,G400,Middle East and Central Asia,NA
MFS_IR,"Monetary and Financial Statistics (MFS), Interest Rate",DSD_MFS_IR,COUNTRY,CL_COUNTRY,FALSE,G401,Middle East and Central Asia: Oil Exporters,NA
MFS_IR,"Monetary and Financial Statistics (MFS), Interest Rate",DSD_MFS_IR,COUNTRY,CL_COUNTRY,FALSE,G402,Middle East and Central Asia: Oil Importers,NA
MFS_IR,"Monetary and Financial Statistics (MFS), Interest Rate",DSD_MFS_IR,COUNTRY,CL_COUNTRY,FALSE,G406,Middle East and North Africa (MENA),NA
MFS_IR,"Monetary and Financial Statistics (MFS), Interest Rate",DSD_MFS_IR,COUNTRY,CL_COUNTRY,FALSE,G92031,North America,NA
MFS_IR,"Monetary and Financial Statistics (MFS), Interest Rate",DSD_MFS_IR,COUNTRY,CL_COUNTRY,FALSE,G757,Southern African Customs Union (SACU),NA
MFS_IR,"Monetary and Financial Statistics (MFS), Interest Rate",DSD_MFS_IR,COUNTRY,CL_COUNTRY,FALSE,G603,Sub-Saharan Africa (SSA),NA
MFS_IR,"Monetary and Financial Statistics (MFS), Interest Rate",DSD_MFS_IR,COUNTRY,CL_COUNTRY,FALSE,G1627,Sub-Saharan Africa (SSA): Low-Income,NA
MFS_IR,"Monetary and Financial Statistics (MFS), Interest Rate",DSD_MFS_IR,COUNTRY,CL_COUNTRY,FALSE,G1626,Sub-Saharan Africa (SSA): Middle-Income,NA
MFS_IR,"Monetary and Financial Statistics (MFS), Interest Rate",DSD_MFS_IR,COUNTRY,CL_COUNTRY,FALSE,G1614,Sub-Saharan Africa (SSA): Oil Exporters,NA
MFS_IR,"Monetary and Financial Statistics (MFS), Interest Rate",DSD_MFS_IR,COUNTRY,CL_COUNTRY,FALSE,G759,West African Economic and Monetary Union (WAEMU),NA
MFS_IR,"Monetary and Financial Statistics (MFS), Interest Rate",DSD_MFS_IR,COUNTRY,CL_COUNTRY,FALSE,G001,World,NA
MFS_IR,"Monetary and Financial Statistics (MFS), Interest Rate",DSD_MFS_IR,COUNTRY,CL_COUNTRY,FALSE,G163,Euro Area (EA),NA
MFS_IR,"Monetary and Financial Statistics (MFS), Interest Rate",DSD_MFS_IR,COUNTRY,CL_COUNTRY,FALSE,GASEAN,ASEAN,NA
MFS_IR,"Monetary and Financial Statistics (MFS), Interest Rate",DSD_MFS_IR,COUNTRY,CL_COUNTRY,FALSE,G765,Southern African Development Community (SADC),NA
MFS_IR,"Monetary and Financial Statistics (MFS), Interest Rate",DSD_MFS_IR,COUNTRY,CL_COUNTRY,FALSE,G760,Common Market for Eastern and Southern Africa (COMESA),NA
MFS_IR,"Monetary and Financial Statistics (MFS), Interest Rate",DSD_MFS_IR,COUNTRY,CL_COUNTRY,FALSE,G129,Benelux,NA
MFS_IR,"Monetary and Financial Statistics (MFS), Interest Rate",DSD_MFS_IR,COUNTRY,CL_COUNTRY,FALSE,BLM,Saint Barthelemy,NA
MFS_IR,"Monetary and Financial Statistics (MFS), Interest Rate",DSD_MFS_IR,COUNTRY,CL_COUNTRY,FALSE,MAF,Saint Martin,NA
MFS_IR,"Monetary and Financial Statistics (MFS), Interest Rate",DSD_MFS_IR,COUNTRY,CL_COUNTRY,FALSE,SGS,South Georgia and the South Sandwich Islands,NA
MFS_IR,"Monetary and Financial Statistics (MFS), Interest Rate",DSD_MFS_IR,COUNTRY,CL_COUNTRY,FALSE,CXR,Christmas Island,NA
MFS_IR,"Monetary and Financial Statistics (MFS), Interest Rate",DSD_MFS_IR,COUNTRY,CL_COUNTRY,FALSE,CCK,Cocos Islands,NA
MFS_IR,"Monetary and Financial Statistics (MFS), Interest Rate",DSD_MFS_IR,COUNTRY,CL_COUNTRY,FALSE,ESH,Western Sahara,NA
MFS_IR,"Monetary and Financial Statistics (MFS), Interest Rate",DSD_MFS_IR,COUNTRY,CL_COUNTRY,FALSE,BVT,Bouvet Island,NA
MFS_IR,"Monetary and Financial Statistics (MFS), Interest Rate",DSD_MFS_IR,COUNTRY,CL_COUNTRY,FALSE,IOT,British Indian Ocean Territory,NA
MFS_IR,"Monetary and Financial Statistics (MFS), Interest Rate",DSD_MFS_IR,COUNTRY,CL_COUNTRY,FALSE,HMD,Heard Island and McDonald Islands,NA
MFS_IR,"Monetary and Financial Statistics (MFS), Interest Rate",DSD_MFS_IR,COUNTRY,CL_COUNTRY,FALSE,UMI,United States Minor Outlying Islands,NA
MFS_IR,"Monetary and Financial Statistics (MFS), Interest Rate",DSD_MFS_IR,COUNTRY,CL_COUNTRY,FALSE,GSAC,Southern African Customs Union (SACU),NA
MFS_IR,"Monetary and Financial Statistics (MFS), Interest Rate",DSD_MFS_IR,IR_INDICATOR,CL_MFS_IR_INDICATOR,TRUE,MFS147_RT_PT_A_PT,"Government securities: Treasury bills, bond equivalent, Rate, Percent per annum",NA
MFS_IR,"Monetary and Financial Statistics (MFS), Interest Rate",DSD_MFS_IR,IR_INDICATOR,CL_MFS_IR_INDICATOR,TRUE,MFS171_RT_PT_A_PT,"Refinancing Rate, Percent per annum",NA
MFS_IR,"Monetary and Financial Statistics (MFS), Interest Rate",DSD_MFS_IR,IR_INDICATOR,CL_MFS_IR_INDICATOR,TRUE,FISDR_RT_PT_A_PT,"SDR interest Rate, Percent per annum",NA
MFS_IR,"Monetary and Financial Statistics (MFS), Interest Rate",DSD_MFS_IR,IR_INDICATOR,CL_MFS_IR_INDICATOR,TRUE,HENBL_NB_S11_FC_RT_PT_A_PT,"Harmonized Euro area rates: Loans, New Business, Non-financial corporations, Foreign Currency, Rate, Percent per annum",NA
MFS_IR,"Monetary and Financial Statistics (MFS), Interest Rate",DSD_MFS_IR,IR_INDICATOR,CL_MFS_IR_INDICATOR,TRUE,HENBD_NB_S11_FC_RT_PT_A_PT,"Harmonized Euro area rates: Deposits, New Business, Non-financial corporations, Foreign Currency, Rate, Percent per annum",NA
MFS_IR,"Monetary and Financial Statistics (MFS), Interest Rate",DSD_MFS_IR,IR_INDICATOR,CL_MFS_IR_INDICATOR,TRUE,LIBOR_OVNGT_RT_PT_A_PT,"London interbank offered rate (LIBOR), Overnight Rate, Percent per annum",NA
MFS_IR,"Monetary and Financial Statistics (MFS), Interest Rate",DSD_MFS_IR,IR_INDICATOR,CL_MFS_IR_INDICATOR,TRUE,HENBL_NB_S14_FC_RT_PT_A_PT,"Harmonized Euro area rates: Loans, New Business, Households, Foreign Currency, Rate, Percent per annum",NA
MFS_IR,"Monetary and Financial Statistics (MFS), Interest Rate",DSD_MFS_IR,IR_INDICATOR,CL_MFS_IR_INDICATOR,TRUE,MFS130_RT_PT_A_PT,"Average cost of funds, Rate, Percent per annum",NA
MFS_IR,"Monetary and Financial Statistics (MFS), Interest Rate",DSD_MFS_IR,IR_INDICATOR,CL_MFS_IR_INDICATOR,TRUE,HENBD_NB_S14_FC_RT_PT_A_PT,"Harmonized Euro area rates: Deposits, New Business, Households, Foreign Currency, Rate, Percent per annum",NA
MFS_IR,"Monetary and Financial Statistics (MFS), Interest Rate",DSD_MFS_IR,IR_INDICATOR,CL_MFS_IR_INDICATOR,TRUE,HENBL_NB_S11_XDC_RT_PT_A_PT,"Harmonized Euro area rates: Loans, New Business, Non-financial corporations, Domestic currency, Rate, Percent per annum",NA
MFS_IR,"Monetary and Financial Statistics (MFS), Interest Rate",DSD_MFS_IR,IR_INDICATOR,CL_MFS_IR_INDICATOR,TRUE,FIRR_RT_PT_A_PT,"Rate of renumeration, Rate, Percent per annum",NA
MFS_IR,"Monetary and Financial Statistics (MFS), Interest Rate",DSD_MFS_IR,IR_INDICATOR,CL_MFS_IR_INDICATOR,TRUE,HEOADR_OA_S11_RT_PT_A_PT,"Harmonized Euro Area Rates: Deposits, Repos, Outstanding Amounts, Non-financial corporations, Rate, Percent per annum",NA
MFS_IR,"Monetary and Financial Statistics (MFS), Interest Rate",DSD_MFS_IR,IR_INDICATOR,CL_MFS_IR_INDICATOR,TRUE,HENBD_NB_S11_XDC_RT_PT_A_PT,"Harmonized Euro area rates: Deposits, New Business, Non-financial corporations, Domestic currency, Rate, Percent per annum",NA
MFS_IR,"Monetary and Financial Statistics (MFS), Interest Rate",DSD_MFS_IR,IR_INDICATOR,CL_MFS_IR_INDICATOR,TRUE,HRNBLNFCOBO_STO1_NB_S11_RT_PT_A_PT,"Harmonized Euro area rates: Loans other than bank overdrafts, Over EUR 1 Million, Floating rate, Up to 1 year New Business, Non-financial corporations, Rate, Percent per annum",NA
MFS_IR,"Monetary and Financial Statistics (MFS), Interest Rate",DSD_MFS_IR,IR_INDICATOR,CL_MFS_IR_INDICATOR,TRUE,HENBL_NB_S14_XDC_RT_PT_A_PT,"Harmonized Euro area rates: Loans, New Business, Households, Domestic currency, Rate, Percent per annum",NA
MFS_IR,"Monetary and Financial Statistics (MFS), Interest Rate",DSD_MFS_IR,IR_INDICATOR,CL_MFS_IR_INDICATOR,TRUE,IRTBILL_FC_RT_PT_A_PT,"Treasury bills, Foreign Currency, Rate, Percent per annum",NA
MFS_IR,"Monetary and Financial Statistics (MFS), Interest Rate",DSD_MFS_IR,IR_INDICATOR,CL_MFS_IR_INDICATOR,TRUE,S13BONDS_S_RT_PT_A_PT,"Government bonds yields, Short-term Rate, Percent per annum",NA
MFS_IR,"Monetary and Financial Statistics (MFS), Interest Rate",DSD_MFS_IR,IR_INDICATOR,CL_MFS_IR_INDICATOR,TRUE,S13BONDSML_RT_PT_A_PT,"Government bonds yields medium and long term, Rate, Percent per annum",NA
MFS_IR,"Monetary and Financial Statistics (MFS), Interest Rate",DSD_MFS_IR,IR_INDICATOR,CL_MFS_IR_INDICATOR,TRUE,HENBD_LT2_OA_S11_RT_PT_A_PT,"Harmonized Euro area rates: Deposits, Up to 2 years Outstanding Amounts, Non-financial corporations, Rate, Percent per annum",NA
MFS_IR,"Monetary and Financial Statistics (MFS), Interest Rate",DSD_MFS_IR,IR_INDICATOR,CL_MFS_IR_INDICATOR,TRUE,HENBD_NB_S14_XDC_RT_PT_A_PT,"Harmonized Euro area rates: Deposits, New Business, Households, Domestic currency, Rate, Percent per annum",NA
MFS_IR,"Monetary and Financial Statistics (MFS), Interest Rate",DSD_MFS_IR,IR_INDICATOR,CL_MFS_IR_INDICATOR,TRUE,HERLOBO1EUR_S3TO1_NB_S11_RT_PT_A_PT,"Harmonized Euro area rates: Loans other than bank overdrafts, Over EUR 1 Million, Over 3 months and up to 1 Year New Business, Non-financial corporations, Rate, Percent per annum",NA
MFS_IR,"Monetary and Financial Statistics (MFS), Interest Rate",DSD_MFS_IR,IR_INDICATOR,CL_MFS_IR_INDICATOR,TRUE,HENBD_STO1_NB_S11_RT_PT_A_PT,"Harmonized Euro area rates: Deposits, Up to 1 year New Business, Non-financial corporations, Rate, Percent per annum",NA
MFS_IR,"Monetary and Financial Statistics (MFS), Interest Rate",DSD_MFS_IR,IR_INDICATOR,CL_MFS_IR_INDICATOR,TRUE,MFS151_STO1_NB_S14_RT_PT_A_PT,"Harmonized Euro area rates, New business: Deposits agreed maturity, Up to 1 year New Business, Households, Rate, Percent per annum",NA
MFS_IR,"Monetary and Financial Statistics (MFS), Interest Rate",DSD_MFS_IR,IR_INDICATOR,CL_MFS_IR_INDICATOR,TRUE,MFS162_USD_RT_PT_A_PT,"Lending rate, US dollar, Rate, Percent per annum",NA
MFS_IR,"Monetary and Financial Statistics (MFS), Interest Rate",DSD_MFS_IR,IR_INDICATOR,CL_MFS_IR_INDICATOR,TRUE,GSTBILY_L_RT_PT_A_PT,"Government securities: Treasury bills yields, Long-term Rate, Percent per annum",NA
MFS_IR,"Monetary and Financial Statistics (MFS), Interest Rate",DSD_MFS_IR,IR_INDICATOR,CL_MFS_IR_INDICATOR,TRUE,LIBOR_S1_RT_PT_A_PT,"London interbank offered rate (LIBOR), 1 Year Rate, Percent per annum",NA
MFS_IR,"Monetary and Financial Statistics (MFS), Interest Rate",DSD_MFS_IR,IR_INDICATOR,CL_MFS_IR_INDICATOR,TRUE,MFS135_USD_RT_PT_A_PT,"Deposit rate, US dollar, Rate, Percent per annum",NA
MFS_IR,"Monetary and Financial Statistics (MFS), Interest Rate",DSD_MFS_IR,IR_INDICATOR,CL_MFS_IR_INDICATOR,TRUE,LIBOR_S1M_RT_PT_A_PT,"London interbank offered rate (LIBOR), 1 Month Rate, Percent per annum",NA
MFS_IR,"Monetary and Financial Statistics (MFS), Interest Rate",DSD_MFS_IR,IR_INDICATOR,CL_MFS_IR_INDICATOR,TRUE,S13BONDS_RT_PT_A_PT,"Government bonds yields, Rate, Percent per annum",NA
MFS_IR,"Monetary and Financial Statistics (MFS), Interest Rate",DSD_MFS_IR,IR_INDICATOR,CL_MFS_IR_INDICATOR,TRUE,LIBOR_S6M_RT_PT_A_PT,"London interbank offered rate (LIBOR), 6 Months Rate, Percent per annum",NA
MFS_IR,"Monetary and Financial Statistics (MFS), Interest Rate",DSD_MFS_IR,IR_INDICATOR,CL_MFS_IR_INDICATOR,TRUE,MFS162_EUR_RT_PT_A_PT,"Lending rate, Euro, Rate, Percent per annum",NA
MFS_IR,"Monetary and Financial Statistics (MFS), Interest Rate",DSD_MFS_IR,IR_INDICATOR,CL_MFS_IR_INDICATOR,TRUE,MFS141_RT_PT_A_PT,"Eurosystem deposit facility Rate, Percent per annum",NA
MFS_IR,"Monetary and Financial Statistics (MFS), Interest Rate",DSD_MFS_IR,IR_INDICATOR,CL_MFS_IR_INDICATOR,TRUE,MFS173_RT_PT_A_PT,"Reverse repurchase agreement Rate, Percent per annum",NA
MFS_IR,"Monetary and Financial Statistics (MFS), Interest Rate",DSD_MFS_IR,IR_INDICATOR,CL_MFS_IR_INDICATOR,TRUE,HENBL_STO1_OA_S11_RT_PT_A_PT,"Harmonized Euro area rates: Loans, Up to 1 year Outstanding Amounts, Non-financial corporations, Rate, Percent per annum",NA
MFS_IR,"Monetary and Financial Statistics (MFS), Interest Rate",DSD_MFS_IR,IR_INDICATOR,CL_MFS_IR_INDICATOR,TRUE,MFS135_EUR_RT_PT_A_PT,"Deposit rate, Euro, Rate, Percent per annum",NA
MFS_IR,"Monetary and Financial Statistics (MFS), Interest Rate",DSD_MFS_IR,IR_INDICATOR,CL_MFS_IR_INDICATOR,TRUE,S13BONDS_SMT_RT_PT_A_PT,"Government bonds yields, Short to medium term Rate, Percent per annum",NA
MFS_IR,"Monetary and Financial Statistics (MFS), Interest Rate",DSD_MFS_IR,IR_INDICATOR,CL_MFS_IR_INDICATOR,TRUE,MFS1903_RT_PT_A_PT,"Central bank borrowing facility, Rate, Percent per annum",NA
MFS_IR,"Monetary and Financial Statistics (MFS), Interest Rate",DSD_MFS_IR,IR_INDICATOR,CL_MFS_IR_INDICATOR,TRUE,MFS2123_OY5_NB_HP_S14_RT_PT_A_PT,"Harmonized Euro area rates, New Business: Loans, House Purchase, households, Over 5 years New Business, House purchase, Households, Rate, Percent per annum",NA
MFS_IR,"Monetary and Financial Statistics (MFS), Interest Rate",DSD_MFS_IR,IR_INDICATOR,CL_MFS_IR_INDICATOR,TRUE,HENBL_NB_CFR_S14_RT_PT_A_PT,"Harmonized Euro area rates: Loans, New Business, Consumption floating rate, Households, Rate, Percent per annum",NA
MFS_IR,"Monetary and Financial Statistics (MFS), Interest Rate",DSD_MFS_IR,IR_INDICATOR,CL_MFS_IR_INDICATOR,TRUE,GSTBILY_S3M_RT_PT_A_PT,"Government securities: Treasury bills yields, 3 Months Rate, Percent per annum",NA
MFS_IR,"Monetary and Financial Statistics (MFS), Interest Rate",DSD_MFS_IR,IR_INDICATOR,CL_MFS_IR_INDICATOR,TRUE,MFS161_RT_PT_A_PT,"Key repurchase agreement Rate, Percent per annum",NA
MFS_IR,"Monetary and Financial Statistics (MFS), Interest Rate",DSD_MFS_IR,IR_INDICATOR,CL_MFS_IR_INDICATOR,TRUE,MFS174_FC_RT_PT_A_PT,"Savings rate, Foreign Currency, Rate, Percent per annum",NA
MFS_IR,"Monetary and Financial Statistics (MFS), Interest Rate",DSD_MFS_IR,IR_INDICATOR,CL_MFS_IR_INDICATOR,TRUE,LEDR_S3M_RT_PT_A_PT,"London Eurodollar deposit rate, 3 Months Rate, Percent per annum",NA
MFS_IR,"Monetary and Financial Statistics (MFS), Interest Rate",DSD_MFS_IR,IR_INDICATOR,CL_MFS_IR_INDICATOR,TRUE,MFS162_FC_RT_PT_A_PT,"Lending rate, Foreign Currency, Rate, Percent per annum",NA
MFS_IR,"Monetary and Financial Statistics (MFS), Interest Rate",DSD_MFS_IR,IR_INDICATOR,CL_MFS_IR_INDICATOR,TRUE,HEOADAM_LT2_OA_S14_RT_PT_A_PT,"Harmonized Euro area rates: Deposits agreed maturity, Up to 2 years Outstanding Amounts, Households, Rate, Percent per annum",NA
MFS_IR,"Monetary and Financial Statistics (MFS), Interest Rate",DSD_MFS_IR,IR_INDICATOR,CL_MFS_IR_INDICATOR,TRUE,GSTBILY_RT_PT_A_PT,"Government securities: Treasury bills yields, Rate, Percent per annum",NA
MFS_IR,"Monetary and Financial Statistics (MFS), Interest Rate",DSD_MFS_IR,IR_INDICATOR,CL_MFS_IR_INDICATOR,TRUE,MFS172_RT_PT_A_PT,"Repurchase agreement Rate, Percent per annum",NA
MFS_IR,"Monetary and Financial Statistics (MFS), Interest Rate",DSD_MFS_IR,IR_INDICATOR,CL_MFS_IR_INDICATOR,TRUE,MMRT_FC_RT_PT_A_PT,"Money market rate, Foreign Currency, Rate, Percent per annum",NA
MFS_IR,"Monetary and Financial Statistics (MFS), Interest Rate",DSD_MFS_IR,IR_INDICATOR,CL_MFS_IR_INDICATOR,TRUE,GBYMIN_RT_PT_A_PT,"Government bond yields, minimum, Rate, Percent per annum",NA
MFS_IR,"Monetary and Financial Statistics (MFS), Interest Rate",DSD_MFS_IR,IR_INDICATOR,CL_MFS_IR_INDICATOR,TRUE,DISR_FC_RT_PT_A_PT,"Discount rate, Foreign Currency, Rate, Percent per annum",NA
MFS_IR,"Monetary and Financial Statistics (MFS), Interest Rate",DSD_MFS_IR,IR_INDICATOR,CL_MFS_IR_INDICATOR,TRUE,HENBL_OY5_NB_HP_S14_RT_PT_A_PT,"Harmonized Euro area rates: Loans, Over 5 years New Business, House purchase, Households, Rate, Percent per annum",NA
MFS_IR,"Monetary and Financial Statistics (MFS), Interest Rate",DSD_MFS_IR,IR_INDICATOR,CL_MFS_IR_INDICATOR,TRUE,MFS135_FC_RT_PT_A_PT,"Deposit rate, Foreign Currency, Rate, Percent per annum",NA
MFS_IR,"Monetary and Financial Statistics (MFS), Interest Rate",DSD_MFS_IR,IR_INDICATOR,CL_MFS_IR_INDICATOR,TRUE,MFS166_RT_PT_A_PT,"Monetary policy-related, Rate, Percent per annum",NA
MFS_IR,"Monetary and Financial Statistics (MFS), Interest Rate",DSD_MFS_IR,IR_INDICATOR,CL_MFS_IR_INDICATOR,TRUE,MFS1905_RT_PT_A_PT,"Certificates of deposit, Rate, Percent per annum",NA
MFS_IR,"Monetary and Financial Statistics (MFS), Interest Rate",DSD_MFS_IR,IR_INDICATOR,CL_MFS_IR_INDICATOR,TRUE,MFS1904_RT_PT_A_PT,"Central bank certificates, Rate, Percent per annum",NA
MFS_IR,"Monetary and Financial Statistics (MFS), Interest Rate",DSD_MFS_IR,IR_INDICATOR,CL_MFS_IR_INDICATOR,TRUE,MFS162_OVNGT_RT_PT_A_PT,"Lending rate, Overnight Rate, Percent per annum",NA
MFS_IR,"Monetary and Financial Statistics (MFS), Interest Rate",DSD_MFS_IR,IR_INDICATOR,CL_MFS_IR_INDICATOR,TRUE,MFS134_RT_PT_A_PT,"Corporate paper Rate, Percent per annum",NA
MFS_IR,"Monetary and Financial Statistics (MFS), Interest Rate",DSD_MFS_IR,IR_INDICATOR,CL_MFS_IR_INDICATOR,TRUE,HEANBLCCO_STO1_OA_S14_RT_PT_A_PT,"Harmonized Euro Area rates: Loans, consumer credit and other, Up to 1 year Outstanding Amounts, Households, Rate, Percent per annum",NA
MFS_IR,"Monetary and Financial Statistics (MFS), Interest Rate",DSD_MFS_IR,IR_INDICATOR,CL_MFS_IR_INDICATOR,TRUE,MMRT_RT_PT_A_PT,"Money market Rate, Percent per annum",NA
MFS_IR,"Monetary and Financial Statistics (MFS), Interest Rate",DSD_MFS_IR,IR_INDICATOR,CL_MFS_IR_INDICATOR,TRUE,S13BOND_RT_PT_A_PT,"Government bonds, Rate, Percent per annum",NA
MFS_IR,"Monetary and Financial Statistics (MFS), Interest Rate",DSD_MFS_IR,IR_INDICATOR,CL_MFS_IR_INDICATOR,TRUE,MFS135_OVNGT_RT_PT_A_PT,"Deposit rate, Overnight Rate, Percent per annum",NA
MFS_IR,"Monetary and Financial Statistics (MFS), Interest Rate",DSD_MFS_IR,IR_INDICATOR,CL_MFS_IR_INDICATOR,TRUE,MFS1934_RT_PT_A_PT,"Money market rate, maximum, Rate, Percent per annum",NA
MFS_IR,"Monetary and Financial Statistics (MFS), Interest Rate",DSD_MFS_IR,IR_INDICATOR,CL_MFS_IR_INDICATOR,TRUE,MFS1935_RT_PT_A_PT,"Money market rate, minimum, Rate, Percent per annum",NA
MFS_IR,"Monetary and Financial Statistics (MFS), Interest Rate",DSD_MFS_IR,IR_INDICATOR,CL_MFS_IR_INDICATOR,TRUE,IRTBILL_RT_PT_A_PT,"Treasury bills, Rate, Percent per annum",NA
MFS_IR,"Monetary and Financial Statistics (MFS), Interest Rate",DSD_MFS_IR,IR_INDICATOR,CL_MFS_IR_INDICATOR,TRUE,MFS162_RT_PT_A_PT,"Lending Rate, Percent per annum",NA
MFS_IR,"Monetary and Financial Statistics (MFS), Interest Rate",DSD_MFS_IR,IR_INDICATOR,CL_MFS_IR_INDICATOR,TRUE,MFS174_RT_PT_A_PT,"Savings Rate, Percent per annum",NA
MFS_IR,"Monetary and Financial Statistics (MFS), Interest Rate",DSD_MFS_IR,IR_INDICATOR,CL_MFS_IR_INDICATOR,TRUE,IBRT_S3M_RT_PT_A_PT,"Interbank rate, 3 Months Rate, Percent per annum",NA
MFS_IR,"Monetary and Financial Statistics (MFS), Interest Rate",DSD_MFS_IR,IR_INDICATOR,CL_MFS_IR_INDICATOR,TRUE,DISR_RT_PT_A_PT,"Discount Rate, Percent per annum",NA
MFS_IR,"Monetary and Financial Statistics (MFS), Interest Rate",DSD_MFS_IR,IR_INDICATOR,CL_MFS_IR_INDICATOR,TRUE,MFS135_RT_PT_A_PT,"Deposit Rate, Percent per annum",NA
MFS_IR,"Monetary and Financial Statistics (MFS), Interest Rate",DSD_MFS_IR,IR_INDICATOR,CL_MFS_IR_INDICATOR,TRUE,UKR_NBOURRN_RT_PT_A_PT,"Ukraine National Definition, Refinancing Rate, Rate, Percent per annum",NA
MFS_IR,"Monetary and Financial Statistics (MFS), Interest Rate",DSD_MFS_IR,IR_INDICATOR,CL_MFS_IR_INDICATOR,TRUE,UKR_ORTBILRN_RT_PT_A_PT,"Ukraine Other Rates, Treasury Bills, Rate, Percent per annum",NA
MFS_IR,"Monetary and Financial Statistics (MFS), Interest Rate",DSD_MFS_IR,IR_INDICATOR,CL_MFS_IR_INDICATOR,TRUE,UKR_PIO1_1997E_IX_1997E_IX_IX,"Ukraine Pets Index Oct 1, 1997 Eom, Index",NA
MFS_IR,"Monetary and Financial Statistics (MFS), Interest Rate",DSD_MFS_IR,FREQ,CL_FREQ,FALSE,A,Annual,NA
MFS_IR,"Monetary and Financial Statistics (MFS), Interest Rate",DSD_MFS_IR,FREQ,CL_FREQ,FALSE,D,Daily,NA
MFS_IR,"Monetary and Financial Statistics (MFS), Interest Rate",DSD_MFS_IR,FREQ,CL_FREQ,FALSE,M,Monthly,NA
MFS_IR,"Monetary and Financial Statistics (MFS), Interest Rate",DSD_MFS_IR,FREQ,CL_FREQ,FALSE,Q,Quarterly,NA
MFS_IR,"Monetary and Financial Statistics (MFS), Interest Rate",DSD_MFS_IR,FREQ,CL_FREQ,FALSE,S,"Half-yearly, semester",NA
MFS_IR,"Monetary and Financial Statistics (MFS), Interest Rate",DSD_MFS_IR,FREQ,CL_FREQ,FALSE,W,Weekly,NA
MFS_IR,"Monetary and Financial Statistics (MFS), Interest Rate",DSD_MFS_IR,FREQ,CL_FREQ,FALSE,A2,Biennial,NA
MFS_IR,"Monetary and Financial Statistics (MFS), Interest Rate",DSD_MFS_IR,FREQ,CL_FREQ,FALSE,A3,Triennial,NA
MFS_IR,"Monetary and Financial Statistics (MFS), Interest Rate",DSD_MFS_IR,FREQ,CL_FREQ,FALSE,A4,Quadrennial,NA
MFS_IR,"Monetary and Financial Statistics (MFS), Interest Rate",DSD_MFS_IR,FREQ,CL_FREQ,FALSE,A5,Quinquennial,NA
MFS_IR,"Monetary and Financial Statistics (MFS), Interest Rate",DSD_MFS_IR,FREQ,CL_FREQ,FALSE,A10,Decennial,NA
MFS_IR,"Monetary and Financial Statistics (MFS), Interest Rate",DSD_MFS_IR,FREQ,CL_FREQ,FALSE,A20,Bidecennial,NA
MFS_IR,"Monetary and Financial Statistics (MFS), Interest Rate",DSD_MFS_IR,FREQ,CL_FREQ,FALSE,A30,Tridecennial,NA
MFS_IR,"Monetary and Financial Statistics (MFS), Interest Rate",DSD_MFS_IR,FREQ,CL_FREQ,FALSE,A_3,Three times a year,NA
MFS_IR,"Monetary and Financial Statistics (MFS), Interest Rate",DSD_MFS_IR,FREQ,CL_FREQ,FALSE,M2,Bimonthly,NA
MFS_IR,"Monetary and Financial Statistics (MFS), Interest Rate",DSD_MFS_IR,FREQ,CL_FREQ,FALSE,M_2,Semimonthly,NA
MFS_IR,"Monetary and Financial Statistics (MFS), Interest Rate",DSD_MFS_IR,FREQ,CL_FREQ,FALSE,M_3,Three times a month,NA
MFS_IR,"Monetary and Financial Statistics (MFS), Interest Rate",DSD_MFS_IR,FREQ,CL_FREQ,FALSE,W2,Biweekly,NA
MFS_IR,"Monetary and Financial Statistics (MFS), Interest Rate",DSD_MFS_IR,FREQ,CL_FREQ,FALSE,W3,Triweekly,NA
MFS_IR,"Monetary and Financial Statistics (MFS), Interest Rate",DSD_MFS_IR,FREQ,CL_FREQ,FALSE,W4,Four-weekly,NA
MFS_IR,"Monetary and Financial Statistics (MFS), Interest Rate",DSD_MFS_IR,FREQ,CL_FREQ,FALSE,W_2,Semiweekly,NA
MFS_IR,"Monetary and Financial Statistics (MFS), Interest Rate",DSD_MFS_IR,FREQ,CL_FREQ,FALSE,W_3,Three times a week,NA
MFS_IR,"Monetary and Financial Statistics (MFS), Interest Rate",DSD_MFS_IR,FREQ,CL_FREQ,FALSE,D_2,Twice a day,NA
MFS_IR,"Monetary and Financial Statistics (MFS), Interest Rate",DSD_MFS_IR,FREQ,CL_FREQ,FALSE,H,Hourly,NA
MFS_IR,"Monetary and Financial Statistics (MFS), Interest Rate",DSD_MFS_IR,FREQ,CL_FREQ,FALSE,H2,Bihourly,NA
MFS_IR,"Monetary and Financial Statistics (MFS), Interest Rate",DSD_MFS_IR,FREQ,CL_FREQ,FALSE,H3,Trihourly,NA
MFS_IR,"Monetary and Financial Statistics (MFS), Interest Rate",DSD_MFS_IR,FREQ,CL_FREQ,FALSE,B,Daily – business week,NA
MFS_IR,"Monetary and Financial Statistics (MFS), Interest Rate",DSD_MFS_IR,FREQ,CL_FREQ,FALSE,N,Minutely,NA
MFS_IR,"Monetary and Financial Statistics (MFS), Interest Rate",DSD_MFS_IR,FREQ,CL_FREQ,FALSE,I,Irregular,NA
MFS_IR,"Monetary and Financial Statistics (MFS), Interest Rate",DSD_MFS_IR,FREQ,CL_FREQ,FALSE,OA,Occasional annual,NA
MFS_IR,"Monetary and Financial Statistics (MFS), Interest Rate",DSD_MFS_IR,FREQ,CL_FREQ,FALSE,OM,Occasional monthly,NA
MFS_IR,"Monetary and Financial Statistics (MFS), Interest Rate",DSD_MFS_IR,FREQ,CL_FREQ,FALSE,_O,Other,NA
MFS_IR,"Monetary and Financial Statistics (MFS), Interest Rate",DSD_MFS_IR,FREQ,CL_FREQ,FALSE,_U,Unspecified,NA
MFS_IR,"Monetary and Financial Statistics (MFS), Interest Rate",DSD_MFS_IR,FREQ,CL_FREQ,FALSE,_Z,Not applicable,NA
IMTS,International Trade in Goods (by partner country) (IMTS),DSD_IMTS,COUNTRY,CL_IMTS_COUNTRY,FALSE,TX799,Africa not specified,NA
IMTS,International Trade in Goods (by partner country) (IMTS),DSD_IMTS,COUNTRY,CL_IMTS_COUNTRY,FALSE,TX598,Asia not specified,NA
IMTS,International Trade in Goods (by partner country) (IMTS),DSD_IMTS,COUNTRY,CL_IMTS_COUNTRY,FALSE,TX126,Belgium-Luxembourg,NA
IMTS,International Trade in Goods (by partner country) (IMTS),DSD_IMTS,COUNTRY,CL_IMTS_COUNTRY,FALSE,TX898,Countries & Areas not specified,NA
IMTS,International Trade in Goods (by partner country) (IMTS),DSD_IMTS,COUNTRY,CL_IMTS_COUNTRY,FALSE,TX884,Europe not specified,NA
IMTS,International Trade in Goods (by partner country) (IMTS),DSD_IMTS,COUNTRY,CL_IMTS_COUNTRY,FALSE,TX554,"Malaysia, West",NA
IMTS,International Trade in Goods (by partner country) (IMTS),DSD_IMTS,COUNTRY,CL_IMTS_COUNTRY,FALSE,TX489,Middle East and Central Asia not specified,NA
IMTS,International Trade in Goods (by partner country) (IMTS),DSD_IMTS,COUNTRY,CL_IMTS_COUNTRY,FALSE,TX198,South African Common Customs Area (SACCA),NA
IMTS,International Trade in Goods (by partner country) (IMTS),DSD_IMTS,COUNTRY,CL_IMTS_COUNTRY,FALSE,TX899,Special Categories,NA
IMTS,International Trade in Goods (by partner country) (IMTS),DSD_IMTS,COUNTRY,CL_IMTS_COUNTRY,FALSE,TX399,Western Hemisphere not specified,NA
IMTS,International Trade in Goods (by partner country) (IMTS),DSD_IMTS,COUNTRY,CL_IMTS_COUNTRY,FALSE,GX605,Africa,NA
IMTS,International Trade in Goods (by partner country) (IMTS),DSD_IMTS,COUNTRY,CL_IMTS_COUNTRY,FALSE,GX901,CIS,NA
IMTS,International Trade in Goods (by partner country) (IMTS),DSD_IMTS,COUNTRY,CL_IMTS_COUNTRY,FALSE,GX170,Europe,NA
IMTS,International Trade in Goods (by partner country) (IMTS),DSD_IMTS,COUNTRY,CL_IMTS_COUNTRY,FALSE,GX405,Middle East,NA
IMTS,International Trade in Goods (by partner country) (IMTS),DSD_IMTS,COUNTRY,CL_IMTS_COUNTRY,FALSE,GX440,"Middle East, North Africa, Afghanistan, and Pakistan",NA
IMTS,International Trade in Goods (by partner country) (IMTS),DSD_IMTS,COUNTRY,CL_IMTS_COUNTRY,FALSE,TX910,Other Countries n.i.e.,NA
IMTS,International Trade in Goods (by partner country) (IMTS),DSD_IMTS,COUNTRY,CL_IMTS_COUNTRY,FALSE,AFG,"Afghanistan, Islamic Republic of",NA
IMTS,International Trade in Goods (by partner country) (IMTS),DSD_IMTS,COUNTRY,CL_IMTS_COUNTRY,FALSE,ALB,Albania,NA
IMTS,International Trade in Goods (by partner country) (IMTS),DSD_IMTS,COUNTRY,CL_IMTS_COUNTRY,FALSE,DZA,Algeria,NA
IMTS,International Trade in Goods (by partner country) (IMTS),DSD_IMTS,COUNTRY,CL_IMTS_COUNTRY,FALSE,ASM,American Samoa,NA
IMTS,International Trade in Goods (by partner country) (IMTS),DSD_IMTS,COUNTRY,CL_IMTS_COUNTRY,FALSE,AND,"Andorra, Principality of",NA
IMTS,International Trade in Goods (by partner country) (IMTS),DSD_IMTS,COUNTRY,CL_IMTS_COUNTRY,FALSE,AGO,Angola,NA
IMTS,International Trade in Goods (by partner country) (IMTS),DSD_IMTS,COUNTRY,CL_IMTS_COUNTRY,FALSE,AIA,"Anguilla, United Kingdom-British Overseas Territory",NA
IMTS,International Trade in Goods (by partner country) (IMTS),DSD_IMTS,COUNTRY,CL_IMTS_COUNTRY,FALSE,ATG,Antigua and Barbuda,NA
IMTS,International Trade in Goods (by partner country) (IMTS),DSD_IMTS,COUNTRY,CL_IMTS_COUNTRY,FALSE,ARG,Argentina,NA
IMTS,International Trade in Goods (by partner country) (IMTS),DSD_IMTS,COUNTRY,CL_IMTS_COUNTRY,FALSE,ARM,"Armenia, Republic of",NA
IMTS,International Trade in Goods (by partner country) (IMTS),DSD_IMTS,COUNTRY,CL_IMTS_COUNTRY,FALSE,ABW,"Aruba, Kingdom of the Netherlands",NA
IMTS,International Trade in Goods (by partner country) (IMTS),DSD_IMTS,COUNTRY,CL_IMTS_COUNTRY,FALSE,AUS,Australia,NA
IMTS,International Trade in Goods (by partner country) (IMTS),DSD_IMTS,COUNTRY,CL_IMTS_COUNTRY,FALSE,AUT,Austria,NA
IMTS,International Trade in Goods (by partner country) (IMTS),DSD_IMTS,COUNTRY,CL_IMTS_COUNTRY,FALSE,AZE,"Azerbaijan, Republic of",NA
IMTS,International Trade in Goods (by partner country) (IMTS),DSD_IMTS,COUNTRY,CL_IMTS_COUNTRY,FALSE,BHS,"Bahamas, The",NA
IMTS,International Trade in Goods (by partner country) (IMTS),DSD_IMTS,COUNTRY,CL_IMTS_COUNTRY,FALSE,BHR,"Bahrain, Kingdom of",NA
IMTS,International Trade in Goods (by partner country) (IMTS),DSD_IMTS,COUNTRY,CL_IMTS_COUNTRY,FALSE,BGD,Bangladesh,NA
IMTS,International Trade in Goods (by partner country) (IMTS),DSD_IMTS,COUNTRY,CL_IMTS_COUNTRY,FALSE,BRB,Barbados,NA
IMTS,International Trade in Goods (by partner country) (IMTS),DSD_IMTS,COUNTRY,CL_IMTS_COUNTRY,FALSE,BLR,"Belarus, Republic of",NA
IMTS,International Trade in Goods (by partner country) (IMTS),DSD_IMTS,COUNTRY,CL_IMTS_COUNTRY,FALSE,BEL,Belgium,NA
IMTS,International Trade in Goods (by partner country) (IMTS),DSD_IMTS,COUNTRY,CL_IMTS_COUNTRY,FALSE,BLZ,Belize,NA
IMTS,International Trade in Goods (by partner country) (IMTS),DSD_IMTS,COUNTRY,CL_IMTS_COUNTRY,FALSE,BEN,Benin,NA
IMTS,International Trade in Goods (by partner country) (IMTS),DSD_IMTS,COUNTRY,CL_IMTS_COUNTRY,FALSE,BMU,Bermuda,NA
IMTS,International Trade in Goods (by partner country) (IMTS),DSD_IMTS,COUNTRY,CL_IMTS_COUNTRY,FALSE,BTN,Bhutan,NA
IMTS,International Trade in Goods (by partner country) (IMTS),DSD_IMTS,COUNTRY,CL_IMTS_COUNTRY,FALSE,BOL,Bolivia,NA
IMTS,International Trade in Goods (by partner country) (IMTS),DSD_IMTS,COUNTRY,CL_IMTS_COUNTRY,FALSE,BIH,Bosnia and Herzegovina,NA
IMTS,International Trade in Goods (by partner country) (IMTS),DSD_IMTS,COUNTRY,CL_IMTS_COUNTRY,FALSE,BWA,Botswana,NA
IMTS,International Trade in Goods (by partner country) (IMTS),DSD_IMTS,COUNTRY,CL_IMTS_COUNTRY,FALSE,BRA,Brazil,NA
IMTS,International Trade in Goods (by partner country) (IMTS),DSD_IMTS,COUNTRY,CL_IMTS_COUNTRY,FALSE,VGB,British Virgin Islands,NA
IMTS,International Trade in Goods (by partner country) (IMTS),DSD_IMTS,COUNTRY,CL_IMTS_COUNTRY,FALSE,BRN,Brunei Darussalam,NA
IMTS,International Trade in Goods (by partner country) (IMTS),DSD_IMTS,COUNTRY,CL_IMTS_COUNTRY,FALSE,BGR,Bulgaria,NA
IMTS,International Trade in Goods (by partner country) (IMTS),DSD_IMTS,COUNTRY,CL_IMTS_COUNTRY,FALSE,BFA,Burkina Faso,NA
IMTS,International Trade in Goods (by partner country) (IMTS),DSD_IMTS,COUNTRY,CL_IMTS_COUNTRY,FALSE,BDI,Burundi,NA
IMTS,International Trade in Goods (by partner country) (IMTS),DSD_IMTS,COUNTRY,CL_IMTS_COUNTRY,FALSE,CPV,Cabo Verde,NA
IMTS,International Trade in Goods (by partner country) (IMTS),DSD_IMTS,COUNTRY,CL_IMTS_COUNTRY,FALSE,KHM,Cambodia,NA
IMTS,International Trade in Goods (by partner country) (IMTS),DSD_IMTS,COUNTRY,CL_IMTS_COUNTRY,FALSE,CMR,Cameroon,NA
IMTS,International Trade in Goods (by partner country) (IMTS),DSD_IMTS,COUNTRY,CL_IMTS_COUNTRY,FALSE,CAN,Canada,NA
IMTS,International Trade in Goods (by partner country) (IMTS),DSD_IMTS,COUNTRY,CL_IMTS_COUNTRY,FALSE,CYM,Cayman Islands,NA
IMTS,International Trade in Goods (by partner country) (IMTS),DSD_IMTS,COUNTRY,CL_IMTS_COUNTRY,FALSE,CAF,Central African Republic,NA
IMTS,International Trade in Goods (by partner country) (IMTS),DSD_IMTS,COUNTRY,CL_IMTS_COUNTRY,FALSE,TCD,Chad,NA
IMTS,International Trade in Goods (by partner country) (IMTS),DSD_IMTS,COUNTRY,CL_IMTS_COUNTRY,FALSE,CHL,Chile,NA
IMTS,International Trade in Goods (by partner country) (IMTS),DSD_IMTS,COUNTRY,CL_IMTS_COUNTRY,FALSE,CHN,"China, People's Republic of",NA
IMTS,International Trade in Goods (by partner country) (IMTS),DSD_IMTS,COUNTRY,CL_IMTS_COUNTRY,FALSE,COL,Colombia,NA
IMTS,International Trade in Goods (by partner country) (IMTS),DSD_IMTS,COUNTRY,CL_IMTS_COUNTRY,FALSE,COM,"Comoros, Union of the",NA
IMTS,International Trade in Goods (by partner country) (IMTS),DSD_IMTS,COUNTRY,CL_IMTS_COUNTRY,FALSE,COD,"Congo, Democratic Republic of the",NA
IMTS,International Trade in Goods (by partner country) (IMTS),DSD_IMTS,COUNTRY,CL_IMTS_COUNTRY,FALSE,COG,"Congo, Republic of",NA
IMTS,International Trade in Goods (by partner country) (IMTS),DSD_IMTS,COUNTRY,CL_IMTS_COUNTRY,FALSE,COK,Cook Islands,NA
IMTS,International Trade in Goods (by partner country) (IMTS),DSD_IMTS,COUNTRY,CL_IMTS_COUNTRY,FALSE,CRI,Costa Rica,NA
IMTS,International Trade in Goods (by partner country) (IMTS),DSD_IMTS,COUNTRY,CL_IMTS_COUNTRY,FALSE,HRV,"Croatia, Republic of",NA
IMTS,International Trade in Goods (by partner country) (IMTS),DSD_IMTS,COUNTRY,CL_IMTS_COUNTRY,FALSE,CUB,Cuba,NA
IMTS,International Trade in Goods (by partner country) (IMTS),DSD_IMTS,COUNTRY,CL_IMTS_COUNTRY,FALSE,CUW,"Curaçao, Kingdom of the Netherlands",NA
IMTS,International Trade in Goods (by partner country) (IMTS),DSD_IMTS,COUNTRY,CL_IMTS_COUNTRY,FALSE,CYP,Cyprus,NA
IMTS,International Trade in Goods (by partner country) (IMTS),DSD_IMTS,COUNTRY,CL_IMTS_COUNTRY,FALSE,CZE,Czech Republic,NA
IMTS,International Trade in Goods (by partner country) (IMTS),DSD_IMTS,COUNTRY,CL_IMTS_COUNTRY,FALSE,CIV,Côte d'Ivoire,NA
IMTS,International Trade in Goods (by partner country) (IMTS),DSD_IMTS,COUNTRY,CL_IMTS_COUNTRY,FALSE,DNK,Denmark,NA
IMTS,International Trade in Goods (by partner country) (IMTS),DSD_IMTS,COUNTRY,CL_IMTS_COUNTRY,FALSE,DJI,Djibouti,NA
IMTS,International Trade in Goods (by partner country) (IMTS),DSD_IMTS,COUNTRY,CL_IMTS_COUNTRY,FALSE,DMA,Dominica,NA
IMTS,International Trade in Goods (by partner country) (IMTS),DSD_IMTS,COUNTRY,CL_IMTS_COUNTRY,FALSE,DOM,Dominican Republic,NA
IMTS,International Trade in Goods (by partner country) (IMTS),DSD_IMTS,COUNTRY,CL_IMTS_COUNTRY,FALSE,ECU,Ecuador,NA
IMTS,International Trade in Goods (by partner country) (IMTS),DSD_IMTS,COUNTRY,CL_IMTS_COUNTRY,FALSE,EGY,"Egypt, Arab Republic of",NA
IMTS,International Trade in Goods (by partner country) (IMTS),DSD_IMTS,COUNTRY,CL_IMTS_COUNTRY,FALSE,SLV,El Salvador,NA
IMTS,International Trade in Goods (by partner country) (IMTS),DSD_IMTS,COUNTRY,CL_IMTS_COUNTRY,FALSE,GNQ,"Equatorial Guinea, Republic of",NA
IMTS,International Trade in Goods (by partner country) (IMTS),DSD_IMTS,COUNTRY,CL_IMTS_COUNTRY,FALSE,ERI,"Eritrea, The State of",NA
IMTS,International Trade in Goods (by partner country) (IMTS),DSD_IMTS,COUNTRY,CL_IMTS_COUNTRY,FALSE,EST,"Estonia, Republic of",NA
IMTS,International Trade in Goods (by partner country) (IMTS),DSD_IMTS,COUNTRY,CL_IMTS_COUNTRY,FALSE,SWZ,"Eswatini, Kingdom of",NA
IMTS,International Trade in Goods (by partner country) (IMTS),DSD_IMTS,COUNTRY,CL_IMTS_COUNTRY,FALSE,ETH,"Ethiopia, The Federal Democratic Republic of",NA
IMTS,International Trade in Goods (by partner country) (IMTS),DSD_IMTS,COUNTRY,CL_IMTS_COUNTRY,FALSE,FLK,Falkland Islands (Malvinas),NA
IMTS,International Trade in Goods (by partner country) (IMTS),DSD_IMTS,COUNTRY,CL_IMTS_COUNTRY,FALSE,FRO,Faroe Islands,NA
IMTS,International Trade in Goods (by partner country) (IMTS),DSD_IMTS,COUNTRY,CL_IMTS_COUNTRY,FALSE,FJI,"Fiji, Republic of",NA
IMTS,International Trade in Goods (by partner country) (IMTS),DSD_IMTS,COUNTRY,CL_IMTS_COUNTRY,FALSE,FIN,Finland,NA
IMTS,International Trade in Goods (by partner country) (IMTS),DSD_IMTS,COUNTRY,CL_IMTS_COUNTRY,FALSE,FRA,France,NA
IMTS,International Trade in Goods (by partner country) (IMTS),DSD_IMTS,COUNTRY,CL_IMTS_COUNTRY,FALSE,GUF,French Guiana,NA
IMTS,International Trade in Goods (by partner country) (IMTS),DSD_IMTS,COUNTRY,CL_IMTS_COUNTRY,FALSE,PYF,French Polynesia,NA
IMTS,International Trade in Goods (by partner country) (IMTS),DSD_IMTS,COUNTRY,CL_IMTS_COUNTRY,FALSE,GAB,Gabon,NA
IMTS,International Trade in Goods (by partner country) (IMTS),DSD_IMTS,COUNTRY,CL_IMTS_COUNTRY,FALSE,GMB,"Gambia, The",NA
IMTS,International Trade in Goods (by partner country) (IMTS),DSD_IMTS,COUNTRY,CL_IMTS_COUNTRY,FALSE,GEO,Georgia,NA
IMTS,International Trade in Goods (by partner country) (IMTS),DSD_IMTS,COUNTRY,CL_IMTS_COUNTRY,FALSE,DEU,Germany,NA
IMTS,International Trade in Goods (by partner country) (IMTS),DSD_IMTS,COUNTRY,CL_IMTS_COUNTRY,FALSE,GHA,Ghana,NA
IMTS,International Trade in Goods (by partner country) (IMTS),DSD_IMTS,COUNTRY,CL_IMTS_COUNTRY,FALSE,GIB,Gibraltar,NA
IMTS,International Trade in Goods (by partner country) (IMTS),DSD_IMTS,COUNTRY,CL_IMTS_COUNTRY,FALSE,GRC,Greece,NA
IMTS,International Trade in Goods (by partner country) (IMTS),DSD_IMTS,COUNTRY,CL_IMTS_COUNTRY,FALSE,GRL,Greenland,NA
IMTS,International Trade in Goods (by partner country) (IMTS),DSD_IMTS,COUNTRY,CL_IMTS_COUNTRY,FALSE,GRD,Grenada,NA
IMTS,International Trade in Goods (by partner country) (IMTS),DSD_IMTS,COUNTRY,CL_IMTS_COUNTRY,FALSE,GLP,Guadeloupe,NA
IMTS,International Trade in Goods (by partner country) (IMTS),DSD_IMTS,COUNTRY,CL_IMTS_COUNTRY,FALSE,GUM,Guam,NA
IMTS,International Trade in Goods (by partner country) (IMTS),DSD_IMTS,COUNTRY,CL_IMTS_COUNTRY,FALSE,GTM,Guatemala,NA
IMTS,International Trade in Goods (by partner country) (IMTS),DSD_IMTS,COUNTRY,CL_IMTS_COUNTRY,FALSE,GGY,Guernsey,NA
IMTS,International Trade in Goods (by partner country) (IMTS),DSD_IMTS,COUNTRY,CL_IMTS_COUNTRY,FALSE,GIN,Guinea,NA
IMTS,International Trade in Goods (by partner country) (IMTS),DSD_IMTS,COUNTRY,CL_IMTS_COUNTRY,FALSE,GNB,Guinea-Bissau,NA
IMTS,International Trade in Goods (by partner country) (IMTS),DSD_IMTS,COUNTRY,CL_IMTS_COUNTRY,FALSE,GUY,Guyana,NA
IMTS,International Trade in Goods (by partner country) (IMTS),DSD_IMTS,COUNTRY,CL_IMTS_COUNTRY,FALSE,HTI,Haiti,NA
IMTS,International Trade in Goods (by partner country) (IMTS),DSD_IMTS,COUNTRY,CL_IMTS_COUNTRY,FALSE,VAT,Holy See,NA
IMTS,International Trade in Goods (by partner country) (IMTS),DSD_IMTS,COUNTRY,CL_IMTS_COUNTRY,FALSE,HND,Honduras,NA
IMTS,International Trade in Goods (by partner country) (IMTS),DSD_IMTS,COUNTRY,CL_IMTS_COUNTRY,FALSE,HKG,"Hong Kong Special Administrative Region, People's Republic of China",NA
IMTS,International Trade in Goods (by partner country) (IMTS),DSD_IMTS,COUNTRY,CL_IMTS_COUNTRY,FALSE,HUN,Hungary,NA
IMTS,International Trade in Goods (by partner country) (IMTS),DSD_IMTS,COUNTRY,CL_IMTS_COUNTRY,FALSE,ISL,Iceland,NA
IMTS,International Trade in Goods (by partner country) (IMTS),DSD_IMTS,COUNTRY,CL_IMTS_COUNTRY,FALSE,IND,India,NA
IMTS,International Trade in Goods (by partner country) (IMTS),DSD_IMTS,COUNTRY,CL_IMTS_COUNTRY,FALSE,IDN,Indonesia,NA
IMTS,International Trade in Goods (by partner country) (IMTS),DSD_IMTS,COUNTRY,CL_IMTS_COUNTRY,FALSE,IRN,"Iran, Islamic Republic of",NA
IMTS,International Trade in Goods (by partner country) (IMTS),DSD_IMTS,COUNTRY,CL_IMTS_COUNTRY,FALSE,IRQ,Iraq,NA
IMTS,International Trade in Goods (by partner country) (IMTS),DSD_IMTS,COUNTRY,CL_IMTS_COUNTRY,FALSE,IRL,Ireland,NA
IMTS,International Trade in Goods (by partner country) (IMTS),DSD_IMTS,COUNTRY,CL_IMTS_COUNTRY,FALSE,IMN,Isle of Man,NA
IMTS,International Trade in Goods (by partner country) (IMTS),DSD_IMTS,COUNTRY,CL_IMTS_COUNTRY,FALSE,ISR,Israel,NA
IMTS,International Trade in Goods (by partner country) (IMTS),DSD_IMTS,COUNTRY,CL_IMTS_COUNTRY,FALSE,ITA,Italy,NA
IMTS,International Trade in Goods (by partner country) (IMTS),DSD_IMTS,COUNTRY,CL_IMTS_COUNTRY,FALSE,JAM,Jamaica,NA
IMTS,International Trade in Goods (by partner country) (IMTS),DSD_IMTS,COUNTRY,CL_IMTS_COUNTRY,FALSE,JPN,Japan,NA
IMTS,International Trade in Goods (by partner country) (IMTS),DSD_IMTS,COUNTRY,CL_IMTS_COUNTRY,FALSE,JEY,Jersey,NA
IMTS,International Trade in Goods (by partner country) (IMTS),DSD_IMTS,COUNTRY,CL_IMTS_COUNTRY,FALSE,JOR,Jordan,NA
IMTS,International Trade in Goods (by partner country) (IMTS),DSD_IMTS,COUNTRY,CL_IMTS_COUNTRY,FALSE,KAZ,"Kazakhstan, Republic of",NA
IMTS,International Trade in Goods (by partner country) (IMTS),DSD_IMTS,COUNTRY,CL_IMTS_COUNTRY,FALSE,KEN,Kenya,NA
IMTS,International Trade in Goods (by partner country) (IMTS),DSD_IMTS,COUNTRY,CL_IMTS_COUNTRY,FALSE,KIR,Kiribati,NA
IMTS,International Trade in Goods (by partner country) (IMTS),DSD_IMTS,COUNTRY,CL_IMTS_COUNTRY,FALSE,PRK,"Korea, Democratic People's Republic of",NA
IMTS,International Trade in Goods (by partner country) (IMTS),DSD_IMTS,COUNTRY,CL_IMTS_COUNTRY,FALSE,KOR,"Korea, Republic of",NA
IMTS,International Trade in Goods (by partner country) (IMTS),DSD_IMTS,COUNTRY,CL_IMTS_COUNTRY,FALSE,KOS,"Kosovo, Republic of",NA
IMTS,International Trade in Goods (by partner country) (IMTS),DSD_IMTS,COUNTRY,CL_IMTS_COUNTRY,FALSE,KWT,Kuwait,NA
IMTS,International Trade in Goods (by partner country) (IMTS),DSD_IMTS,COUNTRY,CL_IMTS_COUNTRY,FALSE,KGZ,Kyrgyz Republic,NA
IMTS,International Trade in Goods (by partner country) (IMTS),DSD_IMTS,COUNTRY,CL_IMTS_COUNTRY,FALSE,LAO,Lao People's Democratic Republic,NA
IMTS,International Trade in Goods (by partner country) (IMTS),DSD_IMTS,COUNTRY,CL_IMTS_COUNTRY,FALSE,LVA,"Latvia, Republic of",NA
IMTS,International Trade in Goods (by partner country) (IMTS),DSD_IMTS,COUNTRY,CL_IMTS_COUNTRY,FALSE,LBN,Lebanon,NA
IMTS,International Trade in Goods (by partner country) (IMTS),DSD_IMTS,COUNTRY,CL_IMTS_COUNTRY,FALSE,LSO,"Lesotho, Kingdom of",NA
IMTS,International Trade in Goods (by partner country) (IMTS),DSD_IMTS,COUNTRY,CL_IMTS_COUNTRY,FALSE,LBR,Liberia,NA
IMTS,International Trade in Goods (by partner country) (IMTS),DSD_IMTS,COUNTRY,CL_IMTS_COUNTRY,FALSE,LBY,Libya,NA
IMTS,International Trade in Goods (by partner country) (IMTS),DSD_IMTS,COUNTRY,CL_IMTS_COUNTRY,FALSE,LIE,"Liechtenstein, Principality of",NA
IMTS,International Trade in Goods (by partner country) (IMTS),DSD_IMTS,COUNTRY,CL_IMTS_COUNTRY,FALSE,LTU,"Lithuania, Republic of",NA
IMTS,International Trade in Goods (by partner country) (IMTS),DSD_IMTS,COUNTRY,CL_IMTS_COUNTRY,FALSE,LUX,Luxembourg,NA
IMTS,International Trade in Goods (by partner country) (IMTS),DSD_IMTS,COUNTRY,CL_IMTS_COUNTRY,FALSE,MAC,"Macao Special Administrative Region, People's Republic of China",NA
IMTS,International Trade in Goods (by partner country) (IMTS),DSD_IMTS,COUNTRY,CL_IMTS_COUNTRY,FALSE,MDG,"Madagascar, Republic of",NA
IMTS,International Trade in Goods (by partner country) (IMTS),DSD_IMTS,COUNTRY,CL_IMTS_COUNTRY,FALSE,MWI,Malawi,NA
IMTS,International Trade in Goods (by partner country) (IMTS),DSD_IMTS,COUNTRY,CL_IMTS_COUNTRY,FALSE,MYS,Malaysia,NA
IMTS,International Trade in Goods (by partner country) (IMTS),DSD_IMTS,COUNTRY,CL_IMTS_COUNTRY,FALSE,MDV,Maldives,NA
IMTS,International Trade in Goods (by partner country) (IMTS),DSD_IMTS,COUNTRY,CL_IMTS_COUNTRY,FALSE,MLI,Mali,NA
IMTS,International Trade in Goods (by partner country) (IMTS),DSD_IMTS,COUNTRY,CL_IMTS_COUNTRY,FALSE,MLT,Malta,NA
IMTS,International Trade in Goods (by partner country) (IMTS),DSD_IMTS,COUNTRY,CL_IMTS_COUNTRY,FALSE,MHL,"Marshall Islands, Republic of the",NA
IMTS,International Trade in Goods (by partner country) (IMTS),DSD_IMTS,COUNTRY,CL_IMTS_COUNTRY,FALSE,MTQ,Martinique,NA
IMTS,International Trade in Goods (by partner country) (IMTS),DSD_IMTS,COUNTRY,CL_IMTS_COUNTRY,FALSE,MRT,"Mauritania, Islamic Republic of",NA
IMTS,International Trade in Goods (by partner country) (IMTS),DSD_IMTS,COUNTRY,CL_IMTS_COUNTRY,FALSE,MUS,Mauritius,NA
IMTS,International Trade in Goods (by partner country) (IMTS),DSD_IMTS,COUNTRY,CL_IMTS_COUNTRY,FALSE,MYT,Mayotte,NA
IMTS,International Trade in Goods (by partner country) (IMTS),DSD_IMTS,COUNTRY,CL_IMTS_COUNTRY,FALSE,MEX,Mexico,NA
IMTS,International Trade in Goods (by partner country) (IMTS),DSD_IMTS,COUNTRY,CL_IMTS_COUNTRY,FALSE,FSM,"Micronesia, Federated States of",NA
IMTS,International Trade in Goods (by partner country) (IMTS),DSD_IMTS,COUNTRY,CL_IMTS_COUNTRY,FALSE,MDA,"Moldova, Republic of",NA
IMTS,International Trade in Goods (by partner country) (IMTS),DSD_IMTS,COUNTRY,CL_IMTS_COUNTRY,FALSE,MCO,Monaco,NA
IMTS,International Trade in Goods (by partner country) (IMTS),DSD_IMTS,COUNTRY,CL_IMTS_COUNTRY,FALSE,MNG,Mongolia,NA
IMTS,International Trade in Goods (by partner country) (IMTS),DSD_IMTS,COUNTRY,CL_IMTS_COUNTRY,FALSE,MNE,Montenegro,NA
IMTS,International Trade in Goods (by partner country) (IMTS),DSD_IMTS,COUNTRY,CL_IMTS_COUNTRY,FALSE,MSR,"Montserrat, United Kingdom-British Overseas Territory",NA
IMTS,International Trade in Goods (by partner country) (IMTS),DSD_IMTS,COUNTRY,CL_IMTS_COUNTRY,FALSE,MAR,Morocco,NA
IMTS,International Trade in Goods (by partner country) (IMTS),DSD_IMTS,COUNTRY,CL_IMTS_COUNTRY,FALSE,MOZ,"Mozambique, Republic of",NA
IMTS,International Trade in Goods (by partner country) (IMTS),DSD_IMTS,COUNTRY,CL_IMTS_COUNTRY,FALSE,MMR,Myanmar,NA
IMTS,International Trade in Goods (by partner country) (IMTS),DSD_IMTS,COUNTRY,CL_IMTS_COUNTRY,FALSE,NAM,Namibia,NA
IMTS,International Trade in Goods (by partner country) (IMTS),DSD_IMTS,COUNTRY,CL_IMTS_COUNTRY,FALSE,NRU,"Nauru, Republic of",NA
IMTS,International Trade in Goods (by partner country) (IMTS),DSD_IMTS,COUNTRY,CL_IMTS_COUNTRY,FALSE,NPL,Nepal,NA
IMTS,International Trade in Goods (by partner country) (IMTS),DSD_IMTS,COUNTRY,CL_IMTS_COUNTRY,FALSE,NLD,"Netherlands, The",NA
IMTS,International Trade in Goods (by partner country) (IMTS),DSD_IMTS,COUNTRY,CL_IMTS_COUNTRY,FALSE,NCL,New Caledonia,NA
IMTS,International Trade in Goods (by partner country) (IMTS),DSD_IMTS,COUNTRY,CL_IMTS_COUNTRY,FALSE,NZL,New Zealand,NA
IMTS,International Trade in Goods (by partner country) (IMTS),DSD_IMTS,COUNTRY,CL_IMTS_COUNTRY,FALSE,NIC,Nicaragua,NA
IMTS,International Trade in Goods (by partner country) (IMTS),DSD_IMTS,COUNTRY,CL_IMTS_COUNTRY,FALSE,NER,Niger,NA
IMTS,International Trade in Goods (by partner country) (IMTS),DSD_IMTS,COUNTRY,CL_IMTS_COUNTRY,FALSE,NGA,Nigeria,NA
IMTS,International Trade in Goods (by partner country) (IMTS),DSD_IMTS,COUNTRY,CL_IMTS_COUNTRY,FALSE,NIU,Niue,NA
IMTS,International Trade in Goods (by partner country) (IMTS),DSD_IMTS,COUNTRY,CL_IMTS_COUNTRY,FALSE,NFK,Norfolk Island,NA
IMTS,International Trade in Goods (by partner country) (IMTS),DSD_IMTS,COUNTRY,CL_IMTS_COUNTRY,FALSE,MKD,"North Macedonia, Republic of",NA
IMTS,International Trade in Goods (by partner country) (IMTS),DSD_IMTS,COUNTRY,CL_IMTS_COUNTRY,FALSE,MNP,Northern Mariana Islands,NA
IMTS,International Trade in Goods (by partner country) (IMTS),DSD_IMTS,COUNTRY,CL_IMTS_COUNTRY,FALSE,NOR,Norway,NA
IMTS,International Trade in Goods (by partner country) (IMTS),DSD_IMTS,COUNTRY,CL_IMTS_COUNTRY,FALSE,OMN,Oman,NA
IMTS,International Trade in Goods (by partner country) (IMTS),DSD_IMTS,COUNTRY,CL_IMTS_COUNTRY,FALSE,PAK,Pakistan,NA
IMTS,International Trade in Goods (by partner country) (IMTS),DSD_IMTS,COUNTRY,CL_IMTS_COUNTRY,FALSE,PLW,"Palau, Republic of",NA
IMTS,International Trade in Goods (by partner country) (IMTS),DSD_IMTS,COUNTRY,CL_IMTS_COUNTRY,FALSE,PAN,Panama,NA
IMTS,International Trade in Goods (by partner country) (IMTS),DSD_IMTS,COUNTRY,CL_IMTS_COUNTRY,FALSE,PNG,Papua New Guinea,NA
IMTS,International Trade in Goods (by partner country) (IMTS),DSD_IMTS,COUNTRY,CL_IMTS_COUNTRY,FALSE,PRY,Paraguay,NA
IMTS,International Trade in Goods (by partner country) (IMTS),DSD_IMTS,COUNTRY,CL_IMTS_COUNTRY,FALSE,PER,Peru,NA
IMTS,International Trade in Goods (by partner country) (IMTS),DSD_IMTS,COUNTRY,CL_IMTS_COUNTRY,FALSE,PHL,Philippines,NA
IMTS,International Trade in Goods (by partner country) (IMTS),DSD_IMTS,COUNTRY,CL_IMTS_COUNTRY,FALSE,PCN,Pitcairn Islands,NA
IMTS,International Trade in Goods (by partner country) (IMTS),DSD_IMTS,COUNTRY,CL_IMTS_COUNTRY,FALSE,POL,"Poland, Republic of",NA
IMTS,International Trade in Goods (by partner country) (IMTS),DSD_IMTS,COUNTRY,CL_IMTS_COUNTRY,FALSE,PRT,Portugal,NA
IMTS,International Trade in Goods (by partner country) (IMTS),DSD_IMTS,COUNTRY,CL_IMTS_COUNTRY,FALSE,PRI,Puerto Rico,NA
IMTS,International Trade in Goods (by partner country) (IMTS),DSD_IMTS,COUNTRY,CL_IMTS_COUNTRY,FALSE,QAT,Qatar,NA
IMTS,International Trade in Goods (by partner country) (IMTS),DSD_IMTS,COUNTRY,CL_IMTS_COUNTRY,FALSE,ROU,Romania,NA
IMTS,International Trade in Goods (by partner country) (IMTS),DSD_IMTS,COUNTRY,CL_IMTS_COUNTRY,FALSE,RUS,Russian Federation,NA
IMTS,International Trade in Goods (by partner country) (IMTS),DSD_IMTS,COUNTRY,CL_IMTS_COUNTRY,FALSE,RWA,Rwanda,NA
IMTS,International Trade in Goods (by partner country) (IMTS),DSD_IMTS,COUNTRY,CL_IMTS_COUNTRY,FALSE,REU,Réunion,NA
IMTS,International Trade in Goods (by partner country) (IMTS),DSD_IMTS,COUNTRY,CL_IMTS_COUNTRY,FALSE,WSM,Samoa,NA
IMTS,International Trade in Goods (by partner country) (IMTS),DSD_IMTS,COUNTRY,CL_IMTS_COUNTRY,FALSE,SMR,"San Marino, Republic of",NA
IMTS,International Trade in Goods (by partner country) (IMTS),DSD_IMTS,COUNTRY,CL_IMTS_COUNTRY,FALSE,SAU,Saudi Arabia,NA
IMTS,International Trade in Goods (by partner country) (IMTS),DSD_IMTS,COUNTRY,CL_IMTS_COUNTRY,FALSE,SEN,Senegal,NA
IMTS,International Trade in Goods (by partner country) (IMTS),DSD_IMTS,COUNTRY,CL_IMTS_COUNTRY,FALSE,SRB,"Serbia, Republic of",NA
IMTS,International Trade in Goods (by partner country) (IMTS),DSD_IMTS,COUNTRY,CL_IMTS_COUNTRY,FALSE,SYC,Seychelles,NA
IMTS,International Trade in Goods (by partner country) (IMTS),DSD_IMTS,COUNTRY,CL_IMTS_COUNTRY,FALSE,SLE,Sierra Leone,NA
IMTS,International Trade in Goods (by partner country) (IMTS),DSD_IMTS,COUNTRY,CL_IMTS_COUNTRY,FALSE,SGP,Singapore,NA
IMTS,International Trade in Goods (by partner country) (IMTS),DSD_IMTS,COUNTRY,CL_IMTS_COUNTRY,FALSE,SXM,"Sint Maarten, Kingdom of the Netherlands",NA
IMTS,International Trade in Goods (by partner country) (IMTS),DSD_IMTS,COUNTRY,CL_IMTS_COUNTRY,FALSE,SVK,Slovak Republic,NA
IMTS,International Trade in Goods (by partner country) (IMTS),DSD_IMTS,COUNTRY,CL_IMTS_COUNTRY,FALSE,SVN,"Slovenia, Republic of",NA
IMTS,International Trade in Goods (by partner country) (IMTS),DSD_IMTS,COUNTRY,CL_IMTS_COUNTRY,FALSE,SLB,Solomon Islands,NA
IMTS,International Trade in Goods (by partner country) (IMTS),DSD_IMTS,COUNTRY,CL_IMTS_COUNTRY,FALSE,SOM,Somalia,NA
IMTS,International Trade in Goods (by partner country) (IMTS),DSD_IMTS,COUNTRY,CL_IMTS_COUNTRY,FALSE,ZAF,South Africa,NA
IMTS,International Trade in Goods (by partner country) (IMTS),DSD_IMTS,COUNTRY,CL_IMTS_COUNTRY,FALSE,SSD,"South Sudan, Republic of",NA
IMTS,International Trade in Goods (by partner country) (IMTS),DSD_IMTS,COUNTRY,CL_IMTS_COUNTRY,FALSE,ESP,Spain,NA
IMTS,International Trade in Goods (by partner country) (IMTS),DSD_IMTS,COUNTRY,CL_IMTS_COUNTRY,FALSE,LKA,Sri Lanka,NA
IMTS,International Trade in Goods (by partner country) (IMTS),DSD_IMTS,COUNTRY,CL_IMTS_COUNTRY,FALSE,SHN,St. Helena,NA
IMTS,International Trade in Goods (by partner country) (IMTS),DSD_IMTS,COUNTRY,CL_IMTS_COUNTRY,FALSE,KNA,St. Kitts and Nevis,NA
IMTS,International Trade in Goods (by partner country) (IMTS),DSD_IMTS,COUNTRY,CL_IMTS_COUNTRY,FALSE,LCA,St. Lucia,NA
IMTS,International Trade in Goods (by partner country) (IMTS),DSD_IMTS,COUNTRY,CL_IMTS_COUNTRY,FALSE,SPM,St. Pierre and Miquelon,NA
IMTS,International Trade in Goods (by partner country) (IMTS),DSD_IMTS,COUNTRY,CL_IMTS_COUNTRY,FALSE,VCT,St. Vincent and the Grenadines,NA
IMTS,International Trade in Goods (by partner country) (IMTS),DSD_IMTS,COUNTRY,CL_IMTS_COUNTRY,FALSE,SDN,Sudan,NA
IMTS,International Trade in Goods (by partner country) (IMTS),DSD_IMTS,COUNTRY,CL_IMTS_COUNTRY,FALSE,SUR,Suriname,NA
IMTS,International Trade in Goods (by partner country) (IMTS),DSD_IMTS,COUNTRY,CL_IMTS_COUNTRY,FALSE,SJM,Svalbard and Jan Mayen Islands,NA
IMTS,International Trade in Goods (by partner country) (IMTS),DSD_IMTS,COUNTRY,CL_IMTS_COUNTRY,FALSE,SWE,Sweden,NA
IMTS,International Trade in Goods (by partner country) (IMTS),DSD_IMTS,COUNTRY,CL_IMTS_COUNTRY,FALSE,CHE,Switzerland,NA
IMTS,International Trade in Goods (by partner country) (IMTS),DSD_IMTS,COUNTRY,CL_IMTS_COUNTRY,FALSE,SYR,Syrian Arab Republic,NA
IMTS,International Trade in Goods (by partner country) (IMTS),DSD_IMTS,COUNTRY,CL_IMTS_COUNTRY,FALSE,STP,"São Tomé and Príncipe, Democratic Republic of",NA
IMTS,International Trade in Goods (by partner country) (IMTS),DSD_IMTS,COUNTRY,CL_IMTS_COUNTRY,FALSE,TWN,Taiwan Province of China,NA
IMTS,International Trade in Goods (by partner country) (IMTS),DSD_IMTS,COUNTRY,CL_IMTS_COUNTRY,FALSE,TJK,"Tajikistan, Republic of",NA
IMTS,International Trade in Goods (by partner country) (IMTS),DSD_IMTS,COUNTRY,CL_IMTS_COUNTRY,FALSE,TZA,"Tanzania, United Republic of",NA
IMTS,International Trade in Goods (by partner country) (IMTS),DSD_IMTS,COUNTRY,CL_IMTS_COUNTRY,FALSE,THA,Thailand,NA
IMTS,International Trade in Goods (by partner country) (IMTS),DSD_IMTS,COUNTRY,CL_IMTS_COUNTRY,FALSE,TLS,"Timor-Leste, Democratic Republic of",NA
IMTS,International Trade in Goods (by partner country) (IMTS),DSD_IMTS,COUNTRY,CL_IMTS_COUNTRY,FALSE,TGO,Togo,NA
IMTS,International Trade in Goods (by partner country) (IMTS),DSD_IMTS,COUNTRY,CL_IMTS_COUNTRY,FALSE,TKL,Tokelau,NA
IMTS,International Trade in Goods (by partner country) (IMTS),DSD_IMTS,COUNTRY,CL_IMTS_COUNTRY,FALSE,TON,Tonga,NA
IMTS,International Trade in Goods (by partner country) (IMTS),DSD_IMTS,COUNTRY,CL_IMTS_COUNTRY,FALSE,TTO,Trinidad and Tobago,NA
IMTS,International Trade in Goods (by partner country) (IMTS),DSD_IMTS,COUNTRY,CL_IMTS_COUNTRY,FALSE,TUN,Tunisia,NA
IMTS,International Trade in Goods (by partner country) (IMTS),DSD_IMTS,COUNTRY,CL_IMTS_COUNTRY,FALSE,TKM,Turkmenistan,NA
IMTS,International Trade in Goods (by partner country) (IMTS),DSD_IMTS,COUNTRY,CL_IMTS_COUNTRY,FALSE,TCA,Turks and Caicos Islands,NA
IMTS,International Trade in Goods (by partner country) (IMTS),DSD_IMTS,COUNTRY,CL_IMTS_COUNTRY,FALSE,TUV,Tuvalu,NA
IMTS,International Trade in Goods (by partner country) (IMTS),DSD_IMTS,COUNTRY,CL_IMTS_COUNTRY,FALSE,TUR,"Türkiye, Republic of",NA
IMTS,International Trade in Goods (by partner country) (IMTS),DSD_IMTS,COUNTRY,CL_IMTS_COUNTRY,FALSE,UGA,Uganda,NA
IMTS,International Trade in Goods (by partner country) (IMTS),DSD_IMTS,COUNTRY,CL_IMTS_COUNTRY,FALSE,UKR,Ukraine,NA
IMTS,International Trade in Goods (by partner country) (IMTS),DSD_IMTS,COUNTRY,CL_IMTS_COUNTRY,FALSE,ARE,United Arab Emirates,NA
IMTS,International Trade in Goods (by partner country) (IMTS),DSD_IMTS,COUNTRY,CL_IMTS_COUNTRY,FALSE,GBR,United Kingdom,NA
IMTS,International Trade in Goods (by partner country) (IMTS),DSD_IMTS,COUNTRY,CL_IMTS_COUNTRY,FALSE,USA,United States,NA
IMTS,International Trade in Goods (by partner country) (IMTS),DSD_IMTS,COUNTRY,CL_IMTS_COUNTRY,FALSE,VIR,United States Virgin Islands,NA
IMTS,International Trade in Goods (by partner country) (IMTS),DSD_IMTS,COUNTRY,CL_IMTS_COUNTRY,FALSE,URY,Uruguay,NA
IMTS,International Trade in Goods (by partner country) (IMTS),DSD_IMTS,COUNTRY,CL_IMTS_COUNTRY,FALSE,UZB,"Uzbekistan, Republic of",NA
IMTS,International Trade in Goods (by partner country) (IMTS),DSD_IMTS,COUNTRY,CL_IMTS_COUNTRY,FALSE,VUT,Vanuatu,NA
IMTS,International Trade in Goods (by partner country) (IMTS),DSD_IMTS,COUNTRY,CL_IMTS_COUNTRY,FALSE,VEN,"Venezuela, República Bolivariana de",NA
IMTS,International Trade in Goods (by partner country) (IMTS),DSD_IMTS,COUNTRY,CL_IMTS_COUNTRY,FALSE,VNM,Vietnam,NA
IMTS,International Trade in Goods (by partner country) (IMTS),DSD_IMTS,COUNTRY,CL_IMTS_COUNTRY,FALSE,WLF,Wallis and Futuna Islands,NA
IMTS,International Trade in Goods (by partner country) (IMTS),DSD_IMTS,COUNTRY,CL_IMTS_COUNTRY,FALSE,WBG,West Bank and Gaza,NA
IMTS,International Trade in Goods (by partner country) (IMTS),DSD_IMTS,COUNTRY,CL_IMTS_COUNTRY,FALSE,YEM,"Yemen, Republic of",NA
IMTS,International Trade in Goods (by partner country) (IMTS),DSD_IMTS,COUNTRY,CL_IMTS_COUNTRY,FALSE,ZMB,Zambia,NA
IMTS,International Trade in Goods (by partner country) (IMTS),DSD_IMTS,COUNTRY,CL_IMTS_COUNTRY,FALSE,ZWE,Zimbabwe,NA
IMTS,International Trade in Goods (by partner country) (IMTS),DSD_IMTS,COUNTRY,CL_IMTS_COUNTRY,FALSE,ALA,Åland Islands,NA
IMTS,International Trade in Goods (by partner country) (IMTS),DSD_IMTS,COUNTRY,CL_IMTS_COUNTRY,FALSE,BES,"Bonaire, Saint Eustatius and Saba",NA
IMTS,International Trade in Goods (by partner country) (IMTS),DSD_IMTS,COUNTRY,CL_IMTS_COUNTRY,FALSE,ATF,French Southern Territories,NA
IMTS,International Trade in Goods (by partner country) (IMTS),DSD_IMTS,COUNTRY,CL_IMTS_COUNTRY,FALSE,CWX,Curaçao and Sint Maarten,NA
IMTS,International Trade in Goods (by partner country) (IMTS),DSD_IMTS,COUNTRY,CL_IMTS_COUNTRY,FALSE,CSK,Czechoslovakia,NA
IMTS,International Trade in Goods (by partner country) (IMTS),DSD_IMTS,COUNTRY,CL_IMTS_COUNTRY,FALSE,DDR,German Democratic Republic,NA
IMTS,International Trade in Goods (by partner country) (IMTS),DSD_IMTS,COUNTRY,CL_IMTS_COUNTRY,FALSE,ANT,Netherlands Antilles,NA
IMTS,International Trade in Goods (by partner country) (IMTS),DSD_IMTS,COUNTRY,CL_IMTS_COUNTRY,FALSE,VDR,"Vietnam, Democratic Republic of",NA
IMTS,International Trade in Goods (by partner country) (IMTS),DSD_IMTS,COUNTRY,CL_IMTS_COUNTRY,FALSE,SCG,Serbia and Montenegro,NA
IMTS,International Trade in Goods (by partner country) (IMTS),DSD_IMTS,COUNTRY,CL_IMTS_COUNTRY,FALSE,SUN,Union of Soviet Socialist Republics (USSR),NA
IMTS,International Trade in Goods (by partner country) (IMTS),DSD_IMTS,COUNTRY,CL_IMTS_COUNTRY,FALSE,YAR,Yemen Arab Republic,NA
IMTS,International Trade in Goods (by partner country) (IMTS),DSD_IMTS,COUNTRY,CL_IMTS_COUNTRY,FALSE,YMD,"Yemen, People's Democratic Republic of",NA
IMTS,International Trade in Goods (by partner country) (IMTS),DSD_IMTS,COUNTRY,CL_IMTS_COUNTRY,FALSE,YUG,"Yugoslavia, Socialist Federal Republic of",NA
IMTS,International Trade in Goods (by partner country) (IMTS),DSD_IMTS,COUNTRY,CL_IMTS_COUNTRY,FALSE,U019,Americas,NA
IMTS,International Trade in Goods (by partner country) (IMTS),DSD_IMTS,COUNTRY,CL_IMTS_COUNTRY,FALSE,U015,Northern Africa,NA
IMTS,International Trade in Goods (by partner country) (IMTS),DSD_IMTS,COUNTRY,CL_IMTS_COUNTRY,FALSE,U202,Sub-Saharan Africa,NA
IMTS,International Trade in Goods (by partner country) (IMTS),DSD_IMTS,COUNTRY,CL_IMTS_COUNTRY,FALSE,U002,Africa,NA
IMTS,International Trade in Goods (by partner country) (IMTS),DSD_IMTS,COUNTRY,CL_IMTS_COUNTRY,FALSE,U142,Asia,NA
IMTS,International Trade in Goods (by partner country) (IMTS),DSD_IMTS,COUNTRY,CL_IMTS_COUNTRY,FALSE,U053,Australia and New Zealand,NA
IMTS,International Trade in Goods (by partner country) (IMTS),DSD_IMTS,COUNTRY,CL_IMTS_COUNTRY,FALSE,U029,Caribbean,NA
IMTS,International Trade in Goods (by partner country) (IMTS),DSD_IMTS,COUNTRY,CL_IMTS_COUNTRY,FALSE,U013,Central America,NA
IMTS,International Trade in Goods (by partner country) (IMTS),DSD_IMTS,COUNTRY,CL_IMTS_COUNTRY,FALSE,U143,Central Asia,NA
IMTS,International Trade in Goods (by partner country) (IMTS),DSD_IMTS,COUNTRY,CL_IMTS_COUNTRY,FALSE,U014,Eastern Africa,NA
IMTS,International Trade in Goods (by partner country) (IMTS),DSD_IMTS,COUNTRY,CL_IMTS_COUNTRY,FALSE,U030,Eastern Asia,NA
IMTS,International Trade in Goods (by partner country) (IMTS),DSD_IMTS,COUNTRY,CL_IMTS_COUNTRY,FALSE,U151,Eastern Europe,NA
IMTS,International Trade in Goods (by partner country) (IMTS),DSD_IMTS,COUNTRY,CL_IMTS_COUNTRY,FALSE,U150,Europe,NA
IMTS,International Trade in Goods (by partner country) (IMTS),DSD_IMTS,COUNTRY,CL_IMTS_COUNTRY,FALSE,U054,Melanesia,NA
IMTS,International Trade in Goods (by partner country) (IMTS),DSD_IMTS,COUNTRY,CL_IMTS_COUNTRY,FALSE,U057,Micronesia,NA
IMTS,International Trade in Goods (by partner country) (IMTS),DSD_IMTS,COUNTRY,CL_IMTS_COUNTRY,FALSE,U017,Middle Africa,NA
IMTS,International Trade in Goods (by partner country) (IMTS),DSD_IMTS,COUNTRY,CL_IMTS_COUNTRY,FALSE,U154,Northern Europe,NA
IMTS,International Trade in Goods (by partner country) (IMTS),DSD_IMTS,COUNTRY,CL_IMTS_COUNTRY,FALSE,U009,Oceania,NA
IMTS,International Trade in Goods (by partner country) (IMTS),DSD_IMTS,COUNTRY,CL_IMTS_COUNTRY,FALSE,U061,Polynesia,NA
IMTS,International Trade in Goods (by partner country) (IMTS),DSD_IMTS,COUNTRY,CL_IMTS_COUNTRY,FALSE,U005,South America,NA
IMTS,International Trade in Goods (by partner country) (IMTS),DSD_IMTS,COUNTRY,CL_IMTS_COUNTRY,FALSE,U035,South-eastern Asia,NA
IMTS,International Trade in Goods (by partner country) (IMTS),DSD_IMTS,COUNTRY,CL_IMTS_COUNTRY,FALSE,U018,Southern Africa,NA
IMTS,International Trade in Goods (by partner country) (IMTS),DSD_IMTS,COUNTRY,CL_IMTS_COUNTRY,FALSE,U034,Southern Asia,NA
IMTS,International Trade in Goods (by partner country) (IMTS),DSD_IMTS,COUNTRY,CL_IMTS_COUNTRY,FALSE,U039,Southern Europe,NA
IMTS,International Trade in Goods (by partner country) (IMTS),DSD_IMTS,COUNTRY,CL_IMTS_COUNTRY,FALSE,U011,Western Africa,NA
IMTS,International Trade in Goods (by partner country) (IMTS),DSD_IMTS,COUNTRY,CL_IMTS_COUNTRY,FALSE,U145,Western Asia,NA
IMTS,International Trade in Goods (by partner country) (IMTS),DSD_IMTS,COUNTRY,CL_IMTS_COUNTRY,FALSE,U155,Western Europe,NA
IMTS,International Trade in Goods (by partner country) (IMTS),DSD_IMTS,COUNTRY,CL_IMTS_COUNTRY,FALSE,G202,Advanced Asia,NA
IMTS,International Trade in Goods (by partner country) (IMTS),DSD_IMTS,COUNTRY,CL_IMTS_COUNTRY,FALSE,G110,Advanced Economies,NA
IMTS,International Trade in Goods (by partner country) (IMTS),DSD_IMTS,COUNTRY,CL_IMTS_COUNTRY,FALSE,G906,Advanced Europe,NA
IMTS,International Trade in Goods (by partner country) (IMTS),DSD_IMTS,COUNTRY,CL_IMTS_COUNTRY,FALSE,G510,ASEAN-5,NA
IMTS,International Trade in Goods (by partner country) (IMTS),DSD_IMTS,COUNTRY,CL_IMTS_COUNTRY,FALSE,G940,Caucasus and Central Asia (CCA),NA
IMTS,International Trade in Goods (by partner country) (IMTS),DSD_IMTS,COUNTRY,CL_IMTS_COUNTRY,FALSE,G758,Central African Economic and Monetary Community (CEMAC),NA
IMTS,International Trade in Goods (by partner country) (IMTS),DSD_IMTS,COUNTRY,CL_IMTS_COUNTRY,FALSE,G609,CFA franc zone,NA
IMTS,International Trade in Goods (by partner country) (IMTS),DSD_IMTS,COUNTRY,CL_IMTS_COUNTRY,FALSE,G619,East African Community (EAC),NA
IMTS,International Trade in Goods (by partner country) (IMTS),DSD_IMTS,COUNTRY,CL_IMTS_COUNTRY,FALSE,G309,Eastern Caribbean Currency Union (ECCU),NA
IMTS,International Trade in Goods (by partner country) (IMTS),DSD_IMTS,COUNTRY,CL_IMTS_COUNTRY,FALSE,G776,Economic Community of West African States (ECOWAS),NA
IMTS,International Trade in Goods (by partner country) (IMTS),DSD_IMTS,COUNTRY,CL_IMTS_COUNTRY,FALSE,G209,EMDEs by External Financing: Net Creditors,NA
IMTS,International Trade in Goods (by partner country) (IMTS),DSD_IMTS,COUNTRY,CL_IMTS_COUNTRY,FALSE,G606,EMDEs by External Financing: Net Debtors,NA
IMTS,International Trade in Goods (by partner country) (IMTS),DSD_IMTS,COUNTRY,CL_IMTS_COUNTRY,FALSE,G087,EMDEs by External Financing: Net Debtors with Arrears and/or Reschedulings,NA
IMTS,International Trade in Goods (by partner country) (IMTS),DSD_IMTS,COUNTRY,CL_IMTS_COUNTRY,FALSE,G216,EMDEs by Source of Export Earnings: Diversified,NA
IMTS,International Trade in Goods (by partner country) (IMTS),DSD_IMTS,COUNTRY,CL_IMTS_COUNTRY,FALSE,G080,EMDEs by Source of Export Earnings: Fuel,NA
IMTS,International Trade in Goods (by partner country) (IMTS),DSD_IMTS,COUNTRY,CL_IMTS_COUNTRY,FALSE,G083,EMDEs by Source of Export Earnings: Manufactures,NA
IMTS,International Trade in Goods (by partner country) (IMTS),DSD_IMTS,COUNTRY,CL_IMTS_COUNTRY,FALSE,G092,EMDEs by Source of Export Earnings: Nonfuel,NA
IMTS,International Trade in Goods (by partner country) (IMTS),DSD_IMTS,COUNTRY,CL_IMTS_COUNTRY,FALSE,G089,EMDEs by Source of Export Earnings: Primary Products (excluding Fuel),NA
IMTS,International Trade in Goods (by partner country) (IMTS),DSD_IMTS,COUNTRY,CL_IMTS_COUNTRY,FALSE,G084,"EMDEs by Source of Export Earnings: Services (including Income, Transfers)",NA
IMTS,International Trade in Goods (by partner country) (IMTS),DSD_IMTS,COUNTRY,CL_IMTS_COUNTRY,FALSE,G505,Emerging and Developing Asia,NA
IMTS,International Trade in Goods (by partner country) (IMTS),DSD_IMTS,COUNTRY,CL_IMTS_COUNTRY,FALSE,G903,Emerging and Developing Europe,NA
IMTS,International Trade in Goods (by partner country) (IMTS),DSD_IMTS,COUNTRY,CL_IMTS_COUNTRY,FALSE,G1515,Emerging Asia,NA
IMTS,International Trade in Goods (by partner country) (IMTS),DSD_IMTS,COUNTRY,CL_IMTS_COUNTRY,FALSE,G200,Emerging Market and Developing Economies,NA
IMTS,International Trade in Goods (by partner country) (IMTS),DSD_IMTS,COUNTRY,CL_IMTS_COUNTRY,FALSE,G1201,Emerging Market and Middle-Income Economies,NA
IMTS,International Trade in Goods (by partner country) (IMTS),DSD_IMTS,COUNTRY,CL_IMTS_COUNTRY,FALSE,G995,Euro Area (EA) – aggregate of member states,NA
IMTS,International Trade in Goods (by partner country) (IMTS),DSD_IMTS,COUNTRY,CL_IMTS_COUNTRY,FALSE,G998,European Union (EU),NA
IMTS,International Trade in Goods (by partner country) (IMTS),DSD_IMTS,COUNTRY,CL_IMTS_COUNTRY,FALSE,G715,Fragile and Conflict-affected States (FCS),NA
IMTS,International Trade in Goods (by partner country) (IMTS),DSD_IMTS,COUNTRY,CL_IMTS_COUNTRY,FALSE,G120,G20,NA
IMTS,International Trade in Goods (by partner country) (IMTS),DSD_IMTS,COUNTRY,CL_IMTS_COUNTRY,FALSE,G119,G7,NA
IMTS,International Trade in Goods (by partner country) (IMTS),DSD_IMTS,COUNTRY,CL_IMTS_COUNTRY,FALSE,G450,Gulf Cooperation Council (GCC),NA
IMTS,International Trade in Goods (by partner country) (IMTS),DSD_IMTS,COUNTRY,CL_IMTS_COUNTRY,FALSE,G711,Heavily Indebted Poor Countries (HIPC),NA
IMTS,International Trade in Goods (by partner country) (IMTS),DSD_IMTS,COUNTRY,CL_IMTS_COUNTRY,FALSE,G205,Latin America and the Caribbean (LAC),NA
IMTS,International Trade in Goods (by partner country) (IMTS),DSD_IMTS,COUNTRY,CL_IMTS_COUNTRY,FALSE,G201,Low-Income Developing Countries (LIDC),NA
IMTS,International Trade in Goods (by partner country) (IMTS),DSD_IMTS,COUNTRY,CL_IMTS_COUNTRY,FALSE,G400,Middle East and Central Asia,NA
IMTS,International Trade in Goods (by partner country) (IMTS),DSD_IMTS,COUNTRY,CL_IMTS_COUNTRY,FALSE,G401,Middle East and Central Asia: Oil Exporters,NA
IMTS,International Trade in Goods (by partner country) (IMTS),DSD_IMTS,COUNTRY,CL_IMTS_COUNTRY,FALSE,G402,Middle East and Central Asia: Oil Importers,NA
IMTS,International Trade in Goods (by partner country) (IMTS),DSD_IMTS,COUNTRY,CL_IMTS_COUNTRY,FALSE,G406,Middle East and North Africa (MENA),NA
IMTS,International Trade in Goods (by partner country) (IMTS),DSD_IMTS,COUNTRY,CL_IMTS_COUNTRY,FALSE,G92031,North America,NA
IMTS,International Trade in Goods (by partner country) (IMTS),DSD_IMTS,COUNTRY,CL_IMTS_COUNTRY,FALSE,G757,Southern African Customs Union (SACU),NA
IMTS,International Trade in Goods (by partner country) (IMTS),DSD_IMTS,COUNTRY,CL_IMTS_COUNTRY,FALSE,G603,Sub-Saharan Africa (SSA),NA
IMTS,International Trade in Goods (by partner country) (IMTS),DSD_IMTS,COUNTRY,CL_IMTS_COUNTRY,FALSE,G1627,Sub-Saharan Africa (SSA): Low-Income,NA
IMTS,International Trade in Goods (by partner country) (IMTS),DSD_IMTS,COUNTRY,CL_IMTS_COUNTRY,FALSE,G1626,Sub-Saharan Africa (SSA): Middle-Income,NA
IMTS,International Trade in Goods (by partner country) (IMTS),DSD_IMTS,COUNTRY,CL_IMTS_COUNTRY,FALSE,G1614,Sub-Saharan Africa (SSA): Oil Exporters,NA
IMTS,International Trade in Goods (by partner country) (IMTS),DSD_IMTS,COUNTRY,CL_IMTS_COUNTRY,FALSE,G759,West African Economic and Monetary Union (WAEMU),NA
IMTS,International Trade in Goods (by partner country) (IMTS),DSD_IMTS,COUNTRY,CL_IMTS_COUNTRY,FALSE,G001,World,NA
IMTS,International Trade in Goods (by partner country) (IMTS),DSD_IMTS,COUNTRY,CL_IMTS_COUNTRY,FALSE,G163,Euro Area (EA),NA
IMTS,International Trade in Goods (by partner country) (IMTS),DSD_IMTS,COUNTRY,CL_IMTS_COUNTRY,FALSE,GASEAN,ASEAN,NA
IMTS,International Trade in Goods (by partner country) (IMTS),DSD_IMTS,COUNTRY,CL_IMTS_COUNTRY,FALSE,G765,Southern African Development Community (SADC),NA
IMTS,International Trade in Goods (by partner country) (IMTS),DSD_IMTS,COUNTRY,CL_IMTS_COUNTRY,FALSE,G760,Common Market for Eastern and Southern Africa (COMESA),NA
IMTS,International Trade in Goods (by partner country) (IMTS),DSD_IMTS,COUNTRY,CL_IMTS_COUNTRY,FALSE,G129,Benelux,NA
IMTS,International Trade in Goods (by partner country) (IMTS),DSD_IMTS,COUNTRY,CL_IMTS_COUNTRY,FALSE,BLM,Saint Barthelemy,NA
IMTS,International Trade in Goods (by partner country) (IMTS),DSD_IMTS,COUNTRY,CL_IMTS_COUNTRY,FALSE,MAF,Saint Martin,NA
IMTS,International Trade in Goods (by partner country) (IMTS),DSD_IMTS,COUNTRY,CL_IMTS_COUNTRY,FALSE,SGS,South Georgia and the South Sandwich Islands,NA
IMTS,International Trade in Goods (by partner country) (IMTS),DSD_IMTS,COUNTRY,CL_IMTS_COUNTRY,FALSE,CXR,Christmas Island,NA
IMTS,International Trade in Goods (by partner country) (IMTS),DSD_IMTS,COUNTRY,CL_IMTS_COUNTRY,FALSE,CCK,Cocos Islands,NA
IMTS,International Trade in Goods (by partner country) (IMTS),DSD_IMTS,COUNTRY,CL_IMTS_COUNTRY,FALSE,ESH,Western Sahara,NA
IMTS,International Trade in Goods (by partner country) (IMTS),DSD_IMTS,COUNTRY,CL_IMTS_COUNTRY,FALSE,BVT,Bouvet Island,NA
IMTS,International Trade in Goods (by partner country) (IMTS),DSD_IMTS,COUNTRY,CL_IMTS_COUNTRY,FALSE,IOT,British Indian Ocean Territory,NA
IMTS,International Trade in Goods (by partner country) (IMTS),DSD_IMTS,COUNTRY,CL_IMTS_COUNTRY,FALSE,HMD,Heard Island and McDonald Islands,NA
IMTS,International Trade in Goods (by partner country) (IMTS),DSD_IMTS,COUNTRY,CL_IMTS_COUNTRY,FALSE,UMI,United States Minor Outlying Islands,NA
IMTS,International Trade in Goods (by partner country) (IMTS),DSD_IMTS,COUNTRY,CL_IMTS_COUNTRY,FALSE,GSAC,Southern African Customs Union (SACU),NA
IMTS,International Trade in Goods (by partner country) (IMTS),DSD_IMTS,INDICATOR,CL_IMTS_INDICATOR,TRUE,XG_FOB_USD,"Exports of goods, Free on board (FOB), US dollar",NA
IMTS,International Trade in Goods (by partner country) (IMTS),DSD_IMTS,INDICATOR,CL_IMTS_INDICATOR,TRUE,MG_FOB_USD,"Imports of goods, Free on board (FOB), US dollar",NA
IMTS,International Trade in Goods (by partner country) (IMTS),DSD_IMTS,INDICATOR,CL_IMTS_INDICATOR,TRUE,MG_CIF_USD,"Imports of goods, Cost insurance freight (CIF), US dollar",NA
IMTS,International Trade in Goods (by partner country) (IMTS),DSD_IMTS,INDICATOR,CL_IMTS_INDICATOR,TRUE,TBG_USD,"Trade balance goods, US dollar",NA
IMTS,International Trade in Goods (by partner country) (IMTS),DSD_IMTS,COUNTERPART_COUNTRY,CL_IMTS_COUNTRY,TRUE,TX799,Africa not specified,NA
IMTS,International Trade in Goods (by partner country) (IMTS),DSD_IMTS,COUNTERPART_COUNTRY,CL_IMTS_COUNTRY,TRUE,TX598,Asia not specified,NA
IMTS,International Trade in Goods (by partner country) (IMTS),DSD_IMTS,COUNTERPART_COUNTRY,CL_IMTS_COUNTRY,TRUE,TX126,Belgium-Luxembourg,NA
IMTS,International Trade in Goods (by partner country) (IMTS),DSD_IMTS,COUNTERPART_COUNTRY,CL_IMTS_COUNTRY,TRUE,TX898,Countries & Areas not specified,NA
IMTS,International Trade in Goods (by partner country) (IMTS),DSD_IMTS,COUNTERPART_COUNTRY,CL_IMTS_COUNTRY,TRUE,TX884,Europe not specified,NA
IMTS,International Trade in Goods (by partner country) (IMTS),DSD_IMTS,COUNTERPART_COUNTRY,CL_IMTS_COUNTRY,TRUE,TX554,"Malaysia, West",NA
IMTS,International Trade in Goods (by partner country) (IMTS),DSD_IMTS,COUNTERPART_COUNTRY,CL_IMTS_COUNTRY,TRUE,TX489,Middle East and Central Asia not specified,NA
IMTS,International Trade in Goods (by partner country) (IMTS),DSD_IMTS,COUNTERPART_COUNTRY,CL_IMTS_COUNTRY,TRUE,TX198,South African Common Customs Area (SACCA),NA
IMTS,International Trade in Goods (by partner country) (IMTS),DSD_IMTS,COUNTERPART_COUNTRY,CL_IMTS_COUNTRY,TRUE,TX899,Special Categories,NA
IMTS,International Trade in Goods (by partner country) (IMTS),DSD_IMTS,COUNTERPART_COUNTRY,CL_IMTS_COUNTRY,TRUE,TX399,Western Hemisphere not specified,NA
IMTS,International Trade in Goods (by partner country) (IMTS),DSD_IMTS,COUNTERPART_COUNTRY,CL_IMTS_COUNTRY,TRUE,GX605,Africa,NA
IMTS,International Trade in Goods (by partner country) (IMTS),DSD_IMTS,COUNTERPART_COUNTRY,CL_IMTS_COUNTRY,TRUE,GX901,CIS,NA
IMTS,International Trade in Goods (by partner country) (IMTS),DSD_IMTS,COUNTERPART_COUNTRY,CL_IMTS_COUNTRY,TRUE,GX170,Europe,NA
IMTS,International Trade in Goods (by partner country) (IMTS),DSD_IMTS,COUNTERPART_COUNTRY,CL_IMTS_COUNTRY,TRUE,GX405,Middle East,NA
IMTS,International Trade in Goods (by partner country) (IMTS),DSD_IMTS,COUNTERPART_COUNTRY,CL_IMTS_COUNTRY,TRUE,GX440,"Middle East, North Africa, Afghanistan, and Pakistan",NA
IMTS,International Trade in Goods (by partner country) (IMTS),DSD_IMTS,COUNTERPART_COUNTRY,CL_IMTS_COUNTRY,TRUE,TX910,Other Countries n.i.e.,NA
IMTS,International Trade in Goods (by partner country) (IMTS),DSD_IMTS,COUNTERPART_COUNTRY,CL_IMTS_COUNTRY,TRUE,AFG,"Afghanistan, Islamic Republic of",NA
IMTS,International Trade in Goods (by partner country) (IMTS),DSD_IMTS,COUNTERPART_COUNTRY,CL_IMTS_COUNTRY,TRUE,ALB,Albania,NA
IMTS,International Trade in Goods (by partner country) (IMTS),DSD_IMTS,COUNTERPART_COUNTRY,CL_IMTS_COUNTRY,TRUE,DZA,Algeria,NA
IMTS,International Trade in Goods (by partner country) (IMTS),DSD_IMTS,COUNTERPART_COUNTRY,CL_IMTS_COUNTRY,TRUE,ASM,American Samoa,NA
IMTS,International Trade in Goods (by partner country) (IMTS),DSD_IMTS,COUNTERPART_COUNTRY,CL_IMTS_COUNTRY,TRUE,AND,"Andorra, Principality of",NA
IMTS,International Trade in Goods (by partner country) (IMTS),DSD_IMTS,COUNTERPART_COUNTRY,CL_IMTS_COUNTRY,TRUE,AGO,Angola,NA
IMTS,International Trade in Goods (by partner country) (IMTS),DSD_IMTS,COUNTERPART_COUNTRY,CL_IMTS_COUNTRY,TRUE,AIA,"Anguilla, United Kingdom-British Overseas Territory",NA
IMTS,International Trade in Goods (by partner country) (IMTS),DSD_IMTS,COUNTERPART_COUNTRY,CL_IMTS_COUNTRY,TRUE,ATG,Antigua and Barbuda,NA
IMTS,International Trade in Goods (by partner country) (IMTS),DSD_IMTS,COUNTERPART_COUNTRY,CL_IMTS_COUNTRY,TRUE,ARG,Argentina,NA
IMTS,International Trade in Goods (by partner country) (IMTS),DSD_IMTS,COUNTERPART_COUNTRY,CL_IMTS_COUNTRY,TRUE,ARM,"Armenia, Republic of",NA
IMTS,International Trade in Goods (by partner country) (IMTS),DSD_IMTS,COUNTERPART_COUNTRY,CL_IMTS_COUNTRY,TRUE,ABW,"Aruba, Kingdom of the Netherlands",NA
IMTS,International Trade in Goods (by partner country) (IMTS),DSD_IMTS,COUNTERPART_COUNTRY,CL_IMTS_COUNTRY,TRUE,AUS,Australia,NA
IMTS,International Trade in Goods (by partner country) (IMTS),DSD_IMTS,COUNTERPART_COUNTRY,CL_IMTS_COUNTRY,TRUE,AUT,Austria,NA
IMTS,International Trade in Goods (by partner country) (IMTS),DSD_IMTS,COUNTERPART_COUNTRY,CL_IMTS_COUNTRY,TRUE,AZE,"Azerbaijan, Republic of",NA
IMTS,International Trade in Goods (by partner country) (IMTS),DSD_IMTS,COUNTERPART_COUNTRY,CL_IMTS_COUNTRY,TRUE,BHS,"Bahamas, The",NA
IMTS,International Trade in Goods (by partner country) (IMTS),DSD_IMTS,COUNTERPART_COUNTRY,CL_IMTS_COUNTRY,TRUE,BHR,"Bahrain, Kingdom of",NA
IMTS,International Trade in Goods (by partner country) (IMTS),DSD_IMTS,COUNTERPART_COUNTRY,CL_IMTS_COUNTRY,TRUE,BGD,Bangladesh,NA
IMTS,International Trade in Goods (by partner country) (IMTS),DSD_IMTS,COUNTERPART_COUNTRY,CL_IMTS_COUNTRY,TRUE,BRB,Barbados,NA
IMTS,International Trade in Goods (by partner country) (IMTS),DSD_IMTS,COUNTERPART_COUNTRY,CL_IMTS_COUNTRY,TRUE,BLR,"Belarus, Republic of",NA
IMTS,International Trade in Goods (by partner country) (IMTS),DSD_IMTS,COUNTERPART_COUNTRY,CL_IMTS_COUNTRY,TRUE,BEL,Belgium,NA
IMTS,International Trade in Goods (by partner country) (IMTS),DSD_IMTS,COUNTERPART_COUNTRY,CL_IMTS_COUNTRY,TRUE,BLZ,Belize,NA
IMTS,International Trade in Goods (by partner country) (IMTS),DSD_IMTS,COUNTERPART_COUNTRY,CL_IMTS_COUNTRY,TRUE,BEN,Benin,NA
IMTS,International Trade in Goods (by partner country) (IMTS),DSD_IMTS,COUNTERPART_COUNTRY,CL_IMTS_COUNTRY,TRUE,BMU,Bermuda,NA
IMTS,International Trade in Goods (by partner country) (IMTS),DSD_IMTS,COUNTERPART_COUNTRY,CL_IMTS_COUNTRY,TRUE,BTN,Bhutan,NA
IMTS,International Trade in Goods (by partner country) (IMTS),DSD_IMTS,COUNTERPART_COUNTRY,CL_IMTS_COUNTRY,TRUE,BOL,Bolivia,NA
IMTS,International Trade in Goods (by partner country) (IMTS),DSD_IMTS,COUNTERPART_COUNTRY,CL_IMTS_COUNTRY,TRUE,BIH,Bosnia and Herzegovina,NA
IMTS,International Trade in Goods (by partner country) (IMTS),DSD_IMTS,COUNTERPART_COUNTRY,CL_IMTS_COUNTRY,TRUE,BWA,Botswana,NA
IMTS,International Trade in Goods (by partner country) (IMTS),DSD_IMTS,COUNTERPART_COUNTRY,CL_IMTS_COUNTRY,TRUE,BRA,Brazil,NA
IMTS,International Trade in Goods (by partner country) (IMTS),DSD_IMTS,COUNTERPART_COUNTRY,CL_IMTS_COUNTRY,TRUE,VGB,British Virgin Islands,NA
IMTS,International Trade in Goods (by partner country) (IMTS),DSD_IMTS,COUNTERPART_COUNTRY,CL_IMTS_COUNTRY,TRUE,BRN,Brunei Darussalam,NA
IMTS,International Trade in Goods (by partner country) (IMTS),DSD_IMTS,COUNTERPART_COUNTRY,CL_IMTS_COUNTRY,TRUE,BGR,Bulgaria,NA
IMTS,International Trade in Goods (by partner country) (IMTS),DSD_IMTS,COUNTERPART_COUNTRY,CL_IMTS_COUNTRY,TRUE,BFA,Burkina Faso,NA
IMTS,International Trade in Goods (by partner country) (IMTS),DSD_IMTS,COUNTERPART_COUNTRY,CL_IMTS_COUNTRY,TRUE,BDI,Burundi,NA
IMTS,International Trade in Goods (by partner country) (IMTS),DSD_IMTS,COUNTERPART_COUNTRY,CL_IMTS_COUNTRY,TRUE,CPV,Cabo Verde,NA
IMTS,International Trade in Goods (by partner country) (IMTS),DSD_IMTS,COUNTERPART_COUNTRY,CL_IMTS_COUNTRY,TRUE,KHM,Cambodia,NA
IMTS,International Trade in Goods (by partner country) (IMTS),DSD_IMTS,COUNTERPART_COUNTRY,CL_IMTS_COUNTRY,TRUE,CMR,Cameroon,NA
IMTS,International Trade in Goods (by partner country) (IMTS),DSD_IMTS,COUNTERPART_COUNTRY,CL_IMTS_COUNTRY,TRUE,CAN,Canada,NA
IMTS,International Trade in Goods (by partner country) (IMTS),DSD_IMTS,COUNTERPART_COUNTRY,CL_IMTS_COUNTRY,TRUE,CYM,Cayman Islands,NA
IMTS,International Trade in Goods (by partner country) (IMTS),DSD_IMTS,COUNTERPART_COUNTRY,CL_IMTS_COUNTRY,TRUE,CAF,Central African Republic,NA
IMTS,International Trade in Goods (by partner country) (IMTS),DSD_IMTS,COUNTERPART_COUNTRY,CL_IMTS_COUNTRY,TRUE,TCD,Chad,NA
IMTS,International Trade in Goods (by partner country) (IMTS),DSD_IMTS,COUNTERPART_COUNTRY,CL_IMTS_COUNTRY,TRUE,CHL,Chile,NA
IMTS,International Trade in Goods (by partner country) (IMTS),DSD_IMTS,COUNTERPART_COUNTRY,CL_IMTS_COUNTRY,TRUE,CHN,"China, People's Republic of",NA
IMTS,International Trade in Goods (by partner country) (IMTS),DSD_IMTS,COUNTERPART_COUNTRY,CL_IMTS_COUNTRY,TRUE,COL,Colombia,NA
IMTS,International Trade in Goods (by partner country) (IMTS),DSD_IMTS,COUNTERPART_COUNTRY,CL_IMTS_COUNTRY,TRUE,COM,"Comoros, Union of the",NA
IMTS,International Trade in Goods (by partner country) (IMTS),DSD_IMTS,COUNTERPART_COUNTRY,CL_IMTS_COUNTRY,TRUE,COD,"Congo, Democratic Republic of the",NA
IMTS,International Trade in Goods (by partner country) (IMTS),DSD_IMTS,COUNTERPART_COUNTRY,CL_IMTS_COUNTRY,TRUE,COG,"Congo, Republic of",NA
IMTS,International Trade in Goods (by partner country) (IMTS),DSD_IMTS,COUNTERPART_COUNTRY,CL_IMTS_COUNTRY,TRUE,COK,Cook Islands,NA
IMTS,International Trade in Goods (by partner country) (IMTS),DSD_IMTS,COUNTERPART_COUNTRY,CL_IMTS_COUNTRY,TRUE,CRI,Costa Rica,NA
IMTS,International Trade in Goods (by partner country) (IMTS),DSD_IMTS,COUNTERPART_COUNTRY,CL_IMTS_COUNTRY,TRUE,HRV,"Croatia, Republic of",NA
IMTS,International Trade in Goods (by partner country) (IMTS),DSD_IMTS,COUNTERPART_COUNTRY,CL_IMTS_COUNTRY,TRUE,CUB,Cuba,NA
IMTS,International Trade in Goods (by partner country) (IMTS),DSD_IMTS,COUNTERPART_COUNTRY,CL_IMTS_COUNTRY,TRUE,CUW,"Curaçao, Kingdom of the Netherlands",NA
IMTS,International Trade in Goods (by partner country) (IMTS),DSD_IMTS,COUNTERPART_COUNTRY,CL_IMTS_COUNTRY,TRUE,CYP,Cyprus,NA
IMTS,International Trade in Goods (by partner country) (IMTS),DSD_IMTS,COUNTERPART_COUNTRY,CL_IMTS_COUNTRY,TRUE,CZE,Czech Republic,NA
IMTS,International Trade in Goods (by partner country) (IMTS),DSD_IMTS,COUNTERPART_COUNTRY,CL_IMTS_COUNTRY,TRUE,CIV,Côte d'Ivoire,NA
IMTS,International Trade in Goods (by partner country) (IMTS),DSD_IMTS,COUNTERPART_COUNTRY,CL_IMTS_COUNTRY,TRUE,DNK,Denmark,NA
IMTS,International Trade in Goods (by partner country) (IMTS),DSD_IMTS,COUNTERPART_COUNTRY,CL_IMTS_COUNTRY,TRUE,DJI,Djibouti,NA
IMTS,International Trade in Goods (by partner country) (IMTS),DSD_IMTS,COUNTERPART_COUNTRY,CL_IMTS_COUNTRY,TRUE,DMA,Dominica,NA
IMTS,International Trade in Goods (by partner country) (IMTS),DSD_IMTS,COUNTERPART_COUNTRY,CL_IMTS_COUNTRY,TRUE,DOM,Dominican Republic,NA
IMTS,International Trade in Goods (by partner country) (IMTS),DSD_IMTS,COUNTERPART_COUNTRY,CL_IMTS_COUNTRY,TRUE,ECU,Ecuador,NA
IMTS,International Trade in Goods (by partner country) (IMTS),DSD_IMTS,COUNTERPART_COUNTRY,CL_IMTS_COUNTRY,TRUE,EGY,"Egypt, Arab Republic of",NA
IMTS,International Trade in Goods (by partner country) (IMTS),DSD_IMTS,COUNTERPART_COUNTRY,CL_IMTS_COUNTRY,TRUE,SLV,El Salvador,NA
IMTS,International Trade in Goods (by partner country) (IMTS),DSD_IMTS,COUNTERPART_COUNTRY,CL_IMTS_COUNTRY,TRUE,GNQ,"Equatorial Guinea, Republic of",NA
IMTS,International Trade in Goods (by partner country) (IMTS),DSD_IMTS,COUNTERPART_COUNTRY,CL_IMTS_COUNTRY,TRUE,ERI,"Eritrea, The State of",NA
IMTS,International Trade in Goods (by partner country) (IMTS),DSD_IMTS,COUNTERPART_COUNTRY,CL_IMTS_COUNTRY,TRUE,EST,"Estonia, Republic of",NA
IMTS,International Trade in Goods (by partner country) (IMTS),DSD_IMTS,COUNTERPART_COUNTRY,CL_IMTS_COUNTRY,TRUE,SWZ,"Eswatini, Kingdom of",NA
IMTS,International Trade in Goods (by partner country) (IMTS),DSD_IMTS,COUNTERPART_COUNTRY,CL_IMTS_COUNTRY,TRUE,ETH,"Ethiopia, The Federal Democratic Republic of",NA
IMTS,International Trade in Goods (by partner country) (IMTS),DSD_IMTS,COUNTERPART_COUNTRY,CL_IMTS_COUNTRY,TRUE,FLK,Falkland Islands (Malvinas),NA
IMTS,International Trade in Goods (by partner country) (IMTS),DSD_IMTS,COUNTERPART_COUNTRY,CL_IMTS_COUNTRY,TRUE,FRO,Faroe Islands,NA
IMTS,International Trade in Goods (by partner country) (IMTS),DSD_IMTS,COUNTERPART_COUNTRY,CL_IMTS_COUNTRY,TRUE,FJI,"Fiji, Republic of",NA
IMTS,International Trade in Goods (by partner country) (IMTS),DSD_IMTS,COUNTERPART_COUNTRY,CL_IMTS_COUNTRY,TRUE,FIN,Finland,NA
IMTS,International Trade in Goods (by partner country) (IMTS),DSD_IMTS,COUNTERPART_COUNTRY,CL_IMTS_COUNTRY,TRUE,FRA,France,NA
IMTS,International Trade in Goods (by partner country) (IMTS),DSD_IMTS,COUNTERPART_COUNTRY,CL_IMTS_COUNTRY,TRUE,GUF,French Guiana,NA
IMTS,International Trade in Goods (by partner country) (IMTS),DSD_IMTS,COUNTERPART_COUNTRY,CL_IMTS_COUNTRY,TRUE,PYF,French Polynesia,NA
IMTS,International Trade in Goods (by partner country) (IMTS),DSD_IMTS,COUNTERPART_COUNTRY,CL_IMTS_COUNTRY,TRUE,GAB,Gabon,NA
IMTS,International Trade in Goods (by partner country) (IMTS),DSD_IMTS,COUNTERPART_COUNTRY,CL_IMTS_COUNTRY,TRUE,GMB,"Gambia, The",NA
IMTS,International Trade in Goods (by partner country) (IMTS),DSD_IMTS,COUNTERPART_COUNTRY,CL_IMTS_COUNTRY,TRUE,GEO,Georgia,NA
IMTS,International Trade in Goods (by partner country) (IMTS),DSD_IMTS,COUNTERPART_COUNTRY,CL_IMTS_COUNTRY,TRUE,DEU,Germany,NA
IMTS,International Trade in Goods (by partner country) (IMTS),DSD_IMTS,COUNTERPART_COUNTRY,CL_IMTS_COUNTRY,TRUE,GHA,Ghana,NA
IMTS,International Trade in Goods (by partner country) (IMTS),DSD_IMTS,COUNTERPART_COUNTRY,CL_IMTS_COUNTRY,TRUE,GIB,Gibraltar,NA
IMTS,International Trade in Goods (by partner country) (IMTS),DSD_IMTS,COUNTERPART_COUNTRY,CL_IMTS_COUNTRY,TRUE,GRC,Greece,NA
IMTS,International Trade in Goods (by partner country) (IMTS),DSD_IMTS,COUNTERPART_COUNTRY,CL_IMTS_COUNTRY,TRUE,GRL,Greenland,NA
IMTS,International Trade in Goods (by partner country) (IMTS),DSD_IMTS,COUNTERPART_COUNTRY,CL_IMTS_COUNTRY,TRUE,GRD,Grenada,NA
IMTS,International Trade in Goods (by partner country) (IMTS),DSD_IMTS,COUNTERPART_COUNTRY,CL_IMTS_COUNTRY,TRUE,GLP,Guadeloupe,NA
IMTS,International Trade in Goods (by partner country) (IMTS),DSD_IMTS,COUNTERPART_COUNTRY,CL_IMTS_COUNTRY,TRUE,GUM,Guam,NA
IMTS,International Trade in Goods (by partner country) (IMTS),DSD_IMTS,COUNTERPART_COUNTRY,CL_IMTS_COUNTRY,TRUE,GTM,Guatemala,NA
IMTS,International Trade in Goods (by partner country) (IMTS),DSD_IMTS,COUNTERPART_COUNTRY,CL_IMTS_COUNTRY,TRUE,GGY,Guernsey,NA
IMTS,International Trade in Goods (by partner country) (IMTS),DSD_IMTS,COUNTERPART_COUNTRY,CL_IMTS_COUNTRY,TRUE,GIN,Guinea,NA
IMTS,International Trade in Goods (by partner country) (IMTS),DSD_IMTS,COUNTERPART_COUNTRY,CL_IMTS_COUNTRY,TRUE,GNB,Guinea-Bissau,NA
IMTS,International Trade in Goods (by partner country) (IMTS),DSD_IMTS,COUNTERPART_COUNTRY,CL_IMTS_COUNTRY,TRUE,GUY,Guyana,NA
IMTS,International Trade in Goods (by partner country) (IMTS),DSD_IMTS,COUNTERPART_COUNTRY,CL_IMTS_COUNTRY,TRUE,HTI,Haiti,NA
IMTS,International Trade in Goods (by partner country) (IMTS),DSD_IMTS,COUNTERPART_COUNTRY,CL_IMTS_COUNTRY,TRUE,VAT,Holy See,NA
IMTS,International Trade in Goods (by partner country) (IMTS),DSD_IMTS,COUNTERPART_COUNTRY,CL_IMTS_COUNTRY,TRUE,HND,Honduras,NA
IMTS,International Trade in Goods (by partner country) (IMTS),DSD_IMTS,COUNTERPART_COUNTRY,CL_IMTS_COUNTRY,TRUE,HKG,"Hong Kong Special Administrative Region, People's Republic of China",NA
IMTS,International Trade in Goods (by partner country) (IMTS),DSD_IMTS,COUNTERPART_COUNTRY,CL_IMTS_COUNTRY,TRUE,HUN,Hungary,NA
IMTS,International Trade in Goods (by partner country) (IMTS),DSD_IMTS,COUNTERPART_COUNTRY,CL_IMTS_COUNTRY,TRUE,ISL,Iceland,NA
IMTS,International Trade in Goods (by partner country) (IMTS),DSD_IMTS,COUNTERPART_COUNTRY,CL_IMTS_COUNTRY,TRUE,IND,India,NA
IMTS,International Trade in Goods (by partner country) (IMTS),DSD_IMTS,COUNTERPART_COUNTRY,CL_IMTS_COUNTRY,TRUE,IDN,Indonesia,NA
IMTS,International Trade in Goods (by partner country) (IMTS),DSD_IMTS,COUNTERPART_COUNTRY,CL_IMTS_COUNTRY,TRUE,IRN,"Iran, Islamic Republic of",NA
IMTS,International Trade in Goods (by partner country) (IMTS),DSD_IMTS,COUNTERPART_COUNTRY,CL_IMTS_COUNTRY,TRUE,IRQ,Iraq,NA
IMTS,International Trade in Goods (by partner country) (IMTS),DSD_IMTS,COUNTERPART_COUNTRY,CL_IMTS_COUNTRY,TRUE,IRL,Ireland,NA
IMTS,International Trade in Goods (by partner country) (IMTS),DSD_IMTS,COUNTERPART_COUNTRY,CL_IMTS_COUNTRY,TRUE,IMN,Isle of Man,NA
IMTS,International Trade in Goods (by partner country) (IMTS),DSD_IMTS,COUNTERPART_COUNTRY,CL_IMTS_COUNTRY,TRUE,ISR,Israel,NA
IMTS,International Trade in Goods (by partner country) (IMTS),DSD_IMTS,COUNTERPART_COUNTRY,CL_IMTS_COUNTRY,TRUE,ITA,Italy,NA
IMTS,International Trade in Goods (by partner country) (IMTS),DSD_IMTS,COUNTERPART_COUNTRY,CL_IMTS_COUNTRY,TRUE,JAM,Jamaica,NA
IMTS,International Trade in Goods (by partner country) (IMTS),DSD_IMTS,COUNTERPART_COUNTRY,CL_IMTS_COUNTRY,TRUE,JPN,Japan,NA
IMTS,International Trade in Goods (by partner country) (IMTS),DSD_IMTS,COUNTERPART_COUNTRY,CL_IMTS_COUNTRY,TRUE,JEY,Jersey,NA
IMTS,International Trade in Goods (by partner country) (IMTS),DSD_IMTS,COUNTERPART_COUNTRY,CL_IMTS_COUNTRY,TRUE,JOR,Jordan,NA
IMTS,International Trade in Goods (by partner country) (IMTS),DSD_IMTS,COUNTERPART_COUNTRY,CL_IMTS_COUNTRY,TRUE,KAZ,"Kazakhstan, Republic of",NA
IMTS,International Trade in Goods (by partner country) (IMTS),DSD_IMTS,COUNTERPART_COUNTRY,CL_IMTS_COUNTRY,TRUE,KEN,Kenya,NA
IMTS,International Trade in Goods (by partner country) (IMTS),DSD_IMTS,COUNTERPART_COUNTRY,CL_IMTS_COUNTRY,TRUE,KIR,Kiribati,NA
IMTS,International Trade in Goods (by partner country) (IMTS),DSD_IMTS,COUNTERPART_COUNTRY,CL_IMTS_COUNTRY,TRUE,PRK,"Korea, Democratic People's Republic of",NA
IMTS,International Trade in Goods (by partner country) (IMTS),DSD_IMTS,COUNTERPART_COUNTRY,CL_IMTS_COUNTRY,TRUE,KOR,"Korea, Republic of",NA
IMTS,International Trade in Goods (by partner country) (IMTS),DSD_IMTS,COUNTERPART_COUNTRY,CL_IMTS_COUNTRY,TRUE,KOS,"Kosovo, Republic of",NA
IMTS,International Trade in Goods (by partner country) (IMTS),DSD_IMTS,COUNTERPART_COUNTRY,CL_IMTS_COUNTRY,TRUE,KWT,Kuwait,NA
IMTS,International Trade in Goods (by partner country) (IMTS),DSD_IMTS,COUNTERPART_COUNTRY,CL_IMTS_COUNTRY,TRUE,KGZ,Kyrgyz Republic,NA
IMTS,International Trade in Goods (by partner country) (IMTS),DSD_IMTS,COUNTERPART_COUNTRY,CL_IMTS_COUNTRY,TRUE,LAO,Lao People's Democratic Republic,NA
IMTS,International Trade in Goods (by partner country) (IMTS),DSD_IMTS,COUNTERPART_COUNTRY,CL_IMTS_COUNTRY,TRUE,LVA,"Latvia, Republic of",NA
IMTS,International Trade in Goods (by partner country) (IMTS),DSD_IMTS,COUNTERPART_COUNTRY,CL_IMTS_COUNTRY,TRUE,LBN,Lebanon,NA
IMTS,International Trade in Goods (by partner country) (IMTS),DSD_IMTS,COUNTERPART_COUNTRY,CL_IMTS_COUNTRY,TRUE,LSO,"Lesotho, Kingdom of",NA
IMTS,International Trade in Goods (by partner country) (IMTS),DSD_IMTS,COUNTERPART_COUNTRY,CL_IMTS_COUNTRY,TRUE,LBR,Liberia,NA
IMTS,International Trade in Goods (by partner country) (IMTS),DSD_IMTS,COUNTERPART_COUNTRY,CL_IMTS_COUNTRY,TRUE,LBY,Libya,NA
IMTS,International Trade in Goods (by partner country) (IMTS),DSD_IMTS,COUNTERPART_COUNTRY,CL_IMTS_COUNTRY,TRUE,LIE,"Liechtenstein, Principality of",NA
IMTS,International Trade in Goods (by partner country) (IMTS),DSD_IMTS,COUNTERPART_COUNTRY,CL_IMTS_COUNTRY,TRUE,LTU,"Lithuania, Republic of",NA
IMTS,International Trade in Goods (by partner country) (IMTS),DSD_IMTS,COUNTERPART_COUNTRY,CL_IMTS_COUNTRY,TRUE,LUX,Luxembourg,NA
IMTS,International Trade in Goods (by partner country) (IMTS),DSD_IMTS,COUNTERPART_COUNTRY,CL_IMTS_COUNTRY,TRUE,MAC,"Macao Special Administrative Region, People's Republic of China",NA
IMTS,International Trade in Goods (by partner country) (IMTS),DSD_IMTS,COUNTERPART_COUNTRY,CL_IMTS_COUNTRY,TRUE,MDG,"Madagascar, Republic of",NA
IMTS,International Trade in Goods (by partner country) (IMTS),DSD_IMTS,COUNTERPART_COUNTRY,CL_IMTS_COUNTRY,TRUE,MWI,Malawi,NA
IMTS,International Trade in Goods (by partner country) (IMTS),DSD_IMTS,COUNTERPART_COUNTRY,CL_IMTS_COUNTRY,TRUE,MYS,Malaysia,NA
IMTS,International Trade in Goods (by partner country) (IMTS),DSD_IMTS,COUNTERPART_COUNTRY,CL_IMTS_COUNTRY,TRUE,MDV,Maldives,NA
IMTS,International Trade in Goods (by partner country) (IMTS),DSD_IMTS,COUNTERPART_COUNTRY,CL_IMTS_COUNTRY,TRUE,MLI,Mali,NA
IMTS,International Trade in Goods (by partner country) (IMTS),DSD_IMTS,COUNTERPART_COUNTRY,CL_IMTS_COUNTRY,TRUE,MLT,Malta,NA
IMTS,International Trade in Goods (by partner country) (IMTS),DSD_IMTS,COUNTERPART_COUNTRY,CL_IMTS_COUNTRY,TRUE,MHL,"Marshall Islands, Republic of the",NA
IMTS,International Trade in Goods (by partner country) (IMTS),DSD_IMTS,COUNTERPART_COUNTRY,CL_IMTS_COUNTRY,TRUE,MTQ,Martinique,NA
IMTS,International Trade in Goods (by partner country) (IMTS),DSD_IMTS,COUNTERPART_COUNTRY,CL_IMTS_COUNTRY,TRUE,MRT,"Mauritania, Islamic Republic of",NA
IMTS,International Trade in Goods (by partner country) (IMTS),DSD_IMTS,COUNTERPART_COUNTRY,CL_IMTS_COUNTRY,TRUE,MUS,Mauritius,NA
IMTS,International Trade in Goods (by partner country) (IMTS),DSD_IMTS,COUNTERPART_COUNTRY,CL_IMTS_COUNTRY,TRUE,MYT,Mayotte,NA
IMTS,International Trade in Goods (by partner country) (IMTS),DSD_IMTS,COUNTERPART_COUNTRY,CL_IMTS_COUNTRY,TRUE,MEX,Mexico,NA
IMTS,International Trade in Goods (by partner country) (IMTS),DSD_IMTS,COUNTERPART_COUNTRY,CL_IMTS_COUNTRY,TRUE,FSM,"Micronesia, Federated States of",NA
IMTS,International Trade in Goods (by partner country) (IMTS),DSD_IMTS,COUNTERPART_COUNTRY,CL_IMTS_COUNTRY,TRUE,MDA,"Moldova, Republic of",NA
IMTS,International Trade in Goods (by partner country) (IMTS),DSD_IMTS,COUNTERPART_COUNTRY,CL_IMTS_COUNTRY,TRUE,MCO,Monaco,NA
IMTS,International Trade in Goods (by partner country) (IMTS),DSD_IMTS,COUNTERPART_COUNTRY,CL_IMTS_COUNTRY,TRUE,MNG,Mongolia,NA
IMTS,International Trade in Goods (by partner country) (IMTS),DSD_IMTS,COUNTERPART_COUNTRY,CL_IMTS_COUNTRY,TRUE,MNE,Montenegro,NA
IMTS,International Trade in Goods (by partner country) (IMTS),DSD_IMTS,COUNTERPART_COUNTRY,CL_IMTS_COUNTRY,TRUE,MSR,"Montserrat, United Kingdom-British Overseas Territory",NA
IMTS,International Trade in Goods (by partner country) (IMTS),DSD_IMTS,COUNTERPART_COUNTRY,CL_IMTS_COUNTRY,TRUE,MAR,Morocco,NA
IMTS,International Trade in Goods (by partner country) (IMTS),DSD_IMTS,COUNTERPART_COUNTRY,CL_IMTS_COUNTRY,TRUE,MOZ,"Mozambique, Republic of",NA
IMTS,International Trade in Goods (by partner country) (IMTS),DSD_IMTS,COUNTERPART_COUNTRY,CL_IMTS_COUNTRY,TRUE,MMR,Myanmar,NA
IMTS,International Trade in Goods (by partner country) (IMTS),DSD_IMTS,COUNTERPART_COUNTRY,CL_IMTS_COUNTRY,TRUE,NAM,Namibia,NA
IMTS,International Trade in Goods (by partner country) (IMTS),DSD_IMTS,COUNTERPART_COUNTRY,CL_IMTS_COUNTRY,TRUE,NRU,"Nauru, Republic of",NA
IMTS,International Trade in Goods (by partner country) (IMTS),DSD_IMTS,COUNTERPART_COUNTRY,CL_IMTS_COUNTRY,TRUE,NPL,Nepal,NA
IMTS,International Trade in Goods (by partner country) (IMTS),DSD_IMTS,COUNTERPART_COUNTRY,CL_IMTS_COUNTRY,TRUE,NLD,"Netherlands, The",NA
IMTS,International Trade in Goods (by partner country) (IMTS),DSD_IMTS,COUNTERPART_COUNTRY,CL_IMTS_COUNTRY,TRUE,NCL,New Caledonia,NA
IMTS,International Trade in Goods (by partner country) (IMTS),DSD_IMTS,COUNTERPART_COUNTRY,CL_IMTS_COUNTRY,TRUE,NZL,New Zealand,NA
IMTS,International Trade in Goods (by partner country) (IMTS),DSD_IMTS,COUNTERPART_COUNTRY,CL_IMTS_COUNTRY,TRUE,NIC,Nicaragua,NA
IMTS,International Trade in Goods (by partner country) (IMTS),DSD_IMTS,COUNTERPART_COUNTRY,CL_IMTS_COUNTRY,TRUE,NER,Niger,NA
IMTS,International Trade in Goods (by partner country) (IMTS),DSD_IMTS,COUNTERPART_COUNTRY,CL_IMTS_COUNTRY,TRUE,NGA,Nigeria,NA
IMTS,International Trade in Goods (by partner country) (IMTS),DSD_IMTS,COUNTERPART_COUNTRY,CL_IMTS_COUNTRY,TRUE,NIU,Niue,NA
IMTS,International Trade in Goods (by partner country) (IMTS),DSD_IMTS,COUNTERPART_COUNTRY,CL_IMTS_COUNTRY,TRUE,NFK,Norfolk Island,NA
IMTS,International Trade in Goods (by partner country) (IMTS),DSD_IMTS,COUNTERPART_COUNTRY,CL_IMTS_COUNTRY,TRUE,MKD,"North Macedonia, Republic of",NA
IMTS,International Trade in Goods (by partner country) (IMTS),DSD_IMTS,COUNTERPART_COUNTRY,CL_IMTS_COUNTRY,TRUE,MNP,Northern Mariana Islands,NA
IMTS,International Trade in Goods (by partner country) (IMTS),DSD_IMTS,COUNTERPART_COUNTRY,CL_IMTS_COUNTRY,TRUE,NOR,Norway,NA
IMTS,International Trade in Goods (by partner country) (IMTS),DSD_IMTS,COUNTERPART_COUNTRY,CL_IMTS_COUNTRY,TRUE,OMN,Oman,NA
IMTS,International Trade in Goods (by partner country) (IMTS),DSD_IMTS,COUNTERPART_COUNTRY,CL_IMTS_COUNTRY,TRUE,PAK,Pakistan,NA
IMTS,International Trade in Goods (by partner country) (IMTS),DSD_IMTS,COUNTERPART_COUNTRY,CL_IMTS_COUNTRY,TRUE,PLW,"Palau, Republic of",NA
IMTS,International Trade in Goods (by partner country) (IMTS),DSD_IMTS,COUNTERPART_COUNTRY,CL_IMTS_COUNTRY,TRUE,PAN,Panama,NA
IMTS,International Trade in Goods (by partner country) (IMTS),DSD_IMTS,COUNTERPART_COUNTRY,CL_IMTS_COUNTRY,TRUE,PNG,Papua New Guinea,NA
IMTS,International Trade in Goods (by partner country) (IMTS),DSD_IMTS,COUNTERPART_COUNTRY,CL_IMTS_COUNTRY,TRUE,PRY,Paraguay,NA
IMTS,International Trade in Goods (by partner country) (IMTS),DSD_IMTS,COUNTERPART_COUNTRY,CL_IMTS_COUNTRY,TRUE,PER,Peru,NA
IMTS,International Trade in Goods (by partner country) (IMTS),DSD_IMTS,COUNTERPART_COUNTRY,CL_IMTS_COUNTRY,TRUE,PHL,Philippines,NA
IMTS,International Trade in Goods (by partner country) (IMTS),DSD_IMTS,COUNTERPART_COUNTRY,CL_IMTS_COUNTRY,TRUE,PCN,Pitcairn Islands,NA
IMTS,International Trade in Goods (by partner country) (IMTS),DSD_IMTS,COUNTERPART_COUNTRY,CL_IMTS_COUNTRY,TRUE,POL,"Poland, Republic of",NA
IMTS,International Trade in Goods (by partner country) (IMTS),DSD_IMTS,COUNTERPART_COUNTRY,CL_IMTS_COUNTRY,TRUE,PRT,Portugal,NA
IMTS,International Trade in Goods (by partner country) (IMTS),DSD_IMTS,COUNTERPART_COUNTRY,CL_IMTS_COUNTRY,TRUE,PRI,Puerto Rico,NA
IMTS,International Trade in Goods (by partner country) (IMTS),DSD_IMTS,COUNTERPART_COUNTRY,CL_IMTS_COUNTRY,TRUE,QAT,Qatar,NA
IMTS,International Trade in Goods (by partner country) (IMTS),DSD_IMTS,COUNTERPART_COUNTRY,CL_IMTS_COUNTRY,TRUE,ROU,Romania,NA
IMTS,International Trade in Goods (by partner country) (IMTS),DSD_IMTS,COUNTERPART_COUNTRY,CL_IMTS_COUNTRY,TRUE,RUS,Russian Federation,NA
IMTS,International Trade in Goods (by partner country) (IMTS),DSD_IMTS,COUNTERPART_COUNTRY,CL_IMTS_COUNTRY,TRUE,RWA,Rwanda,NA
IMTS,International Trade in Goods (by partner country) (IMTS),DSD_IMTS,COUNTERPART_COUNTRY,CL_IMTS_COUNTRY,TRUE,REU,Réunion,NA
IMTS,International Trade in Goods (by partner country) (IMTS),DSD_IMTS,COUNTERPART_COUNTRY,CL_IMTS_COUNTRY,TRUE,WSM,Samoa,NA
IMTS,International Trade in Goods (by partner country) (IMTS),DSD_IMTS,COUNTERPART_COUNTRY,CL_IMTS_COUNTRY,TRUE,SMR,"San Marino, Republic of",NA
IMTS,International Trade in Goods (by partner country) (IMTS),DSD_IMTS,COUNTERPART_COUNTRY,CL_IMTS_COUNTRY,TRUE,SAU,Saudi Arabia,NA
IMTS,International Trade in Goods (by partner country) (IMTS),DSD_IMTS,COUNTERPART_COUNTRY,CL_IMTS_COUNTRY,TRUE,SEN,Senegal,NA
IMTS,International Trade in Goods (by partner country) (IMTS),DSD_IMTS,COUNTERPART_COUNTRY,CL_IMTS_COUNTRY,TRUE,SRB,"Serbia, Republic of",NA
IMTS,International Trade in Goods (by partner country) (IMTS),DSD_IMTS,COUNTERPART_COUNTRY,CL_IMTS_COUNTRY,TRUE,SYC,Seychelles,NA
IMTS,International Trade in Goods (by partner country) (IMTS),DSD_IMTS,COUNTERPART_COUNTRY,CL_IMTS_COUNTRY,TRUE,SLE,Sierra Leone,NA
IMTS,International Trade in Goods (by partner country) (IMTS),DSD_IMTS,COUNTERPART_COUNTRY,CL_IMTS_COUNTRY,TRUE,SGP,Singapore,NA
IMTS,International Trade in Goods (by partner country) (IMTS),DSD_IMTS,COUNTERPART_COUNTRY,CL_IMTS_COUNTRY,TRUE,SXM,"Sint Maarten, Kingdom of the Netherlands",NA
IMTS,International Trade in Goods (by partner country) (IMTS),DSD_IMTS,COUNTERPART_COUNTRY,CL_IMTS_COUNTRY,TRUE,SVK,Slovak Republic,NA
IMTS,International Trade in Goods (by partner country) (IMTS),DSD_IMTS,COUNTERPART_COUNTRY,CL_IMTS_COUNTRY,TRUE,SVN,"Slovenia, Republic of",NA
IMTS,International Trade in Goods (by partner country) (IMTS),DSD_IMTS,COUNTERPART_COUNTRY,CL_IMTS_COUNTRY,TRUE,SLB,Solomon Islands,NA
IMTS,International Trade in Goods (by partner country) (IMTS),DSD_IMTS,COUNTERPART_COUNTRY,CL_IMTS_COUNTRY,TRUE,SOM,Somalia,NA
IMTS,International Trade in Goods (by partner country) (IMTS),DSD_IMTS,COUNTERPART_COUNTRY,CL_IMTS_COUNTRY,TRUE,ZAF,South Africa,NA
IMTS,International Trade in Goods (by partner country) (IMTS),DSD_IMTS,COUNTERPART_COUNTRY,CL_IMTS_COUNTRY,TRUE,SSD,"South Sudan, Republic of",NA
IMTS,International Trade in Goods (by partner country) (IMTS),DSD_IMTS,COUNTERPART_COUNTRY,CL_IMTS_COUNTRY,TRUE,ESP,Spain,NA
IMTS,International Trade in Goods (by partner country) (IMTS),DSD_IMTS,COUNTERPART_COUNTRY,CL_IMTS_COUNTRY,TRUE,LKA,Sri Lanka,NA
IMTS,International Trade in Goods (by partner country) (IMTS),DSD_IMTS,COUNTERPART_COUNTRY,CL_IMTS_COUNTRY,TRUE,SHN,St. Helena,NA
IMTS,International Trade in Goods (by partner country) (IMTS),DSD_IMTS,COUNTERPART_COUNTRY,CL_IMTS_COUNTRY,TRUE,KNA,St. Kitts and Nevis,NA
IMTS,International Trade in Goods (by partner country) (IMTS),DSD_IMTS,COUNTERPART_COUNTRY,CL_IMTS_COUNTRY,TRUE,LCA,St. Lucia,NA
IMTS,International Trade in Goods (by partner country) (IMTS),DSD_IMTS,COUNTERPART_COUNTRY,CL_IMTS_COUNTRY,TRUE,SPM,St. Pierre and Miquelon,NA
IMTS,International Trade in Goods (by partner country) (IMTS),DSD_IMTS,COUNTERPART_COUNTRY,CL_IMTS_COUNTRY,TRUE,VCT,St. Vincent and the Grenadines,NA
IMTS,International Trade in Goods (by partner country) (IMTS),DSD_IMTS,COUNTERPART_COUNTRY,CL_IMTS_COUNTRY,TRUE,SDN,Sudan,NA
IMTS,International Trade in Goods (by partner country) (IMTS),DSD_IMTS,COUNTERPART_COUNTRY,CL_IMTS_COUNTRY,TRUE,SUR,Suriname,NA
IMTS,International Trade in Goods (by partner country) (IMTS),DSD_IMTS,COUNTERPART_COUNTRY,CL_IMTS_COUNTRY,TRUE,SJM,Svalbard and Jan Mayen Islands,NA
IMTS,International Trade in Goods (by partner country) (IMTS),DSD_IMTS,COUNTERPART_COUNTRY,CL_IMTS_COUNTRY,TRUE,SWE,Sweden,NA
IMTS,International Trade in Goods (by partner country) (IMTS),DSD_IMTS,COUNTERPART_COUNTRY,CL_IMTS_COUNTRY,TRUE,CHE,Switzerland,NA
IMTS,International Trade in Goods (by partner country) (IMTS),DSD_IMTS,COUNTERPART_COUNTRY,CL_IMTS_COUNTRY,TRUE,SYR,Syrian Arab Republic,NA
IMTS,International Trade in Goods (by partner country) (IMTS),DSD_IMTS,COUNTERPART_COUNTRY,CL_IMTS_COUNTRY,TRUE,STP,"São Tomé and Príncipe, Democratic Republic of",NA
IMTS,International Trade in Goods (by partner country) (IMTS),DSD_IMTS,COUNTERPART_COUNTRY,CL_IMTS_COUNTRY,TRUE,TWN,Taiwan Province of China,NA
IMTS,International Trade in Goods (by partner country) (IMTS),DSD_IMTS,COUNTERPART_COUNTRY,CL_IMTS_COUNTRY,TRUE,TJK,"Tajikistan, Republic of",NA
IMTS,International Trade in Goods (by partner country) (IMTS),DSD_IMTS,COUNTERPART_COUNTRY,CL_IMTS_COUNTRY,TRUE,TZA,"Tanzania, United Republic of",NA
IMTS,International Trade in Goods (by partner country) (IMTS),DSD_IMTS,COUNTERPART_COUNTRY,CL_IMTS_COUNTRY,TRUE,THA,Thailand,NA
IMTS,International Trade in Goods (by partner country) (IMTS),DSD_IMTS,COUNTERPART_COUNTRY,CL_IMTS_COUNTRY,TRUE,TLS,"Timor-Leste, Democratic Republic of",NA
IMTS,International Trade in Goods (by partner country) (IMTS),DSD_IMTS,COUNTERPART_COUNTRY,CL_IMTS_COUNTRY,TRUE,TGO,Togo,NA
IMTS,International Trade in Goods (by partner country) (IMTS),DSD_IMTS,COUNTERPART_COUNTRY,CL_IMTS_COUNTRY,TRUE,TKL,Tokelau,NA
IMTS,International Trade in Goods (by partner country) (IMTS),DSD_IMTS,COUNTERPART_COUNTRY,CL_IMTS_COUNTRY,TRUE,TON,Tonga,NA
IMTS,International Trade in Goods (by partner country) (IMTS),DSD_IMTS,COUNTERPART_COUNTRY,CL_IMTS_COUNTRY,TRUE,TTO,Trinidad and Tobago,NA
IMTS,International Trade in Goods (by partner country) (IMTS),DSD_IMTS,COUNTERPART_COUNTRY,CL_IMTS_COUNTRY,TRUE,TUN,Tunisia,NA
IMTS,International Trade in Goods (by partner country) (IMTS),DSD_IMTS,COUNTERPART_COUNTRY,CL_IMTS_COUNTRY,TRUE,TKM,Turkmenistan,NA
IMTS,International Trade in Goods (by partner country) (IMTS),DSD_IMTS,COUNTERPART_COUNTRY,CL_IMTS_COUNTRY,TRUE,TCA,Turks and Caicos Islands,NA
IMTS,International Trade in Goods (by partner country) (IMTS),DSD_IMTS,COUNTERPART_COUNTRY,CL_IMTS_COUNTRY,TRUE,TUV,Tuvalu,NA
IMTS,International Trade in Goods (by partner country) (IMTS),DSD_IMTS,COUNTERPART_COUNTRY,CL_IMTS_COUNTRY,TRUE,TUR,"Türkiye, Republic of",NA
IMTS,International Trade in Goods (by partner country) (IMTS),DSD_IMTS,COUNTERPART_COUNTRY,CL_IMTS_COUNTRY,TRUE,UGA,Uganda,NA
IMTS,International Trade in Goods (by partner country) (IMTS),DSD_IMTS,COUNTERPART_COUNTRY,CL_IMTS_COUNTRY,TRUE,UKR,Ukraine,NA
IMTS,International Trade in Goods (by partner country) (IMTS),DSD_IMTS,COUNTERPART_COUNTRY,CL_IMTS_COUNTRY,TRUE,ARE,United Arab Emirates,NA
IMTS,International Trade in Goods (by partner country) (IMTS),DSD_IMTS,COUNTERPART_COUNTRY,CL_IMTS_COUNTRY,TRUE,GBR,United Kingdom,NA
IMTS,International Trade in Goods (by partner country) (IMTS),DSD_IMTS,COUNTERPART_COUNTRY,CL_IMTS_COUNTRY,TRUE,USA,United States,NA
IMTS,International Trade in Goods (by partner country) (IMTS),DSD_IMTS,COUNTERPART_COUNTRY,CL_IMTS_COUNTRY,TRUE,VIR,United States Virgin Islands,NA
IMTS,International Trade in Goods (by partner country) (IMTS),DSD_IMTS,COUNTERPART_COUNTRY,CL_IMTS_COUNTRY,TRUE,URY,Uruguay,NA
IMTS,International Trade in Goods (by partner country) (IMTS),DSD_IMTS,COUNTERPART_COUNTRY,CL_IMTS_COUNTRY,TRUE,UZB,"Uzbekistan, Republic of",NA
IMTS,International Trade in Goods (by partner country) (IMTS),DSD_IMTS,COUNTERPART_COUNTRY,CL_IMTS_COUNTRY,TRUE,VUT,Vanuatu,NA
IMTS,International Trade in Goods (by partner country) (IMTS),DSD_IMTS,COUNTERPART_COUNTRY,CL_IMTS_COUNTRY,TRUE,VEN,"Venezuela, República Bolivariana de",NA
IMTS,International Trade in Goods (by partner country) (IMTS),DSD_IMTS,COUNTERPART_COUNTRY,CL_IMTS_COUNTRY,TRUE,VNM,Vietnam,NA
IMTS,International Trade in Goods (by partner country) (IMTS),DSD_IMTS,COUNTERPART_COUNTRY,CL_IMTS_COUNTRY,TRUE,WLF,Wallis and Futuna Islands,NA
IMTS,International Trade in Goods (by partner country) (IMTS),DSD_IMTS,COUNTERPART_COUNTRY,CL_IMTS_COUNTRY,TRUE,WBG,West Bank and Gaza,NA
IMTS,International Trade in Goods (by partner country) (IMTS),DSD_IMTS,COUNTERPART_COUNTRY,CL_IMTS_COUNTRY,TRUE,YEM,"Yemen, Republic of",NA
IMTS,International Trade in Goods (by partner country) (IMTS),DSD_IMTS,COUNTERPART_COUNTRY,CL_IMTS_COUNTRY,TRUE,ZMB,Zambia,NA
IMTS,International Trade in Goods (by partner country) (IMTS),DSD_IMTS,COUNTERPART_COUNTRY,CL_IMTS_COUNTRY,TRUE,ZWE,Zimbabwe,NA
IMTS,International Trade in Goods (by partner country) (IMTS),DSD_IMTS,COUNTERPART_COUNTRY,CL_IMTS_COUNTRY,TRUE,ALA,Åland Islands,NA
IMTS,International Trade in Goods (by partner country) (IMTS),DSD_IMTS,COUNTERPART_COUNTRY,CL_IMTS_COUNTRY,TRUE,BES,"Bonaire, Saint Eustatius and Saba",NA
IMTS,International Trade in Goods (by partner country) (IMTS),DSD_IMTS,COUNTERPART_COUNTRY,CL_IMTS_COUNTRY,TRUE,ATF,French Southern Territories,NA
IMTS,International Trade in Goods (by partner country) (IMTS),DSD_IMTS,COUNTERPART_COUNTRY,CL_IMTS_COUNTRY,TRUE,CWX,Curaçao and Sint Maarten,NA
IMTS,International Trade in Goods (by partner country) (IMTS),DSD_IMTS,COUNTERPART_COUNTRY,CL_IMTS_COUNTRY,TRUE,CSK,Czechoslovakia,NA
IMTS,International Trade in Goods (by partner country) (IMTS),DSD_IMTS,COUNTERPART_COUNTRY,CL_IMTS_COUNTRY,TRUE,DDR,German Democratic Republic,NA
IMTS,International Trade in Goods (by partner country) (IMTS),DSD_IMTS,COUNTERPART_COUNTRY,CL_IMTS_COUNTRY,TRUE,ANT,Netherlands Antilles,NA
IMTS,International Trade in Goods (by partner country) (IMTS),DSD_IMTS,COUNTERPART_COUNTRY,CL_IMTS_COUNTRY,TRUE,VDR,"Vietnam, Democratic Republic of",NA
IMTS,International Trade in Goods (by partner country) (IMTS),DSD_IMTS,COUNTERPART_COUNTRY,CL_IMTS_COUNTRY,TRUE,SCG,Serbia and Montenegro,NA
IMTS,International Trade in Goods (by partner country) (IMTS),DSD_IMTS,COUNTERPART_COUNTRY,CL_IMTS_COUNTRY,TRUE,SUN,Union of Soviet Socialist Republics (USSR),NA
IMTS,International Trade in Goods (by partner country) (IMTS),DSD_IMTS,COUNTERPART_COUNTRY,CL_IMTS_COUNTRY,TRUE,YAR,Yemen Arab Republic,NA
IMTS,International Trade in Goods (by partner country) (IMTS),DSD_IMTS,COUNTERPART_COUNTRY,CL_IMTS_COUNTRY,TRUE,YMD,"Yemen, People's Democratic Republic of",NA
IMTS,International Trade in Goods (by partner country) (IMTS),DSD_IMTS,COUNTERPART_COUNTRY,CL_IMTS_COUNTRY,TRUE,YUG,"Yugoslavia, Socialist Federal Republic of",NA
IMTS,International Trade in Goods (by partner country) (IMTS),DSD_IMTS,COUNTERPART_COUNTRY,CL_IMTS_COUNTRY,TRUE,U019,Americas,NA
IMTS,International Trade in Goods (by partner country) (IMTS),DSD_IMTS,COUNTERPART_COUNTRY,CL_IMTS_COUNTRY,TRUE,U015,Northern Africa,NA
IMTS,International Trade in Goods (by partner country) (IMTS),DSD_IMTS,COUNTERPART_COUNTRY,CL_IMTS_COUNTRY,TRUE,U202,Sub-Saharan Africa,NA
IMTS,International Trade in Goods (by partner country) (IMTS),DSD_IMTS,COUNTERPART_COUNTRY,CL_IMTS_COUNTRY,TRUE,U002,Africa,NA
IMTS,International Trade in Goods (by partner country) (IMTS),DSD_IMTS,COUNTERPART_COUNTRY,CL_IMTS_COUNTRY,TRUE,U142,Asia,NA
IMTS,International Trade in Goods (by partner country) (IMTS),DSD_IMTS,COUNTERPART_COUNTRY,CL_IMTS_COUNTRY,TRUE,U053,Australia and New Zealand,NA
IMTS,International Trade in Goods (by partner country) (IMTS),DSD_IMTS,COUNTERPART_COUNTRY,CL_IMTS_COUNTRY,TRUE,U029,Caribbean,NA
IMTS,International Trade in Goods (by partner country) (IMTS),DSD_IMTS,COUNTERPART_COUNTRY,CL_IMTS_COUNTRY,TRUE,U013,Central America,NA
IMTS,International Trade in Goods (by partner country) (IMTS),DSD_IMTS,COUNTERPART_COUNTRY,CL_IMTS_COUNTRY,TRUE,U143,Central Asia,NA
IMTS,International Trade in Goods (by partner country) (IMTS),DSD_IMTS,COUNTERPART_COUNTRY,CL_IMTS_COUNTRY,TRUE,U014,Eastern Africa,NA
IMTS,International Trade in Goods (by partner country) (IMTS),DSD_IMTS,COUNTERPART_COUNTRY,CL_IMTS_COUNTRY,TRUE,U030,Eastern Asia,NA
IMTS,International Trade in Goods (by partner country) (IMTS),DSD_IMTS,COUNTERPART_COUNTRY,CL_IMTS_COUNTRY,TRUE,U151,Eastern Europe,NA
IMTS,International Trade in Goods (by partner country) (IMTS),DSD_IMTS,COUNTERPART_COUNTRY,CL_IMTS_COUNTRY,TRUE,U150,Europe,NA
IMTS,International Trade in Goods (by partner country) (IMTS),DSD_IMTS,COUNTERPART_COUNTRY,CL_IMTS_COUNTRY,TRUE,U054,Melanesia,NA
IMTS,International Trade in Goods (by partner country) (IMTS),DSD_IMTS,COUNTERPART_COUNTRY,CL_IMTS_COUNTRY,TRUE,U057,Micronesia,NA
IMTS,International Trade in Goods (by partner country) (IMTS),DSD_IMTS,COUNTERPART_COUNTRY,CL_IMTS_COUNTRY,TRUE,U017,Middle Africa,NA
IMTS,International Trade in Goods (by partner country) (IMTS),DSD_IMTS,COUNTERPART_COUNTRY,CL_IMTS_COUNTRY,TRUE,U154,Northern Europe,NA
IMTS,International Trade in Goods (by partner country) (IMTS),DSD_IMTS,COUNTERPART_COUNTRY,CL_IMTS_COUNTRY,TRUE,U009,Oceania,NA
IMTS,International Trade in Goods (by partner country) (IMTS),DSD_IMTS,COUNTERPART_COUNTRY,CL_IMTS_COUNTRY,TRUE,U061,Polynesia,NA
IMTS,International Trade in Goods (by partner country) (IMTS),DSD_IMTS,COUNTERPART_COUNTRY,CL_IMTS_COUNTRY,TRUE,U005,South America,NA
IMTS,International Trade in Goods (by partner country) (IMTS),DSD_IMTS,COUNTERPART_COUNTRY,CL_IMTS_COUNTRY,TRUE,U035,South-eastern Asia,NA
IMTS,International Trade in Goods (by partner country) (IMTS),DSD_IMTS,COUNTERPART_COUNTRY,CL_IMTS_COUNTRY,TRUE,U018,Southern Africa,NA
IMTS,International Trade in Goods (by partner country) (IMTS),DSD_IMTS,COUNTERPART_COUNTRY,CL_IMTS_COUNTRY,TRUE,U034,Southern Asia,NA
IMTS,International Trade in Goods (by partner country) (IMTS),DSD_IMTS,COUNTERPART_COUNTRY,CL_IMTS_COUNTRY,TRUE,U039,Southern Europe,NA
IMTS,International Trade in Goods (by partner country) (IMTS),DSD_IMTS,COUNTERPART_COUNTRY,CL_IMTS_COUNTRY,TRUE,U011,Western Africa,NA
IMTS,International Trade in Goods (by partner country) (IMTS),DSD_IMTS,COUNTERPART_COUNTRY,CL_IMTS_COUNTRY,TRUE,U145,Western Asia,NA
IMTS,International Trade in Goods (by partner country) (IMTS),DSD_IMTS,COUNTERPART_COUNTRY,CL_IMTS_COUNTRY,TRUE,U155,Western Europe,NA
IMTS,International Trade in Goods (by partner country) (IMTS),DSD_IMTS,COUNTERPART_COUNTRY,CL_IMTS_COUNTRY,TRUE,G202,Advanced Asia,NA
IMTS,International Trade in Goods (by partner country) (IMTS),DSD_IMTS,COUNTERPART_COUNTRY,CL_IMTS_COUNTRY,TRUE,G110,Advanced Economies,NA
IMTS,International Trade in Goods (by partner country) (IMTS),DSD_IMTS,COUNTERPART_COUNTRY,CL_IMTS_COUNTRY,TRUE,G906,Advanced Europe,NA
IMTS,International Trade in Goods (by partner country) (IMTS),DSD_IMTS,COUNTERPART_COUNTRY,CL_IMTS_COUNTRY,TRUE,G510,ASEAN-5,NA
IMTS,International Trade in Goods (by partner country) (IMTS),DSD_IMTS,COUNTERPART_COUNTRY,CL_IMTS_COUNTRY,TRUE,G940,Caucasus and Central Asia (CCA),NA
IMTS,International Trade in Goods (by partner country) (IMTS),DSD_IMTS,COUNTERPART_COUNTRY,CL_IMTS_COUNTRY,TRUE,G758,Central African Economic and Monetary Community (CEMAC),NA
IMTS,International Trade in Goods (by partner country) (IMTS),DSD_IMTS,COUNTERPART_COUNTRY,CL_IMTS_COUNTRY,TRUE,G609,CFA franc zone,NA
IMTS,International Trade in Goods (by partner country) (IMTS),DSD_IMTS,COUNTERPART_COUNTRY,CL_IMTS_COUNTRY,TRUE,G619,East African Community (EAC),NA
IMTS,International Trade in Goods (by partner country) (IMTS),DSD_IMTS,COUNTERPART_COUNTRY,CL_IMTS_COUNTRY,TRUE,G309,Eastern Caribbean Currency Union (ECCU),NA
IMTS,International Trade in Goods (by partner country) (IMTS),DSD_IMTS,COUNTERPART_COUNTRY,CL_IMTS_COUNTRY,TRUE,G776,Economic Community of West African States (ECOWAS),NA
IMTS,International Trade in Goods (by partner country) (IMTS),DSD_IMTS,COUNTERPART_COUNTRY,CL_IMTS_COUNTRY,TRUE,G209,EMDEs by External Financing: Net Creditors,NA
IMTS,International Trade in Goods (by partner country) (IMTS),DSD_IMTS,COUNTERPART_COUNTRY,CL_IMTS_COUNTRY,TRUE,G606,EMDEs by External Financing: Net Debtors,NA
IMTS,International Trade in Goods (by partner country) (IMTS),DSD_IMTS,COUNTERPART_COUNTRY,CL_IMTS_COUNTRY,TRUE,G087,EMDEs by External Financing: Net Debtors with Arrears and/or Reschedulings,NA
IMTS,International Trade in Goods (by partner country) (IMTS),DSD_IMTS,COUNTERPART_COUNTRY,CL_IMTS_COUNTRY,TRUE,G216,EMDEs by Source of Export Earnings: Diversified,NA
IMTS,International Trade in Goods (by partner country) (IMTS),DSD_IMTS,COUNTERPART_COUNTRY,CL_IMTS_COUNTRY,TRUE,G080,EMDEs by Source of Export Earnings: Fuel,NA
IMTS,International Trade in Goods (by partner country) (IMTS),DSD_IMTS,COUNTERPART_COUNTRY,CL_IMTS_COUNTRY,TRUE,G083,EMDEs by Source of Export Earnings: Manufactures,NA
IMTS,International Trade in Goods (by partner country) (IMTS),DSD_IMTS,COUNTERPART_COUNTRY,CL_IMTS_COUNTRY,TRUE,G092,EMDEs by Source of Export Earnings: Nonfuel,NA
IMTS,International Trade in Goods (by partner country) (IMTS),DSD_IMTS,COUNTERPART_COUNTRY,CL_IMTS_COUNTRY,TRUE,G089,EMDEs by Source of Export Earnings: Primary Products (excluding Fuel),NA
IMTS,International Trade in Goods (by partner country) (IMTS),DSD_IMTS,COUNTERPART_COUNTRY,CL_IMTS_COUNTRY,TRUE,G084,"EMDEs by Source of Export Earnings: Services (including Income, Transfers)",NA
IMTS,International Trade in Goods (by partner country) (IMTS),DSD_IMTS,COUNTERPART_COUNTRY,CL_IMTS_COUNTRY,TRUE,G505,Emerging and Developing Asia,NA
IMTS,International Trade in Goods (by partner country) (IMTS),DSD_IMTS,COUNTERPART_COUNTRY,CL_IMTS_COUNTRY,TRUE,G903,Emerging and Developing Europe,NA
IMTS,International Trade in Goods (by partner country) (IMTS),DSD_IMTS,COUNTERPART_COUNTRY,CL_IMTS_COUNTRY,TRUE,G1515,Emerging Asia,NA
IMTS,International Trade in Goods (by partner country) (IMTS),DSD_IMTS,COUNTERPART_COUNTRY,CL_IMTS_COUNTRY,TRUE,G200,Emerging Market and Developing Economies,NA
IMTS,International Trade in Goods (by partner country) (IMTS),DSD_IMTS,COUNTERPART_COUNTRY,CL_IMTS_COUNTRY,TRUE,G1201,Emerging Market and Middle-Income Economies,NA
IMTS,International Trade in Goods (by partner country) (IMTS),DSD_IMTS,COUNTERPART_COUNTRY,CL_IMTS_COUNTRY,TRUE,G995,Euro Area (EA) – aggregate of member states,NA
IMTS,International Trade in Goods (by partner country) (IMTS),DSD_IMTS,COUNTERPART_COUNTRY,CL_IMTS_COUNTRY,TRUE,G998,European Union (EU),NA
IMTS,International Trade in Goods (by partner country) (IMTS),DSD_IMTS,COUNTERPART_COUNTRY,CL_IMTS_COUNTRY,TRUE,G715,Fragile and Conflict-affected States (FCS),NA
IMTS,International Trade in Goods (by partner country) (IMTS),DSD_IMTS,COUNTERPART_COUNTRY,CL_IMTS_COUNTRY,TRUE,G120,G20,NA
IMTS,International Trade in Goods (by partner country) (IMTS),DSD_IMTS,COUNTERPART_COUNTRY,CL_IMTS_COUNTRY,TRUE,G119,G7,NA
IMTS,International Trade in Goods (by partner country) (IMTS),DSD_IMTS,COUNTERPART_COUNTRY,CL_IMTS_COUNTRY,TRUE,G450,Gulf Cooperation Council (GCC),NA
IMTS,International Trade in Goods (by partner country) (IMTS),DSD_IMTS,COUNTERPART_COUNTRY,CL_IMTS_COUNTRY,TRUE,G711,Heavily Indebted Poor Countries (HIPC),NA
IMTS,International Trade in Goods (by partner country) (IMTS),DSD_IMTS,COUNTERPART_COUNTRY,CL_IMTS_COUNTRY,TRUE,G205,Latin America and the Caribbean (LAC),NA
IMTS,International Trade in Goods (by partner country) (IMTS),DSD_IMTS,COUNTERPART_COUNTRY,CL_IMTS_COUNTRY,TRUE,G201,Low-Income Developing Countries (LIDC),NA
IMTS,International Trade in Goods (by partner country) (IMTS),DSD_IMTS,COUNTERPART_COUNTRY,CL_IMTS_COUNTRY,TRUE,G400,Middle East and Central Asia,NA
IMTS,International Trade in Goods (by partner country) (IMTS),DSD_IMTS,COUNTERPART_COUNTRY,CL_IMTS_COUNTRY,TRUE,G401,Middle East and Central Asia: Oil Exporters,NA
IMTS,International Trade in Goods (by partner country) (IMTS),DSD_IMTS,COUNTERPART_COUNTRY,CL_IMTS_COUNTRY,TRUE,G402,Middle East and Central Asia: Oil Importers,NA
IMTS,International Trade in Goods (by partner country) (IMTS),DSD_IMTS,COUNTERPART_COUNTRY,CL_IMTS_COUNTRY,TRUE,G406,Middle East and North Africa (MENA),NA
IMTS,International Trade in Goods (by partner country) (IMTS),DSD_IMTS,COUNTERPART_COUNTRY,CL_IMTS_COUNTRY,TRUE,G92031,North America,NA
IMTS,International Trade in Goods (by partner country) (IMTS),DSD_IMTS,COUNTERPART_COUNTRY,CL_IMTS_COUNTRY,TRUE,G757,Southern African Customs Union (SACU),NA
IMTS,International Trade in Goods (by partner country) (IMTS),DSD_IMTS,COUNTERPART_COUNTRY,CL_IMTS_COUNTRY,TRUE,G603,Sub-Saharan Africa (SSA),NA
IMTS,International Trade in Goods (by partner country) (IMTS),DSD_IMTS,COUNTERPART_COUNTRY,CL_IMTS_COUNTRY,TRUE,G1627,Sub-Saharan Africa (SSA): Low-Income,NA
IMTS,International Trade in Goods (by partner country) (IMTS),DSD_IMTS,COUNTERPART_COUNTRY,CL_IMTS_COUNTRY,TRUE,G1626,Sub-Saharan Africa (SSA): Middle-Income,NA
IMTS,International Trade in Goods (by partner country) (IMTS),DSD_IMTS,COUNTERPART_COUNTRY,CL_IMTS_COUNTRY,TRUE,G1614,Sub-Saharan Africa (SSA): Oil Exporters,NA
IMTS,International Trade in Goods (by partner country) (IMTS),DSD_IMTS,COUNTERPART_COUNTRY,CL_IMTS_COUNTRY,TRUE,G759,West African Economic and Monetary Union (WAEMU),NA
IMTS,International Trade in Goods (by partner country) (IMTS),DSD_IMTS,COUNTERPART_COUNTRY,CL_IMTS_COUNTRY,TRUE,G001,World,NA
IMTS,International Trade in Goods (by partner country) (IMTS),DSD_IMTS,COUNTERPART_COUNTRY,CL_IMTS_COUNTRY,TRUE,G163,Euro Area (EA),NA
IMTS,International Trade in Goods (by partner country) (IMTS),DSD_IMTS,COUNTERPART_COUNTRY,CL_IMTS_COUNTRY,TRUE,GASEAN,ASEAN,NA
IMTS,International Trade in Goods (by partner country) (IMTS),DSD_IMTS,COUNTERPART_COUNTRY,CL_IMTS_COUNTRY,TRUE,G765,Southern African Development Community (SADC),NA
IMTS,International Trade in Goods (by partner country) (IMTS),DSD_IMTS,COUNTERPART_COUNTRY,CL_IMTS_COUNTRY,TRUE,G760,Common Market for Eastern and Southern Africa (COMESA),NA
IMTS,International Trade in Goods (by partner country) (IMTS),DSD_IMTS,COUNTERPART_COUNTRY,CL_IMTS_COUNTRY,TRUE,G129,Benelux,NA
IMTS,International Trade in Goods (by partner country) (IMTS),DSD_IMTS,COUNTERPART_COUNTRY,CL_IMTS_COUNTRY,TRUE,BLM,Saint Barthelemy,NA
IMTS,International Trade in Goods (by partner country) (IMTS),DSD_IMTS,COUNTERPART_COUNTRY,CL_IMTS_COUNTRY,TRUE,MAF,Saint Martin,NA
IMTS,International Trade in Goods (by partner country) (IMTS),DSD_IMTS,COUNTERPART_COUNTRY,CL_IMTS_COUNTRY,TRUE,SGS,South Georgia and the South Sandwich Islands,NA
IMTS,International Trade in Goods (by partner country) (IMTS),DSD_IMTS,COUNTERPART_COUNTRY,CL_IMTS_COUNTRY,TRUE,CXR,Christmas Island,NA
IMTS,International Trade in Goods (by partner country) (IMTS),DSD_IMTS,COUNTERPART_COUNTRY,CL_IMTS_COUNTRY,TRUE,CCK,Cocos Islands,NA
IMTS,International Trade in Goods (by partner country) (IMTS),DSD_IMTS,COUNTERPART_COUNTRY,CL_IMTS_COUNTRY,TRUE,ESH,Western Sahara,NA
IMTS,International Trade in Goods (by partner country) (IMTS),DSD_IMTS,COUNTERPART_COUNTRY,CL_IMTS_COUNTRY,TRUE,BVT,Bouvet Island,NA
IMTS,International Trade in Goods (by partner country) (IMTS),DSD_IMTS,COUNTERPART_COUNTRY,CL_IMTS_COUNTRY,TRUE,IOT,British Indian Ocean Territory,NA
IMTS,International Trade in Goods (by partner country) (IMTS),DSD_IMTS,COUNTERPART_COUNTRY,CL_IMTS_COUNTRY,TRUE,HMD,Heard Island and McDonald Islands,NA
IMTS,International Trade in Goods (by partner country) (IMTS),DSD_IMTS,COUNTERPART_COUNTRY,CL_IMTS_COUNTRY,TRUE,UMI,United States Minor Outlying Islands,NA
IMTS,International Trade in Goods (by partner country) (IMTS),DSD_IMTS,COUNTERPART_COUNTRY,CL_IMTS_COUNTRY,TRUE,GSAC,Southern African Customs Union (SACU),NA
IMTS,International Trade in Goods (by partner country) (IMTS),DSD_IMTS,FREQ,CL_FREQ,FALSE,A,Annual,NA
IMTS,International Trade in Goods (by partner country) (IMTS),DSD_IMTS,FREQ,CL_FREQ,FALSE,D,Daily,NA
IMTS,International Trade in Goods (by partner country) (IMTS),DSD_IMTS,FREQ,CL_FREQ,FALSE,M,Monthly,NA
IMTS,International Trade in Goods (by partner country) (IMTS),DSD_IMTS,FREQ,CL_FREQ,FALSE,Q,Quarterly,NA
IMTS,International Trade in Goods (by partner country) (IMTS),DSD_IMTS,FREQ,CL_FREQ,FALSE,S,"Half-yearly, semester",NA
IMTS,International Trade in Goods (by partner country) (IMTS),DSD_IMTS,FREQ,CL_FREQ,FALSE,W,Weekly,NA
IMTS,International Trade in Goods (by partner country) (IMTS),DSD_IMTS,FREQ,CL_FREQ,FALSE,A2,Biennial,NA
IMTS,International Trade in Goods (by partner country) (IMTS),DSD_IMTS,FREQ,CL_FREQ,FALSE,A3,Triennial,NA
IMTS,International Trade in Goods (by partner country) (IMTS),DSD_IMTS,FREQ,CL_FREQ,FALSE,A4,Quadrennial,NA
IMTS,International Trade in Goods (by partner country) (IMTS),DSD_IMTS,FREQ,CL_FREQ,FALSE,A5,Quinquennial,NA
IMTS,International Trade in Goods (by partner country) (IMTS),DSD_IMTS,FREQ,CL_FREQ,FALSE,A10,Decennial,NA
IMTS,International Trade in Goods (by partner country) (IMTS),DSD_IMTS,FREQ,CL_FREQ,FALSE,A20,Bidecennial,NA
IMTS,International Trade in Goods (by partner country) (IMTS),DSD_IMTS,FREQ,CL_FREQ,FALSE,A30,Tridecennial,NA
IMTS,International Trade in Goods (by partner country) (IMTS),DSD_IMTS,FREQ,CL_FREQ,FALSE,A_3,Three times a year,NA
IMTS,International Trade in Goods (by partner country) (IMTS),DSD_IMTS,FREQ,CL_FREQ,FALSE,M2,Bimonthly,NA
IMTS,International Trade in Goods (by partner country) (IMTS),DSD_IMTS,FREQ,CL_FREQ,FALSE,M_2,Semimonthly,NA
IMTS,International Trade in Goods (by partner country) (IMTS),DSD_IMTS,FREQ,CL_FREQ,FALSE,M_3,Three times a month,NA
IMTS,International Trade in Goods (by partner country) (IMTS),DSD_IMTS,FREQ,CL_FREQ,FALSE,W2,Biweekly,NA
IMTS,International Trade in Goods (by partner country) (IMTS),DSD_IMTS,FREQ,CL_FREQ,FALSE,W3,Triweekly,NA
IMTS,International Trade in Goods (by partner country) (IMTS),DSD_IMTS,FREQ,CL_FREQ,FALSE,W4,Four-weekly,NA
IMTS,International Trade in Goods (by partner country) (IMTS),DSD_IMTS,FREQ,CL_FREQ,FALSE,W_2,Semiweekly,NA
IMTS,International Trade in Goods (by partner country) (IMTS),DSD_IMTS,FREQ,CL_FREQ,FALSE,W_3,Three times a week,NA
IMTS,International Trade in Goods (by partner country) (IMTS),DSD_IMTS,FREQ,CL_FREQ,FALSE,D_2,Twice a day,NA
IMTS,International Trade in Goods (by partner country) (IMTS),DSD_IMTS,FREQ,CL_FREQ,FALSE,H,Hourly,NA
IMTS,International Trade in Goods (by partner country) (IMTS),DSD_IMTS,FREQ,CL_FREQ,FALSE,H2,Bihourly,NA
IMTS,International Trade in Goods (by partner country) (IMTS),DSD_IMTS,FREQ,CL_FREQ,FALSE,H3,Trihourly,NA
IMTS,International Trade in Goods (by partner country) (IMTS),DSD_IMTS,FREQ,CL_FREQ,FALSE,B,Daily – business week,NA
IMTS,International Trade in Goods (by partner country) (IMTS),DSD_IMTS,FREQ,CL_FREQ,FALSE,N,Minutely,NA
IMTS,International Trade in Goods (by partner country) (IMTS),DSD_IMTS,FREQ,CL_FREQ,FALSE,I,Irregular,NA
IMTS,International Trade in Goods (by partner country) (IMTS),DSD_IMTS,FREQ,CL_FREQ,FALSE,OA,Occasional annual,NA
IMTS,International Trade in Goods (by partner country) (IMTS),DSD_IMTS,FREQ,CL_FREQ,FALSE,OM,Occasional monthly,NA
IMTS,International Trade in Goods (by partner country) (IMTS),DSD_IMTS,FREQ,CL_FREQ,FALSE,_O,Other,NA
IMTS,International Trade in Goods (by partner country) (IMTS),DSD_IMTS,FREQ,CL_FREQ,FALSE,_U,Unspecified,NA
IMTS,International Trade in Goods (by partner country) (IMTS),DSD_IMTS,FREQ,CL_FREQ,FALSE,_Z,Not applicable,NA
IRFCL,International Reserves and Foreign Currency Liquidity (IRFCL),DSD_IRFCL_PUB,COUNTRY,CL_IRFCL_COUNTRY_PUB,FALSE,AFG,"Afghanistan, Islamic Republic of",NA
IRFCL,International Reserves and Foreign Currency Liquidity (IRFCL),DSD_IRFCL_PUB,COUNTRY,CL_IRFCL_COUNTRY_PUB,FALSE,ALB,Albania,NA
IRFCL,International Reserves and Foreign Currency Liquidity (IRFCL),DSD_IRFCL_PUB,COUNTRY,CL_IRFCL_COUNTRY_PUB,FALSE,DZA,Algeria,NA
IRFCL,International Reserves and Foreign Currency Liquidity (IRFCL),DSD_IRFCL_PUB,COUNTRY,CL_IRFCL_COUNTRY_PUB,FALSE,ASM,American Samoa,NA
IRFCL,International Reserves and Foreign Currency Liquidity (IRFCL),DSD_IRFCL_PUB,COUNTRY,CL_IRFCL_COUNTRY_PUB,FALSE,AND,"Andorra, Principality of",NA
IRFCL,International Reserves and Foreign Currency Liquidity (IRFCL),DSD_IRFCL_PUB,COUNTRY,CL_IRFCL_COUNTRY_PUB,FALSE,AGO,Angola,NA
IRFCL,International Reserves and Foreign Currency Liquidity (IRFCL),DSD_IRFCL_PUB,COUNTRY,CL_IRFCL_COUNTRY_PUB,FALSE,AIA,"Anguilla, United Kingdom-British Overseas Territory",NA
IRFCL,International Reserves and Foreign Currency Liquidity (IRFCL),DSD_IRFCL_PUB,COUNTRY,CL_IRFCL_COUNTRY_PUB,FALSE,ATG,Antigua and Barbuda,NA
IRFCL,International Reserves and Foreign Currency Liquidity (IRFCL),DSD_IRFCL_PUB,COUNTRY,CL_IRFCL_COUNTRY_PUB,FALSE,ARG,Argentina,NA
IRFCL,International Reserves and Foreign Currency Liquidity (IRFCL),DSD_IRFCL_PUB,COUNTRY,CL_IRFCL_COUNTRY_PUB,FALSE,ARM,"Armenia, Republic of",NA
IRFCL,International Reserves and Foreign Currency Liquidity (IRFCL),DSD_IRFCL_PUB,COUNTRY,CL_IRFCL_COUNTRY_PUB,FALSE,ABW,"Aruba, Kingdom of the Netherlands",NA
IRFCL,International Reserves and Foreign Currency Liquidity (IRFCL),DSD_IRFCL_PUB,COUNTRY,CL_IRFCL_COUNTRY_PUB,FALSE,AUS,Australia,NA
IRFCL,International Reserves and Foreign Currency Liquidity (IRFCL),DSD_IRFCL_PUB,COUNTRY,CL_IRFCL_COUNTRY_PUB,FALSE,AUT,Austria,NA
IRFCL,International Reserves and Foreign Currency Liquidity (IRFCL),DSD_IRFCL_PUB,COUNTRY,CL_IRFCL_COUNTRY_PUB,FALSE,AZE,"Azerbaijan, Republic of",NA
IRFCL,International Reserves and Foreign Currency Liquidity (IRFCL),DSD_IRFCL_PUB,COUNTRY,CL_IRFCL_COUNTRY_PUB,FALSE,BHS,"Bahamas, The",NA
IRFCL,International Reserves and Foreign Currency Liquidity (IRFCL),DSD_IRFCL_PUB,COUNTRY,CL_IRFCL_COUNTRY_PUB,FALSE,BHR,"Bahrain, Kingdom of",NA
IRFCL,International Reserves and Foreign Currency Liquidity (IRFCL),DSD_IRFCL_PUB,COUNTRY,CL_IRFCL_COUNTRY_PUB,FALSE,BGD,Bangladesh,NA
IRFCL,International Reserves and Foreign Currency Liquidity (IRFCL),DSD_IRFCL_PUB,COUNTRY,CL_IRFCL_COUNTRY_PUB,FALSE,BLR,"Belarus, Republic of",NA
IRFCL,International Reserves and Foreign Currency Liquidity (IRFCL),DSD_IRFCL_PUB,COUNTRY,CL_IRFCL_COUNTRY_PUB,FALSE,BEL,Belgium,NA
IRFCL,International Reserves and Foreign Currency Liquidity (IRFCL),DSD_IRFCL_PUB,COUNTRY,CL_IRFCL_COUNTRY_PUB,FALSE,BLZ,Belize,NA
IRFCL,International Reserves and Foreign Currency Liquidity (IRFCL),DSD_IRFCL_PUB,COUNTRY,CL_IRFCL_COUNTRY_PUB,FALSE,BEN,Benin,NA
IRFCL,International Reserves and Foreign Currency Liquidity (IRFCL),DSD_IRFCL_PUB,COUNTRY,CL_IRFCL_COUNTRY_PUB,FALSE,BMU,Bermuda,NA
IRFCL,International Reserves and Foreign Currency Liquidity (IRFCL),DSD_IRFCL_PUB,COUNTRY,CL_IRFCL_COUNTRY_PUB,FALSE,BTN,Bhutan,NA
IRFCL,International Reserves and Foreign Currency Liquidity (IRFCL),DSD_IRFCL_PUB,COUNTRY,CL_IRFCL_COUNTRY_PUB,FALSE,BOL,Bolivia,NA
IRFCL,International Reserves and Foreign Currency Liquidity (IRFCL),DSD_IRFCL_PUB,COUNTRY,CL_IRFCL_COUNTRY_PUB,FALSE,BIH,Bosnia and Herzegovina,NA
IRFCL,International Reserves and Foreign Currency Liquidity (IRFCL),DSD_IRFCL_PUB,COUNTRY,CL_IRFCL_COUNTRY_PUB,FALSE,BWA,Botswana,NA
IRFCL,International Reserves and Foreign Currency Liquidity (IRFCL),DSD_IRFCL_PUB,COUNTRY,CL_IRFCL_COUNTRY_PUB,FALSE,BRA,Brazil,NA
IRFCL,International Reserves and Foreign Currency Liquidity (IRFCL),DSD_IRFCL_PUB,COUNTRY,CL_IRFCL_COUNTRY_PUB,FALSE,VGB,British Virgin Islands,NA
IRFCL,International Reserves and Foreign Currency Liquidity (IRFCL),DSD_IRFCL_PUB,COUNTRY,CL_IRFCL_COUNTRY_PUB,FALSE,BRN,Brunei Darussalam,NA
IRFCL,International Reserves and Foreign Currency Liquidity (IRFCL),DSD_IRFCL_PUB,COUNTRY,CL_IRFCL_COUNTRY_PUB,FALSE,BGR,Bulgaria,NA
IRFCL,International Reserves and Foreign Currency Liquidity (IRFCL),DSD_IRFCL_PUB,COUNTRY,CL_IRFCL_COUNTRY_PUB,FALSE,BFA,Burkina Faso,NA
IRFCL,International Reserves and Foreign Currency Liquidity (IRFCL),DSD_IRFCL_PUB,COUNTRY,CL_IRFCL_COUNTRY_PUB,FALSE,BDI,Burundi,NA
IRFCL,International Reserves and Foreign Currency Liquidity (IRFCL),DSD_IRFCL_PUB,COUNTRY,CL_IRFCL_COUNTRY_PUB,FALSE,CPV,Cabo Verde,NA
IRFCL,International Reserves and Foreign Currency Liquidity (IRFCL),DSD_IRFCL_PUB,COUNTRY,CL_IRFCL_COUNTRY_PUB,FALSE,KHM,Cambodia,NA
IRFCL,International Reserves and Foreign Currency Liquidity (IRFCL),DSD_IRFCL_PUB,COUNTRY,CL_IRFCL_COUNTRY_PUB,FALSE,CMR,Cameroon,NA
IRFCL,International Reserves and Foreign Currency Liquidity (IRFCL),DSD_IRFCL_PUB,COUNTRY,CL_IRFCL_COUNTRY_PUB,FALSE,CAN,Canada,NA
IRFCL,International Reserves and Foreign Currency Liquidity (IRFCL),DSD_IRFCL_PUB,COUNTRY,CL_IRFCL_COUNTRY_PUB,FALSE,CYM,Cayman Islands,NA
IRFCL,International Reserves and Foreign Currency Liquidity (IRFCL),DSD_IRFCL_PUB,COUNTRY,CL_IRFCL_COUNTRY_PUB,FALSE,CAF,Central African Republic,NA
IRFCL,International Reserves and Foreign Currency Liquidity (IRFCL),DSD_IRFCL_PUB,COUNTRY,CL_IRFCL_COUNTRY_PUB,FALSE,TCD,Chad,NA
IRFCL,International Reserves and Foreign Currency Liquidity (IRFCL),DSD_IRFCL_PUB,COUNTRY,CL_IRFCL_COUNTRY_PUB,FALSE,CHL,Chile,NA
IRFCL,International Reserves and Foreign Currency Liquidity (IRFCL),DSD_IRFCL_PUB,COUNTRY,CL_IRFCL_COUNTRY_PUB,FALSE,CHN,"China, People's Republic of",NA
IRFCL,International Reserves and Foreign Currency Liquidity (IRFCL),DSD_IRFCL_PUB,COUNTRY,CL_IRFCL_COUNTRY_PUB,FALSE,COL,Colombia,NA
IRFCL,International Reserves and Foreign Currency Liquidity (IRFCL),DSD_IRFCL_PUB,COUNTRY,CL_IRFCL_COUNTRY_PUB,FALSE,COM,"Comoros, Union of the",NA
IRFCL,International Reserves and Foreign Currency Liquidity (IRFCL),DSD_IRFCL_PUB,COUNTRY,CL_IRFCL_COUNTRY_PUB,FALSE,COD,"Congo, Democratic Republic of the",NA
IRFCL,International Reserves and Foreign Currency Liquidity (IRFCL),DSD_IRFCL_PUB,COUNTRY,CL_IRFCL_COUNTRY_PUB,FALSE,COG,"Congo, Republic of",NA
IRFCL,International Reserves and Foreign Currency Liquidity (IRFCL),DSD_IRFCL_PUB,COUNTRY,CL_IRFCL_COUNTRY_PUB,FALSE,COK,Cook Islands,NA
IRFCL,International Reserves and Foreign Currency Liquidity (IRFCL),DSD_IRFCL_PUB,COUNTRY,CL_IRFCL_COUNTRY_PUB,FALSE,CRI,Costa Rica,NA
IRFCL,International Reserves and Foreign Currency Liquidity (IRFCL),DSD_IRFCL_PUB,COUNTRY,CL_IRFCL_COUNTRY_PUB,FALSE,HRV,"Croatia, Republic of",NA
IRFCL,International Reserves and Foreign Currency Liquidity (IRFCL),DSD_IRFCL_PUB,COUNTRY,CL_IRFCL_COUNTRY_PUB,FALSE,CUB,Cuba,NA
IRFCL,International Reserves and Foreign Currency Liquidity (IRFCL),DSD_IRFCL_PUB,COUNTRY,CL_IRFCL_COUNTRY_PUB,FALSE,CUW,"Curaçao, Kingdom of the Netherlands",NA
IRFCL,International Reserves and Foreign Currency Liquidity (IRFCL),DSD_IRFCL_PUB,COUNTRY,CL_IRFCL_COUNTRY_PUB,FALSE,CYP,Cyprus,NA
IRFCL,International Reserves and Foreign Currency Liquidity (IRFCL),DSD_IRFCL_PUB,COUNTRY,CL_IRFCL_COUNTRY_PUB,FALSE,CZE,Czech Republic,NA
IRFCL,International Reserves and Foreign Currency Liquidity (IRFCL),DSD_IRFCL_PUB,COUNTRY,CL_IRFCL_COUNTRY_PUB,FALSE,CIV,Côte d'Ivoire,NA
IRFCL,International Reserves and Foreign Currency Liquidity (IRFCL),DSD_IRFCL_PUB,COUNTRY,CL_IRFCL_COUNTRY_PUB,FALSE,DNK,Denmark,NA
IRFCL,International Reserves and Foreign Currency Liquidity (IRFCL),DSD_IRFCL_PUB,COUNTRY,CL_IRFCL_COUNTRY_PUB,FALSE,DJI,Djibouti,NA
IRFCL,International Reserves and Foreign Currency Liquidity (IRFCL),DSD_IRFCL_PUB,COUNTRY,CL_IRFCL_COUNTRY_PUB,FALSE,DMA,Dominica,NA
IRFCL,International Reserves and Foreign Currency Liquidity (IRFCL),DSD_IRFCL_PUB,COUNTRY,CL_IRFCL_COUNTRY_PUB,FALSE,DOM,Dominican Republic,NA
IRFCL,International Reserves and Foreign Currency Liquidity (IRFCL),DSD_IRFCL_PUB,COUNTRY,CL_IRFCL_COUNTRY_PUB,FALSE,ECU,Ecuador,NA
IRFCL,International Reserves and Foreign Currency Liquidity (IRFCL),DSD_IRFCL_PUB,COUNTRY,CL_IRFCL_COUNTRY_PUB,FALSE,EGY,"Egypt, Arab Republic of",NA
IRFCL,International Reserves and Foreign Currency Liquidity (IRFCL),DSD_IRFCL_PUB,COUNTRY,CL_IRFCL_COUNTRY_PUB,FALSE,SLV,El Salvador,NA
IRFCL,International Reserves and Foreign Currency Liquidity (IRFCL),DSD_IRFCL_PUB,COUNTRY,CL_IRFCL_COUNTRY_PUB,FALSE,GNQ,"Equatorial Guinea, Republic of",NA
IRFCL,International Reserves and Foreign Currency Liquidity (IRFCL),DSD_IRFCL_PUB,COUNTRY,CL_IRFCL_COUNTRY_PUB,FALSE,ERI,"Eritrea, The State of",NA
IRFCL,International Reserves and Foreign Currency Liquidity (IRFCL),DSD_IRFCL_PUB,COUNTRY,CL_IRFCL_COUNTRY_PUB,FALSE,EST,"Estonia, Republic of",NA
IRFCL,International Reserves and Foreign Currency Liquidity (IRFCL),DSD_IRFCL_PUB,COUNTRY,CL_IRFCL_COUNTRY_PUB,FALSE,SWZ,"Eswatini, Kingdom of",NA
IRFCL,International Reserves and Foreign Currency Liquidity (IRFCL),DSD_IRFCL_PUB,COUNTRY,CL_IRFCL_COUNTRY_PUB,FALSE,ETH,"Ethiopia, The Federal Democratic Republic of",NA
IRFCL,International Reserves and Foreign Currency Liquidity (IRFCL),DSD_IRFCL_PUB,COUNTRY,CL_IRFCL_COUNTRY_PUB,FALSE,FLK,Falkland Islands (Malvinas),NA
IRFCL,International Reserves and Foreign Currency Liquidity (IRFCL),DSD_IRFCL_PUB,COUNTRY,CL_IRFCL_COUNTRY_PUB,FALSE,FRO,Faroe Islands,NA
IRFCL,International Reserves and Foreign Currency Liquidity (IRFCL),DSD_IRFCL_PUB,COUNTRY,CL_IRFCL_COUNTRY_PUB,FALSE,FJI,"Fiji, Republic of",NA
IRFCL,International Reserves and Foreign Currency Liquidity (IRFCL),DSD_IRFCL_PUB,COUNTRY,CL_IRFCL_COUNTRY_PUB,FALSE,FIN,Finland,NA
IRFCL,International Reserves and Foreign Currency Liquidity (IRFCL),DSD_IRFCL_PUB,COUNTRY,CL_IRFCL_COUNTRY_PUB,FALSE,FRA,France,NA
IRFCL,International Reserves and Foreign Currency Liquidity (IRFCL),DSD_IRFCL_PUB,COUNTRY,CL_IRFCL_COUNTRY_PUB,FALSE,GUF,French Guiana,NA
IRFCL,International Reserves and Foreign Currency Liquidity (IRFCL),DSD_IRFCL_PUB,COUNTRY,CL_IRFCL_COUNTRY_PUB,FALSE,PYF,French Polynesia,NA
IRFCL,International Reserves and Foreign Currency Liquidity (IRFCL),DSD_IRFCL_PUB,COUNTRY,CL_IRFCL_COUNTRY_PUB,FALSE,GAB,Gabon,NA
IRFCL,International Reserves and Foreign Currency Liquidity (IRFCL),DSD_IRFCL_PUB,COUNTRY,CL_IRFCL_COUNTRY_PUB,FALSE,GMB,"Gambia, The",NA
IRFCL,International Reserves and Foreign Currency Liquidity (IRFCL),DSD_IRFCL_PUB,COUNTRY,CL_IRFCL_COUNTRY_PUB,FALSE,GEO,Georgia,NA
IRFCL,International Reserves and Foreign Currency Liquidity (IRFCL),DSD_IRFCL_PUB,COUNTRY,CL_IRFCL_COUNTRY_PUB,FALSE,DEU,Germany,NA
IRFCL,International Reserves and Foreign Currency Liquidity (IRFCL),DSD_IRFCL_PUB,COUNTRY,CL_IRFCL_COUNTRY_PUB,FALSE,GHA,Ghana,NA
IRFCL,International Reserves and Foreign Currency Liquidity (IRFCL),DSD_IRFCL_PUB,COUNTRY,CL_IRFCL_COUNTRY_PUB,FALSE,GIB,Gibraltar,NA
IRFCL,International Reserves and Foreign Currency Liquidity (IRFCL),DSD_IRFCL_PUB,COUNTRY,CL_IRFCL_COUNTRY_PUB,FALSE,GRC,Greece,NA
IRFCL,International Reserves and Foreign Currency Liquidity (IRFCL),DSD_IRFCL_PUB,COUNTRY,CL_IRFCL_COUNTRY_PUB,FALSE,GRL,Greenland,NA
IRFCL,International Reserves and Foreign Currency Liquidity (IRFCL),DSD_IRFCL_PUB,COUNTRY,CL_IRFCL_COUNTRY_PUB,FALSE,GRD,Grenada,NA
IRFCL,International Reserves and Foreign Currency Liquidity (IRFCL),DSD_IRFCL_PUB,COUNTRY,CL_IRFCL_COUNTRY_PUB,FALSE,GLP,Guadeloupe,NA
IRFCL,International Reserves and Foreign Currency Liquidity (IRFCL),DSD_IRFCL_PUB,COUNTRY,CL_IRFCL_COUNTRY_PUB,FALSE,GUM,Guam,NA
IRFCL,International Reserves and Foreign Currency Liquidity (IRFCL),DSD_IRFCL_PUB,COUNTRY,CL_IRFCL_COUNTRY_PUB,FALSE,GTM,Guatemala,NA
IRFCL,International Reserves and Foreign Currency Liquidity (IRFCL),DSD_IRFCL_PUB,COUNTRY,CL_IRFCL_COUNTRY_PUB,FALSE,GGY,Guernsey,NA
IRFCL,International Reserves and Foreign Currency Liquidity (IRFCL),DSD_IRFCL_PUB,COUNTRY,CL_IRFCL_COUNTRY_PUB,FALSE,GIN,Guinea,NA
IRFCL,International Reserves and Foreign Currency Liquidity (IRFCL),DSD_IRFCL_PUB,COUNTRY,CL_IRFCL_COUNTRY_PUB,FALSE,GNB,Guinea-Bissau,NA
IRFCL,International Reserves and Foreign Currency Liquidity (IRFCL),DSD_IRFCL_PUB,COUNTRY,CL_IRFCL_COUNTRY_PUB,FALSE,GUY,Guyana,NA
IRFCL,International Reserves and Foreign Currency Liquidity (IRFCL),DSD_IRFCL_PUB,COUNTRY,CL_IRFCL_COUNTRY_PUB,FALSE,HTI,Haiti,NA
IRFCL,International Reserves and Foreign Currency Liquidity (IRFCL),DSD_IRFCL_PUB,COUNTRY,CL_IRFCL_COUNTRY_PUB,FALSE,VAT,Holy See,NA
IRFCL,International Reserves and Foreign Currency Liquidity (IRFCL),DSD_IRFCL_PUB,COUNTRY,CL_IRFCL_COUNTRY_PUB,FALSE,HND,Honduras,NA
IRFCL,International Reserves and Foreign Currency Liquidity (IRFCL),DSD_IRFCL_PUB,COUNTRY,CL_IRFCL_COUNTRY_PUB,FALSE,HKG,"Hong Kong Special Administrative Region, People's Republic of China",NA
IRFCL,International Reserves and Foreign Currency Liquidity (IRFCL),DSD_IRFCL_PUB,COUNTRY,CL_IRFCL_COUNTRY_PUB,FALSE,HUN,Hungary,NA
IRFCL,International Reserves and Foreign Currency Liquidity (IRFCL),DSD_IRFCL_PUB,COUNTRY,CL_IRFCL_COUNTRY_PUB,FALSE,ISL,Iceland,NA
IRFCL,International Reserves and Foreign Currency Liquidity (IRFCL),DSD_IRFCL_PUB,COUNTRY,CL_IRFCL_COUNTRY_PUB,FALSE,IND,India,NA
IRFCL,International Reserves and Foreign Currency Liquidity (IRFCL),DSD_IRFCL_PUB,COUNTRY,CL_IRFCL_COUNTRY_PUB,FALSE,IDN,Indonesia,NA
IRFCL,International Reserves and Foreign Currency Liquidity (IRFCL),DSD_IRFCL_PUB,COUNTRY,CL_IRFCL_COUNTRY_PUB,FALSE,IRN,"Iran, Islamic Republic of",NA
IRFCL,International Reserves and Foreign Currency Liquidity (IRFCL),DSD_IRFCL_PUB,COUNTRY,CL_IRFCL_COUNTRY_PUB,FALSE,IRQ,Iraq,NA
IRFCL,International Reserves and Foreign Currency Liquidity (IRFCL),DSD_IRFCL_PUB,COUNTRY,CL_IRFCL_COUNTRY_PUB,FALSE,IRL,Ireland,NA
IRFCL,International Reserves and Foreign Currency Liquidity (IRFCL),DSD_IRFCL_PUB,COUNTRY,CL_IRFCL_COUNTRY_PUB,FALSE,IMN,Isle of Man,NA
IRFCL,International Reserves and Foreign Currency Liquidity (IRFCL),DSD_IRFCL_PUB,COUNTRY,CL_IRFCL_COUNTRY_PUB,FALSE,ISR,Israel,NA
IRFCL,International Reserves and Foreign Currency Liquidity (IRFCL),DSD_IRFCL_PUB,COUNTRY,CL_IRFCL_COUNTRY_PUB,FALSE,ITA,Italy,NA
IRFCL,International Reserves and Foreign Currency Liquidity (IRFCL),DSD_IRFCL_PUB,COUNTRY,CL_IRFCL_COUNTRY_PUB,FALSE,JAM,Jamaica,NA
IRFCL,International Reserves and Foreign Currency Liquidity (IRFCL),DSD_IRFCL_PUB,COUNTRY,CL_IRFCL_COUNTRY_PUB,FALSE,JPN,Japan,NA
IRFCL,International Reserves and Foreign Currency Liquidity (IRFCL),DSD_IRFCL_PUB,COUNTRY,CL_IRFCL_COUNTRY_PUB,FALSE,JEY,Jersey,NA
IRFCL,International Reserves and Foreign Currency Liquidity (IRFCL),DSD_IRFCL_PUB,COUNTRY,CL_IRFCL_COUNTRY_PUB,FALSE,JOR,Jordan,NA
IRFCL,International Reserves and Foreign Currency Liquidity (IRFCL),DSD_IRFCL_PUB,COUNTRY,CL_IRFCL_COUNTRY_PUB,FALSE,KAZ,"Kazakhstan, Republic of",NA
IRFCL,International Reserves and Foreign Currency Liquidity (IRFCL),DSD_IRFCL_PUB,COUNTRY,CL_IRFCL_COUNTRY_PUB,FALSE,KEN,Kenya,NA
IRFCL,International Reserves and Foreign Currency Liquidity (IRFCL),DSD_IRFCL_PUB,COUNTRY,CL_IRFCL_COUNTRY_PUB,FALSE,KIR,Kiribati,NA
IRFCL,International Reserves and Foreign Currency Liquidity (IRFCL),DSD_IRFCL_PUB,COUNTRY,CL_IRFCL_COUNTRY_PUB,FALSE,PRK,"Korea, Democratic People's Republic of",NA
IRFCL,International Reserves and Foreign Currency Liquidity (IRFCL),DSD_IRFCL_PUB,COUNTRY,CL_IRFCL_COUNTRY_PUB,FALSE,KOR,"Korea, Republic of",NA
IRFCL,International Reserves and Foreign Currency Liquidity (IRFCL),DSD_IRFCL_PUB,COUNTRY,CL_IRFCL_COUNTRY_PUB,FALSE,KOS,"Kosovo, Republic of",NA
IRFCL,International Reserves and Foreign Currency Liquidity (IRFCL),DSD_IRFCL_PUB,COUNTRY,CL_IRFCL_COUNTRY_PUB,FALSE,KWT,Kuwait,NA
IRFCL,International Reserves and Foreign Currency Liquidity (IRFCL),DSD_IRFCL_PUB,COUNTRY,CL_IRFCL_COUNTRY_PUB,FALSE,KGZ,Kyrgyz Republic,NA
IRFCL,International Reserves and Foreign Currency Liquidity (IRFCL),DSD_IRFCL_PUB,COUNTRY,CL_IRFCL_COUNTRY_PUB,FALSE,LAO,Lao People's Democratic Republic,NA
IRFCL,International Reserves and Foreign Currency Liquidity (IRFCL),DSD_IRFCL_PUB,COUNTRY,CL_IRFCL_COUNTRY_PUB,FALSE,LVA,"Latvia, Republic of",NA
IRFCL,International Reserves and Foreign Currency Liquidity (IRFCL),DSD_IRFCL_PUB,COUNTRY,CL_IRFCL_COUNTRY_PUB,FALSE,LBN,Lebanon,NA
IRFCL,International Reserves and Foreign Currency Liquidity (IRFCL),DSD_IRFCL_PUB,COUNTRY,CL_IRFCL_COUNTRY_PUB,FALSE,LSO,"Lesotho, Kingdom of",NA
IRFCL,International Reserves and Foreign Currency Liquidity (IRFCL),DSD_IRFCL_PUB,COUNTRY,CL_IRFCL_COUNTRY_PUB,FALSE,LBR,Liberia,NA
IRFCL,International Reserves and Foreign Currency Liquidity (IRFCL),DSD_IRFCL_PUB,COUNTRY,CL_IRFCL_COUNTRY_PUB,FALSE,LBY,Libya,NA
IRFCL,International Reserves and Foreign Currency Liquidity (IRFCL),DSD_IRFCL_PUB,COUNTRY,CL_IRFCL_COUNTRY_PUB,FALSE,LIE,"Liechtenstein, Principality of",NA
IRFCL,International Reserves and Foreign Currency Liquidity (IRFCL),DSD_IRFCL_PUB,COUNTRY,CL_IRFCL_COUNTRY_PUB,FALSE,LTU,"Lithuania, Republic of",NA
IRFCL,International Reserves and Foreign Currency Liquidity (IRFCL),DSD_IRFCL_PUB,COUNTRY,CL_IRFCL_COUNTRY_PUB,FALSE,LUX,Luxembourg,NA
IRFCL,International Reserves and Foreign Currency Liquidity (IRFCL),DSD_IRFCL_PUB,COUNTRY,CL_IRFCL_COUNTRY_PUB,FALSE,MAC,"Macao Special Administrative Region, People's Republic of China",NA
IRFCL,International Reserves and Foreign Currency Liquidity (IRFCL),DSD_IRFCL_PUB,COUNTRY,CL_IRFCL_COUNTRY_PUB,FALSE,MDG,"Madagascar, Republic of",NA
IRFCL,International Reserves and Foreign Currency Liquidity (IRFCL),DSD_IRFCL_PUB,COUNTRY,CL_IRFCL_COUNTRY_PUB,FALSE,MWI,Malawi,NA
IRFCL,International Reserves and Foreign Currency Liquidity (IRFCL),DSD_IRFCL_PUB,COUNTRY,CL_IRFCL_COUNTRY_PUB,FALSE,MYS,Malaysia,NA
IRFCL,International Reserves and Foreign Currency Liquidity (IRFCL),DSD_IRFCL_PUB,COUNTRY,CL_IRFCL_COUNTRY_PUB,FALSE,MDV,Maldives,NA
IRFCL,International Reserves and Foreign Currency Liquidity (IRFCL),DSD_IRFCL_PUB,COUNTRY,CL_IRFCL_COUNTRY_PUB,FALSE,MLI,Mali,NA
IRFCL,International Reserves and Foreign Currency Liquidity (IRFCL),DSD_IRFCL_PUB,COUNTRY,CL_IRFCL_COUNTRY_PUB,FALSE,MLT,Malta,NA
IRFCL,International Reserves and Foreign Currency Liquidity (IRFCL),DSD_IRFCL_PUB,COUNTRY,CL_IRFCL_COUNTRY_PUB,FALSE,MHL,"Marshall Islands, Republic of the",NA
IRFCL,International Reserves and Foreign Currency Liquidity (IRFCL),DSD_IRFCL_PUB,COUNTRY,CL_IRFCL_COUNTRY_PUB,FALSE,MTQ,Martinique,NA
IRFCL,International Reserves and Foreign Currency Liquidity (IRFCL),DSD_IRFCL_PUB,COUNTRY,CL_IRFCL_COUNTRY_PUB,FALSE,MRT,"Mauritania, Islamic Republic of",NA
IRFCL,International Reserves and Foreign Currency Liquidity (IRFCL),DSD_IRFCL_PUB,COUNTRY,CL_IRFCL_COUNTRY_PUB,FALSE,MUS,Mauritius,NA
IRFCL,International Reserves and Foreign Currency Liquidity (IRFCL),DSD_IRFCL_PUB,COUNTRY,CL_IRFCL_COUNTRY_PUB,FALSE,MYT,Mayotte,NA
IRFCL,International Reserves and Foreign Currency Liquidity (IRFCL),DSD_IRFCL_PUB,COUNTRY,CL_IRFCL_COUNTRY_PUB,FALSE,MEX,Mexico,NA
IRFCL,International Reserves and Foreign Currency Liquidity (IRFCL),DSD_IRFCL_PUB,COUNTRY,CL_IRFCL_COUNTRY_PUB,FALSE,FSM,"Micronesia, Federated States of",NA
IRFCL,International Reserves and Foreign Currency Liquidity (IRFCL),DSD_IRFCL_PUB,COUNTRY,CL_IRFCL_COUNTRY_PUB,FALSE,MDA,"Moldova, Republic of",NA
IRFCL,International Reserves and Foreign Currency Liquidity (IRFCL),DSD_IRFCL_PUB,COUNTRY,CL_IRFCL_COUNTRY_PUB,FALSE,MCO,Monaco,NA
IRFCL,International Reserves and Foreign Currency Liquidity (IRFCL),DSD_IRFCL_PUB,COUNTRY,CL_IRFCL_COUNTRY_PUB,FALSE,MNG,Mongolia,NA
IRFCL,International Reserves and Foreign Currency Liquidity (IRFCL),DSD_IRFCL_PUB,COUNTRY,CL_IRFCL_COUNTRY_PUB,FALSE,MNE,Montenegro,NA
IRFCL,International Reserves and Foreign Currency Liquidity (IRFCL),DSD_IRFCL_PUB,COUNTRY,CL_IRFCL_COUNTRY_PUB,FALSE,MSR,"Montserrat, United Kingdom-British Overseas Territory",NA
IRFCL,International Reserves and Foreign Currency Liquidity (IRFCL),DSD_IRFCL_PUB,COUNTRY,CL_IRFCL_COUNTRY_PUB,FALSE,MAR,Morocco,NA
IRFCL,International Reserves and Foreign Currency Liquidity (IRFCL),DSD_IRFCL_PUB,COUNTRY,CL_IRFCL_COUNTRY_PUB,FALSE,MOZ,"Mozambique, Republic of",NA
IRFCL,International Reserves and Foreign Currency Liquidity (IRFCL),DSD_IRFCL_PUB,COUNTRY,CL_IRFCL_COUNTRY_PUB,FALSE,MMR,Myanmar,NA
IRFCL,International Reserves and Foreign Currency Liquidity (IRFCL),DSD_IRFCL_PUB,COUNTRY,CL_IRFCL_COUNTRY_PUB,FALSE,NAM,Namibia,NA
IRFCL,International Reserves and Foreign Currency Liquidity (IRFCL),DSD_IRFCL_PUB,COUNTRY,CL_IRFCL_COUNTRY_PUB,FALSE,NRU,"Nauru, Republic of",NA
IRFCL,International Reserves and Foreign Currency Liquidity (IRFCL),DSD_IRFCL_PUB,COUNTRY,CL_IRFCL_COUNTRY_PUB,FALSE,NPL,Nepal,NA
IRFCL,International Reserves and Foreign Currency Liquidity (IRFCL),DSD_IRFCL_PUB,COUNTRY,CL_IRFCL_COUNTRY_PUB,FALSE,NLD,"Netherlands, The",NA
IRFCL,International Reserves and Foreign Currency Liquidity (IRFCL),DSD_IRFCL_PUB,COUNTRY,CL_IRFCL_COUNTRY_PUB,FALSE,NCL,New Caledonia,NA
IRFCL,International Reserves and Foreign Currency Liquidity (IRFCL),DSD_IRFCL_PUB,COUNTRY,CL_IRFCL_COUNTRY_PUB,FALSE,NZL,New Zealand,NA
IRFCL,International Reserves and Foreign Currency Liquidity (IRFCL),DSD_IRFCL_PUB,COUNTRY,CL_IRFCL_COUNTRY_PUB,FALSE,NIC,Nicaragua,NA
IRFCL,International Reserves and Foreign Currency Liquidity (IRFCL),DSD_IRFCL_PUB,COUNTRY,CL_IRFCL_COUNTRY_PUB,FALSE,NER,Niger,NA
IRFCL,International Reserves and Foreign Currency Liquidity (IRFCL),DSD_IRFCL_PUB,COUNTRY,CL_IRFCL_COUNTRY_PUB,FALSE,NGA,Nigeria,NA
IRFCL,International Reserves and Foreign Currency Liquidity (IRFCL),DSD_IRFCL_PUB,COUNTRY,CL_IRFCL_COUNTRY_PUB,FALSE,NIU,Niue,NA
IRFCL,International Reserves and Foreign Currency Liquidity (IRFCL),DSD_IRFCL_PUB,COUNTRY,CL_IRFCL_COUNTRY_PUB,FALSE,NFK,Norfolk Island,NA
IRFCL,International Reserves and Foreign Currency Liquidity (IRFCL),DSD_IRFCL_PUB,COUNTRY,CL_IRFCL_COUNTRY_PUB,FALSE,MKD,"North Macedonia, Republic of",NA
IRFCL,International Reserves and Foreign Currency Liquidity (IRFCL),DSD_IRFCL_PUB,COUNTRY,CL_IRFCL_COUNTRY_PUB,FALSE,MNP,Northern Mariana Islands,NA
IRFCL,International Reserves and Foreign Currency Liquidity (IRFCL),DSD_IRFCL_PUB,COUNTRY,CL_IRFCL_COUNTRY_PUB,FALSE,NOR,Norway,NA
IRFCL,International Reserves and Foreign Currency Liquidity (IRFCL),DSD_IRFCL_PUB,COUNTRY,CL_IRFCL_COUNTRY_PUB,FALSE,OMN,Oman,NA
IRFCL,International Reserves and Foreign Currency Liquidity (IRFCL),DSD_IRFCL_PUB,COUNTRY,CL_IRFCL_COUNTRY_PUB,FALSE,PAK,Pakistan,NA
IRFCL,International Reserves and Foreign Currency Liquidity (IRFCL),DSD_IRFCL_PUB,COUNTRY,CL_IRFCL_COUNTRY_PUB,FALSE,PLW,"Palau, Republic of",NA
IRFCL,International Reserves and Foreign Currency Liquidity (IRFCL),DSD_IRFCL_PUB,COUNTRY,CL_IRFCL_COUNTRY_PUB,FALSE,PAN,Panama,NA
IRFCL,International Reserves and Foreign Currency Liquidity (IRFCL),DSD_IRFCL_PUB,COUNTRY,CL_IRFCL_COUNTRY_PUB,FALSE,PRY,Paraguay,NA
IRFCL,International Reserves and Foreign Currency Liquidity (IRFCL),DSD_IRFCL_PUB,COUNTRY,CL_IRFCL_COUNTRY_PUB,FALSE,PER,Peru,NA
IRFCL,International Reserves and Foreign Currency Liquidity (IRFCL),DSD_IRFCL_PUB,COUNTRY,CL_IRFCL_COUNTRY_PUB,FALSE,PHL,Philippines,NA
IRFCL,International Reserves and Foreign Currency Liquidity (IRFCL),DSD_IRFCL_PUB,COUNTRY,CL_IRFCL_COUNTRY_PUB,FALSE,PCN,Pitcairn Islands,NA
IRFCL,International Reserves and Foreign Currency Liquidity (IRFCL),DSD_IRFCL_PUB,COUNTRY,CL_IRFCL_COUNTRY_PUB,FALSE,POL,"Poland, Republic of",NA
IRFCL,International Reserves and Foreign Currency Liquidity (IRFCL),DSD_IRFCL_PUB,COUNTRY,CL_IRFCL_COUNTRY_PUB,FALSE,PRT,Portugal,NA
IRFCL,International Reserves and Foreign Currency Liquidity (IRFCL),DSD_IRFCL_PUB,COUNTRY,CL_IRFCL_COUNTRY_PUB,FALSE,PRI,Puerto Rico,NA
IRFCL,International Reserves and Foreign Currency Liquidity (IRFCL),DSD_IRFCL_PUB,COUNTRY,CL_IRFCL_COUNTRY_PUB,FALSE,QAT,Qatar,NA
IRFCL,International Reserves and Foreign Currency Liquidity (IRFCL),DSD_IRFCL_PUB,COUNTRY,CL_IRFCL_COUNTRY_PUB,FALSE,ROU,Romania,NA
IRFCL,International Reserves and Foreign Currency Liquidity (IRFCL),DSD_IRFCL_PUB,COUNTRY,CL_IRFCL_COUNTRY_PUB,FALSE,RUS,Russian Federation,NA
IRFCL,International Reserves and Foreign Currency Liquidity (IRFCL),DSD_IRFCL_PUB,COUNTRY,CL_IRFCL_COUNTRY_PUB,FALSE,RWA,Rwanda,NA
IRFCL,International Reserves and Foreign Currency Liquidity (IRFCL),DSD_IRFCL_PUB,COUNTRY,CL_IRFCL_COUNTRY_PUB,FALSE,REU,Réunion,NA
IRFCL,International Reserves and Foreign Currency Liquidity (IRFCL),DSD_IRFCL_PUB,COUNTRY,CL_IRFCL_COUNTRY_PUB,FALSE,WSM,Samoa,NA
IRFCL,International Reserves and Foreign Currency Liquidity (IRFCL),DSD_IRFCL_PUB,COUNTRY,CL_IRFCL_COUNTRY_PUB,FALSE,SMR,"San Marino, Republic of",NA
IRFCL,International Reserves and Foreign Currency Liquidity (IRFCL),DSD_IRFCL_PUB,COUNTRY,CL_IRFCL_COUNTRY_PUB,FALSE,SAU,Saudi Arabia,NA
IRFCL,International Reserves and Foreign Currency Liquidity (IRFCL),DSD_IRFCL_PUB,COUNTRY,CL_IRFCL_COUNTRY_PUB,FALSE,SEN,Senegal,NA
IRFCL,International Reserves and Foreign Currency Liquidity (IRFCL),DSD_IRFCL_PUB,COUNTRY,CL_IRFCL_COUNTRY_PUB,FALSE,SRB,"Serbia, Republic of",NA
IRFCL,International Reserves and Foreign Currency Liquidity (IRFCL),DSD_IRFCL_PUB,COUNTRY,CL_IRFCL_COUNTRY_PUB,FALSE,SYC,Seychelles,NA
IRFCL,International Reserves and Foreign Currency Liquidity (IRFCL),DSD_IRFCL_PUB,COUNTRY,CL_IRFCL_COUNTRY_PUB,FALSE,SLE,Sierra Leone,NA
IRFCL,International Reserves and Foreign Currency Liquidity (IRFCL),DSD_IRFCL_PUB,COUNTRY,CL_IRFCL_COUNTRY_PUB,FALSE,SGP,Singapore,NA
IRFCL,International Reserves and Foreign Currency Liquidity (IRFCL),DSD_IRFCL_PUB,COUNTRY,CL_IRFCL_COUNTRY_PUB,FALSE,SXM,"Sint Maarten, Kingdom of the Netherlands",NA
IRFCL,International Reserves and Foreign Currency Liquidity (IRFCL),DSD_IRFCL_PUB,COUNTRY,CL_IRFCL_COUNTRY_PUB,FALSE,SVK,Slovak Republic,NA
IRFCL,International Reserves and Foreign Currency Liquidity (IRFCL),DSD_IRFCL_PUB,COUNTRY,CL_IRFCL_COUNTRY_PUB,FALSE,SVN,"Slovenia, Republic of",NA
IRFCL,International Reserves and Foreign Currency Liquidity (IRFCL),DSD_IRFCL_PUB,COUNTRY,CL_IRFCL_COUNTRY_PUB,FALSE,SLB,Solomon Islands,NA
IRFCL,International Reserves and Foreign Currency Liquidity (IRFCL),DSD_IRFCL_PUB,COUNTRY,CL_IRFCL_COUNTRY_PUB,FALSE,SOM,Somalia,NA
IRFCL,International Reserves and Foreign Currency Liquidity (IRFCL),DSD_IRFCL_PUB,COUNTRY,CL_IRFCL_COUNTRY_PUB,FALSE,ZAF,South Africa,NA
IRFCL,International Reserves and Foreign Currency Liquidity (IRFCL),DSD_IRFCL_PUB,COUNTRY,CL_IRFCL_COUNTRY_PUB,FALSE,SSD,"South Sudan, Republic of",NA
IRFCL,International Reserves and Foreign Currency Liquidity (IRFCL),DSD_IRFCL_PUB,COUNTRY,CL_IRFCL_COUNTRY_PUB,FALSE,ESP,Spain,NA
IRFCL,International Reserves and Foreign Currency Liquidity (IRFCL),DSD_IRFCL_PUB,COUNTRY,CL_IRFCL_COUNTRY_PUB,FALSE,LKA,Sri Lanka,NA
IRFCL,International Reserves and Foreign Currency Liquidity (IRFCL),DSD_IRFCL_PUB,COUNTRY,CL_IRFCL_COUNTRY_PUB,FALSE,SHN,St. Helena,NA
IRFCL,International Reserves and Foreign Currency Liquidity (IRFCL),DSD_IRFCL_PUB,COUNTRY,CL_IRFCL_COUNTRY_PUB,FALSE,KNA,St. Kitts and Nevis,NA
IRFCL,International Reserves and Foreign Currency Liquidity (IRFCL),DSD_IRFCL_PUB,COUNTRY,CL_IRFCL_COUNTRY_PUB,FALSE,LCA,St. Lucia,NA
IRFCL,International Reserves and Foreign Currency Liquidity (IRFCL),DSD_IRFCL_PUB,COUNTRY,CL_IRFCL_COUNTRY_PUB,FALSE,SPM,St. Pierre and Miquelon,NA
IRFCL,International Reserves and Foreign Currency Liquidity (IRFCL),DSD_IRFCL_PUB,COUNTRY,CL_IRFCL_COUNTRY_PUB,FALSE,VCT,St. Vincent and the Grenadines,NA
IRFCL,International Reserves and Foreign Currency Liquidity (IRFCL),DSD_IRFCL_PUB,COUNTRY,CL_IRFCL_COUNTRY_PUB,FALSE,SDN,Sudan,NA
IRFCL,International Reserves and Foreign Currency Liquidity (IRFCL),DSD_IRFCL_PUB,COUNTRY,CL_IRFCL_COUNTRY_PUB,FALSE,SUR,Suriname,NA
IRFCL,International Reserves and Foreign Currency Liquidity (IRFCL),DSD_IRFCL_PUB,COUNTRY,CL_IRFCL_COUNTRY_PUB,FALSE,SJM,Svalbard and Jan Mayen Islands,NA
IRFCL,International Reserves and Foreign Currency Liquidity (IRFCL),DSD_IRFCL_PUB,COUNTRY,CL_IRFCL_COUNTRY_PUB,FALSE,SWE,Sweden,NA
IRFCL,International Reserves and Foreign Currency Liquidity (IRFCL),DSD_IRFCL_PUB,COUNTRY,CL_IRFCL_COUNTRY_PUB,FALSE,CHE,Switzerland,NA
IRFCL,International Reserves and Foreign Currency Liquidity (IRFCL),DSD_IRFCL_PUB,COUNTRY,CL_IRFCL_COUNTRY_PUB,FALSE,SYR,Syrian Arab Republic,NA
IRFCL,International Reserves and Foreign Currency Liquidity (IRFCL),DSD_IRFCL_PUB,COUNTRY,CL_IRFCL_COUNTRY_PUB,FALSE,STP,"São Tomé and Príncipe, Democratic Republic of",NA
IRFCL,International Reserves and Foreign Currency Liquidity (IRFCL),DSD_IRFCL_PUB,COUNTRY,CL_IRFCL_COUNTRY_PUB,FALSE,TWN,Taiwan Province of China,NA
IRFCL,International Reserves and Foreign Currency Liquidity (IRFCL),DSD_IRFCL_PUB,COUNTRY,CL_IRFCL_COUNTRY_PUB,FALSE,TJK,"Tajikistan, Republic of",NA
IRFCL,International Reserves and Foreign Currency Liquidity (IRFCL),DSD_IRFCL_PUB,COUNTRY,CL_IRFCL_COUNTRY_PUB,FALSE,TZA,"Tanzania, United Republic of",NA
IRFCL,International Reserves and Foreign Currency Liquidity (IRFCL),DSD_IRFCL_PUB,COUNTRY,CL_IRFCL_COUNTRY_PUB,FALSE,THA,Thailand,NA
IRFCL,International Reserves and Foreign Currency Liquidity (IRFCL),DSD_IRFCL_PUB,COUNTRY,CL_IRFCL_COUNTRY_PUB,FALSE,TLS,"Timor-Leste, Democratic Republic of",NA
IRFCL,International Reserves and Foreign Currency Liquidity (IRFCL),DSD_IRFCL_PUB,COUNTRY,CL_IRFCL_COUNTRY_PUB,FALSE,TGO,Togo,NA
IRFCL,International Reserves and Foreign Currency Liquidity (IRFCL),DSD_IRFCL_PUB,COUNTRY,CL_IRFCL_COUNTRY_PUB,FALSE,TKL,Tokelau,NA
IRFCL,International Reserves and Foreign Currency Liquidity (IRFCL),DSD_IRFCL_PUB,COUNTRY,CL_IRFCL_COUNTRY_PUB,FALSE,TON,Tonga,NA
IRFCL,International Reserves and Foreign Currency Liquidity (IRFCL),DSD_IRFCL_PUB,COUNTRY,CL_IRFCL_COUNTRY_PUB,FALSE,TTO,Trinidad and Tobago,NA
IRFCL,International Reserves and Foreign Currency Liquidity (IRFCL),DSD_IRFCL_PUB,COUNTRY,CL_IRFCL_COUNTRY_PUB,FALSE,TUN,Tunisia,NA
IRFCL,International Reserves and Foreign Currency Liquidity (IRFCL),DSD_IRFCL_PUB,COUNTRY,CL_IRFCL_COUNTRY_PUB,FALSE,TKM,Turkmenistan,NA
IRFCL,International Reserves and Foreign Currency Liquidity (IRFCL),DSD_IRFCL_PUB,COUNTRY,CL_IRFCL_COUNTRY_PUB,FALSE,TCA,Turks and Caicos Islands,NA
IRFCL,International Reserves and Foreign Currency Liquidity (IRFCL),DSD_IRFCL_PUB,COUNTRY,CL_IRFCL_COUNTRY_PUB,FALSE,TUV,Tuvalu,NA
IRFCL,International Reserves and Foreign Currency Liquidity (IRFCL),DSD_IRFCL_PUB,COUNTRY,CL_IRFCL_COUNTRY_PUB,FALSE,TUR,"Türkiye, Republic of",NA
IRFCL,International Reserves and Foreign Currency Liquidity (IRFCL),DSD_IRFCL_PUB,COUNTRY,CL_IRFCL_COUNTRY_PUB,FALSE,UGA,Uganda,NA
IRFCL,International Reserves and Foreign Currency Liquidity (IRFCL),DSD_IRFCL_PUB,COUNTRY,CL_IRFCL_COUNTRY_PUB,FALSE,UKR,Ukraine,NA
IRFCL,International Reserves and Foreign Currency Liquidity (IRFCL),DSD_IRFCL_PUB,COUNTRY,CL_IRFCL_COUNTRY_PUB,FALSE,ARE,United Arab Emirates,NA
IRFCL,International Reserves and Foreign Currency Liquidity (IRFCL),DSD_IRFCL_PUB,COUNTRY,CL_IRFCL_COUNTRY_PUB,FALSE,GBR,United Kingdom,NA
IRFCL,International Reserves and Foreign Currency Liquidity (IRFCL),DSD_IRFCL_PUB,COUNTRY,CL_IRFCL_COUNTRY_PUB,FALSE,USA,United States,NA
IRFCL,International Reserves and Foreign Currency Liquidity (IRFCL),DSD_IRFCL_PUB,COUNTRY,CL_IRFCL_COUNTRY_PUB,FALSE,VIR,United States Virgin Islands,NA
IRFCL,International Reserves and Foreign Currency Liquidity (IRFCL),DSD_IRFCL_PUB,COUNTRY,CL_IRFCL_COUNTRY_PUB,FALSE,URY,Uruguay,NA
IRFCL,International Reserves and Foreign Currency Liquidity (IRFCL),DSD_IRFCL_PUB,COUNTRY,CL_IRFCL_COUNTRY_PUB,FALSE,UZB,"Uzbekistan, Republic of",NA
IRFCL,International Reserves and Foreign Currency Liquidity (IRFCL),DSD_IRFCL_PUB,COUNTRY,CL_IRFCL_COUNTRY_PUB,FALSE,VUT,Vanuatu,NA
IRFCL,International Reserves and Foreign Currency Liquidity (IRFCL),DSD_IRFCL_PUB,COUNTRY,CL_IRFCL_COUNTRY_PUB,FALSE,VEN,"Venezuela, República Bolivariana de",NA
IRFCL,International Reserves and Foreign Currency Liquidity (IRFCL),DSD_IRFCL_PUB,COUNTRY,CL_IRFCL_COUNTRY_PUB,FALSE,VNM,Vietnam,NA
IRFCL,International Reserves and Foreign Currency Liquidity (IRFCL),DSD_IRFCL_PUB,COUNTRY,CL_IRFCL_COUNTRY_PUB,FALSE,WLF,Wallis and Futuna Islands,NA
IRFCL,International Reserves and Foreign Currency Liquidity (IRFCL),DSD_IRFCL_PUB,COUNTRY,CL_IRFCL_COUNTRY_PUB,FALSE,WBG,West Bank and Gaza,NA
IRFCL,International Reserves and Foreign Currency Liquidity (IRFCL),DSD_IRFCL_PUB,COUNTRY,CL_IRFCL_COUNTRY_PUB,FALSE,YEM,"Yemen, Republic of",NA
IRFCL,International Reserves and Foreign Currency Liquidity (IRFCL),DSD_IRFCL_PUB,COUNTRY,CL_IRFCL_COUNTRY_PUB,FALSE,ZMB,Zambia,NA
IRFCL,International Reserves and Foreign Currency Liquidity (IRFCL),DSD_IRFCL_PUB,COUNTRY,CL_IRFCL_COUNTRY_PUB,FALSE,ZWE,Zimbabwe,NA
IRFCL,International Reserves and Foreign Currency Liquidity (IRFCL),DSD_IRFCL_PUB,COUNTRY,CL_IRFCL_COUNTRY_PUB,FALSE,ALA,Åland Islands,NA
IRFCL,International Reserves and Foreign Currency Liquidity (IRFCL),DSD_IRFCL_PUB,COUNTRY,CL_IRFCL_COUNTRY_PUB,FALSE,BES,"Bonaire, Saint Eustatius and Saba",NA
IRFCL,International Reserves and Foreign Currency Liquidity (IRFCL),DSD_IRFCL_PUB,COUNTRY,CL_IRFCL_COUNTRY_PUB,FALSE,ATF,French Southern Territories,NA
IRFCL,International Reserves and Foreign Currency Liquidity (IRFCL),DSD_IRFCL_PUB,COUNTRY,CL_IRFCL_COUNTRY_PUB,FALSE,CWX,Curaçao and Sint Maarten,NA
IRFCL,International Reserves and Foreign Currency Liquidity (IRFCL),DSD_IRFCL_PUB,COUNTRY,CL_IRFCL_COUNTRY_PUB,FALSE,CSK,Czechoslovakia,NA
IRFCL,International Reserves and Foreign Currency Liquidity (IRFCL),DSD_IRFCL_PUB,COUNTRY,CL_IRFCL_COUNTRY_PUB,FALSE,DDR,German Democratic Republic,NA
IRFCL,International Reserves and Foreign Currency Liquidity (IRFCL),DSD_IRFCL_PUB,COUNTRY,CL_IRFCL_COUNTRY_PUB,FALSE,ANT,Netherlands Antilles,NA
IRFCL,International Reserves and Foreign Currency Liquidity (IRFCL),DSD_IRFCL_PUB,COUNTRY,CL_IRFCL_COUNTRY_PUB,FALSE,VDR,"Vietnam, Democratic Republic of",NA
IRFCL,International Reserves and Foreign Currency Liquidity (IRFCL),DSD_IRFCL_PUB,COUNTRY,CL_IRFCL_COUNTRY_PUB,FALSE,SCG,Serbia and Montenegro,NA
IRFCL,International Reserves and Foreign Currency Liquidity (IRFCL),DSD_IRFCL_PUB,COUNTRY,CL_IRFCL_COUNTRY_PUB,FALSE,SUN,Union of Soviet Socialist Republics (USSR),NA
IRFCL,International Reserves and Foreign Currency Liquidity (IRFCL),DSD_IRFCL_PUB,COUNTRY,CL_IRFCL_COUNTRY_PUB,FALSE,YAR,Yemen Arab Republic,NA
IRFCL,International Reserves and Foreign Currency Liquidity (IRFCL),DSD_IRFCL_PUB,COUNTRY,CL_IRFCL_COUNTRY_PUB,FALSE,YMD,"Yemen, People's Democratic Republic of",NA
IRFCL,International Reserves and Foreign Currency Liquidity (IRFCL),DSD_IRFCL_PUB,COUNTRY,CL_IRFCL_COUNTRY_PUB,FALSE,YUG,"Yugoslavia, Socialist Federal Republic of",NA
IRFCL,International Reserves and Foreign Currency Liquidity (IRFCL),DSD_IRFCL_PUB,COUNTRY,CL_IRFCL_COUNTRY_PUB,FALSE,U019,Americas,NA
IRFCL,International Reserves and Foreign Currency Liquidity (IRFCL),DSD_IRFCL_PUB,COUNTRY,CL_IRFCL_COUNTRY_PUB,FALSE,U015,Northern Africa,NA
IRFCL,International Reserves and Foreign Currency Liquidity (IRFCL),DSD_IRFCL_PUB,COUNTRY,CL_IRFCL_COUNTRY_PUB,FALSE,U202,Sub-Saharan Africa,NA
IRFCL,International Reserves and Foreign Currency Liquidity (IRFCL),DSD_IRFCL_PUB,COUNTRY,CL_IRFCL_COUNTRY_PUB,FALSE,U002,Africa,NA
IRFCL,International Reserves and Foreign Currency Liquidity (IRFCL),DSD_IRFCL_PUB,COUNTRY,CL_IRFCL_COUNTRY_PUB,FALSE,U142,Asia,NA
IRFCL,International Reserves and Foreign Currency Liquidity (IRFCL),DSD_IRFCL_PUB,COUNTRY,CL_IRFCL_COUNTRY_PUB,FALSE,U053,Australia and New Zealand,NA
IRFCL,International Reserves and Foreign Currency Liquidity (IRFCL),DSD_IRFCL_PUB,COUNTRY,CL_IRFCL_COUNTRY_PUB,FALSE,U029,Caribbean,NA
IRFCL,International Reserves and Foreign Currency Liquidity (IRFCL),DSD_IRFCL_PUB,COUNTRY,CL_IRFCL_COUNTRY_PUB,FALSE,U013,Central America,NA
IRFCL,International Reserves and Foreign Currency Liquidity (IRFCL),DSD_IRFCL_PUB,COUNTRY,CL_IRFCL_COUNTRY_PUB,FALSE,U143,Central Asia,NA
IRFCL,International Reserves and Foreign Currency Liquidity (IRFCL),DSD_IRFCL_PUB,COUNTRY,CL_IRFCL_COUNTRY_PUB,FALSE,U014,Eastern Africa,NA
IRFCL,International Reserves and Foreign Currency Liquidity (IRFCL),DSD_IRFCL_PUB,COUNTRY,CL_IRFCL_COUNTRY_PUB,FALSE,U030,Eastern Asia,NA
IRFCL,International Reserves and Foreign Currency Liquidity (IRFCL),DSD_IRFCL_PUB,COUNTRY,CL_IRFCL_COUNTRY_PUB,FALSE,U151,Eastern Europe,NA
IRFCL,International Reserves and Foreign Currency Liquidity (IRFCL),DSD_IRFCL_PUB,COUNTRY,CL_IRFCL_COUNTRY_PUB,FALSE,U150,Europe,NA
IRFCL,International Reserves and Foreign Currency Liquidity (IRFCL),DSD_IRFCL_PUB,COUNTRY,CL_IRFCL_COUNTRY_PUB,FALSE,U054,Melanesia,NA
IRFCL,International Reserves and Foreign Currency Liquidity (IRFCL),DSD_IRFCL_PUB,COUNTRY,CL_IRFCL_COUNTRY_PUB,FALSE,U057,Micronesia,NA
IRFCL,International Reserves and Foreign Currency Liquidity (IRFCL),DSD_IRFCL_PUB,COUNTRY,CL_IRFCL_COUNTRY_PUB,FALSE,U017,Middle Africa,NA
IRFCL,International Reserves and Foreign Currency Liquidity (IRFCL),DSD_IRFCL_PUB,COUNTRY,CL_IRFCL_COUNTRY_PUB,FALSE,U154,Northern Europe,NA
IRFCL,International Reserves and Foreign Currency Liquidity (IRFCL),DSD_IRFCL_PUB,COUNTRY,CL_IRFCL_COUNTRY_PUB,FALSE,U009,Oceania,NA
IRFCL,International Reserves and Foreign Currency Liquidity (IRFCL),DSD_IRFCL_PUB,COUNTRY,CL_IRFCL_COUNTRY_PUB,FALSE,U061,Polynesia,NA
IRFCL,International Reserves and Foreign Currency Liquidity (IRFCL),DSD_IRFCL_PUB,COUNTRY,CL_IRFCL_COUNTRY_PUB,FALSE,U005,South America,NA
IRFCL,International Reserves and Foreign Currency Liquidity (IRFCL),DSD_IRFCL_PUB,COUNTRY,CL_IRFCL_COUNTRY_PUB,FALSE,U035,South-eastern Asia,NA
IRFCL,International Reserves and Foreign Currency Liquidity (IRFCL),DSD_IRFCL_PUB,COUNTRY,CL_IRFCL_COUNTRY_PUB,FALSE,U018,Southern Africa,NA
IRFCL,International Reserves and Foreign Currency Liquidity (IRFCL),DSD_IRFCL_PUB,COUNTRY,CL_IRFCL_COUNTRY_PUB,FALSE,U034,Southern Asia,NA
IRFCL,International Reserves and Foreign Currency Liquidity (IRFCL),DSD_IRFCL_PUB,COUNTRY,CL_IRFCL_COUNTRY_PUB,FALSE,U039,Southern Europe,NA
IRFCL,International Reserves and Foreign Currency Liquidity (IRFCL),DSD_IRFCL_PUB,COUNTRY,CL_IRFCL_COUNTRY_PUB,FALSE,U011,Western Africa,NA
IRFCL,International Reserves and Foreign Currency Liquidity (IRFCL),DSD_IRFCL_PUB,COUNTRY,CL_IRFCL_COUNTRY_PUB,FALSE,U145,Western Asia,NA
IRFCL,International Reserves and Foreign Currency Liquidity (IRFCL),DSD_IRFCL_PUB,COUNTRY,CL_IRFCL_COUNTRY_PUB,FALSE,U155,Western Europe,NA
IRFCL,International Reserves and Foreign Currency Liquidity (IRFCL),DSD_IRFCL_PUB,COUNTRY,CL_IRFCL_COUNTRY_PUB,FALSE,G202,Advanced Asia,NA
IRFCL,International Reserves and Foreign Currency Liquidity (IRFCL),DSD_IRFCL_PUB,COUNTRY,CL_IRFCL_COUNTRY_PUB,FALSE,G110,Advanced Economies,NA
IRFCL,International Reserves and Foreign Currency Liquidity (IRFCL),DSD_IRFCL_PUB,COUNTRY,CL_IRFCL_COUNTRY_PUB,FALSE,G906,Advanced Europe,NA
IRFCL,International Reserves and Foreign Currency Liquidity (IRFCL),DSD_IRFCL_PUB,COUNTRY,CL_IRFCL_COUNTRY_PUB,FALSE,G510,ASEAN-5,NA
IRFCL,International Reserves and Foreign Currency Liquidity (IRFCL),DSD_IRFCL_PUB,COUNTRY,CL_IRFCL_COUNTRY_PUB,FALSE,G940,Caucasus and Central Asia (CCA),NA
IRFCL,International Reserves and Foreign Currency Liquidity (IRFCL),DSD_IRFCL_PUB,COUNTRY,CL_IRFCL_COUNTRY_PUB,FALSE,G758,Central African Economic and Monetary Community (CEMAC),NA
IRFCL,International Reserves and Foreign Currency Liquidity (IRFCL),DSD_IRFCL_PUB,COUNTRY,CL_IRFCL_COUNTRY_PUB,FALSE,G609,CFA franc zone,NA
IRFCL,International Reserves and Foreign Currency Liquidity (IRFCL),DSD_IRFCL_PUB,COUNTRY,CL_IRFCL_COUNTRY_PUB,FALSE,G619,East African Community (EAC),NA
IRFCL,International Reserves and Foreign Currency Liquidity (IRFCL),DSD_IRFCL_PUB,COUNTRY,CL_IRFCL_COUNTRY_PUB,FALSE,G309,Eastern Caribbean Currency Union (ECCU),NA
IRFCL,International Reserves and Foreign Currency Liquidity (IRFCL),DSD_IRFCL_PUB,COUNTRY,CL_IRFCL_COUNTRY_PUB,FALSE,G776,Economic Community of West African States (ECOWAS),NA
IRFCL,International Reserves and Foreign Currency Liquidity (IRFCL),DSD_IRFCL_PUB,COUNTRY,CL_IRFCL_COUNTRY_PUB,FALSE,G209,EMDEs by External Financing: Net Creditors,NA
IRFCL,International Reserves and Foreign Currency Liquidity (IRFCL),DSD_IRFCL_PUB,COUNTRY,CL_IRFCL_COUNTRY_PUB,FALSE,G606,EMDEs by External Financing: Net Debtors,NA
IRFCL,International Reserves and Foreign Currency Liquidity (IRFCL),DSD_IRFCL_PUB,COUNTRY,CL_IRFCL_COUNTRY_PUB,FALSE,G087,EMDEs by External Financing: Net Debtors with Arrears and/or Reschedulings,NA
IRFCL,International Reserves and Foreign Currency Liquidity (IRFCL),DSD_IRFCL_PUB,COUNTRY,CL_IRFCL_COUNTRY_PUB,FALSE,G216,EMDEs by Source of Export Earnings: Diversified,NA
IRFCL,International Reserves and Foreign Currency Liquidity (IRFCL),DSD_IRFCL_PUB,COUNTRY,CL_IRFCL_COUNTRY_PUB,FALSE,G080,EMDEs by Source of Export Earnings: Fuel,NA
IRFCL,International Reserves and Foreign Currency Liquidity (IRFCL),DSD_IRFCL_PUB,COUNTRY,CL_IRFCL_COUNTRY_PUB,FALSE,G083,EMDEs by Source of Export Earnings: Manufactures,NA
IRFCL,International Reserves and Foreign Currency Liquidity (IRFCL),DSD_IRFCL_PUB,COUNTRY,CL_IRFCL_COUNTRY_PUB,FALSE,G092,EMDEs by Source of Export Earnings: Nonfuel,NA
IRFCL,International Reserves and Foreign Currency Liquidity (IRFCL),DSD_IRFCL_PUB,COUNTRY,CL_IRFCL_COUNTRY_PUB,FALSE,G089,EMDEs by Source of Export Earnings: Primary Products (excluding Fuel),NA
IRFCL,International Reserves and Foreign Currency Liquidity (IRFCL),DSD_IRFCL_PUB,COUNTRY,CL_IRFCL_COUNTRY_PUB,FALSE,G084,"EMDEs by Source of Export Earnings: Services (including Income, Transfers)",NA
IRFCL,International Reserves and Foreign Currency Liquidity (IRFCL),DSD_IRFCL_PUB,COUNTRY,CL_IRFCL_COUNTRY_PUB,FALSE,G505,Emerging and Developing Asia,NA
IRFCL,International Reserves and Foreign Currency Liquidity (IRFCL),DSD_IRFCL_PUB,COUNTRY,CL_IRFCL_COUNTRY_PUB,FALSE,G903,Emerging and Developing Europe,NA
IRFCL,International Reserves and Foreign Currency Liquidity (IRFCL),DSD_IRFCL_PUB,COUNTRY,CL_IRFCL_COUNTRY_PUB,FALSE,G1515,Emerging Asia,NA
IRFCL,International Reserves and Foreign Currency Liquidity (IRFCL),DSD_IRFCL_PUB,COUNTRY,CL_IRFCL_COUNTRY_PUB,FALSE,G200,Emerging Market and Developing Economies,NA
IRFCL,International Reserves and Foreign Currency Liquidity (IRFCL),DSD_IRFCL_PUB,COUNTRY,CL_IRFCL_COUNTRY_PUB,FALSE,G1201,Emerging Market and Middle-Income Economies,NA
IRFCL,International Reserves and Foreign Currency Liquidity (IRFCL),DSD_IRFCL_PUB,COUNTRY,CL_IRFCL_COUNTRY_PUB,FALSE,G995,Euro Area (EA) – aggregate of member states,NA
IRFCL,International Reserves and Foreign Currency Liquidity (IRFCL),DSD_IRFCL_PUB,COUNTRY,CL_IRFCL_COUNTRY_PUB,FALSE,G998,European Union (EU),NA
IRFCL,International Reserves and Foreign Currency Liquidity (IRFCL),DSD_IRFCL_PUB,COUNTRY,CL_IRFCL_COUNTRY_PUB,FALSE,G715,Fragile and Conflict-affected States (FCS),NA
IRFCL,International Reserves and Foreign Currency Liquidity (IRFCL),DSD_IRFCL_PUB,COUNTRY,CL_IRFCL_COUNTRY_PUB,FALSE,G120,G20,NA
IRFCL,International Reserves and Foreign Currency Liquidity (IRFCL),DSD_IRFCL_PUB,COUNTRY,CL_IRFCL_COUNTRY_PUB,FALSE,G119,G7,NA
IRFCL,International Reserves and Foreign Currency Liquidity (IRFCL),DSD_IRFCL_PUB,COUNTRY,CL_IRFCL_COUNTRY_PUB,FALSE,G450,Gulf Cooperation Council (GCC),NA
IRFCL,International Reserves and Foreign Currency Liquidity (IRFCL),DSD_IRFCL_PUB,COUNTRY,CL_IRFCL_COUNTRY_PUB,FALSE,G711,Heavily Indebted Poor Countries (HIPC),NA
IRFCL,International Reserves and Foreign Currency Liquidity (IRFCL),DSD_IRFCL_PUB,COUNTRY,CL_IRFCL_COUNTRY_PUB,FALSE,G205,Latin America and the Caribbean (LAC),NA
IRFCL,International Reserves and Foreign Currency Liquidity (IRFCL),DSD_IRFCL_PUB,COUNTRY,CL_IRFCL_COUNTRY_PUB,FALSE,G201,Low-Income Developing Countries (LIDC),NA
IRFCL,International Reserves and Foreign Currency Liquidity (IRFCL),DSD_IRFCL_PUB,COUNTRY,CL_IRFCL_COUNTRY_PUB,FALSE,G400,Middle East and Central Asia,NA
IRFCL,International Reserves and Foreign Currency Liquidity (IRFCL),DSD_IRFCL_PUB,COUNTRY,CL_IRFCL_COUNTRY_PUB,FALSE,G401,Middle East and Central Asia: Oil Exporters,NA
IRFCL,International Reserves and Foreign Currency Liquidity (IRFCL),DSD_IRFCL_PUB,COUNTRY,CL_IRFCL_COUNTRY_PUB,FALSE,G402,Middle East and Central Asia: Oil Importers,NA
IRFCL,International Reserves and Foreign Currency Liquidity (IRFCL),DSD_IRFCL_PUB,COUNTRY,CL_IRFCL_COUNTRY_PUB,FALSE,G406,Middle East and North Africa (MENA),NA
IRFCL,International Reserves and Foreign Currency Liquidity (IRFCL),DSD_IRFCL_PUB,COUNTRY,CL_IRFCL_COUNTRY_PUB,FALSE,G92031,North America,NA
IRFCL,International Reserves and Foreign Currency Liquidity (IRFCL),DSD_IRFCL_PUB,COUNTRY,CL_IRFCL_COUNTRY_PUB,FALSE,G757,Southern African Customs Union (SACU),NA
IRFCL,International Reserves and Foreign Currency Liquidity (IRFCL),DSD_IRFCL_PUB,COUNTRY,CL_IRFCL_COUNTRY_PUB,FALSE,G603,Sub-Saharan Africa (SSA),NA
IRFCL,International Reserves and Foreign Currency Liquidity (IRFCL),DSD_IRFCL_PUB,COUNTRY,CL_IRFCL_COUNTRY_PUB,FALSE,G1627,Sub-Saharan Africa (SSA): Low-Income,NA
IRFCL,International Reserves and Foreign Currency Liquidity (IRFCL),DSD_IRFCL_PUB,COUNTRY,CL_IRFCL_COUNTRY_PUB,FALSE,G1626,Sub-Saharan Africa (SSA): Middle-Income,NA
IRFCL,International Reserves and Foreign Currency Liquidity (IRFCL),DSD_IRFCL_PUB,COUNTRY,CL_IRFCL_COUNTRY_PUB,FALSE,G1614,Sub-Saharan Africa (SSA): Oil Exporters,NA
IRFCL,International Reserves and Foreign Currency Liquidity (IRFCL),DSD_IRFCL_PUB,COUNTRY,CL_IRFCL_COUNTRY_PUB,FALSE,G759,West African Economic and Monetary Union (WAEMU),NA
IRFCL,International Reserves and Foreign Currency Liquidity (IRFCL),DSD_IRFCL_PUB,COUNTRY,CL_IRFCL_COUNTRY_PUB,FALSE,G001,World,NA
IRFCL,International Reserves and Foreign Currency Liquidity (IRFCL),DSD_IRFCL_PUB,COUNTRY,CL_IRFCL_COUNTRY_PUB,FALSE,G163,Euro Area (EA),NA
IRFCL,International Reserves and Foreign Currency Liquidity (IRFCL),DSD_IRFCL_PUB,COUNTRY,CL_IRFCL_COUNTRY_PUB,FALSE,GASEAN,ASEAN,NA
IRFCL,International Reserves and Foreign Currency Liquidity (IRFCL),DSD_IRFCL_PUB,COUNTRY,CL_IRFCL_COUNTRY_PUB,FALSE,G765,Southern African Development Community (SADC),NA
IRFCL,International Reserves and Foreign Currency Liquidity (IRFCL),DSD_IRFCL_PUB,COUNTRY,CL_IRFCL_COUNTRY_PUB,FALSE,G760,Common Market for Eastern and Southern Africa (COMESA),NA
IRFCL,International Reserves and Foreign Currency Liquidity (IRFCL),DSD_IRFCL_PUB,COUNTRY,CL_IRFCL_COUNTRY_PUB,FALSE,G129,Benelux,NA
IRFCL,International Reserves and Foreign Currency Liquidity (IRFCL),DSD_IRFCL_PUB,COUNTRY,CL_IRFCL_COUNTRY_PUB,FALSE,BLM,Saint Barthelemy,NA
IRFCL,International Reserves and Foreign Currency Liquidity (IRFCL),DSD_IRFCL_PUB,COUNTRY,CL_IRFCL_COUNTRY_PUB,FALSE,MAF,Saint Martin,NA
IRFCL,International Reserves and Foreign Currency Liquidity (IRFCL),DSD_IRFCL_PUB,COUNTRY,CL_IRFCL_COUNTRY_PUB,FALSE,SGS,South Georgia and the South Sandwich Islands,NA
IRFCL,International Reserves and Foreign Currency Liquidity (IRFCL),DSD_IRFCL_PUB,COUNTRY,CL_IRFCL_COUNTRY_PUB,FALSE,CXR,Christmas Island,NA
IRFCL,International Reserves and Foreign Currency Liquidity (IRFCL),DSD_IRFCL_PUB,COUNTRY,CL_IRFCL_COUNTRY_PUB,FALSE,CCK,Cocos Islands,NA
IRFCL,International Reserves and Foreign Currency Liquidity (IRFCL),DSD_IRFCL_PUB,COUNTRY,CL_IRFCL_COUNTRY_PUB,FALSE,ESH,Western Sahara,NA
IRFCL,International Reserves and Foreign Currency Liquidity (IRFCL),DSD_IRFCL_PUB,COUNTRY,CL_IRFCL_COUNTRY_PUB,FALSE,BVT,Bouvet Island,NA
IRFCL,International Reserves and Foreign Currency Liquidity (IRFCL),DSD_IRFCL_PUB,COUNTRY,CL_IRFCL_COUNTRY_PUB,FALSE,IOT,British Indian Ocean Territory,NA
IRFCL,International Reserves and Foreign Currency Liquidity (IRFCL),DSD_IRFCL_PUB,COUNTRY,CL_IRFCL_COUNTRY_PUB,FALSE,HMD,Heard Island and McDonald Islands,NA
IRFCL,International Reserves and Foreign Currency Liquidity (IRFCL),DSD_IRFCL_PUB,COUNTRY,CL_IRFCL_COUNTRY_PUB,FALSE,UMI,United States Minor Outlying Islands,NA
IRFCL,International Reserves and Foreign Currency Liquidity (IRFCL),DSD_IRFCL_PUB,COUNTRY,CL_IRFCL_COUNTRY_PUB,FALSE,GSAC,Southern African Customs Union (SACU),NA
IRFCL,International Reserves and Foreign Currency Liquidity (IRFCL),DSD_IRFCL_PUB,COUNTRY,CL_IRFCL_COUNTRY_PUB,FALSE,_Z,Not applicable,NA
IRFCL,International Reserves and Foreign Currency Liquidity (IRFCL),DSD_IRFCL_PUB,COUNTRY,CL_IRFCL_COUNTRY_PUB,FALSE,AACB,Association of African Central Banks (AACB),NA
IRFCL,International Reserves and Foreign Currency Liquidity (IRFCL),DSD_IRFCL_PUB,COUNTRY,CL_IRFCL_COUNTRY_PUB,FALSE,ABANK,ABank A.Ş.,NA
IRFCL,International Reserves and Foreign Currency Liquidity (IRFCL),DSD_IRFCL_PUB,COUNTRY,CL_IRFCL_COUNTRY_PUB,FALSE,ABE,Aberdeen Group,NA
IRFCL,International Reserves and Foreign Currency Liquidity (IRFCL),DSD_IRFCL_PUB,COUNTRY,CL_IRFCL_COUNTRY_PUB,FALSE,ABECB,Abeceb.com,NA
IRFCL,International Reserves and Foreign Currency Liquidity (IRFCL),DSD_IRFCL_PUB,COUNTRY,CL_IRFCL_COUNTRY_PUB,FALSE,ABFND,Australian Beef Industry Foundation (ABIF),NA
IRFCL,International Reserves and Foreign Currency Liquidity (IRFCL),DSD_IRFCL_PUB,COUNTRY,CL_IRFCL_COUNTRY_PUB,FALSE,ABNAM,ABN AMRO Bank N.V.,NA
IRFCL,International Reserves and Foreign Currency Liquidity (IRFCL),DSD_IRFCL_PUB,COUNTRY,CL_IRFCL_COUNTRY_PUB,FALSE,ABSAG,Absa Group Limited,NA
IRFCL,International Reserves and Foreign Currency Liquidity (IRFCL),DSD_IRFCL_PUB,COUNTRY,CL_IRFCL_COUNTRY_PUB,FALSE,ACCEC,Access Economics,NA
IRFCL,International Reserves and Foreign Currency Liquidity (IRFCL),DSD_IRFCL_PUB,COUNTRY,CL_IRFCL_COUNTRY_PUB,FALSE,ACERD,Ateneo Center for Economic Research and Development,NA
IRFCL,International Reserves and Foreign Currency Liquidity (IRFCL),DSD_IRFCL_PUB,COUNTRY,CL_IRFCL_COUNTRY_PUB,FALSE,ACG,African Consultative Group (ACG),NA
IRFCL,International Reserves and Foreign Currency Liquidity (IRFCL),DSD_IRFCL_PUB,COUNTRY,CL_IRFCL_COUNTRY_PUB,FALSE,ACMCO,ACM Consultores,NA
IRFCL,International Reserves and Foreign Currency Liquidity (IRFCL),DSD_IRFCL_PUB,COUNTRY,CL_IRFCL_COUNTRY_PUB,FALSE,ACMR,All China Marketing Research LLC (ACMR),NA
IRFCL,International Reserves and Foreign Currency Liquidity (IRFCL),DSD_IRFCL_PUB,COUNTRY,CL_IRFCL_COUNTRY_PUB,FALSE,ACP,"African, Caribbean and Pacific Group of States Secretariat (ACP)",NA
IRFCL,International Reserves and Foreign Currency Liquidity (IRFCL),DSD_IRFCL_PUB,COUNTRY,CL_IRFCL_COUNTRY_PUB,FALSE,ACRA,ACRA Credit Rating Agency Limited,NA
IRFCL,International Reserves and Foreign Currency Liquidity (IRFCL),DSD_IRFCL_PUB,COUNTRY,CL_IRFCL_COUNTRY_PUB,FALSE,ACRAE,ACRA Europe,NA
IRFCL,International Reserves and Foreign Currency Liquidity (IRFCL),DSD_IRFCL_PUB,COUNTRY,CL_IRFCL_COUNTRY_PUB,FALSE,ACTEC,Action Economics LLC,NA
IRFCL,International Reserves and Foreign Currency Liquidity (IRFCL),DSD_IRFCL_PUB,COUNTRY,CL_IRFCL_COUNTRY_PUB,FALSE,ACTIN,Actinver,NA
IRFCL,International Reserves and Foreign Currency Liquidity (IRFCL),DSD_IRFCL_PUB,COUNTRY,CL_IRFCL_COUNTRY_PUB,FALSE,ACYVA,Acciones y Valores S.A. Comisionista de Bolsa,NA
IRFCL,International Reserves and Foreign Currency Liquidity (IRFCL),DSD_IRFCL_PUB,COUNTRY,CL_IRFCL_COUNTRY_PUB,FALSE,ADB,Asian Development Bank (ADB),NA
IRFCL,International Reserves and Foreign Currency Liquidity (IRFCL),DSD_IRFCL_PUB,COUNTRY,CL_IRFCL_COUNTRY_PUB,FALSE,ADC,Andean Development Corporation (CAF),NA
IRFCL,International Reserves and Foreign Currency Liquidity (IRFCL),DSD_IRFCL_PUB,COUNTRY,CL_IRFCL_COUNTRY_PUB,FALSE,ADDIK,Addiko Bank d.d.,NA
IRFCL,International Reserves and Foreign Currency Liquidity (IRFCL),DSD_IRFCL_PUB,COUNTRY,CL_IRFCL_COUNTRY_PUB,FALSE,AEAWEB,American Economic Association,NA
IRFCL,International Reserves and Foreign Currency Liquidity (IRFCL),DSD_IRFCL_PUB,COUNTRY,CL_IRFCL_COUNTRY_PUB,FALSE,AFD,African Development Bank (AfDB),NA
IRFCL,International Reserves and Foreign Currency Liquidity (IRFCL),DSD_IRFCL_PUB,COUNTRY,CL_IRFCL_COUNTRY_PUB,FALSE,AFESD,Arab Fund for Economic and Social Development (AFESD),NA
IRFCL,International Reserves and Foreign Currency Liquidity (IRFCL),DSD_IRFCL_PUB,COUNTRY,CL_IRFCL_COUNTRY_PUB,FALSE,AFHWB,Affin Hwang Investment Bank Berhad,NA
IRFCL,International Reserves and Foreign Currency Liquidity (IRFCL),DSD_IRFCL_PUB,COUNTRY,CL_IRFCL_COUNTRY_PUB,FALSE,AFI,Analistas Financieros Internacionales (AFI),NA
IRFCL,International Reserves and Foreign Currency Liquidity (IRFCL),DSD_IRFCL_PUB,COUNTRY,CL_IRFCL_COUNTRY_PUB,FALSE,AFRISTAT,AFRISTAT,NA
IRFCL,International Reserves and Foreign Currency Liquidity (IRFCL),DSD_IRFCL_PUB,COUNTRY,CL_IRFCL_COUNTRY_PUB,FALSE,AGPV,"Azpurua, García & Velásquez",NA
IRFCL,International Reserves and Foreign Currency Liquidity (IRFCL),DSD_IRFCL_PUB,COUNTRY,CL_IRFCL_COUNTRY_PUB,FALSE,AIGRP,American International Group,NA
IRFCL,International Reserves and Foreign Currency Liquidity (IRFCL),DSD_IRFCL_PUB,COUNTRY,CL_IRFCL_COUNTRY_PUB,FALSE,AII,Asian Infrastructure Investment Bank (AIIB),NA
IRFCL,International Reserves and Foreign Currency Liquidity (IRFCL),DSD_IRFCL_PUB,COUNTRY,CL_IRFCL_COUNTRY_PUB,FALSE,AIRFIN,Airfinity Limited,NA
IRFCL,International Reserves and Foreign Currency Liquidity (IRFCL),DSD_IRFCL_PUB,COUNTRY,CL_IRFCL_COUNTRY_PUB,FALSE,AKAVA,Akava,NA
IRFCL,International Reserves and Foreign Currency Liquidity (IRFCL),DSD_IRFCL_PUB,COUNTRY,CL_IRFCL_COUNTRY_PUB,FALSE,ALBRK,Albaraka Türk Katılım Bankası A.Ş.,NA
IRFCL,International Reserves and Foreign Currency Liquidity (IRFCL),DSD_IRFCL_PUB,COUNTRY,CL_IRFCL_COUNTRY_PUB,FALSE,ALFAB,Alfa-Bank,NA
IRFCL,International Reserves and Foreign Currency Liquidity (IRFCL),DSD_IRFCL_PUB,COUNTRY,CL_IRFCL_COUNTRY_PUB,FALSE,ALIAN,Allianz SE,NA
IRFCL,International Reserves and Foreign Currency Liquidity (IRFCL),DSD_IRFCL_PUB,COUNTRY,CL_IRFCL_COUNTRY_PUB,FALSE,ALPHA,ALPHA,NA
IRFCL,International Reserves and Foreign Currency Liquidity (IRFCL),DSD_IRFCL_PUB,COUNTRY,CL_IRFCL_COUNTRY_PUB,FALSE,AMCCM,American Chamber of Commerce of Mexico,NA
IRFCL,International Reserves and Foreign Currency Liquidity (IRFCL),DSD_IRFCL_PUB,COUNTRY,CL_IRFCL_COUNTRY_PUB,FALSE,AMCM,Monetary Authority of Macao (AMCM),NA
IRFCL,International Reserves and Foreign Currency Liquidity (IRFCL),DSD_IRFCL_PUB,COUNTRY,CL_IRFCL_COUNTRY_PUB,FALSE,AMF,Arab Monetary Fund (AMF),NA
IRFCL,International Reserves and Foreign Currency Liquidity (IRFCL),DSD_IRFCL_PUB,COUNTRY,CL_IRFCL_COUNTRY_PUB,FALSE,AMIB,Am Investment Bank,NA
IRFCL,International Reserves and Foreign Currency Liquidity (IRFCL),DSD_IRFCL_PUB,COUNTRY,CL_IRFCL_COUNTRY_PUB,FALSE,AMP,AMP Limited,NA
IRFCL,International Reserves and Foreign Currency Liquidity (IRFCL),DSD_IRFCL_PUB,COUNTRY,CL_IRFCL_COUNTRY_PUB,FALSE,AMRO,ASEAN+3 Macroeconomic Research Office (AMRO),NA
IRFCL,International Reserves and Foreign Currency Liquidity (IRFCL),DSD_IRFCL_PUB,COUNTRY,CL_IRFCL_COUNTRY_PUB,FALSE,ANDES,Andes Investments,NA
IRFCL,International Reserves and Foreign Currency Liquidity (IRFCL),DSD_IRFCL_PUB,COUNTRY,CL_IRFCL_COUNTRY_PUB,FALSE,ANIF,National Association of Financial Institutions (ANIF),NA
IRFCL,International Reserves and Foreign Currency Liquidity (IRFCL),DSD_IRFCL_PUB,COUNTRY,CL_IRFCL_COUNTRY_PUB,FALSE,ANZ,ANZ Bank New Zealand Limited,NA
IRFCL,International Reserves and Foreign Currency Liquidity (IRFCL),DSD_IRFCL_PUB,COUNTRY,CL_IRFCL_COUNTRY_PUB,FALSE,ANZBK,Australia and New Zealand Banking Group Limited,NA
IRFCL,International Reserves and Foreign Currency Liquidity (IRFCL),DSD_IRFCL_PUB,COUNTRY,CL_IRFCL_COUNTRY_PUB,FALSE,APEC,Asia-Pacific Economic Cooperation (APEC),NA
IRFCL,International Reserves and Foreign Currency Liquidity (IRFCL),DSD_IRFCL_PUB,COUNTRY,CL_IRFCL_COUNTRY_PUB,FALSE,API,Arab Planning Institute (API),NA
IRFCL,International Reserves and Foreign Currency Liquidity (IRFCL),DSD_IRFCL_PUB,COUNTRY,CL_IRFCL_COUNTRY_PUB,FALSE,APOYO,Apoyo Consultoría,NA
IRFCL,International Reserves and Foreign Currency Liquidity (IRFCL),DSD_IRFCL_PUB,COUNTRY,CL_IRFCL_COUNTRY_PUB,FALSE,APSA,Administration of the Patrimony of the Apostolic See (APSA),NA
IRFCL,International Reserves and Foreign Currency Liquidity (IRFCL),DSD_IRFCL_PUB,COUNTRY,CL_IRFCL_COUNTRY_PUB,FALSE,ARAZL,Arazul Capital Gestão de Recursos Ltda.,NA
IRFCL,International Reserves and Foreign Currency Liquidity (IRFCL),DSD_IRFCL_PUB,COUNTRY,CL_IRFCL_COUNTRY_PUB,FALSE,ARGUS,Argus Media Inc,NA
IRFCL,International Reserves and Foreign Currency Liquidity (IRFCL),DSD_IRFCL_PUB,COUNTRY,CL_IRFCL_COUNTRY_PUB,FALSE,ASB,Association of Supervisors of Banks of the Americas (ASBA),NA
IRFCL,International Reserves and Foreign Currency Liquidity (IRFCL),DSD_IRFCL_PUB,COUNTRY,CL_IRFCL_COUNTRY_PUB,FALSE,ASBBANK,ASB Bank Limited,NA
IRFCL,International Reserves and Foreign Currency Liquidity (IRFCL),DSD_IRFCL_PUB,COUNTRY,CL_IRFCL_COUNTRY_PUB,FALSE,ASEAN,Association of Southeast Asian Nations (ASEAN),NA
IRFCL,International Reserves and Foreign Currency Liquidity (IRFCL),DSD_IRFCL_PUB,COUNTRY,CL_IRFCL_COUNTRY_PUB,FALSE,ASSBR,Association of British Insurers,NA
IRFCL,International Reserves and Foreign Currency Liquidity (IRFCL),DSD_IRFCL_PUB,COUNTRY,CL_IRFCL_COUNTRY_PUB,FALSE,ATAYM,Ata Yatırım Menkul Değerler A.Ş.,NA
IRFCL,International Reserves and Foreign Currency Liquidity (IRFCL),DSD_IRFCL_PUB,COUNTRY,CL_IRFCL_COUNTRY_PUB,FALSE,ATLA,Atlas AI,NA
IRFCL,International Reserves and Foreign Currency Liquidity (IRFCL),DSD_IRFCL_PUB,COUNTRY,CL_IRFCL_COUNTRY_PUB,FALSE,ATLFS,Atlantik Finansal Tavsiye A.Ş.,NA
IRFCL,International Reserves and Foreign Currency Liquidity (IRFCL),DSD_IRFCL_PUB,COUNTRY,CL_IRFCL_COUNTRY_PUB,FALSE,AU,African Union (AU),NA
IRFCL,International Reserves and Foreign Currency Liquidity (IRFCL),DSD_IRFCL_PUB,COUNTRY,CL_IRFCL_COUNTRY_PUB,FALSE,AXAIM,AXA Investment Managers,NA
IRFCL,International Reserves and Foreign Currency Liquidity (IRFCL),DSD_IRFCL_PUB,COUNTRY,CL_IRFCL_COUNTRY_PUB,FALSE,AXESR,Axesor,NA
IRFCL,International Reserves and Foreign Currency Liquidity (IRFCL),DSD_IRFCL_PUB,COUNTRY,CL_IRFCL_COUNTRY_PUB,FALSE,AYACP,AYA Capital,NA
IRFCL,International Reserves and Foreign Currency Liquidity (IRFCL),DSD_IRFCL_PUB,COUNTRY,CL_IRFCL_COUNTRY_PUB,FALSE,AYUDH,Bank of Ayudhya Public Company Limited,NA
IRFCL,International Reserves and Foreign Currency Liquidity (IRFCL),DSD_IRFCL_PUB,COUNTRY,CL_IRFCL_COUNTRY_PUB,FALSE,BAHNA,PT Bahana Sekuritas,NA
IRFCL,International Reserves and Foreign Currency Liquidity (IRFCL),DSD_IRFCL_PUB,COUNTRY,CL_IRFCL_COUNTRY_PUB,FALSE,BAL,Bank Of Albania,NA
IRFCL,International Reserves and Foreign Currency Liquidity (IRFCL),DSD_IRFCL_PUB,COUNTRY,CL_IRFCL_COUNTRY_PUB,FALSE,BANCH,Banchile Inversiones,NA
IRFCL,International Reserves and Foreign Currency Liquidity (IRFCL),DSD_IRFCL_PUB,COUNTRY,CL_IRFCL_COUNTRY_PUB,FALSE,BANCRE,Banco de Crédito del Perú,NA
IRFCL,International Reserves and Foreign Currency Liquidity (IRFCL),DSD_IRFCL_PUB,COUNTRY,CL_IRFCL_COUNTRY_PUB,FALSE,BANCRO,Banca Comercială Română S.A.,NA
IRFCL,International Reserves and Foreign Currency Liquidity (IRFCL),DSD_IRFCL_PUB,COUNTRY,CL_IRFCL_COUNTRY_PUB,FALSE,BANES,"Banesco Banco Universal, C.A.",NA
IRFCL,International Reserves and Foreign Currency Liquidity (IRFCL),DSD_IRFCL_PUB,COUNTRY,CL_IRFCL_COUNTRY_PUB,FALSE,BANESTO,"Banco Español de Crédito, S.A. (Banesto)",NA
IRFCL,International Reserves and Foreign Currency Liquidity (IRFCL),DSD_IRFCL_PUB,COUNTRY,CL_IRFCL_COUNTRY_PUB,FALSE,BANKI,Bankia S.A.,NA
IRFCL,International Reserves and Foreign Currency Liquidity (IRFCL),DSD_IRFCL_PUB,COUNTRY,CL_IRFCL_COUNTRY_PUB,FALSE,BANMX,Grupo Financiero Banamex S.A. de C.V.,NA
IRFCL,International Reserves and Foreign Currency Liquidity (IRFCL),DSD_IRFCL_PUB,COUNTRY,CL_IRFCL_COUNTRY_PUB,FALSE,BANQP,La Banque Postale,NA
IRFCL,International Reserves and Foreign Currency Liquidity (IRFCL),DSD_IRFCL_PUB,COUNTRY,CL_IRFCL_COUNTRY_PUB,FALSE,BANTL,Bantleon Bank AG,NA
IRFCL,International Reserves and Foreign Currency Liquidity (IRFCL),DSD_IRFCL_PUB,COUNTRY,CL_IRFCL_COUNTRY_PUB,FALSE,BARCP,Barclays Capital,NA
IRFCL,International Reserves and Foreign Currency Liquidity (IRFCL),DSD_IRFCL_PUB,COUNTRY,CL_IRFCL_COUNTRY_PUB,FALSE,BARPL,Barclays Bank PLC,NA
IRFCL,International Reserves and Foreign Currency Liquidity (IRFCL),DSD_IRFCL_PUB,COUNTRY,CL_IRFCL_COUNTRY_PUB,FALSE,BARRN,Barrenjoey Capital Partners,NA
IRFCL,International Reserves and Foreign Currency Liquidity (IRFCL),DSD_IRFCL_PUB,COUNTRY,CL_IRFCL_COUNTRY_PUB,FALSE,BAYLB,Bayerische Landesbank,NA
IRFCL,International Reserves and Foreign Currency Liquidity (IRFCL),DSD_IRFCL_PUB,COUNTRY,CL_IRFCL_COUNTRY_PUB,FALSE,BB,Bank of Botswana,NA
IRFCL,International Reserves and Foreign Currency Liquidity (IRFCL),DSD_IRFCL_PUB,COUNTRY,CL_IRFCL_COUNTRY_PUB,FALSE,BBS,Budapest Business School,NA
IRFCL,International Reserves and Foreign Currency Liquidity (IRFCL),DSD_IRFCL_PUB,COUNTRY,CL_IRFCL_COUNTRY_PUB,FALSE,BBVAC,BBVA Banco Continental,NA
IRFCL,International Reserves and Foreign Currency Liquidity (IRFCL),DSD_IRFCL_PUB,COUNTRY,CL_IRFCL_COUNTRY_PUB,FALSE,BBVAR,"Banco Bilbao Vizcaya Argentaria, S.A.",NA
IRFCL,International Reserves and Foreign Currency Liquidity (IRFCL),DSD_IRFCL_PUB,COUNTRY,CL_IRFCL_COUNTRY_PUB,FALSE,BBVBF,BBVA Banco Francés S.A.,NA
IRFCL,International Reserves and Foreign Currency Liquidity (IRFCL),DSD_IRFCL_PUB,COUNTRY,CL_IRFCL_COUNTRY_PUB,FALSE,BBVBM,BBVA Bancomer S.A.,NA
IRFCL,International Reserves and Foreign Currency Liquidity (IRFCL),DSD_IRFCL_PUB,COUNTRY,CL_IRFCL_COUNTRY_PUB,FALSE,BBVBP,"BBVA Banco Provincial, C.A. Banco Universal",NA
IRFCL,International Reserves and Foreign Currency Liquidity (IRFCL),DSD_IRFCL_PUB,COUNTRY,CL_IRFCL_COUNTRY_PUB,FALSE,BBVCO,BBVA Colombia S.A.,NA
IRFCL,International Reserves and Foreign Currency Liquidity (IRFCL),DSD_IRFCL_PUB,COUNTRY,CL_IRFCL_COUNTRY_PUB,FALSE,BBVCP,"BBVA Compass Bancshares, Inc.",NA
IRFCL,International Reserves and Foreign Currency Liquidity (IRFCL),DSD_IRFCL_PUB,COUNTRY,CL_IRFCL_COUNTRY_PUB,FALSE,BBVUS,"BBVA USA Bancshares, Inc.",NA
IRFCL,International Reserves and Foreign Currency Liquidity (IRFCL),DSD_IRFCL_PUB,COUNTRY,CL_IRFCL_COUNTRY_PUB,FALSE,BCA,Bank of Canada,NA
IRFCL,International Reserves and Foreign Currency Liquidity (IRFCL),DSD_IRFCL_PUB,COUNTRY,CL_IRFCL_COUNTRY_PUB,FALSE,BCBO,Central Bank of Bolivia,NA
IRFCL,International Reserves and Foreign Currency Liquidity (IRFCL),DSD_IRFCL_PUB,COUNTRY,CL_IRFCL_COUNTRY_PUB,FALSE,BCBZ,Central Bank of Brazil,NA
IRFCL,International Reserves and Foreign Currency Liquidity (IRFCL),DSD_IRFCL_PUB,COUNTRY,CL_IRFCL_COUNTRY_PUB,FALSE,BCC,Central Bank of the Congo,NA
IRFCL,International Reserves and Foreign Currency Liquidity (IRFCL),DSD_IRFCL_PUB,COUNTRY,CL_IRFCL_COUNTRY_PUB,FALSE,BCCH,Central Bank of Chile,NA
IRFCL,International Reserves and Foreign Currency Liquidity (IRFCL),DSD_IRFCL_PUB,COUNTRY,CL_IRFCL_COUNTRY_PUB,FALSE,BCCR,Central Bank of Costa Rica,NA
IRFCL,International Reserves and Foreign Currency Liquidity (IRFCL),DSD_IRFCL_PUB,COUNTRY,CL_IRFCL_COUNTRY_PUB,FALSE,BCE,Central Bank of West African States (BCEAO),NA
IRFCL,International Reserves and Foreign Currency Liquidity (IRFCL),DSD_IRFCL_PUB,COUNTRY,CL_IRFCL_COUNTRY_PUB,FALSE,BCEC,Central Bank of Ecuador,NA
IRFCL,International Reserves and Foreign Currency Liquidity (IRFCL),DSD_IRFCL_PUB,COUNTRY,CL_IRFCL_COUNTRY_PUB,FALSE,BCH,Central Bank of Honduras,NA
IRFCL,International Reserves and Foreign Currency Liquidity (IRFCL),DSD_IRFCL_PUB,COUNTRY,CL_IRFCL_COUNTRY_PUB,FALSE,BCI,Banco de Crédito e Inversiones (BCI),NA
IRFCL,International Reserves and Foreign Currency Liquidity (IRFCL),DSD_IRFCL_PUB,COUNTRY,CL_IRFCL_COUNTRY_PUB,FALSE,BCIRESEARCH,Bci Research,NA
IRFCL,International Reserves and Foreign Currency Liquidity (IRFCL),DSD_IRFCL_PUB,COUNTRY,CL_IRFCL_COUNTRY_PUB,FALSE,BCL,Central Bank of Luxembourg,NA
IRFCL,International Reserves and Foreign Currency Liquidity (IRFCL),DSD_IRFCL_PUB,COUNTRY,CL_IRFCL_COUNTRY_PUB,FALSE,BCM,Central Bank of Mauritania,NA
IRFCL,International Reserves and Foreign Currency Liquidity (IRFCL),DSD_IRFCL_PUB,COUNTRY,CL_IRFCL_COUNTRY_PUB,FALSE,BCN,Central Bank of Nicaragua,NA
IRFCL,International Reserves and Foreign Currency Liquidity (IRFCL),DSD_IRFCL_PUB,COUNTRY,CL_IRFCL_COUNTRY_PUB,FALSE,BCO,Bank of the Republic,NA
IRFCL,International Reserves and Foreign Currency Liquidity (IRFCL),DSD_IRFCL_PUB,COUNTRY,CL_IRFCL_COUNTRY_PUB,FALSE,BCOLO,Bancolombia S.A.,NA
IRFCL,International Reserves and Foreign Currency Liquidity (IRFCL),DSD_IRFCL_PUB,COUNTRY,CL_IRFCL_COUNTRY_PUB,FALSE,BCP,Central Bank of Paraguay,NA
IRFCL,International Reserves and Foreign Currency Liquidity (IRFCL),DSD_IRFCL_PUB,COUNTRY,CL_IRFCL_COUNTRY_PUB,FALSE,BCR,Central Reserve Bank of El Salvador,NA
IRFCL,International Reserves and Foreign Currency Liquidity (IRFCL),DSD_IRFCL_PUB,COUNTRY,CL_IRFCL_COUNTRY_PUB,FALSE,BCRA,Central Bank of Argentina,NA
IRFCL,International Reserves and Foreign Currency Liquidity (IRFCL),DSD_IRFCL_PUB,COUNTRY,CL_IRFCL_COUNTRY_PUB,FALSE,BCRCO,Banco Credicoop Cooperativo Limitado,NA
IRFCL,International Reserves and Foreign Currency Liquidity (IRFCL),DSD_IRFCL_PUB,COUNTRY,CL_IRFCL_COUNTRY_PUB,FALSE,BCS,BCS Global Markets,NA
IRFCL,International Reserves and Foreign Currency Liquidity (IRFCL),DSD_IRFCL_PUB,COUNTRY,CL_IRFCL_COUNTRY_PUB,FALSE,BCSM,Central Bank of the Republic of San Marino,NA
IRFCL,International Reserves and Foreign Currency Liquidity (IRFCL),DSD_IRFCL_PUB,COUNTRY,CL_IRFCL_COUNTRY_PUB,FALSE,BCSTP,Central Bank of São Tomé and Príncipe,NA
IRFCL,International Reserves and Foreign Currency Liquidity (IRFCL),DSD_IRFCL_PUB,COUNTRY,CL_IRFCL_COUNTRY_PUB,FALSE,BCT,Central Bank of Tunisia,NA
IRFCL,International Reserves and Foreign Currency Liquidity (IRFCL),DSD_IRFCL_PUB,COUNTRY,CL_IRFCL_COUNTRY_PUB,FALSE,BCV,Bank of Cabo Verde,NA
IRFCL,International Reserves and Foreign Currency Liquidity (IRFCL),DSD_IRFCL_PUB,COUNTRY,CL_IRFCL_COUNTRY_PUB,FALSE,BCW,Banking Commission of the West African Monetary Union,NA
IRFCL,International Reserves and Foreign Currency Liquidity (IRFCL),DSD_IRFCL_PUB,COUNTRY,CL_IRFCL_COUNTRY_PUB,FALSE,BDB,Bangladesh Bank,NA
IRFCL,International Reserves and Foreign Currency Liquidity (IRFCL),DSD_IRFCL_PUB,COUNTRY,CL_IRFCL_COUNTRY_PUB,FALSE,BDCB,Brunei Darussalam Central Bank (BDCB),NA
IRFCL,International Reserves and Foreign Currency Liquidity (IRFCL),DSD_IRFCL_PUB,COUNTRY,CL_IRFCL_COUNTRY_PUB,FALSE,BDE,Development Bank of Central African States (BDEAC),NA
IRFCL,International Reserves and Foreign Currency Liquidity (IRFCL),DSD_IRFCL_PUB,COUNTRY,CL_IRFCL_COUNTRY_PUB,FALSE,BDF,Bank of France,NA
IRFCL,International Reserves and Foreign Currency Liquidity (IRFCL),DSD_IRFCL_PUB,COUNTRY,CL_IRFCL_COUNTRY_PUB,FALSE,BDL,Bank of Lebanon,NA
IRFCL,International Reserves and Foreign Currency Liquidity (IRFCL),DSD_IRFCL_PUB,COUNTRY,CL_IRFCL_COUNTRY_PUB,FALSE,BDOBIP,BDO BIPE Advisory,NA
IRFCL,International Reserves and Foreign Currency Liquidity (IRFCL),DSD_IRFCL_PUB,COUNTRY,CL_IRFCL_COUNTRY_PUB,FALSE,BDOUN,"Banco de Oro Unibank, Inc.",NA
IRFCL,International Reserves and Foreign Currency Liquidity (IRFCL),DSD_IRFCL_PUB,COUNTRY,CL_IRFCL_COUNTRY_PUB,FALSE,BDZ,Bank Of Algeria,NA
IRFCL,International Reserves and Foreign Currency Liquidity (IRFCL),DSD_IRFCL_PUB,COUNTRY,CL_IRFCL_COUNTRY_PUB,FALSE,BE,Bank of Spain,NA
IRFCL,International Reserves and Foreign Currency Liquidity (IRFCL),DSD_IRFCL_PUB,COUNTRY,CL_IRFCL_COUNTRY_PUB,FALSE,BEA,Bank of Central African States (BEAC),NA
IRFCL,International Reserves and Foreign Currency Liquidity (IRFCL),DSD_IRFCL_PUB,COUNTRY,CL_IRFCL_COUNTRY_PUB,FALSE,BEAST,"The Bank of East Asia, Limited.",NA
IRFCL,International Reserves and Foreign Currency Liquidity (IRFCL),DSD_IRFCL_PUB,COUNTRY,CL_IRFCL_COUNTRY_PUB,FALSE,BECON,Beacon Economics Forecasting,NA
IRFCL,International Reserves and Foreign Currency Liquidity (IRFCL),DSD_IRFCL_PUB,COUNTRY,CL_IRFCL_COUNTRY_PUB,FALSE,BEE,Bank of Estonia,NA
IRFCL,International Reserves and Foreign Currency Liquidity (IRFCL),DSD_IRFCL_PUB,COUNTRY,CL_IRFCL_COUNTRY_PUB,FALSE,BER,Bank of Eritrea,NA
IRFCL,International Reserves and Foreign Currency Liquidity (IRFCL),DSD_IRFCL_PUB,COUNTRY,CL_IRFCL_COUNTRY_PUB,FALSE,BERL,Business and Economic Research Limited,NA
IRFCL,International Reserves and Foreign Currency Liquidity (IRFCL),DSD_IRFCL_PUB,COUNTRY,CL_IRFCL_COUNTRY_PUB,FALSE,BERSP,Berliner Sparkasse,NA
IRFCL,International Reserves and Foreign Currency Liquidity (IRFCL),DSD_IRFCL_PUB,COUNTRY,CL_IRFCL_COUNTRY_PUB,FALSE,BFI,Bank of Finland,NA
IRFCL,International Reserves and Foreign Currency Liquidity (IRFCL),DSD_IRFCL_PUB,COUNTRY,CL_IRFCL_COUNTRY_PUB,FALSE,BGCP,BG Capital,NA
IRFCL,International Reserves and Foreign Currency Liquidity (IRFCL),DSD_IRFCL_PUB,COUNTRY,CL_IRFCL_COUNTRY_PUB,FALSE,BGCPARTNERS,"BGC Partners, Inc.",NA
IRFCL,International Reserves and Foreign Currency Liquidity (IRFCL),DSD_IRFCL_PUB,COUNTRY,CL_IRFCL_COUNTRY_PUB,FALSE,BGT,Bank of Guatemala,NA
IRFCL,International Reserves and Foreign Currency Liquidity (IRFCL),DSD_IRFCL_PUB,COUNTRY,CL_IRFCL_COUNTRY_PUB,FALSE,BGY,Bank of Guyana,NA
IRFCL,International Reserves and Foreign Currency Liquidity (IRFCL),DSD_IRFCL_PUB,COUNTRY,CL_IRFCL_COUNTRY_PUB,FALSE,BHFBN,BHF-BANK AG,NA
IRFCL,International Reserves and Foreign Currency Liquidity (IRFCL),DSD_IRFCL_PUB,COUNTRY,CL_IRFCL_COUNTRY_PUB,FALSE,BI,Bank Indonesia,NA
IRFCL,International Reserves and Foreign Currency Liquidity (IRFCL),DSD_IRFCL_PUB,COUNTRY,CL_IRFCL_COUNTRY_PUB,FALSE,BICE,Banco BICE,NA
IRFCL,International Reserves and Foreign Currency Liquidity (IRFCL),DSD_IRFCL_PUB,COUNTRY,CL_IRFCL_COUNTRY_PUB,FALSE,BIPE,BIPE,NA
IRFCL,International Reserves and Foreign Currency Liquidity (IRFCL),DSD_IRFCL_PUB,COUNTRY,CL_IRFCL_COUNTRY_PUB,FALSE,BIS,Bank for International Settlements (BIS),NA
IRFCL,International Reserves and Foreign Currency Liquidity (IRFCL),DSD_IRFCL_PUB,COUNTRY,CL_IRFCL_COUNTRY_PUB,FALSE,BISOX,BIS Oxford Economics,NA
IRFCL,International Reserves and Foreign Currency Liquidity (IRFCL),DSD_IRFCL_PUB,COUNTRY,CL_IRFCL_COUNTRY_PUB,FALSE,BISSH,BIS Shrapnel,NA
IRFCL,International Reserves and Foreign Currency Liquidity (IRFCL),DSD_IRFCL_PUB,COUNTRY,CL_IRFCL_COUNTRY_PUB,FALSE,BIT,Bank of Italy,NA
IRFCL,International Reserves and Foreign Currency Liquidity (IRFCL),DSD_IRFCL_PUB,COUNTRY,CL_IRFCL_COUNTRY_PUB,FALSE,BJM,Bank of Jamaica,NA
IRFCL,International Reserves and Foreign Currency Liquidity (IRFCL),DSD_IRFCL_PUB,COUNTRY,CL_IRFCL_COUNTRY_PUB,FALSE,BJP,Bank of Japan,NA
IRFCL,International Reserves and Foreign Currency Liquidity (IRFCL),DSD_IRFCL_PUB,COUNTRY,CL_IRFCL_COUNTRY_PUB,FALSE,BJSSL,Bank J. Safra Sarasin Ltd,NA
IRFCL,International Reserves and Foreign Currency Liquidity (IRFCL),DSD_IRFCL_PUB,COUNTRY,CL_IRFCL_COUNTRY_PUB,FALSE,BKAM,Bank Al-Maghrib,NA
IRFCL,International Reserves and Foreign Currency Liquidity (IRFCL),DSD_IRFCL_PUB,COUNTRY,CL_IRFCL_COUNTRY_PUB,FALSE,BLMEC,Bloomberg Economics,NA
IRFCL,International Reserves and Foreign Currency Liquidity (IRFCL),DSD_IRFCL_PUB,COUNTRY,CL_IRFCL_COUNTRY_PUB,FALSE,BLOOM,Bloomberg Finance LP (BBG),NA
IRFCL,International Reserves and Foreign Currency Liquidity (IRFCL),DSD_IRFCL_PUB,COUNTRY,CL_IRFCL_COUNTRY_PUB,FALSE,BLPDR,Bank of the Lao P.D.R.,NA
IRFCL,International Reserves and Foreign Currency Liquidity (IRFCL),DSD_IRFCL_PUB,COUNTRY,CL_IRFCL_COUNTRY_PUB,FALSE,BLT,Bank of Lithuania,NA
IRFCL,International Reserves and Foreign Currency Liquidity (IRFCL),DSD_IRFCL_PUB,COUNTRY,CL_IRFCL_COUNTRY_PUB,FALSE,BLV,Bank of Latvia,NA
IRFCL,International Reserves and Foreign Currency Liquidity (IRFCL),DSD_IRFCL_PUB,COUNTRY,CL_IRFCL_COUNTRY_PUB,FALSE,BMGF,Bill and Melinda Gates Foundation (BMGF),NA
IRFCL,International Reserves and Foreign Currency Liquidity (IRFCL),DSD_IRFCL_PUB,COUNTRY,CL_IRFCL_COUNTRY_PUB,FALSE,BMN,Bank of Mongolia,NA
IRFCL,International Reserves and Foreign Currency Liquidity (IRFCL),DSD_IRFCL_PUB,COUNTRY,CL_IRFCL_COUNTRY_PUB,FALSE,BMOCP,BMO Capital Markets,NA
IRFCL,International Reserves and Foreign Currency Liquidity (IRFCL),DSD_IRFCL_PUB,COUNTRY,CL_IRFCL_COUNTRY_PUB,FALSE,BMOMK,BMO Financial Markets,NA
IRFCL,International Reserves and Foreign Currency Liquidity (IRFCL),DSD_IRFCL_PUB,COUNTRY,CL_IRFCL_COUNTRY_PUB,FALSE,BMX,Bank of Mexico,NA
IRFCL,International Reserves and Foreign Currency Liquidity (IRFCL),DSD_IRFCL_PUB,COUNTRY,CL_IRFCL_COUNTRY_PUB,FALSE,BMZ,Bank of Mozambique,NA
IRFCL,International Reserves and Foreign Currency Liquidity (IRFCL),DSD_IRFCL_PUB,COUNTRY,CL_IRFCL_COUNTRY_PUB,FALSE,BNA,National Bank of Angola,NA
IRFCL,International Reserves and Foreign Currency Liquidity (IRFCL),DSD_IRFCL_PUB,COUNTRY,CL_IRFCL_COUNTRY_PUB,FALSE,BNB,Bulgarian National Bank (BNB),NA
IRFCL,International Reserves and Foreign Currency Liquidity (IRFCL),DSD_IRFCL_PUB,COUNTRY,CL_IRFCL_COUNTRY_PUB,FALSE,BNL,Banca Nazionale del Lavoro,NA
IRFCL,International Reserves and Foreign Currency Liquidity (IRFCL),DSD_IRFCL_PUB,COUNTRY,CL_IRFCL_COUNTRY_PUB,FALSE,BNM,Bank Negara Malaysia (BNM),NA
IRFCL,International Reserves and Foreign Currency Liquidity (IRFCL),DSD_IRFCL_PUB,COUNTRY,CL_IRFCL_COUNTRY_PUB,FALSE,BNMXC,Banamex - Citigroup,NA
IRFCL,International Reserves and Foreign Currency Liquidity (IRFCL),DSD_IRFCL_PUB,COUNTRY,CL_IRFCL_COUNTRY_PUB,FALSE,BNPBF,BNP Paribas Fortis SA/NV,NA
IRFCL,International Reserves and Foreign Currency Liquidity (IRFCL),DSD_IRFCL_PUB,COUNTRY,CL_IRFCL_COUNTRY_PUB,FALSE,BNPPB,BNP Paribas,NA
IRFCL,International Reserves and Foreign Currency Liquidity (IRFCL),DSD_IRFCL_PUB,COUNTRY,CL_IRFCL_COUNTRY_PUB,FALSE,BNR,National Bank of Romania,NA
IRFCL,International Reserves and Foreign Currency Liquidity (IRFCL),DSD_IRFCL_PUB,COUNTRY,CL_IRFCL_COUNTRY_PUB,FALSE,BNRW,National Bank of Rwanda,NA
IRFCL,International Reserves and Foreign Currency Liquidity (IRFCL),DSD_IRFCL_PUB,COUNTRY,CL_IRFCL_COUNTRY_PUB,FALSE,BNZ,Bank of New Zealand,NA
IRFCL,International Reserves and Foreign Currency Liquidity (IRFCL),DSD_IRFCL_PUB,COUNTRY,CL_IRFCL_COUNTRY_PUB,FALSE,BOA,West African Development Bank (BOAD) (WADB),NA
IRFCL,International Reserves and Foreign Currency Liquidity (IRFCL),DSD_IRFCL_PUB,COUNTRY,CL_IRFCL_COUNTRY_PUB,FALSE,BOC,People’s Bank of China (PBC),NA
IRFCL,International Reserves and Foreign Currency Liquidity (IRFCL),DSD_IRFCL_PUB,COUNTRY,CL_IRFCL_COUNTRY_PUB,FALSE,BOCHK,Bank of China (Hong Kong) Limited,NA
IRFCL,International Reserves and Foreign Currency Liquidity (IRFCL),DSD_IRFCL_PUB,COUNTRY,CL_IRFCL_COUNTRY_PUB,FALSE,BOE,Bank of England,NA
IRFCL,International Reserves and Foreign Currency Liquidity (IRFCL),DSD_IRFCL_PUB,COUNTRY,CL_IRFCL_COUNTRY_PUB,FALSE,BOFAC,Bank of America Corporation,NA
IRFCL,International Reserves and Foreign Currency Liquidity (IRFCL),DSD_IRFCL_PUB,COUNTRY,CL_IRFCL_COUNTRY_PUB,FALSE,BofAML,Bank of America - Merrill Lynch,NA
IRFCL,International Reserves and Foreign Currency Liquidity (IRFCL),DSD_IRFCL_PUB,COUNTRY,CL_IRFCL_COUNTRY_PUB,FALSE,BOG,Bank of Greece,NA
IRFCL,International Reserves and Foreign Currency Liquidity (IRFCL),DSD_IRFCL_PUB,COUNTRY,CL_IRFCL_COUNTRY_PUB,FALSE,BOGH,Bank of Ghana,NA
IRFCL,International Reserves and Foreign Currency Liquidity (IRFCL),DSD_IRFCL_PUB,COUNTRY,CL_IRFCL_COUNTRY_PUB,FALSE,BOGOT,Banco de Bogotá S.A.,NA
IRFCL,International Reserves and Foreign Currency Liquidity (IRFCL),DSD_IRFCL_PUB,COUNTRY,CL_IRFCL_COUNTRY_PUB,FALSE,BOI,Bank of Israel,NA
IRFCL,International Reserves and Foreign Currency Liquidity (IRFCL),DSD_IRFCL_PUB,COUNTRY,CL_IRFCL_COUNTRY_PUB,FALSE,BOK,Bank of Korea,NA
IRFCL,International Reserves and Foreign Currency Liquidity (IRFCL),DSD_IRFCL_PUB,COUNTRY,CL_IRFCL_COUNTRY_PUB,FALSE,BOM,Bank of Mauritius,NA
IRFCL,International Reserves and Foreign Currency Liquidity (IRFCL),DSD_IRFCL_PUB,COUNTRY,CL_IRFCL_COUNTRY_PUB,FALSE,BON,Bank of Namibia,NA
IRFCL,International Reserves and Foreign Currency Liquidity (IRFCL),DSD_IRFCL_PUB,COUNTRY,CL_IRFCL_COUNTRY_PUB,FALSE,BONDRDR,Bond Radar Ltd,NA
IRFCL,International Reserves and Foreign Currency Liquidity (IRFCL),DSD_IRFCL_PUB,COUNTRY,CL_IRFCL_COUNTRY_PUB,FALSE,BOSS,Bank of South Sudan,NA
IRFCL,International Reserves and Foreign Currency Liquidity (IRFCL),DSD_IRFCL_PUB,COUNTRY,CL_IRFCL_COUNTRY_PUB,FALSE,BOT,Bank of Thailand,NA
IRFCL,International Reserves and Foreign Currency Liquidity (IRFCL),DSD_IRFCL_PUB,COUNTRY,CL_IRFCL_COUNTRY_PUB,FALSE,BOU,Bank of Uganda,NA
IRFCL,International Reserves and Foreign Currency Liquidity (IRFCL),DSD_IRFCL_PUB,COUNTRY,CL_IRFCL_COUNTRY_PUB,FALSE,BOZ,Bank of Zambia,NA
IRFCL,International Reserves and Foreign Currency Liquidity (IRFCL),DSD_IRFCL_PUB,COUNTRY,CL_IRFCL_COUNTRY_PUB,FALSE,BP,Bank of Portugal,NA
IRFCL,International Reserves and Foreign Currency Liquidity (IRFCL),DSD_IRFCL_PUB,COUNTRY,CL_IRFCL_COUNTRY_PUB,FALSE,BPH,Bank BPH S.A.,NA
IRFCL,International Reserves and Foreign Currency Liquidity (IRFCL),DSD_IRFCL_PUB,COUNTRY,CL_IRFCL_COUNTRY_PUB,FALSE,BPI,"Banco BPI, S.A.",NA
IRFCL,International Reserves and Foreign Currency Liquidity (IRFCL),DSD_IRFCL_PUB,COUNTRY,CL_IRFCL_COUNTRY_PUB,FALSE,BPPI,Bank of the Philippine Islands,NA
IRFCL,International Reserves and Foreign Currency Liquidity (IRFCL),DSD_IRFCL_PUB,COUNTRY,CL_IRFCL_COUNTRY_PUB,FALSE,BQK,Central Bank of the Republic of Kosovo,NA
IRFCL,International Reserves and Foreign Currency Liquidity (IRFCL),DSD_IRFCL_PUB,COUNTRY,CL_IRFCL_COUNTRY_PUB,FALSE,BRAD,Banco Bradesco S.A.,NA
IRFCL,International Reserves and Foreign Currency Liquidity (IRFCL),DSD_IRFCL_PUB,COUNTRY,CL_IRFCL_COUNTRY_PUB,FALSE,BRB,Bank of the Republic of Burundi,NA
IRFCL,International Reserves and Foreign Currency Liquidity (IRFCL),DSD_IRFCL_PUB,COUNTRY,CL_IRFCL_COUNTRY_PUB,FALSE,BRCCH,British Chambers of Commerce,NA
IRFCL,International Reserves and Foreign Currency Liquidity (IRFCL),DSD_IRFCL_PUB,COUNTRY,CL_IRFCL_COUNTRY_PUB,FALSE,BRCG,Central Bank of the Republic of Guinea,NA
IRFCL,International Reserves and Foreign Currency Liquidity (IRFCL),DSD_IRFCL_PUB,COUNTRY,CL_IRFCL_COUNTRY_PUB,FALSE,BRH,Bank of the Republic of Haiti,NA
IRFCL,International Reserves and Foreign Currency Liquidity (IRFCL),DSD_IRFCL_PUB,COUNTRY,CL_IRFCL_COUNTRY_PUB,FALSE,BRICS,BRICS Countries (CRA),NA
IRFCL,International Reserves and Foreign Currency Liquidity (IRFCL),DSD_IRFCL_PUB,COUNTRY,CL_IRFCL_COUNTRY_PUB,FALSE,BSI,Bank of Slovenia,NA
IRFCL,International Reserves and Foreign Currency Liquidity (IRFCL),DSD_IRFCL_PUB,COUNTRY,CL_IRFCL_COUNTRY_PUB,FALSE,BSL,Central Bank of Sierra Leone,NA
IRFCL,International Reserves and Foreign Currency Liquidity (IRFCL),DSD_IRFCL_PUB,COUNTRY,CL_IRFCL_COUNTRY_PUB,FALSE,BSP,Central Bank of the Philippines,NA
IRFCL,International Reserves and Foreign Currency Liquidity (IRFCL),DSD_IRFCL_PUB,COUNTRY,CL_IRFCL_COUNTRY_PUB,FALSE,BTFI,BT Financial Group,NA
IRFCL,International Reserves and Foreign Currency Liquidity (IRFCL),DSD_IRFCL_PUB,COUNTRY,CL_IRFCL_COUNTRY_PUB,FALSE,BTFM,BT Funds Management,NA
IRFCL,International Reserves and Foreign Currency Liquidity (IRFCL),DSD_IRFCL_PUB,COUNTRY,CL_IRFCL_COUNTRY_PUB,FALSE,BTGP,BTG Pactual,NA
IRFCL,International Reserves and Foreign Currency Liquidity (IRFCL),DSD_IRFCL_PUB,COUNTRY,CL_IRFCL_COUNTRY_PUB,FALSE,BTMU,"Bank of Tokyo-Mitsubishi UFJ, Ltd.",NA
IRFCL,International Reserves and Foreign Currency Liquidity (IRFCL),DSD_IRFCL_PUB,COUNTRY,CL_IRFCL_COUNTRY_PUB,FALSE,BTZ,Bank of Tanzania,NA
IRFCL,International Reserves and Foreign Currency Liquidity (IRFCL),DSD_IRFCL_PUB,COUNTRY,CL_IRFCL_COUNTRY_PUB,FALSE,BULLT,"Bulltick, LLC",NA
IRFCL,International Reserves and Foreign Currency Liquidity (IRFCL),DSD_IRFCL_PUB,COUNTRY,CL_IRFCL_COUNTRY_PUB,FALSE,BURGN,Burgan Yatırım Menkul Değerler A.Ş.,NA
IRFCL,International Reserves and Foreign Currency Liquidity (IRFCL),DSD_IRFCL_PUB,COUNTRY,CL_IRFCL_COUNTRY_PUB,FALSE,BVB,Banco BV S.A.,NA
IRFCL,International Reserves and Foreign Currency Liquidity (IRFCL),DSD_IRFCL_PUB,COUNTRY,CL_IRFCL_COUNTRY_PUB,FALSE,BVD,Bureau Van Dijk Electronic Publishing (BvD),NA
IRFCL,International Reserves and Foreign Currency Liquidity (IRFCL),DSD_IRFCL_PUB,COUNTRY,CL_IRFCL_COUNTRY_PUB,FALSE,BZWBK,Bank Zachodni WBK,NA
IRFCL,International Reserves and Foreign Currency Liquidity (IRFCL),DSD_IRFCL_PUB,COUNTRY,CL_IRFCL_COUNTRY_PUB,FALSE,CAB,Central American Bank for Economic Integration (CABEI),NA
IRFCL,International Reserves and Foreign Currency Liquidity (IRFCL),DSD_IRFCL_PUB,COUNTRY,CL_IRFCL_COUNTRY_PUB,FALSE,CAFBK,Development Bank of Latin America and the Caribbean,NA
IRFCL,International Reserves and Foreign Currency Liquidity (IRFCL),DSD_IRFCL_PUB,COUNTRY,CL_IRFCL_COUNTRY_PUB,FALSE,CAIE,Centro de Análisis e Investigación Económica (CAIE),NA
IRFCL,International Reserves and Foreign Currency Liquidity (IRFCL),DSD_IRFCL_PUB,COUNTRY,CL_IRFCL_COUNTRY_PUB,FALSE,CAIXA,"Caixabank, S.A.",NA
IRFCL,International Reserves and Foreign Currency Liquidity (IRFCL),DSD_IRFCL_PUB,COUNTRY,CL_IRFCL_COUNTRY_PUB,FALSE,CAJAM,Caja Madrid,NA
IRFCL,International Reserves and Foreign Currency Liquidity (IRFCL),DSD_IRFCL_PUB,COUNTRY,CL_IRFCL_COUNTRY_PUB,FALSE,CAM,Central American Monetary Council (CAMC),NA
IRFCL,International Reserves and Foreign Currency Liquidity (IRFCL),DSD_IRFCL_PUB,COUNTRY,CL_IRFCL_COUNTRY_PUB,FALSE,CAMCO,Cámara de Comercio de Santiago,NA
IRFCL,International Reserves and Foreign Currency Liquidity (IRFCL),DSD_IRFCL_PUB,COUNTRY,CL_IRFCL_COUNTRY_PUB,FALSE,CAMEC,Cambridge Econometrics,NA
IRFCL,International Reserves and Foreign Currency Liquidity (IRFCL),DSD_IRFCL_PUB,COUNTRY,CL_IRFCL_COUNTRY_PUB,FALSE,CAPEC,Capital Economics,NA
IRFCL,International Reserves and Foreign Currency Liquidity (IRFCL),DSD_IRFCL_PUB,COUNTRY,CL_IRFCL_COUNTRY_PUB,FALSE,CAPECON,Capital Economics Na Ltd,NA
IRFCL,International Reserves and Foreign Currency Liquidity (IRFCL),DSD_IRFCL_PUB,COUNTRY,CL_IRFCL_COUNTRY_PUB,FALSE,CARWIRE,Caracas Wire LLC,NA
IRFCL,International Reserves and Foreign Currency Liquidity (IRFCL),DSD_IRFCL_PUB,COUNTRY,CL_IRFCL_COUNTRY_PUB,FALSE,CASER,Center for Social and Economic Research,NA
IRFCL,International Reserves and Foreign Currency Liquidity (IRFCL),DSD_IRFCL_PUB,COUNTRY,CL_IRFCL_COUNTRY_PUB,FALSE,CATOL,Universidade Católica Portuguesa,NA
IRFCL,International Reserves and Foreign Currency Liquidity (IRFCL),DSD_IRFCL_PUB,COUNTRY,CL_IRFCL_COUNTRY_PUB,FALSE,CBA,Central Bank of Armenia,NA
IRFCL,International Reserves and Foreign Currency Liquidity (IRFCL),DSD_IRFCL_PUB,COUNTRY,CL_IRFCL_COUNTRY_PUB,FALSE,CBAE,Central Bank of the United Arab Emirates,NA
IRFCL,International Reserves and Foreign Currency Liquidity (IRFCL),DSD_IRFCL_PUB,COUNTRY,CL_IRFCL_COUNTRY_PUB,FALSE,CBANK,Credit Bank of Moscow,NA
IRFCL,International Reserves and Foreign Currency Liquidity (IRFCL),DSD_IRFCL_PUB,COUNTRY,CL_IRFCL_COUNTRY_PUB,FALSE,CBAR,Central Bank of the Republic of Azerbaijan,NA
IRFCL,International Reserves and Foreign Currency Liquidity (IRFCL),DSD_IRFCL_PUB,COUNTRY,CL_IRFCL_COUNTRY_PUB,FALSE,CBAW,Central Bank of Aruba,NA
IRFCL,International Reserves and Foreign Currency Liquidity (IRFCL),DSD_IRFCL_PUB,COUNTRY,CL_IRFCL_COUNTRY_PUB,FALSE,CBB,Central Bank of Bahrain,NA
IRFCL,International Reserves and Foreign Currency Liquidity (IRFCL),DSD_IRFCL_PUB,COUNTRY,CL_IRFCL_COUNTRY_PUB,FALSE,CBBH,Central Bank of Bosnia and Herzegovina,NA
IRFCL,International Reserves and Foreign Currency Liquidity (IRFCL),DSD_IRFCL_PUB,COUNTRY,CL_IRFCL_COUNTRY_PUB,FALSE,CBBS,Central Bank of the Bahamas,NA
IRFCL,International Reserves and Foreign Currency Liquidity (IRFCL),DSD_IRFCL_PUB,COUNTRY,CL_IRFCL_COUNTRY_PUB,FALSE,CBBZ,Central Bank of Belize,NA
IRFCL,International Reserves and Foreign Currency Liquidity (IRFCL),DSD_IRFCL_PUB,COUNTRY,CL_IRFCL_COUNTRY_PUB,FALSE,CBCG,Central Bank of Montenegro,NA
IRFCL,International Reserves and Foreign Currency Liquidity (IRFCL),DSD_IRFCL_PUB,COUNTRY,CL_IRFCL_COUNTRY_PUB,FALSE,CBCS,Central Bank of Curacao and St Maarten,NA
IRFCL,International Reserves and Foreign Currency Liquidity (IRFCL),DSD_IRFCL_PUB,COUNTRY,CL_IRFCL_COUNTRY_PUB,FALSE,CBCY,Central Bank of Cyprus,NA
IRFCL,International Reserves and Foreign Currency Liquidity (IRFCL),DSD_IRFCL_PUB,COUNTRY,CL_IRFCL_COUNTRY_PUB,FALSE,CBDE,Deutsche Bundesbank (Germany),NA
IRFCL,International Reserves and Foreign Currency Liquidity (IRFCL),DSD_IRFCL_PUB,COUNTRY,CL_IRFCL_COUNTRY_PUB,FALSE,CBDJ,Central Bank of Djibouti,NA
IRFCL,International Reserves and Foreign Currency Liquidity (IRFCL),DSD_IRFCL_PUB,COUNTRY,CL_IRFCL_COUNTRY_PUB,FALSE,CBDK,Danmarks National Bank,NA
IRFCL,International Reserves and Foreign Currency Liquidity (IRFCL),DSD_IRFCL_PUB,COUNTRY,CL_IRFCL_COUNTRY_PUB,FALSE,CBDO,Central Bank of the Dominican Republic,NA
IRFCL,International Reserves and Foreign Currency Liquidity (IRFCL),DSD_IRFCL_PUB,COUNTRY,CL_IRFCL_COUNTRY_PUB,FALSE,CBE,Central Bank of Eswatini,NA
IRFCL,International Reserves and Foreign Currency Liquidity (IRFCL),DSD_IRFCL_PUB,COUNTRY,CL_IRFCL_COUNTRY_PUB,FALSE,CBEG,Central Bank of Egypt,NA
IRFCL,International Reserves and Foreign Currency Liquidity (IRFCL),DSD_IRFCL_PUB,COUNTRY,CL_IRFCL_COUNTRY_PUB,FALSE,CBG,Central Bank of the Gambia,NA
IRFCL,International Reserves and Foreign Currency Liquidity (IRFCL),DSD_IRFCL_PUB,COUNTRY,CL_IRFCL_COUNTRY_PUB,FALSE,CBI,Central Bank of the Islamic Republic of Iran,NA
IRFCL,International Reserves and Foreign Currency Liquidity (IRFCL),DSD_IRFCL_PUB,COUNTRY,CL_IRFCL_COUNTRY_PUB,FALSE,CBIE,Central Bank of Ireland,NA
IRFCL,International Reserves and Foreign Currency Liquidity (IRFCL),DSD_IRFCL_PUB,COUNTRY,CL_IRFCL_COUNTRY_PUB,FALSE,CBIN,Reserve Bank of India,NA
IRFCL,International Reserves and Foreign Currency Liquidity (IRFCL),DSD_IRFCL_PUB,COUNTRY,CL_IRFCL_COUNTRY_PUB,FALSE,CBIQ,Central Bank of Iraq,NA
IRFCL,International Reserves and Foreign Currency Liquidity (IRFCL),DSD_IRFCL_PUB,COUNTRY,CL_IRFCL_COUNTRY_PUB,FALSE,CBIS,Central Bank of Iceland,NA
IRFCL,International Reserves and Foreign Currency Liquidity (IRFCL),DSD_IRFCL_PUB,COUNTRY,CL_IRFCL_COUNTRY_PUB,FALSE,CBJ,Central Bank of Jordan,NA
IRFCL,International Reserves and Foreign Currency Liquidity (IRFCL),DSD_IRFCL_PUB,COUNTRY,CL_IRFCL_COUNTRY_PUB,FALSE,CBK,Central Bank of Kuwait,NA
IRFCL,International Reserves and Foreign Currency Liquidity (IRFCL),DSD_IRFCL_PUB,COUNTRY,CL_IRFCL_COUNTRY_PUB,FALSE,CBKE,Central Bank of Kenya,NA
IRFCL,International Reserves and Foreign Currency Liquidity (IRFCL),DSD_IRFCL_PUB,COUNTRY,CL_IRFCL_COUNTRY_PUB,FALSE,CBL,Central Bank of Lesotho,NA
IRFCL,International Reserves and Foreign Currency Liquidity (IRFCL),DSD_IRFCL_PUB,COUNTRY,CL_IRFCL_COUNTRY_PUB,FALSE,CBLR,Central Bank of Liberia,NA
IRFCL,International Reserves and Foreign Currency Liquidity (IRFCL),DSD_IRFCL_PUB,COUNTRY,CL_IRFCL_COUNTRY_PUB,FALSE,CBLY,Central Bank of Libya,NA
IRFCL,International Reserves and Foreign Currency Liquidity (IRFCL),DSD_IRFCL_PUB,COUNTRY,CL_IRFCL_COUNTRY_PUB,FALSE,CBM,Central Bank of Malta,NA
IRFCL,International Reserves and Foreign Currency Liquidity (IRFCL),DSD_IRFCL_PUB,COUNTRY,CL_IRFCL_COUNTRY_PUB,FALSE,CBMG,Central Bank of Madagascar,NA
IRFCL,International Reserves and Foreign Currency Liquidity (IRFCL),DSD_IRFCL_PUB,COUNTRY,CL_IRFCL_COUNTRY_PUB,FALSE,CBMY,Central Bank of Myanmar,NA
IRFCL,International Reserves and Foreign Currency Liquidity (IRFCL),DSD_IRFCL_PUB,COUNTRY,CL_IRFCL_COUNTRY_PUB,FALSE,CBN,Central Bank of Nigeria,NA
IRFCL,International Reserves and Foreign Currency Liquidity (IRFCL),DSD_IRFCL_PUB,COUNTRY,CL_IRFCL_COUNTRY_PUB,FALSE,CBO,Central Bank of Oman,NA
IRFCL,International Reserves and Foreign Currency Liquidity (IRFCL),DSD_IRFCL_PUB,COUNTRY,CL_IRFCL_COUNTRY_PUB,FALSE,CBONDS,Cbonds Europe Sia,NA
IRFCL,International Reserves and Foreign Currency Liquidity (IRFCL),DSD_IRFCL_PUB,COUNTRY,CL_IRFCL_COUNTRY_PUB,FALSE,CBOS,Central Bank of Sudan,NA
IRFCL,International Reserves and Foreign Currency Liquidity (IRFCL),DSD_IRFCL_PUB,COUNTRY,CL_IRFCL_COUNTRY_PUB,FALSE,CBR,Collaborative Africa Budget Reform Initiative (CABRI),NA
IRFCL,International Reserves and Foreign Currency Liquidity (IRFCL),DSD_IRFCL_PUB,COUNTRY,CL_IRFCL_COUNTRY_PUB,FALSE,CBRB,Central Bank of Barbados,NA
IRFCL,International Reserves and Foreign Currency Liquidity (IRFCL),DSD_IRFCL_PUB,COUNTRY,CL_IRFCL_COUNTRY_PUB,FALSE,CBRU,Central Bank of the Russian Federation,NA
IRFCL,International Reserves and Foreign Currency Liquidity (IRFCL),DSD_IRFCL_PUB,COUNTRY,CL_IRFCL_COUNTRY_PUB,FALSE,CBSI,Central Bank of Solomon Islands,NA
IRFCL,International Reserves and Foreign Currency Liquidity (IRFCL),DSD_IRFCL_PUB,COUNTRY,CL_IRFCL_COUNTRY_PUB,FALSE,CBSL,Central Bank of Sri Lanka,NA
IRFCL,International Reserves and Foreign Currency Liquidity (IRFCL),DSD_IRFCL_PUB,COUNTRY,CL_IRFCL_COUNTRY_PUB,FALSE,CBSO,Central Bank of Somalia,NA
IRFCL,International Reserves and Foreign Currency Liquidity (IRFCL),DSD_IRFCL_PUB,COUNTRY,CL_IRFCL_COUNTRY_PUB,FALSE,CBSSC,Central Bank of Seychelles,NA
IRFCL,International Reserves and Foreign Currency Liquidity (IRFCL),DSD_IRFCL_PUB,COUNTRY,CL_IRFCL_COUNTRY_PUB,FALSE,CBSWS,Central Bank of Samoa,NA
IRFCL,International Reserves and Foreign Currency Liquidity (IRFCL),DSD_IRFCL_PUB,COUNTRY,CL_IRFCL_COUNTRY_PUB,FALSE,CBSY,Central Bank of Syria,NA
IRFCL,International Reserves and Foreign Currency Liquidity (IRFCL),DSD_IRFCL_PUB,COUNTRY,CL_IRFCL_COUNTRY_PUB,FALSE,CBT,Central Bank of Turkmenistan,NA
IRFCL,International Reserves and Foreign Currency Liquidity (IRFCL),DSD_IRFCL_PUB,COUNTRY,CL_IRFCL_COUNTRY_PUB,FALSE,CBTL,Central Bank of Timor-Leste,NA
IRFCL,International Reserves and Foreign Currency Liquidity (IRFCL),DSD_IRFCL_PUB,COUNTRY,CL_IRFCL_COUNTRY_PUB,FALSE,CBTT,Central Bank of Trinidad and Tobago,NA
IRFCL,International Reserves and Foreign Currency Liquidity (IRFCL),DSD_IRFCL_PUB,COUNTRY,CL_IRFCL_COUNTRY_PUB,FALSE,CBU,The Central Bank of the Republic of Uzbekistan (CBU),NA
IRFCL,International Reserves and Foreign Currency Liquidity (IRFCL),DSD_IRFCL_PUB,COUNTRY,CL_IRFCL_COUNTRY_PUB,FALSE,CBUY,Central Bank of Uruguay,NA
IRFCL,International Reserves and Foreign Currency Liquidity (IRFCL),DSD_IRFCL_PUB,COUNTRY,CL_IRFCL_COUNTRY_PUB,FALSE,CBV,Central Bank of Venezuela,NA
IRFCL,International Reserves and Foreign Currency Liquidity (IRFCL),DSD_IRFCL_PUB,COUNTRY,CL_IRFCL_COUNTRY_PUB,FALSE,CBVS,Central Bank of Suriname,NA
IRFCL,International Reserves and Foreign Currency Liquidity (IRFCL),DSD_IRFCL_PUB,COUNTRY,CL_IRFCL_COUNTRY_PUB,FALSE,CBY,Central Bank of Yemen,NA
IRFCL,International Reserves and Foreign Currency Liquidity (IRFCL),DSD_IRFCL_PUB,COUNTRY,CL_IRFCL_COUNTRY_PUB,FALSE,CCDATA,CC Data Limited,NA
IRFCL,International Reserves and Foreign Currency Liquidity (IRFCL),DSD_IRFCL_PUB,COUNTRY,CL_IRFCL_COUNTRY_PUB,FALSE,CCO,Caribbean Community (CARICOM),NA
IRFCL,International Reserves and Foreign Currency Liquidity (IRFCL),DSD_IRFCL_PUB,COUNTRY,CL_IRFCL_COUNTRY_PUB,FALSE,CCS,"Central American Council of Superintendents of Banks, Insurance, and Other Financial Institutions (CCSBSO)",NA
IRFCL,International Reserves and Foreign Currency Liquidity (IRFCL),DSD_IRFCL_PUB,COUNTRY,CL_IRFCL_COUNTRY_PUB,FALSE,CDB,Caribbean Development Bank (CDB),NA
IRFCL,International Reserves and Foreign Currency Liquidity (IRFCL),DSD_IRFCL_PUB,COUNTRY,CL_IRFCL_COUNTRY_PUB,FALSE,CDPQ,Caisse de dépôt et placement du Québec,NA
IRFCL,International Reserves and Foreign Currency Liquidity (IRFCL),DSD_IRFCL_PUB,COUNTRY,CL_IRFCL_COUNTRY_PUB,FALSE,CE6,Central African Economic and Monetary Community (CEMAC),NA
IRFCL,International Reserves and Foreign Currency Liquidity (IRFCL),DSD_IRFCL_PUB,COUNTRY,CL_IRFCL_COUNTRY_PUB,FALSE,CEB,Council of Europe Development Bank (CEB),NA
IRFCL,International Reserves and Foreign Currency Liquidity (IRFCL),DSD_IRFCL_PUB,COUNTRY,CL_IRFCL_COUNTRY_PUB,FALSE,CEE,Economic Community of Central African States (ECCAS),NA
IRFCL,International Reserves and Foreign Currency Liquidity (IRFCL),DSD_IRFCL_PUB,COUNTRY,CL_IRFCL_COUNTRY_PUB,FALSE,CEEY,Centro de Estudios Espinosa Yglesias (CEEY),NA
IRFCL,International Reserves and Foreign Currency Liquidity (IRFCL),DSD_IRFCL_PUB,COUNTRY,CL_IRFCL_COUNTRY_PUB,FALSE,CEF,Center of Excellence in Finance (CEF),NA
IRFCL,International Reserves and Foreign Currency Liquidity (IRFCL),DSD_IRFCL_PUB,COUNTRY,CL_IRFCL_COUNTRY_PUB,FALSE,CELFN,Celfin Capital,NA
IRFCL,International Reserves and Foreign Currency Liquidity (IRFCL),DSD_IRFCL_PUB,COUNTRY,CL_IRFCL_COUNTRY_PUB,FALSE,CENTU,Centura SAB,NA
IRFCL,International Reserves and Foreign Currency Liquidity (IRFCL),DSD_IRFCL_PUB,COUNTRY,CL_IRFCL_COUNTRY_PUB,FALSE,CEOE,Confederación Española de Organizaciones Empresariales,NA
IRFCL,International Reserves and Foreign Currency Liquidity (IRFCL),DSD_IRFCL_PUB,COUNTRY,CL_IRFCL_COUNTRY_PUB,FALSE,CEPRD,Centro de Predicción Económica (CEPREDE),NA
IRFCL,International Reserves and Foreign Currency Liquidity (IRFCL),DSD_IRFCL_PUB,COUNTRY,CL_IRFCL_COUNTRY_PUB,FALSE,CER,Center for Economic Reality,NA
IRFCL,International Reserves and Foreign Currency Liquidity (IRFCL),DSD_IRFCL_PUB,COUNTRY,CL_IRFCL_COUNTRY_PUB,FALSE,CERIC,Centro Europa Ricerche,NA
IRFCL,International Reserves and Foreign Currency Liquidity (IRFCL),DSD_IRFCL_PUB,COUNTRY,CL_IRFCL_COUNTRY_PUB,FALSE,CES,"Center of Excellence in Finance in Ljubljana, Slovenia",NA
IRFCL,International Reserves and Foreign Currency Liquidity (IRFCL),DSD_IRFCL_PUB,COUNTRY,CL_IRFCL_COUNTRY_PUB,FALSE,CESKA,"Česká spořitelna, a.s.",NA
IRFCL,International Reserves and Foreign Currency Liquidity (IRFCL),DSD_IRFCL_PUB,COUNTRY,CL_IRFCL_COUNTRY_PUB,FALSE,CESLA,Centro de Estudios Sobre la Situación Laboral en Argentina (CESLA),NA
IRFCL,International Reserves and Foreign Currency Liquidity (IRFCL),DSD_IRFCL_PUB,COUNTRY,CL_IRFCL_COUNTRY_PUB,FALSE,CHIER,Chung-Hua Institution for Economic Research,NA
IRFCL,International Reserves and Foreign Currency Liquidity (IRFCL),DSD_IRFCL_PUB,COUNTRY,CL_IRFCL_COUNTRY_PUB,FALSE,CHILE,Banco de Chile,NA
IRFCL,International Reserves and Foreign Currency Liquidity (IRFCL),DSD_IRFCL_PUB,COUNTRY,CL_IRFCL_COUNTRY_PUB,FALSE,CIA,Inter-American Center of Tax Administrations (CIAT),NA
IRFCL,International Reserves and Foreign Currency Liquidity (IRFCL),DSD_IRFCL_PUB,COUNTRY,CL_IRFCL_COUNTRY_PUB,FALSE,CIB,CIB Bank Zrt.,NA
IRFCL,International Reserves and Foreign Currency Liquidity (IRFCL),DSD_IRFCL_PUB,COUNTRY,CL_IRFCL_COUNTRY_PUB,FALSE,CIBCP,CIBC Capital Markets,NA
IRFCL,International Reserves and Foreign Currency Liquidity (IRFCL),DSD_IRFCL_PUB,COUNTRY,CL_IRFCL_COUNTRY_PUB,FALSE,CIBWM,CIBC World Markets,NA
IRFCL,International Reserves and Foreign Currency Liquidity (IRFCL),DSD_IRFCL_PUB,COUNTRY,CL_IRFCL_COUNTRY_PUB,FALSE,CICC,China International Capital Corporation Limited,NA
IRFCL,International Reserves and Foreign Currency Liquidity (IRFCL),DSD_IRFCL_PUB,COUNTRY,CL_IRFCL_COUNTRY_PUB,FALSE,CIMA,Cayman Islands Monetary Authority (CIMA),NA
IRFCL,International Reserves and Foreign Currency Liquidity (IRFCL),DSD_IRFCL_PUB,COUNTRY,CL_IRFCL_COUNTRY_PUB,FALSE,CIMBB,CIMB Investment Bank Berhad,NA
IRFCL,International Reserves and Foreign Currency Liquidity (IRFCL),DSD_IRFCL_PUB,COUNTRY,CL_IRFCL_COUNTRY_PUB,FALSE,CIMBG,CIMB Group Holdings Berhad,NA
IRFCL,International Reserves and Foreign Currency Liquidity (IRFCL),DSD_IRFCL_PUB,COUNTRY,CL_IRFCL_COUNTRY_PUB,FALSE,CIMBI,CIMB Islamic Bank Berhad,NA
IRFCL,International Reserves and Foreign Currency Liquidity (IRFCL),DSD_IRFCL_PUB,COUNTRY,CL_IRFCL_COUNTRY_PUB,FALSE,CITAD,AS Citadele banka,NA
IRFCL,International Reserves and Foreign Currency Liquidity (IRFCL),DSD_IRFCL_PUB,COUNTRY,CL_IRFCL_COUNTRY_PUB,FALSE,CITAM,Citadele asset management,NA
IRFCL,International Reserves and Foreign Currency Liquidity (IRFCL),DSD_IRFCL_PUB,COUNTRY,CL_IRFCL_COUNTRY_PUB,FALSE,CITIGRP,Citigroup Inc.,NA
IRFCL,International Reserves and Foreign Currency Liquidity (IRFCL),DSD_IRFCL_PUB,COUNTRY,CL_IRFCL_COUNTRY_PUB,FALSE,CITJP,Citigroup Global Markets Japan Inc.,NA
IRFCL,International Reserves and Foreign Currency Liquidity (IRFCL),DSD_IRFCL_PUB,COUNTRY,CL_IRFCL_COUNTRY_PUB,FALSE,CME,Common Market for Eastern and Southern Africa (COMESA),NA
IRFCL,International Reserves and Foreign Currency Liquidity (IRFCL),DSD_IRFCL_PUB,COUNTRY,CL_IRFCL_COUNTRY_PUB,FALSE,CMIE,Ctr. For Monitoring Indian Economy Pvt (CMIE),NA
IRFCL,International Reserves and Foreign Currency Liquidity (IRFCL),DSD_IRFCL_PUB,COUNTRY,CL_IRFCL_COUNTRY_PUB,FALSE,CMIM,Chiang-Mai Initiative Multilateralization (CMIM),NA
IRFCL,International Reserves and Foreign Currency Liquidity (IRFCL),DSD_IRFCL_PUB,COUNTRY,CL_IRFCL_COUNTRY_PUB,FALSE,CML,Center for Latin American Monetary Studies (CEMLA),NA
IRFCL,International Reserves and Foreign Currency Liquidity (IRFCL),DSD_IRFCL_PUB,COUNTRY,CL_IRFCL_COUNTRY_PUB,FALSE,CNB,Czech National Bank,NA
IRFCL,International Reserves and Foreign Currency Liquidity (IRFCL),DSD_IRFCL_PUB,COUNTRY,CL_IRFCL_COUNTRY_PUB,FALSE,CNCRD,Concorde Értékpapír Zrt.,NA
IRFCL,International Reserves and Foreign Currency Liquidity (IRFCL),DSD_IRFCL_PUB,COUNTRY,CL_IRFCL_COUNTRY_PUB,FALSE,CNCRDUKR,Concorde Ukraine,NA
IRFCL,International Reserves and Foreign Currency Liquidity (IRFCL),DSD_IRFCL_PUB,COUNTRY,CL_IRFCL_COUNTRY_PUB,FALSE,CNOREN,Confederation of Norwegian Enterprise,NA
IRFCL,International Reserves and Foreign Currency Liquidity (IRFCL),DSD_IRFCL_PUB,COUNTRY,CL_IRFCL_COUNTRY_PUB,FALSE,CNTS,Databanks International,NA
IRFCL,International Reserves and Foreign Currency Liquidity (IRFCL),DSD_IRFCL_PUB,COUNTRY,CL_IRFCL_COUNTRY_PUB,FALSE,COB,Central African Banking Commission (COBAC),NA
IRFCL,International Reserves and Foreign Currency Liquidity (IRFCL),DSD_IRFCL_PUB,COUNTRY,CL_IRFCL_COUNTRY_PUB,FALSE,COMER,Comercio Santiago CCS,NA
IRFCL,International Reserves and Foreign Currency Liquidity (IRFCL),DSD_IRFCL_PUB,COUNTRY,CL_IRFCL_COUNTRY_PUB,FALSE,COMMB,Commonwealth Bank of Australia,NA
IRFCL,International Reserves and Foreign Currency Liquidity (IRFCL),DSD_IRFCL_PUB,COUNTRY,CL_IRFCL_COUNTRY_PUB,FALSE,COMRZ,Commerzbank AG,NA
IRFCL,International Reserves and Foreign Currency Liquidity (IRFCL),DSD_IRFCL_PUB,COUNTRY,CL_IRFCL_COUNTRY_PUB,FALSE,CONECON,Consensus Economics Inc,NA
IRFCL,International Reserves and Foreign Currency Liquidity (IRFCL),DSD_IRFCL_PUB,COUNTRY,CL_IRFCL_COUNTRY_PUB,FALSE,CONEF,"Consultores Económicos y Financieros, S.C.",NA
IRFCL,International Reserves and Foreign Currency Liquidity (IRFCL),DSD_IRFCL_PUB,COUNTRY,CL_IRFCL_COUNTRY_PUB,FALSE,CONFC,The Conference Board of Canada,NA
IRFCL,International Reserves and Foreign Currency Liquidity (IRFCL),DSD_IRFCL_PUB,COUNTRY,CL_IRFCL_COUNTRY_PUB,FALSE,CONFED,Confederation of British Industry,NA
IRFCL,International Reserves and Foreign Currency Liquidity (IRFCL),DSD_IRFCL_PUB,COUNTRY,CL_IRFCL_COUNTRY_PUB,FALSE,CONIN,Confindustria,NA
IRFCL,International Reserves and Foreign Currency Liquidity (IRFCL),DSD_IRFCL_PUB,COUNTRY,CL_IRFCL_COUNTRY_PUB,FALSE,CONSL,4E Consultoría,NA
IRFCL,International Reserves and Foreign Currency Liquidity (IRFCL),DSD_IRFCL_PUB,COUNTRY,CL_IRFCL_COUNTRY_PUB,FALSE,CORFC,Corficolombiana S.A,NA
IRFCL,International Reserves and Foreign Currency Liquidity (IRFCL),DSD_IRFCL_PUB,COUNTRY,CL_IRFCL_COUNTRY_PUB,FALSE,CORPR,CorpResearch,NA
IRFCL,International Reserves and Foreign Currency Liquidity (IRFCL),DSD_IRFCL_PUB,COUNTRY,CL_IRFCL_COUNTRY_PUB,FALSE,COS,"Council of Ministers of Finance of Central America, Panama and the Dominican Republic (COSEFIN)",NA
IRFCL,International Reserves and Foreign Currency Liquidity (IRFCL),DSD_IRFCL_PUB,COUNTRY,CL_IRFCL_COUNTRY_PUB,FALSE,COYUN,Coyuntura Económica,NA
IRFCL,International Reserves and Foreign Currency Liquidity (IRFCL),DSD_IRFCL_PUB,COUNTRY,CL_IRFCL_COUNTRY_PUB,FALSE,CPB,Netherlands Bureau for Economic Policy Analysis,NA
IRFCL,International Reserves and Foreign Currency Liquidity (IRFCL),DSD_IRFCL_PUB,COUNTRY,CL_IRFCL_COUNTRY_PUB,FALSE,CPDEX,Centre de Prévision et d'Expansion,NA
IRFCL,International Reserves and Foreign Currency Liquidity (IRFCL),DSD_IRFCL_PUB,COUNTRY,CL_IRFCL_COUNTRY_PUB,FALSE,CRA,Crane Data,NA
IRFCL,International Reserves and Foreign Currency Liquidity (IRFCL),DSD_IRFCL_PUB,COUNTRY,CL_IRFCL_COUNTRY_PUB,FALSE,CRBP,Central Reserve Bank of Peru,NA
IRFCL,International Reserves and Foreign Currency Liquidity (IRFCL),DSD_IRFCL_PUB,COUNTRY,CL_IRFCL_COUNTRY_PUB,FALSE,CRDAG,Credit Suisse Group AG,NA
IRFCL,International Reserves and Foreign Currency Liquidity (IRFCL),DSD_IRFCL_PUB,COUNTRY,CL_IRFCL_COUNTRY_PUB,FALSE,CRDTS,Banka CREDITAS a.s.,NA
IRFCL,International Reserves and Foreign Currency Liquidity (IRFCL),DSD_IRFCL_PUB,COUNTRY,CL_IRFCL_COUNTRY_PUB,FALSE,CRE,Regional Council for Public Savings and Financial Markets (CREPMF),NA
IRFCL,International Reserves and Foreign Currency Liquidity (IRFCL),DSD_IRFCL_PUB,COUNTRY,CL_IRFCL_COUNTRY_PUB,FALSE,CRED,Creditsights Inc,NA
IRFCL,International Reserves and Foreign Currency Liquidity (IRFCL),DSD_IRFCL_PUB,COUNTRY,CL_IRFCL_COUNTRY_PUB,FALSE,CREDAG,Credit Agricole S.A.,NA
IRFCL,International Reserves and Foreign Currency Liquidity (IRFCL),DSD_IRFCL_PUB,COUNTRY,CL_IRFCL_COUNTRY_PUB,FALSE,CREDC,Credicorp Capital,NA
IRFCL,International Reserves and Foreign Currency Liquidity (IRFCL),DSD_IRFCL_PUB,COUNTRY,CL_IRFCL_COUNTRY_PUB,FALSE,CREXCD,Coe-Rexecode,NA
IRFCL,International Reserves and Foreign Currency Liquidity (IRFCL),DSD_IRFCL_PUB,COUNTRY,CL_IRFCL_COUNTRY_PUB,FALSE,CRSIL,CRISIL Limited,NA
IRFCL,International Reserves and Foreign Currency Liquidity (IRFCL),DSD_IRFCL_PUB,COUNTRY,CL_IRFCL_COUNTRY_PUB,FALSE,CRU,Crunchbase Inc,NA
IRFCL,International Reserves and Foreign Currency Liquidity (IRFCL),DSD_IRFCL_PUB,COUNTRY,CL_IRFCL_COUNTRY_PUB,FALSE,CSOB,"Československá obchodní banka, a. s. (ČSOB)",NA
IRFCL,International Reserves and Foreign Currency Liquidity (IRFCL),DSD_IRFCL_PUB,COUNTRY,CL_IRFCL_COUNTRY_PUB,FALSE,CSPAT,The Centre for Spatial Economics,NA
IRFCL,International Reserves and Foreign Currency Liquidity (IRFCL),DSD_IRFCL_PUB,COUNTRY,CL_IRFCL_COUNTRY_PUB,FALSE,CWS,Commonwealth Secretariat,NA
IRFCL,International Reserves and Foreign Currency Liquidity (IRFCL),DSD_IRFCL_PUB,COUNTRY,CL_IRFCL_COUNTRY_PUB,FALSE,CWSX,Curacao and St  Maarten,NA
IRFCL,International Reserves and Foreign Currency Liquidity (IRFCL),DSD_IRFCL_PUB,COUNTRY,CL_IRFCL_COUNTRY_PUB,FALSE,CZCBA,Czech Banking Association,NA
IRFCL,International Reserves and Foreign Currency Liquidity (IRFCL),DSD_IRFCL_PUB,COUNTRY,CL_IRFCL_COUNTRY_PUB,FALSE,DAB,Da Afghanistan Bank,NA
IRFCL,International Reserves and Foreign Currency Liquidity (IRFCL),DSD_IRFCL_PUB,COUNTRY,CL_IRFCL_COUNTRY_PUB,FALSE,DAEWO,Daewoo Securities,NA
IRFCL,International Reserves and Foreign Currency Liquidity (IRFCL),DSD_IRFCL_PUB,COUNTRY,CL_IRFCL_COUNTRY_PUB,FALSE,DAIWM,Daiwa Capital Markets,NA
IRFCL,International Reserves and Foreign Currency Liquidity (IRFCL),DSD_IRFCL_PUB,COUNTRY,CL_IRFCL_COUNTRY_PUB,FALSE,DAIWR,Daiwa Institute of Research Ltd.,NA
IRFCL,International Reserves and Foreign Currency Liquidity (IRFCL),DSD_IRFCL_PUB,COUNTRY,CL_IRFCL_COUNTRY_PUB,FALSE,DANAM,PT Bank Danamon Indonesia Tbk,NA
IRFCL,International Reserves and Foreign Currency Liquidity (IRFCL),DSD_IRFCL_PUB,COUNTRY,CL_IRFCL_COUNTRY_PUB,FALSE,DANAR,PT Danareksa Sekuritas,NA
IRFCL,International Reserves and Foreign Currency Liquidity (IRFCL),DSD_IRFCL_PUB,COUNTRY,CL_IRFCL_COUNTRY_PUB,FALSE,DATAN,Datanálisis,NA
IRFCL,International Reserves and Foreign Currency Liquidity (IRFCL),DSD_IRFCL_PUB,COUNTRY,CL_IRFCL_COUNTRY_PUB,FALSE,DATAR,Datarisk,NA
IRFCL,International Reserves and Foreign Currency Liquidity (IRFCL),DSD_IRFCL_PUB,COUNTRY,CL_IRFCL_COUNTRY_PUB,FALSE,DATLY,Datalynk,NA
IRFCL,International Reserves and Foreign Currency Liquidity (IRFCL),DSD_IRFCL_PUB,COUNTRY,CL_IRFCL_COUNTRY_PUB,FALSE,DAVVN,Banco Davivienda S.A.,NA
IRFCL,International Reserves and Foreign Currency Liquidity (IRFCL),DSD_IRFCL_PUB,COUNTRY,CL_IRFCL_COUNTRY_PUB,FALSE,DBNZ,Deutsche Bank New Zealand,NA
IRFCL,International Reserves and Foreign Currency Liquidity (IRFCL),DSD_IRFCL_PUB,COUNTRY,CL_IRFCL_COUNTRY_PUB,FALSE,DBR,Deutsche Bank Research,NA
IRFCL,International Reserves and Foreign Currency Liquidity (IRFCL),DSD_IRFCL_PUB,COUNTRY,CL_IRFCL_COUNTRY_PUB,FALSE,DBS,DBS Bank Ltd.,NA
IRFCL,International Reserves and Foreign Currency Liquidity (IRFCL),DSD_IRFCL_PUB,COUNTRY,CL_IRFCL_COUNTRY_PUB,FALSE,DBTAG,Deutsche Bank AG,NA
IRFCL,International Reserves and Foreign Currency Liquidity (IRFCL),DSD_IRFCL_PUB,COUNTRY,CL_IRFCL_COUNTRY_PUB,FALSE,DEA,Dealogic Limited,NA
IRFCL,International Reserves and Foreign Currency Liquidity (IRFCL),DSD_IRFCL_PUB,COUNTRY,CL_IRFCL_COUNTRY_PUB,FALSE,DEKAB,DekaBank Deutsche Girozentrale,NA
IRFCL,International Reserves and Foreign Currency Liquidity (IRFCL),DSD_IRFCL_PUB,COUNTRY,CL_IRFCL_COUNTRY_PUB,FALSE,DELAC,Deloitte Access Economics,NA
IRFCL,International Reserves and Foreign Currency Liquidity (IRFCL),DSD_IRFCL_PUB,COUNTRY,CL_IRFCL_COUNTRY_PUB,FALSE,DELPH,Delphos Investment,NA
IRFCL,International Reserves and Foreign Currency Liquidity (IRFCL),DSD_IRFCL_PUB,COUNTRY,CL_IRFCL_COUNTRY_PUB,FALSE,DELTT,Deloitte Touche Tohmatsu India LLP,NA
IRFCL,International Reserves and Foreign Currency Liquidity (IRFCL),DSD_IRFCL_PUB,COUNTRY,CL_IRFCL_COUNTRY_PUB,FALSE,DESJ,Desjardins Group,NA
IRFCL,International Reserves and Foreign Currency Liquidity (IRFCL),DSD_IRFCL_PUB,COUNTRY,CL_IRFCL_COUNTRY_PUB,FALSE,DEUTS,Deutsche Securities Inc.,NA
IRFCL,International Reserves and Foreign Currency Liquidity (IRFCL),DSD_IRFCL_PUB,COUNTRY,CL_IRFCL_COUNTRY_PUB,FALSE,DILRI,"Dai-ichi Life Research Institute, Inc.",NA
IRFCL,International Reserves and Foreign Currency Liquidity (IRFCL),DSD_IRFCL_PUB,COUNTRY,CL_IRFCL_COUNTRY_PUB,FALSE,DINVE,Dinamica Venezuela,NA
IRFCL,International Reserves and Foreign Currency Liquidity (IRFCL),DSD_IRFCL_PUB,COUNTRY,CL_IRFCL_COUNTRY_PUB,FALSE,DIWBE,German Institute for Economic Research (DIW Berlin),NA
IRFCL,International Reserves and Foreign Currency Liquidity (IRFCL),DSD_IRFCL_PUB,COUNTRY,CL_IRFCL_COUNTRY_PUB,FALSE,DLSU,De La Salle University,NA
IRFCL,International Reserves and Foreign Currency Liquidity (IRFCL),DSD_IRFCL_PUB,COUNTRY,CL_IRFCL_COUNTRY_PUB,FALSE,DNB,De Nederlandsche Bank,NA
IRFCL,International Reserves and Foreign Currency Liquidity (IRFCL),DSD_IRFCL_PUB,COUNTRY,CL_IRFCL_COUNTRY_PUB,FALSE,DNBIN,Datanet India Pvt Ltd,NA
IRFCL,International Reserves and Foreign Currency Liquidity (IRFCL),DSD_IRFCL_PUB,COUNTRY,CL_IRFCL_COUNTRY_PUB,FALSE,DNBMK,DNB Markets,NA
IRFCL,International Reserves and Foreign Currency Liquidity (IRFCL),DSD_IRFCL_PUB,COUNTRY,CL_IRFCL_COUNTRY_PUB,FALSE,DNBNO,DnB Nord Bankas,NA
IRFCL,International Reserves and Foreign Currency Liquidity (IRFCL),DSD_IRFCL_PUB,COUNTRY,CL_IRFCL_COUNTRY_PUB,FALSE,DNSBK,Danske Bank A/S,NA
IRFCL,International Reserves and Foreign Currency Liquidity (IRFCL),DSD_IRFCL_PUB,COUNTRY,CL_IRFCL_COUNTRY_PUB,FALSE,DRGCP,Dragon Capital,NA
IRFCL,International Reserves and Foreign Currency Liquidity (IRFCL),DSD_IRFCL_PUB,COUNTRY,CL_IRFCL_COUNTRY_PUB,FALSE,DRSDR,Dresdner Bank,NA
IRFCL,International Reserves and Foreign Currency Liquidity (IRFCL),DSD_IRFCL_PUB,COUNTRY,CL_IRFCL_COUNTRY_PUB,FALSE,DRSKL,Dresdner Kleinwort,NA
IRFCL,International Reserves and Foreign Currency Liquidity (IRFCL),DSD_IRFCL_PUB,COUNTRY,CL_IRFCL_COUNTRY_PUB,FALSE,DTZRE,DTZ Research,NA
IRFCL,International Reserves and Foreign Currency Liquidity (IRFCL),DSD_IRFCL_PUB,COUNTRY,CL_IRFCL_COUNTRY_PUB,FALSE,DUNBD,"Dun & Bradstreet Holdings, Inc.",NA
IRFCL,International Reserves and Foreign Currency Liquidity (IRFCL),DSD_IRFCL_PUB,COUNTRY,CL_IRFCL_COUNTRY_PUB,FALSE,DUPNT,E. I. du Pont de Nemours and Company,NA
IRFCL,International Reserves and Foreign Currency Liquidity (IRFCL),DSD_IRFCL_PUB,COUNTRY,CL_IRFCL_COUNTRY_PUB,FALSE,DWSGP,DWS Group GmbH & Co. KGaA,NA
IRFCL,International Reserves and Foreign Currency Liquidity (IRFCL),DSD_IRFCL_PUB,COUNTRY,CL_IRFCL_COUNTRY_PUB,FALSE,DYNEC,Dynamic Econ Strategy,NA
IRFCL,International Reserves and Foreign Currency Liquidity (IRFCL),DSD_IRFCL_PUB,COUNTRY,CL_IRFCL_COUNTRY_PUB,FALSE,DZBANK,DZ Bank AG Deutsche Zentral-Genossenschaftsbank,NA
IRFCL,International Reserves and Foreign Currency Liquidity (IRFCL),DSD_IRFCL_PUB,COUNTRY,CL_IRFCL_COUNTRY_PUB,FALSE,EABCN,Euro Area Business Cycle Network,NA
IRFCL,International Reserves and Foreign Currency Liquidity (IRFCL),DSD_IRFCL_PUB,COUNTRY,CL_IRFCL_COUNTRY_PUB,FALSE,EAC,East African Community (EAC),NA
IRFCL,International Reserves and Foreign Currency Liquidity (IRFCL),DSD_IRFCL_PUB,COUNTRY,CL_IRFCL_COUNTRY_PUB,FALSE,EACB,East African Central Banks (EACB),NA
IRFCL,International Reserves and Foreign Currency Liquidity (IRFCL),DSD_IRFCL_PUB,COUNTRY,CL_IRFCL_COUNTRY_PUB,FALSE,EADB,East African Development Bank (EADB),NA
IRFCL,International Reserves and Foreign Currency Liquidity (IRFCL),DSD_IRFCL_PUB,COUNTRY,CL_IRFCL_COUNTRY_PUB,FALSE,EATON,Eaton Corporation PLC,NA
IRFCL,International Reserves and Foreign Currency Liquidity (IRFCL),DSD_IRFCL_PUB,COUNTRY,CL_IRFCL_COUNTRY_PUB,FALSE,EAW,Euro Area (EA),NA
IRFCL,International Reserves and Foreign Currency Liquidity (IRFCL),DSD_IRFCL_PUB,COUNTRY,CL_IRFCL_COUNTRY_PUB,FALSE,EBR,European Bank for Reconstruction and Development (EBRD),NA
IRFCL,International Reserves and Foreign Currency Liquidity (IRFCL),DSD_IRFCL_PUB,COUNTRY,CL_IRFCL_COUNTRY_PUB,FALSE,EC,European Commission (EC),NA
IRFCL,International Reserves and Foreign Currency Liquidity (IRFCL),DSD_IRFCL_PUB,COUNTRY,CL_IRFCL_COUNTRY_PUB,FALSE,ECB,Eastern Caribbean Central Bank (ECCB),NA
IRFCL,International Reserves and Foreign Currency Liquidity (IRFCL),DSD_IRFCL_PUB,COUNTRY,CL_IRFCL_COUNTRY_PUB,FALSE,ECC,Eastern Caribbean Currency Union (ECCU),NA
IRFCL,International Reserves and Foreign Currency Liquidity (IRFCL),DSD_IRFCL_PUB,COUNTRY,CL_IRFCL_COUNTRY_PUB,FALSE,ECLAC,Economic Commission for Latin America and the Caribbean (ECLAC),NA
IRFCL,International Reserves and Foreign Currency Liquidity (IRFCL),DSD_IRFCL_PUB,COUNTRY,CL_IRFCL_COUNTRY_PUB,FALSE,ECO,Economic Community of West African States (ECOWAS),NA
IRFCL,International Reserves and Foreign Currency Liquidity (IRFCL),DSD_IRFCL_PUB,COUNTRY,CL_IRFCL_COUNTRY_PUB,FALSE,ECOANAL,Ecoanalitica,NA
IRFCL,International Reserves and Foreign Currency Liquidity (IRFCL),DSD_IRFCL_PUB,COUNTRY,CL_IRFCL_COUNTRY_PUB,FALSE,ECOGO,Eco Go Consultores & Estudio Bein & Asociados,NA
IRFCL,International Reserves and Foreign Currency Liquidity (IRFCL),DSD_IRFCL_PUB,COUNTRY,CL_IRFCL_COUNTRY_PUB,FALSE,ECOIE,Econometrica,NA
IRFCL,International Reserves and Foreign Currency Liquidity (IRFCL),DSD_IRFCL_PUB,COUNTRY,CL_IRFCL_COUNTRY_PUB,FALSE,ECOINT,Economist Intelligence Unit (EIU),NA
IRFCL,International Reserves and Foreign Currency Liquidity (IRFCL),DSD_IRFCL_PUB,COUNTRY,CL_IRFCL_COUNTRY_PUB,FALSE,ECOLA,Ecolatina,NA
IRFCL,International Reserves and Foreign Currency Liquidity (IRFCL),DSD_IRFCL_PUB,COUNTRY,CL_IRFCL_COUNTRY_PUB,FALSE,ECONL,Econsult S.A.,NA
IRFCL,International Reserves and Foreign Currency Liquidity (IRFCL),DSD_IRFCL_PUB,COUNTRY,CL_IRFCL_COUNTRY_PUB,FALSE,ECONM,Economap Inc.,NA
IRFCL,International Reserves and Foreign Currency Liquidity (IRFCL),DSD_IRFCL_PUB,COUNTRY,CL_IRFCL_COUNTRY_PUB,FALSE,ECONP,Economic Perspectives,NA
IRFCL,International Reserves and Foreign Currency Liquidity (IRFCL),DSD_IRFCL_PUB,COUNTRY,CL_IRFCL_COUNTRY_PUB,FALSE,ECONV,EconViews,NA
IRFCL,International Reserves and Foreign Currency Liquidity (IRFCL),DSD_IRFCL_PUB,COUNTRY,CL_IRFCL_COUNTRY_PUB,FALSE,ECOSA,ECOSA,NA
IRFCL,International Reserves and Foreign Currency Liquidity (IRFCL),DSD_IRFCL_PUB,COUNTRY,CL_IRFCL_COUNTRY_PUB,FALSE,ECOSOC,Economic and Social Council (ECOSOC),NA
IRFCL,International Reserves and Foreign Currency Liquidity (IRFCL),DSD_IRFCL_PUB,COUNTRY,CL_IRFCL_COUNTRY_PUB,FALSE,ECS,Organisation of Eastern Caribbean States (OECS),NA
IRFCL,International Reserves and Foreign Currency Liquidity (IRFCL),DSD_IRFCL_PUB,COUNTRY,CL_IRFCL_COUNTRY_PUB,FALSE,EDB,Eurasian Development Bank (EDB),NA
IRFCL,International Reserves and Foreign Currency Liquidity (IRFCL),DSD_IRFCL_PUB,COUNTRY,CL_IRFCL_COUNTRY_PUB,FALSE,EDC,Export Development Canada,NA
IRFCL,International Reserves and Foreign Currency Liquidity (IRFCL),DSD_IRFCL_PUB,COUNTRY,CL_IRFCL_COUNTRY_PUB,FALSE,EEC,Eurasian Economic Commission (EEC),NA
IRFCL,International Reserves and Foreign Currency Liquidity (IRFCL),DSD_IRFCL_PUB,COUNTRY,CL_IRFCL_COUNTRY_PUB,FALSE,EECG,Energy Economics Group,NA
IRFCL,International Reserves and Foreign Currency Liquidity (IRFCL),DSD_IRFCL_PUB,COUNTRY,CL_IRFCL_COUNTRY_PUB,FALSE,EEU,Eurasian Economic Union,NA
IRFCL,International Reserves and Foreign Currency Liquidity (IRFCL),DSD_IRFCL_PUB,COUNTRY,CL_IRFCL_COUNTRY_PUB,FALSE,EFG,EFG International,NA
IRFCL,International Reserves and Foreign Currency Liquidity (IRFCL),DSD_IRFCL_PUB,COUNTRY,CL_IRFCL_COUNTRY_PUB,FALSE,EFSD,Eurasian Fund for Stabilization and Development (EFSD),NA
IRFCL,International Reserves and Foreign Currency Liquidity (IRFCL),DSD_IRFCL_PUB,COUNTRY,CL_IRFCL_COUNTRY_PUB,FALSE,EIB,European Investment Bank (EIB),NA
IRFCL,International Reserves and Foreign Currency Liquidity (IRFCL),DSD_IRFCL_PUB,COUNTRY,CL_IRFCL_COUNTRY_PUB,FALSE,EIPF,Economic Institute for Planning and Forecasting,NA
IRFCL,International Reserves and Foreign Currency Liquidity (IRFCL),DSD_IRFCL_PUB,COUNTRY,CL_IRFCL_COUNTRY_PUB,FALSE,EIZ,"Economic Institute, Slovak Academy of Sciences",NA
IRFCL,International Reserves and Foreign Currency Liquidity (IRFCL),DSD_IRFCL_PUB,COUNTRY,CL_IRFCL_COUNTRY_PUB,FALSE,EIZZAGR,"Economic Institute, Zagreb",NA
IRFCL,International Reserves and Foreign Currency Liquidity (IRFCL),DSD_IRFCL_PUB,COUNTRY,CL_IRFCL_COUNTRY_PUB,FALSE,ELYPS,Elypsis,NA
IRFCL,International Reserves and Foreign Currency Liquidity (IRFCL),DSD_IRFCL_PUB,COUNTRY,CL_IRFCL_COUNTRY_PUB,FALSE,EMED,Emerging Markets Economic Data Limited (EMED),NA
IRFCL,International Reserves and Foreign Currency Liquidity (IRFCL),DSD_IRFCL_PUB,COUNTRY,CL_IRFCL_COUNTRY_PUB,FALSE,EMU,European Economic and Monetary Union,NA
IRFCL,International Reserves and Foreign Currency Liquidity (IRFCL),DSD_IRFCL_PUB,COUNTRY,CL_IRFCL_COUNTRY_PUB,FALSE,ENE,Enerdata,NA
IRFCL,International Reserves and Foreign Currency Liquidity (IRFCL),DSD_IRFCL_PUB,COUNTRY,CL_IRFCL_COUNTRY_PUB,FALSE,ENI,Ente Nazionale Idrocarburi,NA
IRFCL,International Reserves and Foreign Currency Liquidity (IRFCL),DSD_IRFCL_PUB,COUNTRY,CL_IRFCL_COUNTRY_PUB,FALSE,EPENF,Erik Penser Fondkommission AB,NA
IRFCL,International Reserves and Foreign Currency Liquidity (IRFCL),DSD_IRFCL_PUB,COUNTRY,CL_IRFCL_COUNTRY_PUB,FALSE,EPENS,Erik Penser Bankaktiebolag,NA
IRFCL,International Reserves and Foreign Currency Liquidity (IRFCL),DSD_IRFCL_PUB,COUNTRY,CL_IRFCL_COUNTRY_PUB,FALSE,EPI,Economic Policy Institute,NA
IRFCL,International Reserves and Foreign Currency Liquidity (IRFCL),DSD_IRFCL_PUB,COUNTRY,CL_IRFCL_COUNTRY_PUB,FALSE,EQILB,Equilibrium Institute,NA
IRFCL,International Reserves and Foreign Currency Liquidity (IRFCL),DSD_IRFCL_PUB,COUNTRY,CL_IRFCL_COUNTRY_PUB,FALSE,EQULB,Equilibra,NA
IRFCL,International Reserves and Foreign Currency Liquidity (IRFCL),DSD_IRFCL_PUB,COUNTRY,CL_IRFCL_COUNTRY_PUB,FALSE,ERGBK,Eurobank Ergasias S.A.,NA
IRFCL,International Reserves and Foreign Currency Liquidity (IRFCL),DSD_IRFCL_PUB,COUNTRY,CL_IRFCL_COUNTRY_PUB,FALSE,ERSTE,Erste Group Bank AG,NA
IRFCL,International Reserves and Foreign Currency Liquidity (IRFCL),DSD_IRFCL_PUB,COUNTRY,CL_IRFCL_COUNTRY_PUB,FALSE,ESM,European Stability Mechanism (ESM),NA
IRFCL,International Reserves and Foreign Currency Liquidity (IRFCL),DSD_IRFCL_PUB,COUNTRY,CL_IRFCL_COUNTRY_PUB,FALSE,ESPRT,Espert Asociados,NA
IRFCL,International Reserves and Foreign Currency Liquidity (IRFCL),DSD_IRFCL_PUB,COUNTRY,CL_IRFCL_COUNTRY_PUB,FALSE,ESRI,Esri,NA
IRFCL,International Reserves and Foreign Currency Liquidity (IRFCL),DSD_IRFCL_PUB,COUNTRY,CL_IRFCL_COUNTRY_PUB,FALSE,ESTAT,Eurostat (ESTAT),NA
IRFCL,International Reserves and Foreign Currency Liquidity (IRFCL),DSD_IRFCL_PUB,COUNTRY,CL_IRFCL_COUNTRY_PUB,FALSE,ESTBE,Estudio Bein & Asociados,NA
IRFCL,International Reserves and Foreign Currency Liquidity (IRFCL),DSD_IRFCL_PUB,COUNTRY,CL_IRFCL_COUNTRY_PUB,FALSE,ESTES,Estudio Espert,NA
IRFCL,International Reserves and Foreign Currency Liquidity (IRFCL),DSD_IRFCL_PUB,COUNTRY,CL_IRFCL_COUNTRY_PUB,FALSE,ETHFN,EthiFinance Ratings,NA
IRFCL,International Reserves and Foreign Currency Liquidity (IRFCL),DSD_IRFCL_PUB,COUNTRY,CL_IRFCL_COUNTRY_PUB,FALSE,ETI,Engaged Tracking Index Ltd,NA
IRFCL,International Reserves and Foreign Currency Liquidity (IRFCL),DSD_IRFCL_PUB,COUNTRY,CL_IRFCL_COUNTRY_PUB,FALSE,ETLA,The Research Institute of the Finnish Economy (ETLA),NA
IRFCL,International Reserves and Foreign Currency Liquidity (IRFCL),DSD_IRFCL_PUB,COUNTRY,CL_IRFCL_COUNTRY_PUB,FALSE,EUBOP,European Union-Balance of Payments Facility (EU-BoP),NA
IRFCL,International Reserves and Foreign Currency Liquidity (IRFCL),DSD_IRFCL_PUB,COUNTRY,CL_IRFCL_COUNTRY_PUB,FALSE,EUGEN,"Eugene Investment & Securities Co., Ltd.",NA
IRFCL,International Reserves and Foreign Currency Liquidity (IRFCL),DSD_IRFCL_PUB,COUNTRY,CL_IRFCL_COUNTRY_PUB,FALSE,EULER,Euler Hermes Group SAS,NA
IRFCL,International Reserves and Foreign Currency Liquidity (IRFCL),DSD_IRFCL_PUB,COUNTRY,CL_IRFCL_COUNTRY_PUB,FALSE,EURAT,European Rating Agency,NA
IRFCL,International Reserves and Foreign Currency Liquidity (IRFCL),DSD_IRFCL_PUB,COUNTRY,CL_IRFCL_COUNTRY_PUB,FALSE,EUROM,Euromonitor International,NA
IRFCL,International Reserves and Foreign Currency Liquidity (IRFCL),DSD_IRFCL_PUB,COUNTRY,CL_IRFCL_COUNTRY_PUB,FALSE,EUTKF,Eurobank Tekfen A.Ş.,NA
IRFCL,International Reserves and Foreign Currency Liquidity (IRFCL),DSD_IRFCL_PUB,COUNTRY,CL_IRFCL_COUNTRY_PUB,FALSE,EUU,European Union (EU),NA
IRFCL,International Reserves and Foreign Currency Liquidity (IRFCL),DSD_IRFCL_PUB,COUNTRY,CL_IRFCL_COUNTRY_PUB,FALSE,EXANE,Exane,NA
IRFCL,International Reserves and Foreign Currency Liquidity (IRFCL),DSD_IRFCL_PUB,COUNTRY,CL_IRFCL_COUNTRY_PUB,FALSE,EXANT,EXANTE,NA
IRFCL,International Reserves and Foreign Currency Liquidity (IRFCL),DSD_IRFCL_PUB,COUNTRY,CL_IRFCL_COUNTRY_PUB,FALSE,EXBNP,Exane BNP Paribas,NA
IRFCL,International Reserves and Foreign Currency Liquidity (IRFCL),DSD_IRFCL_PUB,COUNTRY,CL_IRFCL_COUNTRY_PUB,FALSE,EXMIL,Exmile Solutions Ltd,NA
IRFCL,International Reserves and Foreign Currency Liquidity (IRFCL),DSD_IRFCL_PUB,COUNTRY,CL_IRFCL_COUNTRY_PUB,FALSE,EXPBS,Experian Business Strategies,NA
IRFCL,International Reserves and Foreign Currency Liquidity (IRFCL),DSD_IRFCL_PUB,COUNTRY,CL_IRFCL_COUNTRY_PUB,FALSE,EXPLC,Experian plc,NA
IRFCL,International Reserves and Foreign Currency Liquidity (IRFCL),DSD_IRFCL_PUB,COUNTRY,CL_IRFCL_COUNTRY_PUB,FALSE,EXPRA,Expert RA Rating Agency,NA
IRFCL,International Reserves and Foreign Currency Liquidity (IRFCL),DSD_IRFCL_PUB,COUNTRY,CL_IRFCL_COUNTRY_PUB,FALSE,EYPAR,EY Parthenon,NA
IRFCL,International Reserves and Foreign Currency Liquidity (IRFCL),DSD_IRFCL_PUB,COUNTRY,CL_IRFCL_COUNTRY_PUB,FALSE,EZB,European Central Bank (ECB),NA
IRFCL,International Reserves and Foreign Currency Liquidity (IRFCL),DSD_IRFCL_PUB,COUNTRY,CL_IRFCL_COUNTRY_PUB,FALSE,FACTSET,Factset Research Systems Inc,NA
IRFCL,International Reserves and Foreign Currency Liquidity (IRFCL),DSD_IRFCL_PUB,COUNTRY,CL_IRFCL_COUNTRY_PUB,FALSE,FAO,Food and Agriculture Organization of the United Nations (FAO),NA
IRFCL,International Reserves and Foreign Currency Liquidity (IRFCL),DSD_IRFCL_PUB,COUNTRY,CL_IRFCL_COUNTRY_PUB,FALSE,FATHC,Fathom Consulting,NA
IRFCL,International Reserves and Foreign Currency Liquidity (IRFCL),DSD_IRFCL_PUB,COUNTRY,CL_IRFCL_COUNTRY_PUB,FALSE,FATOR,Banco Fator S.A.,NA
IRFCL,International Reserves and Foreign Currency Liquidity (IRFCL),DSD_IRFCL_PUB,COUNTRY,CL_IRFCL_COUNTRY_PUB,FALSE,FDI,fDi Intelligence Ltd,NA
IRFCL,International Reserves and Foreign Currency Liquidity (IRFCL),DSD_IRFCL_PUB,COUNTRY,CL_IRFCL_COUNTRY_PUB,FALSE,FDXCP,FedEx Corporation,NA
IRFCL,International Reserves and Foreign Currency Liquidity (IRFCL),DSD_IRFCL_PUB,COUNTRY,CL_IRFCL_COUNTRY_PUB,FALSE,FED,The Federal Reserve System (FRS),NA
IRFCL,International Reserves and Foreign Currency Liquidity (IRFCL),DSD_IRFCL_PUB,COUNTRY,CL_IRFCL_COUNTRY_PUB,FALSE,FEDDE,Federal Reserve Bank of Denver,NA
IRFCL,International Reserves and Foreign Currency Liquidity (IRFCL),DSD_IRFCL_PUB,COUNTRY,CL_IRFCL_COUNTRY_PUB,FALSE,FEDES,Fundación para la Educación Superior y el Desarrollo (Fedesarrollo),NA
IRFCL,International Reserves and Foreign Currency Liquidity (IRFCL),DSD_IRFCL_PUB,COUNTRY,CL_IRFCL_COUNTRY_PUB,FALSE,FEDGE,Federal Reserve Bank of Atlanta,NA
IRFCL,International Reserves and Foreign Currency Liquidity (IRFCL),DSD_IRFCL_PUB,COUNTRY,CL_IRFCL_COUNTRY_PUB,FALSE,FEDMA,Federal Reserve Bank of Boston,NA
IRFCL,International Reserves and Foreign Currency Liquidity (IRFCL),DSD_IRFCL_PUB,COUNTRY,CL_IRFCL_COUNTRY_PUB,FALSE,FEDNY,Federal Reserve Bank of New York,NA
IRFCL,International Reserves and Foreign Currency Liquidity (IRFCL),DSD_IRFCL_PUB,COUNTRY,CL_IRFCL_COUNTRY_PUB,FALSE,FERAT,Feri EuroRating Services AG,NA
IRFCL,International Reserves and Foreign Currency Liquidity (IRFCL),DSD_IRFCL_PUB,COUNTRY,CL_IRFCL_COUNTRY_PUB,FALSE,FERIT,FERI Trust GmbH,NA
IRFCL,International Reserves and Foreign Currency Liquidity (IRFCL),DSD_IRFCL_PUB,COUNTRY,CL_IRFCL_COUNTRY_PUB,FALSE,FIEL,Fundación de Investigaciones Económicas Latinoamericanas,NA
IRFCL,International Reserves and Foreign Currency Liquidity (IRFCL),DSD_IRFCL_PUB,COUNTRY,CL_IRFCL_COUNTRY_PUB,FALSE,FINNET,Finnet Elektronik Yayincilik Data,NA
IRFCL,International Reserves and Foreign Currency Liquidity (IRFCL),DSD_IRFCL_PUB,COUNTRY,CL_IRFCL_COUNTRY_PUB,FALSE,FIRST,First Securities ASA,NA
IRFCL,International Reserves and Foreign Currency Liquidity (IRFCL),DSD_IRFCL_PUB,COUNTRY,CL_IRFCL_COUNTRY_PUB,FALSE,FIT,Fitch Solutions Inc,NA
IRFCL,International Reserves and Foreign Currency Liquidity (IRFCL),DSD_IRFCL_PUB,COUNTRY,CL_IRFCL_COUNTRY_PUB,FALSE,FITCH,Fitch Ratings Inc.,NA
IRFCL,International Reserves and Foreign Currency Liquidity (IRFCL),DSD_IRFCL_PUB,COUNTRY,CL_IRFCL_COUNTRY_PUB,FALSE,FLI,Flightradar24 Ab,NA
IRFCL,International Reserves and Foreign Currency Liquidity (IRFCL),DSD_IRFCL_PUB,COUNTRY,CL_IRFCL_COUNTRY_PUB,FALSE,FMBPBP,FM Bank PBP SA,NA
IRFCL,International Reserves and Foreign Currency Liquidity (IRFCL),DSD_IRFCL_PUB,COUNTRY,CL_IRFCL_COUNTRY_PUB,FALSE,FNMAS,Federal National Mortgage Association,NA
IRFCL,International Reserves and Foreign Currency Liquidity (IRFCL),DSD_IRFCL_PUB,COUNTRY,CL_IRFCL_COUNTRY_PUB,FALSE,FNZC,First NZ Capital Limited,NA
IRFCL,International Reserves and Foreign Currency Liquidity (IRFCL),DSD_IRFCL_PUB,COUNTRY,CL_IRFCL_COUNTRY_PUB,FALSE,FOC,Focuseconomics SLU,NA
IRFCL,International Reserves and Foreign Currency Liquidity (IRFCL),DSD_IRFCL_PUB,COUNTRY,CL_IRFCL_COUNTRY_PUB,FALSE,FONTA,Fontaine y Paul Consultores,NA
IRFCL,International Reserves and Foreign Currency Liquidity (IRFCL),DSD_IRFCL_PUB,COUNTRY,CL_IRFCL_COUNTRY_PUB,FALSE,FORDC,Ford Motor Company,NA
IRFCL,International Reserves and Foreign Currency Liquidity (IRFCL),DSD_IRFCL_PUB,COUNTRY,CL_IRFCL_COUNTRY_PUB,FALSE,FORTI,Fortis SA/NV,NA
IRFCL,International Reserves and Foreign Currency Liquidity (IRFCL),DSD_IRFCL_PUB,COUNTRY,CL_IRFCL_COUNTRY_PUB,FALSE,FORTIS,Fortis Bank Nederland,NA
IRFCL,International Reserves and Foreign Currency Liquidity (IRFCL),DSD_IRFCL_PUB,COUNTRY,CL_IRFCL_COUNTRY_PUB,FALSE,FSB,Financial Stability Board (FSB),NA
IRFCL,International Reserves and Foreign Currency Liquidity (IRFCL),DSD_IRFCL_PUB,COUNTRY,CL_IRFCL_COUNTRY_PUB,FALSE,FT,Financial Times,NA
IRFCL,International Reserves and Foreign Currency Liquidity (IRFCL),DSD_IRFCL_PUB,COUNTRY,CL_IRFCL_COUNTRY_PUB,FALSE,FTRST,First Trust Advisors L.P.,NA
IRFCL,International Reserves and Foreign Currency Liquidity (IRFCL),DSD_IRFCL_PUB,COUNTRY,CL_IRFCL_COUNTRY_PUB,FALSE,FTS,Ftse International Ltd,NA
IRFCL,International Reserves and Foreign Currency Liquidity (IRFCL),DSD_IRFCL_PUB,COUNTRY,CL_IRFCL_COUNTRY_PUB,FALSE,FTSOL,Fitch Solutions,NA
IRFCL,International Reserves and Foreign Currency Liquidity (IRFCL),DSD_IRFCL_PUB,COUNTRY,CL_IRFCL_COUNTRY_PUB,FALSE,FUNCAS,Fundación de las Cajas de Ahorros (FUNCAS),NA
IRFCL,International Reserves and Foreign Currency Liquidity (IRFCL),DSD_IRFCL_PUB,COUNTRY,CL_IRFCL_COUNTRY_PUB,FALSE,FUNDC,Fundación Capital,NA
IRFCL,International Reserves and Foreign Currency Liquidity (IRFCL),DSD_IRFCL_PUB,COUNTRY,CL_IRFCL_COUNTRY_PUB,FALSE,G20,Group of Twenty (G20),NA
IRFCL,International Reserves and Foreign Currency Liquidity (IRFCL),DSD_IRFCL_PUB,COUNTRY,CL_IRFCL_COUNTRY_PUB,FALSE,G24,Group of Twenty-four (G-24),NA
IRFCL,International Reserves and Foreign Currency Liquidity (IRFCL),DSD_IRFCL_PUB,COUNTRY,CL_IRFCL_COUNTRY_PUB,FALSE,G30,Group of Thirty (G30),NA
IRFCL,International Reserves and Foreign Currency Liquidity (IRFCL),DSD_IRFCL_PUB,COUNTRY,CL_IRFCL_COUNTRY_PUB,FALSE,G5,Group of Five (G5),NA
IRFCL,International Reserves and Foreign Currency Liquidity (IRFCL),DSD_IRFCL_PUB,COUNTRY,CL_IRFCL_COUNTRY_PUB,FALSE,G7,Group of Seven (G7),NA
IRFCL,International Reserves and Foreign Currency Liquidity (IRFCL),DSD_IRFCL_PUB,COUNTRY,CL_IRFCL_COUNTRY_PUB,FALSE,G77,Group of 77 (G77),NA
IRFCL,International Reserves and Foreign Currency Liquidity (IRFCL),DSD_IRFCL_PUB,COUNTRY,CL_IRFCL_COUNTRY_PUB,FALSE,G8,Group of Eight (G8;Go8),NA
IRFCL,International Reserves and Foreign Currency Liquidity (IRFCL),DSD_IRFCL_PUB,COUNTRY,CL_IRFCL_COUNTRY_PUB,FALSE,GALIC,Banco de Galicia y Buenos Aires S.A.,NA
IRFCL,International Reserves and Foreign Currency Liquidity (IRFCL),DSD_IRFCL_PUB,COUNTRY,CL_IRFCL_COUNTRY_PUB,FALSE,GAMMA,Groupe d'Analyse Macroéconomique Appliquée,NA
IRFCL,International Reserves and Foreign Currency Liquidity (IRFCL),DSD_IRFCL_PUB,COUNTRY,CL_IRFCL_COUNTRY_PUB,FALSE,GAMUN,GAMA - Université Paris-Nanterre,NA
IRFCL,International Reserves and Foreign Currency Liquidity (IRFCL),DSD_IRFCL_PUB,COUNTRY,CL_IRFCL_COUNTRY_PUB,FALSE,GARAN,Türkiye Garanti Bankası A.Ş.,NA
IRFCL,International Reserves and Foreign Currency Liquidity (IRFCL),DSD_IRFCL_PUB,COUNTRY,CL_IRFCL_COUNTRY_PUB,FALSE,GASTU,Georgia State University,NA
IRFCL,International Reserves and Foreign Currency Liquidity (IRFCL),DSD_IRFCL_PUB,COUNTRY,CL_IRFCL_COUNTRY_PUB,FALSE,GAZBK,Gazprombank (Joint Stock Company),NA
IRFCL,International Reserves and Foreign Currency Liquidity (IRFCL),DSD_IRFCL_PUB,COUNTRY,CL_IRFCL_COUNTRY_PUB,FALSE,GBM,"Grupo Bursátil Mexicano S.A. de C.V., Casa de Bolsa",NA
IRFCL,International Reserves and Foreign Currency Liquidity (IRFCL),DSD_IRFCL_PUB,COUNTRY,CL_IRFCL_COUNTRY_PUB,FALSE,GCC,Gulf Cooperation Council (GCC) (GCC),NA
IRFCL,International Reserves and Foreign Currency Liquidity (IRFCL),DSD_IRFCL_PUB,COUNTRY,CL_IRFCL_COUNTRY_PUB,FALSE,GDANS,Uniwersytet Gdański,NA
IRFCL,International Reserves and Foreign Currency Liquidity (IRFCL),DSD_IRFCL_PUB,COUNTRY,CL_IRFCL_COUNTRY_PUB,FALSE,GEMIN,Gemines Consultores,NA
IRFCL,International Reserves and Foreign Currency Liquidity (IRFCL),DSD_IRFCL_PUB,COUNTRY,CL_IRFCL_COUNTRY_PUB,FALSE,GENIN,Generali Investments CEE Investment Management a.s.,NA
IRFCL,International Reserves and Foreign Currency Liquidity (IRFCL),DSD_IRFCL_PUB,COUNTRY,CL_IRFCL_COUNTRY_PUB,FALSE,GENMC,General Motors Company,NA
IRFCL,International Reserves and Foreign Currency Liquidity (IRFCL),DSD_IRFCL_PUB,COUNTRY,CL_IRFCL_COUNTRY_PUB,FALSE,GKIEC,GKI Economic Research Co.,NA
IRFCL,International Reserves and Foreign Currency Liquidity (IRFCL),DSD_IRFCL_PUB,COUNTRY,CL_IRFCL_COUNTRY_PUB,FALSE,GLBDT,GlobalData,NA
IRFCL,International Reserves and Foreign Currency Liquidity (IRFCL),DSD_IRFCL_PUB,COUNTRY,CL_IRFCL_COUNTRY_PUB,FALSE,GLDMN,"Goldman Sachs Group, Inc.",NA
IRFCL,International Reserves and Foreign Currency Liquidity (IRFCL),DSD_IRFCL_PUB,COUNTRY,CL_IRFCL_COUNTRY_PUB,FALSE,GLOEN,Globalen LLC,NA
IRFCL,International Reserves and Foreign Currency Liquidity (IRFCL),DSD_IRFCL_PUB,COUNTRY,CL_IRFCL_COUNTRY_PUB,FALSE,GLOFIN,Global Financial Data Inc,NA
IRFCL,International Reserves and Foreign Currency Liquidity (IRFCL),DSD_IRFCL_PUB,COUNTRY,CL_IRFCL_COUNTRY_PUB,FALSE,GLOPART,GlobalSource Partners,NA
IRFCL,International Reserves and Foreign Currency Liquidity (IRFCL),DSD_IRFCL_PUB,COUNTRY,CL_IRFCL_COUNTRY_PUB,FALSE,GLOPROP,Global Property Guide,NA
IRFCL,International Reserves and Foreign Currency Liquidity (IRFCL),DSD_IRFCL_PUB,COUNTRY,CL_IRFCL_COUNTRY_PUB,FALSE,GMC,Gulf Monetary Council (GMCO),NA
IRFCL,International Reserves and Foreign Currency Liquidity (IRFCL),DSD_IRFCL_PUB,COUNTRY,CL_IRFCL_COUNTRY_PUB,FALSE,GOASS,GO Associados,NA
IRFCL,International Reserves and Foreign Currency Liquidity (IRFCL),DSD_IRFCL_PUB,COUNTRY,CL_IRFCL_COUNTRY_PUB,FALSE,GRACO,GRA Consultora,NA
IRFCL,International Reserves and Foreign Currency Liquidity (IRFCL),DSD_IRFCL_PUB,COUNTRY,CL_IRFCL_COUNTRY_PUB,FALSE,GRUBU,"Grupo Bursamétrica, S.A. de C.V., Casa de Bolsa",NA
IRFCL,International Reserves and Foreign Currency Liquidity (IRFCL),DSD_IRFCL_PUB,COUNTRY,CL_IRFCL_COUNTRY_PUB,FALSE,GSASX,Goldman Sachs Australia,NA
IRFCL,International Reserves and Foreign Currency Liquidity (IRFCL),DSD_IRFCL_PUB,COUNTRY,CL_IRFCL_COUNTRY_PUB,FALSE,GSAUS,GS Partners Australia,NA
IRFCL,International Reserves and Foreign Currency Liquidity (IRFCL),DSD_IRFCL_PUB,COUNTRY,CL_IRFCL_COUNTRY_PUB,FALSE,GSAX,Goldman Sachs (Asia) L.L.C,NA
IRFCL,International Reserves and Foreign Currency Liquidity (IRFCL),DSD_IRFCL_PUB,COUNTRY,CL_IRFCL_COUNTRY_PUB,FALSE,GSJBW,Goldman Sachs JBWere,NA
IRFCL,International Reserves and Foreign Currency Liquidity (IRFCL),DSD_IRFCL_PUB,COUNTRY,CL_IRFCL_COUNTRY_PUB,FALSE,GSNZL,Goldman Sachs New Zealand Limited,NA
IRFCL,International Reserves and Foreign Currency Liquidity (IRFCL),DSD_IRFCL_PUB,COUNTRY,CL_IRFCL_COUNTRY_PUB,FALSE,GSPNZ,GS Partners NZ,NA
IRFCL,International Reserves and Foreign Currency Liquidity (IRFCL),DSD_IRFCL_PUB,COUNTRY,CL_IRFCL_COUNTRY_PUB,FALSE,GSU,"Georgia State University, Andrew Young School of Policy Studies",NA
IRFCL,International Reserves and Foreign Currency Liquidity (IRFCL),DSD_IRFCL_PUB,COUNTRY,CL_IRFCL_COUNTRY_PUB,FALSE,HALBS,Halifax Bank of Scotland,NA
IRFCL,International Reserves and Foreign Currency Liquidity (IRFCL),DSD_IRFCL_PUB,COUNTRY,CL_IRFCL_COUNTRY_PUB,FALSE,HANCM,Handelsbanken Capital Markets,NA
IRFCL,International Reserves and Foreign Currency Liquidity (IRFCL),DSD_IRFCL_PUB,COUNTRY,CL_IRFCL_COUNTRY_PUB,FALSE,HAV,Haver Analytics,NA
IRFCL,International Reserves and Foreign Currency Liquidity (IRFCL),DSD_IRFCL_PUB,COUNTRY,CL_IRFCL_COUNTRY_PUB,FALSE,HELAB,Helaba,NA
IRFCL,International Reserves and Foreign Currency Liquidity (IRFCL),DSD_IRFCL_PUB,COUNTRY,CL_IRFCL_COUNTRY_PUB,FALSE,HERMC,Hermann Consultores Ltda.,NA
IRFCL,International Reserves and Foreign Currency Liquidity (IRFCL),DSD_IRFCL_PUB,COUNTRY,CL_IRFCL_COUNTRY_PUB,FALSE,HETEC,Heteronomics,NA
IRFCL,International Reserves and Foreign Currency Liquidity (IRFCL),DSD_IRFCL_PUB,COUNTRY,CL_IRFCL_COUNTRY_PUB,FALSE,HGSBK,Hang Seng Bank Limited,NA
IRFCL,International Reserves and Foreign Currency Liquidity (IRFCL),DSD_IRFCL_PUB,COUNTRY,CL_IRFCL_COUNTRY_PUB,FALSE,HITA,"Hitachi, Ltd.",NA
IRFCL,International Reserves and Foreign Currency Liquidity (IRFCL),DSD_IRFCL_PUB,COUNTRY,CL_IRFCL_COUNTRY_PUB,FALSE,HKMA,Hong Kong Monetary Authority (HKMA),NA
IRFCL,International Reserves and Foreign Currency Liquidity (IRFCL),DSD_IRFCL_PUB,COUNTRY,CL_IRFCL_COUNTRY_PUB,FALSE,HNB,Croatian National Bank,NA
IRFCL,International Reserves and Foreign Currency Liquidity (IRFCL),DSD_IRFCL_PUB,COUNTRY,CL_IRFCL_COUNTRY_PUB,FALSE,HQBNK,HQ Bank AB,NA
IRFCL,International Reserves and Foreign Currency Liquidity (IRFCL),DSD_IRFCL_PUB,COUNTRY,CL_IRFCL_COUNTRY_PUB,FALSE,HSBAU,HSBC Bank Australia Limited,NA
IRFCL,International Reserves and Foreign Currency Liquidity (IRFCL),DSD_IRFCL_PUB,COUNTRY,CL_IRFCL_COUNTRY_PUB,FALSE,HSBCB,HSBC Holdings plc,NA
IRFCL,International Reserves and Foreign Currency Liquidity (IRFCL),DSD_IRFCL_PUB,COUNTRY,CL_IRFCL_COUNTRY_PUB,FALSE,HSBCBI,HSBC Bank A.Ş.,NA
IRFCL,International Reserves and Foreign Currency Liquidity (IRFCL),DSD_IRFCL_PUB,COUNTRY,CL_IRFCL_COUNTRY_PUB,FALSE,HSBCBK,HSBC Trinkaus & Burkhardt AG,NA
IRFCL,International Reserves and Foreign Currency Liquidity (IRFCL),DSD_IRFCL_PUB,COUNTRY,CL_IRFCL_COUNTRY_PUB,FALSE,HSBCEC,HSBC Economics,NA
IRFCL,International Reserves and Foreign Currency Liquidity (IRFCL),DSD_IRFCL_PUB,COUNTRY,CL_IRFCL_COUNTRY_PUB,FALSE,HSBCFR,HSBC France,NA
IRFCL,International Reserves and Foreign Currency Liquidity (IRFCL),DSD_IRFCL_PUB,COUNTRY,CL_IRFCL_COUNTRY_PUB,FALSE,HUP,Croatian Employers' Association (Hrvatska udruga poslodavaca),NA
IRFCL,International Reserves and Foreign Currency Liquidity (IRFCL),DSD_IRFCL_PUB,COUNTRY,CL_IRFCL_COUNTRY_PUB,FALSE,HWWII,Hamburg Institute of International Economics (HWWI),NA
IRFCL,International Reserves and Foreign Currency Liquidity (IRFCL),DSD_IRFCL_PUB,COUNTRY,CL_IRFCL_COUNTRY_PUB,FALSE,HYPO,Hypo Alpe Adria Bank d.d.,NA
IRFCL,International Reserves and Foreign Currency Liquidity (IRFCL),DSD_IRFCL_PUB,COUNTRY,CL_IRFCL_COUNTRY_PUB,FALSE,HYPOB,Hypo Alpe-Adria-Bank International AG,NA
IRFCL,International Reserves and Foreign Currency Liquidity (IRFCL),DSD_IRFCL_PUB,COUNTRY,CL_IRFCL_COUNTRY_PUB,FALSE,HYSEC,"Hyundai Motor Securities Co., Ltd.",NA
IRFCL,International Reserves and Foreign Currency Liquidity (IRFCL),DSD_IRFCL_PUB,COUNTRY,CL_IRFCL_COUNTRY_PUB,FALSE,IAD,Inter-American Development Bank (IDB),NA
IRFCL,International Reserves and Foreign Currency Liquidity (IRFCL),DSD_IRFCL_PUB,COUNTRY,CL_IRFCL_COUNTRY_PUB,FALSE,IBI,Informa Business Intelligence Inc,NA
IRFCL,International Reserves and Foreign Currency Liquidity (IRFCL),DSD_IRFCL_PUB,COUNTRY,CL_IRFCL_COUNTRY_PUB,FALSE,IBRD,International Bank for Reconstruction and Development (IBRD),NA
IRFCL,International Reserves and Foreign Currency Liquidity (IRFCL),DSD_IRFCL_PUB,COUNTRY,CL_IRFCL_COUNTRY_PUB,FALSE,IBU,İstanbul Bilgi Üniversitesi,NA
IRFCL,International Reserves and Foreign Currency Liquidity (IRFCL),DSD_IRFCL_PUB,COUNTRY,CL_IRFCL_COUNTRY_PUB,FALSE,ICC,International Chamber of Commerce (ICC),NA
IRFCL,International Reserves and Foreign Currency Liquidity (IRFCL),DSD_IRFCL_PUB,COUNTRY,CL_IRFCL_COUNTRY_PUB,FALSE,ICEF,Institut CREA d'Economie et de Finance,NA
IRFCL,International Reserves and Foreign Currency Liquidity (IRFCL),DSD_IRFCL_PUB,COUNTRY,CL_IRFCL_COUNTRY_PUB,FALSE,ICICI,ICICI Bank Limited,NA
IRFCL,International Reserves and Foreign Currency Liquidity (IRFCL),DSD_IRFCL_PUB,COUNTRY,CL_IRFCL_COUNTRY_PUB,FALSE,ICICS,ICICI Securities Limited,NA
IRFCL,International Reserves and Foreign Currency Liquidity (IRFCL),DSD_IRFCL_PUB,COUNTRY,CL_IRFCL_COUNTRY_PUB,FALSE,ICISC,Independent Commodity Intelligence Services,NA
IRFCL,International Reserves and Foreign Currency Liquidity (IRFCL),DSD_IRFCL_PUB,COUNTRY,CL_IRFCL_COUNTRY_PUB,FALSE,IDA,International Development Association (IDA),NA
IRFCL,International Reserves and Foreign Currency Liquidity (IRFCL),DSD_IRFCL_PUB,COUNTRY,CL_IRFCL_COUNTRY_PUB,FALSE,IDB,Islamic Development Bank (IsDB),NA
IRFCL,International Reserves and Foreign Currency Liquidity (IRFCL),DSD_IRFCL_PUB,COUNTRY,CL_IRFCL_COUNTRY_PUB,FALSE,IDD,ICE Data Derivatives UK Ltd,NA
IRFCL,International Reserves and Foreign Currency Liquidity (IRFCL),DSD_IRFCL_PUB,COUNTRY,CL_IRFCL_COUNTRY_PUB,FALSE,IDEA,Institute for Development and Econometric Analysis,NA
IRFCL,International Reserves and Foreign Currency Liquidity (IRFCL),DSD_IRFCL_PUB,COUNTRY,CL_IRFCL_COUNTRY_PUB,FALSE,IEA,International Energy Agency (IEA),NA
IRFCL,International Reserves and Foreign Currency Liquidity (IRFCL),DSD_IRFCL_PUB,COUNTRY,CL_IRFCL_COUNTRY_PUB,FALSE,IEETT,Institute of Economics at Tallinn Technical University,NA
IRFCL,International Reserves and Foreign Currency Liquidity (IRFCL),DSD_IRFCL_PUB,COUNTRY,CL_IRFCL_COUNTRY_PUB,FALSE,IFAD,International Fund for Agricultural Development (IFAD),NA
IRFCL,International Reserves and Foreign Currency Liquidity (IRFCL),DSD_IRFCL_PUB,COUNTRY,CL_IRFCL_COUNTRY_PUB,FALSE,IFC,International Finance Corporation (IFC),NA
IRFCL,International Reserves and Foreign Currency Liquidity (IRFCL),DSD_IRFCL_PUB,COUNTRY,CL_IRFCL_COUNTRY_PUB,FALSE,IFL,Instituto Flores de Lemus,NA
IRFCL,International Reserves and Foreign Currency Liquidity (IRFCL),DSD_IRFCL_PUB,COUNTRY,CL_IRFCL_COUNTRY_PUB,FALSE,IFOIN,Ifo Institute for Economic Research,NA
IRFCL,International Reserves and Foreign Currency Liquidity (IRFCL),DSD_IRFCL_PUB,COUNTRY,CL_IRFCL_COUNTRY_PUB,FALSE,IFS,Islamic Financial Services Board (IFSB),NA
IRFCL,International Reserves and Foreign Currency Liquidity (IRFCL),DSD_IRFCL_PUB,COUNTRY,CL_IRFCL_COUNTRY_PUB,FALSE,IFSWF,International Forum of Sovereign Wealth Funds (IFSWF),NA
IRFCL,International Reserves and Foreign Currency Liquidity (IRFCL),DSD_IRFCL_PUB,COUNTRY,CL_IRFCL_COUNTRY_PUB,FALSE,IfWKI,Kiel Institute for the World Economy,NA
IRFCL,International Reserves and Foreign Currency Liquidity (IRFCL),DSD_IRFCL_PUB,COUNTRY,CL_IRFCL_COUNTRY_PUB,FALSE,IGA,Intergovernmental Authority on Development (IGAD),NA
IRFCL,International Reserves and Foreign Currency Liquidity (IRFCL),DSD_IRFCL_PUB,COUNTRY,CL_IRFCL_COUNTRY_PUB,FALSE,IHECO,IHS Economics,NA
IRFCL,International Reserves and Foreign Currency Liquidity (IRFCL),DSD_IRFCL_PUB,COUNTRY,CL_IRFCL_COUNTRY_PUB,FALSE,IHSGI,HS Global Insight,NA
IRFCL,International Reserves and Foreign Currency Liquidity (IRFCL),DSD_IRFCL_PUB,COUNTRY,CL_IRFCL_COUNTRY_PUB,FALSE,IHSGLO,Accuris,NA
IRFCL,International Reserves and Foreign Currency Liquidity (IRFCL),DSD_IRFCL_PUB,COUNTRY,CL_IRFCL_COUNTRY_PUB,FALSE,IHSMK,IHS Markit Ltd.,NA
IRFCL,International Reserves and Foreign Currency Liquidity (IRFCL),DSD_IRFCL_PUB,COUNTRY,CL_IRFCL_COUNTRY_PUB,FALSE,IIESUCAB,Instituto de Investigaciones Económicas y Sociales de la Universidad Católica Andrés Bello (IIESUCAB),NA
IRFCL,International Reserves and Foreign Currency Liquidity (IRFCL),DSD_IRFCL_PUB,COUNTRY,CL_IRFCL_COUNTRY_PUB,FALSE,IIF,Institute of International Finance (IIF),NA
IRFCL,International Reserves and Foreign Currency Liquidity (IRFCL),DSD_IRFCL_PUB,COUNTRY,CL_IRFCL_COUNTRY_PUB,FALSE,ILO,International Labour Organization (ILO),NA
IRFCL,International Reserves and Foreign Currency Liquidity (IRFCL),DSD_IRFCL_PUB,COUNTRY,CL_IRFCL_COUNTRY_PUB,FALSE,ILOF,International Labour Office (ILO),NA
IRFCL,International Reserves and Foreign Currency Liquidity (IRFCL),DSD_IRFCL_PUB,COUNTRY,CL_IRFCL_COUNTRY_PUB,FALSE,IMEC,Institute for Market Economics,NA
IRFCL,International Reserves and Foreign Currency Liquidity (IRFCL),DSD_IRFCL_PUB,COUNTRY,CL_IRFCL_COUNTRY_PUB,FALSE,IMF,International Monetary Fund (IMF),NA
IRFCL,International Reserves and Foreign Currency Liquidity (IRFCL),DSD_IRFCL_PUB,COUNTRY,CL_IRFCL_COUNTRY_PUB,FALSE,INDRA,India Ratings and Research Private Limited,NA
IRFCL,International Reserves and Foreign Currency Liquidity (IRFCL),DSD_IRFCL_PUB,COUNTRY,CL_IRFCL_COUNTRY_PUB,FALSE,INFMT,Infometrics,NA
IRFCL,International Reserves and Foreign Currency Liquidity (IRFCL),DSD_IRFCL_PUB,COUNTRY,CL_IRFCL_COUNTRY_PUB,FALSE,INFOR,Informetrica Limited,NA
IRFCL,International Reserves and Foreign Currency Liquidity (IRFCL),DSD_IRFCL_PUB,COUNTRY,CL_IRFCL_COUNTRY_PUB,FALSE,INFOUM,Inforum University of Maryland,NA
IRFCL,International Reserves and Foreign Currency Liquidity (IRFCL),DSD_IRFCL_PUB,COUNTRY,CL_IRFCL_COUNTRY_PUB,FALSE,INFRM,Inforum,NA
IRFCL,International Reserves and Foreign Currency Liquidity (IRFCL),DSD_IRFCL_PUB,COUNTRY,CL_IRFCL_COUNTRY_PUB,FALSE,ING,ING Bank N.V.,NA
IRFCL,International Reserves and Foreign Currency Liquidity (IRFCL),DSD_IRFCL_PUB,COUNTRY,CL_IRFCL_COUNTRY_PUB,FALSE,INGB,ING Bank Śląski S.A.,NA
IRFCL,International Reserves and Foreign Currency Liquidity (IRFCL),DSD_IRFCL_PUB,COUNTRY,CL_IRFCL_COUNTRY_PUB,FALSE,INGBK,ING Bank A.Ş.,NA
IRFCL,International Reserves and Foreign Currency Liquidity (IRFCL),DSD_IRFCL_PUB,COUNTRY,CL_IRFCL_COUNTRY_PUB,FALSE,INGGV,ING Groep N.V.,NA
IRFCL,International Reserves and Foreign Currency Liquidity (IRFCL),DSD_IRFCL_PUB,COUNTRY,CL_IRFCL_COUNTRY_PUB,FALSE,INGMK,ING Financial Markets,NA
IRFCL,International Reserves and Foreign Currency Liquidity (IRFCL),DSD_IRFCL_PUB,COUNTRY,CL_IRFCL_COUNTRY_PUB,FALSE,INSEA,Institute for Studies and Economic Analyses,NA
IRFCL,International Reserves and Foreign Currency Liquidity (IRFCL),DSD_IRFCL_PUB,COUNTRY,CL_IRFCL_COUNTRY_PUB,FALSE,INST,Instituto de Estudios Económicos,NA
IRFCL,International Reserves and Foreign Currency Liquidity (IRFCL),DSD_IRFCL_PUB,COUNTRY,CL_IRFCL_COUNTRY_PUB,FALSE,INSTFISCALSTUDIES,Institute for Fiscal Studies,NA
IRFCL,International Reserves and Foreign Currency Liquidity (IRFCL),DSD_IRFCL_PUB,COUNTRY,CL_IRFCL_COUNTRY_PUB,FALSE,INSTKLEINGUAM,Instituto L. R. Klein - Centro Gauss,NA
IRFCL,International Reserves and Foreign Currency Liquidity (IRFCL),DSD_IRFCL_PUB,COUNTRY,CL_IRFCL_COUNTRY_PUB,FALSE,INTER,InterCapital Securities Zrt.,NA
IRFCL,International Reserves and Foreign Currency Liquidity (IRFCL),DSD_IRFCL_PUB,COUNTRY,CL_IRFCL_COUNTRY_PUB,FALSE,INTSAN,Intesa Sanpaolo S.p.A.,NA
IRFCL,International Reserves and Foreign Currency Liquidity (IRFCL),DSD_IRFCL_PUB,COUNTRY,CL_IRFCL_COUNTRY_PUB,FALSE,INTSB,Inteligo SAB,NA
IRFCL,International Reserves and Foreign Currency Liquidity (IRFCL),DSD_IRFCL_PUB,COUNTRY,CL_IRFCL_COUNTRY_PUB,FALSE,INTSEC,Internet Securities Inc,NA
IRFCL,International Reserves and Foreign Currency Liquidity (IRFCL),DSD_IRFCL_PUB,COUNTRY,CL_IRFCL_COUNTRY_PUB,FALSE,INVCP,Investment Capital Ukraine,NA
IRFCL,International Reserves and Foreign Currency Liquidity (IRFCL),DSD_IRFCL_PUB,COUNTRY,CL_IRFCL_COUNTRY_PUB,FALSE,INVEX,INVEX Grupo Financiero,NA
IRFCL,International Reserves and Foreign Currency Liquidity (IRFCL),DSD_IRFCL_PUB,COUNTRY,CL_IRFCL_COUNTRY_PUB,FALSE,IOC,Indian Ocean Commission (IOC),NA
IRFCL,International Reserves and Foreign Currency Liquidity (IRFCL),DSD_IRFCL_PUB,COUNTRY,CL_IRFCL_COUNTRY_PUB,FALSE,IOMB,Isle of Man Bank,NA
IRFCL,International Reserves and Foreign Currency Liquidity (IRFCL),DSD_IRFCL_PUB,COUNTRY,CL_IRFCL_COUNTRY_PUB,FALSE,IOTA,The Intra-European Organisation of Tax Administrations (IOTA),NA
IRFCL,International Reserves and Foreign Currency Liquidity (IRFCL),DSD_IRFCL_PUB,COUNTRY,CL_IRFCL_COUNTRY_PUB,FALSE,IPAG,Institut de Planification et d'Analyse Générale,NA
IRFCL,International Reserves and Foreign Currency Liquidity (IRFCL),DSD_IRFCL_PUB,COUNTRY,CL_IRFCL_COUNTRY_PUB,FALSE,IPB,Investment Property Databank Ltd,NA
IRFCL,International Reserves and Foreign Currency Liquidity (IRFCL),DSD_IRFCL_PUB,COUNTRY,CL_IRFCL_COUNTRY_PUB,FALSE,IPE,Instituto Peruano de Economía,NA
IRFCL,International Reserves and Foreign Currency Liquidity (IRFCL),DSD_IRFCL_PUB,COUNTRY,CL_IRFCL_COUNTRY_PUB,FALSE,IRQOIL,Iraq Oil Report,NA
IRFCL,International Reserves and Foreign Currency Liquidity (IRFCL),DSD_IRFCL_PUB,COUNTRY,CL_IRFCL_COUNTRY_PUB,FALSE,ISINV,IS Investment,NA
IRFCL,International Reserves and Foreign Currency Liquidity (IRFCL),DSD_IRFCL_PUB,COUNTRY,CL_IRFCL_COUNTRY_PUB,FALSE,ISORA,The International Survey on Revenue Administration (ISORA),NA
IRFCL,International Reserves and Foreign Currency Liquidity (IRFCL),DSD_IRFCL_PUB,COUNTRY,CL_IRFCL_COUNTRY_PUB,FALSE,ITAUB,Itaú BBA,NA
IRFCL,International Reserves and Foreign Currency Liquidity (IRFCL),DSD_IRFCL_PUB,COUNTRY,CL_IRFCL_COUNTRY_PUB,FALSE,ITAUC,Itaú Corretora de Valores S.A.,NA
IRFCL,International Reserves and Foreign Currency Liquidity (IRFCL),DSD_IRFCL_PUB,COUNTRY,CL_IRFCL_COUNTRY_PUB,FALSE,ITC,International Tea Committee Ltd (ITC),NA
IRFCL,International Reserves and Foreign Currency Liquidity (IRFCL),DSD_IRFCL_PUB,COUNTRY,CL_IRFCL_COUNTRY_PUB,FALSE,ITEMC,ITEM Club,NA
IRFCL,International Reserves and Foreign Currency Liquidity (IRFCL),DSD_IRFCL_PUB,COUNTRY,CL_IRFCL_COUNTRY_PUB,FALSE,ITOCH,ITOCHU Corporation,NA
IRFCL,International Reserves and Foreign Currency Liquidity (IRFCL),DSD_IRFCL_PUB,COUNTRY,CL_IRFCL_COUNTRY_PUB,FALSE,ITUBH,Itaú Unibanco Holding S.A.,NA
IRFCL,International Reserves and Foreign Currency Liquidity (IRFCL),DSD_IRFCL_PUB,COUNTRY,CL_IRFCL_COUNTRY_PUB,FALSE,IWGEDS,International Working Group on External Debt Statistics,NA
IRFCL,International Reserves and Foreign Currency Liquidity (IRFCL),DSD_IRFCL_PUB,COUNTRY,CL_IRFCL_COUNTRY_PUB,FALSE,IWH,Halle Institute for Economic Research (IWH),NA
IRFCL,International Reserves and Foreign Currency Liquidity (IRFCL),DSD_IRFCL_PUB,COUNTRY,CL_IRFCL_COUNTRY_PUB,FALSE,IWKOL,German Economic Institute (IW),NA
IRFCL,International Reserves and Foreign Currency Liquidity (IRFCL),DSD_IRFCL_PUB,COUNTRY,CL_IRFCL_COUNTRY_PUB,FALSE,JBIC,Japanese Bank for International Cooperation (JBIC),NA
IRFCL,International Reserves and Foreign Currency Liquidity (IRFCL),DSD_IRFCL_PUB,COUNTRY,CL_IRFCL_COUNTRY_PUB,FALSE,JCER,Japan Center for Economic Research,NA
IRFCL,International Reserves and Foreign Currency Liquidity (IRFCL),DSD_IRFCL_PUB,COUNTRY,CL_IRFCL_COUNTRY_PUB,FALSE,JHEAT,Jonathan Heath and Associates,NA
IRFCL,International Reserves and Foreign Currency Liquidity (IRFCL),DSD_IRFCL_PUB,COUNTRY,CL_IRFCL_COUNTRY_PUB,FALSE,JPM,JP Morgan Securities LLC,NA
IRFCL,International Reserves and Foreign Currency Liquidity (IRFCL),DSD_IRFCL_PUB,COUNTRY,CL_IRFCL_COUNTRY_PUB,FALSE,JPMCG,JPMorgan Chase & Co.,NA
IRFCL,International Reserves and Foreign Currency Liquidity (IRFCL),DSD_IRFCL_PUB,COUNTRY,CL_IRFCL_COUNTRY_PUB,FALSE,JPMMX,J.P. Morgan México,NA
IRFCL,International Reserves and Foreign Currency Liquidity (IRFCL),DSD_IRFCL_PUB,COUNTRY,CL_IRFCL_COUNTRY_PUB,FALSE,JPMSC,"JPMorgan Securities Japan Co., Ltd.",NA
IRFCL,International Reserves and Foreign Currency Liquidity (IRFCL),DSD_IRFCL_PUB,COUNTRY,CL_IRFCL_COUNTRY_PUB,FALSE,JTBNK,"J&T Banka, a.s.",NA
IRFCL,International Reserves and Foreign Currency Liquidity (IRFCL),DSD_IRFCL_PUB,COUNTRY,CL_IRFCL_COUNTRY_PUB,FALSE,JTEC,Japan Techno Economics Center,NA
IRFCL,International Reserves and Foreign Currency Liquidity (IRFCL),DSD_IRFCL_PUB,COUNTRY,CL_IRFCL_COUNTRY_PUB,FALSE,JULSB,Bank Julius Baer & Co. Ltd.,NA
IRFCL,International Reserves and Foreign Currency Liquidity (IRFCL),DSD_IRFCL_PUB,COUNTRY,CL_IRFCL_COUNTRY_PUB,FALSE,JUPINT,Jupiter Intelligence Inc,NA
IRFCL,International Reserves and Foreign Currency Liquidity (IRFCL),DSD_IRFCL_PUB,COUNTRY,CL_IRFCL_COUNTRY_PUB,FALSE,KAD,Kadiev Global Ltd,NA
IRFCL,International Reserves and Foreign Currency Liquidity (IRFCL),DSD_IRFCL_PUB,COUNTRY,CL_IRFCL_COUNTRY_PUB,FALSE,KASKB,Kasikornbank Public Company Limited,NA
IRFCL,International Reserves and Foreign Currency Liquidity (IRFCL),DSD_IRFCL_PUB,COUNTRY,CL_IRFCL_COUNTRY_PUB,FALSE,KDI,Korea Development Institute,NA
IRFCL,International Reserves and Foreign Currency Liquidity (IRFCL),DSD_IRFCL_PUB,COUNTRY,CL_IRFCL_COUNTRY_PUB,FALSE,KEMPEN,Kempen & Co,NA
IRFCL,International Reserves and Foreign Currency Liquidity (IRFCL),DSD_IRFCL_PUB,COUNTRY,CL_IRFCL_COUNTRY_PUB,FALSE,KENGB,Kenanga Investment Bank Berhad,NA
IRFCL,International Reserves and Foreign Currency Liquidity (IRFCL),DSD_IRFCL_PUB,COUNTRY,CL_IRFCL_COUNTRY_PUB,FALSE,KERNC,Kern Consulting,NA
IRFCL,International Reserves and Foreign Currency Liquidity (IRFCL),DSD_IRFCL_PUB,COUNTRY,CL_IRFCL_COUNTRY_PUB,FALSE,KGI,KGI Securities Public Company Limited,NA
IRFCL,International Reserves and Foreign Currency Liquidity (IRFCL),DSD_IRFCL_PUB,COUNTRY,CL_IRFCL_COUNTRY_PUB,FALSE,KGM,Kgm & Associates Pty Ltd,NA
IRFCL,International Reserves and Foreign Currency Liquidity (IRFCL),DSD_IRFCL_PUB,COUNTRY,CL_IRFCL_COUNTRY_PUB,FALSE,KIAT,Kiatnakin Phatra,NA
IRFCL,International Reserves and Foreign Currency Liquidity (IRFCL),DSD_IRFCL_PUB,COUNTRY,CL_IRFCL_COUNTRY_PUB,FALSE,KIECO,Kiel Economics GmbH,NA
IRFCL,International Reserves and Foreign Currency Liquidity (IRFCL),DSD_IRFCL_PUB,COUNTRY,CL_IRFCL_COUNTRY_PUB,FALSE,KISEC,"Korea Investment & Securities Co., Ltd.",NA
IRFCL,International Reserves and Foreign Currency Liquidity (IRFCL),DSD_IRFCL_PUB,COUNTRY,CL_IRFCL_COUNTRY_PUB,FALSE,KMBKA,"Komerční banka, a.s.",NA
IRFCL,International Reserves and Foreign Currency Liquidity (IRFCL),DSD_IRFCL_PUB,COUNTRY,CL_IRFCL_COUNTRY_PUB,FALSE,KOF,KOF Swiss Economic Institute,NA
IRFCL,International Reserves and Foreign Currency Liquidity (IRFCL),DSD_IRFCL_PUB,COUNTRY,CL_IRFCL_COUNTRY_PUB,FALSE,KOPIN,Kopint-Tárki Institute for Economic Research,NA
IRFCL,International Reserves and Foreign Currency Liquidity (IRFCL),DSD_IRFCL_PUB,COUNTRY,CL_IRFCL_COUNTRY_PUB,FALSE,KOTAK,Kotak Mahindra Bank Limited,NA
IRFCL,International Reserves and Foreign Currency Liquidity (IRFCL),DSD_IRFCL_PUB,COUNTRY,CL_IRFCL_COUNTRY_PUB,FALSE,KPMG,KPMG International Limited,NA
IRFCL,International Reserves and Foreign Currency Liquidity (IRFCL),DSD_IRFCL_PUB,COUNTRY,CL_IRFCL_COUNTRY_PUB,FALSE,KRC,Kasikorn Research Center,NA
IRFCL,International Reserves and Foreign Currency Liquidity (IRFCL),DSD_IRFCL_PUB,COUNTRY,CL_IRFCL_COUNTRY_PUB,FALSE,KTB,Krung Thai Bank Public Company Limited,NA
IRFCL,International Reserves and Foreign Currency Liquidity (IRFCL),DSD_IRFCL_PUB,COUNTRY,CL_IRFCL_COUNTRY_PUB,FALSE,KTZMI,KTZMICO Securities Public Company Limited,NA
IRFCL,International Reserves and Foreign Currency Liquidity (IRFCL),DSD_IRFCL_PUB,COUNTRY,CL_IRFCL_COUNTRY_PUB,FALSE,KUKE,Korporacja Ubezpieczeń Kredytów Eksportowych S.A.,NA
IRFCL,International Reserves and Foreign Currency Liquidity (IRFCL),DSD_IRFCL_PUB,COUNTRY,CL_IRFCL_COUNTRY_PUB,FALSE,LAR,Latin American Reserve Fund,NA
IRFCL,International Reserves and Foreign Currency Liquidity (IRFCL),DSD_IRFCL_PUB,COUNTRY,CL_IRFCL_COUNTRY_PUB,FALSE,LAS,League of Arab States,NA
IRFCL,International Reserves and Foreign Currency Liquidity (IRFCL),DSD_IRFCL_PUB,COUNTRY,CL_IRFCL_COUNTRY_PUB,FALSE,LBB,Landesbank Berlin Holding AG,NA
IRFCL,International Reserves and Foreign Currency Liquidity (IRFCL),DSD_IRFCL_PUB,COUNTRY,CL_IRFCL_COUNTRY_PUB,FALSE,LBBW,Landesbank Baden-Württemberg,NA
IRFCL,International Reserves and Foreign Currency Liquidity (IRFCL),DSD_IRFCL_PUB,COUNTRY,CL_IRFCL_COUNTRY_PUB,FALSE,LCACO,LCA Consultores,NA
IRFCL,International Reserves and Foreign Currency Liquidity (IRFCL),DSD_IRFCL_PUB,COUNTRY,CL_IRFCL_COUNTRY_PUB,FALSE,LCG,LCG Consultora,NA
IRFCL,International Reserves and Foreign Currency Liquidity (IRFCL),DSD_IRFCL_PUB,COUNTRY,CL_IRFCL_COUNTRY_PUB,FALSE,LCMAC,LC Macro Advisors,NA
IRFCL,International Reserves and Foreign Currency Liquidity (IRFCL),DSD_IRFCL_PUB,COUNTRY,CL_IRFCL_COUNTRY_PUB,FALSE,LEUMI,Bank Leumi Le-Israel B.M.,NA
IRFCL,International Reserves and Foreign Currency Liquidity (IRFCL),DSD_IRFCL_PUB,COUNTRY,CL_IRFCL_COUNTRY_PUB,FALSE,LGERI,LG Economic Research Institute,NA
IRFCL,International Reserves and Foreign Currency Liquidity (IRFCL),DSD_IRFCL_PUB,COUNTRY,CL_IRFCL_COUNTRY_PUB,FALSE,LIBYD,Libertad y Desarrollo,NA
IRFCL,International Reserves and Foreign Currency Liquidity (IRFCL),DSD_IRFCL_PUB,COUNTRY,CL_IRFCL_COUNTRY_PUB,FALSE,LIBYP,Libertad y Progreso,NA
IRFCL,International Reserves and Foreign Currency Liquidity (IRFCL),DSD_IRFCL_PUB,COUNTRY,CL_IRFCL_COUNTRY_PUB,FALSE,LIFEA,"Institute for Market, Consumption and Business Cycles Research (LIFEA)",NA
IRFCL,International Reserves and Foreign Currency Liquidity (IRFCL),DSD_IRFCL_PUB,COUNTRY,CL_IRFCL_COUNTRY_PUB,FALSE,LIVMR,Liverpool Macro Research,NA
IRFCL,International Reserves and Foreign Currency Liquidity (IRFCL),DSD_IRFCL_PUB,COUNTRY,CL_IRFCL_COUNTRY_PUB,FALSE,LLOYBCB,Lloyds Bank Commercial Banking,NA
IRFCL,International Reserves and Foreign Currency Liquidity (IRFCL),DSD_IRFCL_PUB,COUNTRY,CL_IRFCL_COUNTRY_PUB,FALSE,LLOYTSB,Lloyds TSB Financial Markets,NA
IRFCL,International Reserves and Foreign Currency Liquidity (IRFCL),DSD_IRFCL_PUB,COUNTRY,CL_IRFCL_COUNTRY_PUB,FALSE,LNKD,LinkedIn,NA
IRFCL,International Reserves and Foreign Currency Liquidity (IRFCL),DSD_IRFCL_PUB,COUNTRY,CL_IRFCL_COUNTRY_PUB,FALSE,LOMSR,Lombard Street Research,NA
IRFCL,International Reserves and Foreign Currency Liquidity (IRFCL),DSD_IRFCL_PUB,COUNTRY,CL_IRFCL_COUNTRY_PUB,FALSE,LONC,London Club,NA
IRFCL,International Reserves and Foreign Currency Liquidity (IRFCL),DSD_IRFCL_PUB,COUNTRY,CL_IRFCL_COUNTRY_PUB,FALSE,LRVIA,LarrainVial S.A.,NA
IRFCL,International Reserves and Foreign Currency Liquidity (IRFCL),DSD_IRFCL_PUB,COUNTRY,CL_IRFCL_COUNTRY_PUB,FALSE,LUMNR,Luminor Bank AS,NA
IRFCL,International Reserves and Foreign Currency Liquidity (IRFCL),DSD_IRFCL_PUB,COUNTRY,CL_IRFCL_COUNTRY_PUB,FALSE,LUZKB,Luzerner Kantonalbank AG,NA
IRFCL,International Reserves and Foreign Currency Liquidity (IRFCL),DSD_IRFCL_PUB,COUNTRY,CL_IRFCL_COUNTRY_PUB,FALSE,MACEA,"Macroeconomic Advisers, LLC",NA
IRFCL,International Reserves and Foreign Currency Liquidity (IRFCL),DSD_IRFCL_PUB,COUNTRY,CL_IRFCL_COUNTRY_PUB,FALSE,MACON,Macroconsult S.A.,NA
IRFCL,International Reserves and Foreign Currency Liquidity (IRFCL),DSD_IRFCL_PUB,COUNTRY,CL_IRFCL_COUNTRY_PUB,FALSE,MACQC,Macquarie Capital,NA
IRFCL,International Reserves and Foreign Currency Liquidity (IRFCL),DSD_IRFCL_PUB,COUNTRY,CL_IRFCL_COUNTRY_PUB,FALSE,MACQL,Macquarie Group Limited,NA
IRFCL,International Reserves and Foreign Currency Liquidity (IRFCL),DSD_IRFCL_PUB,COUNTRY,CL_IRFCL_COUNTRY_PUB,FALSE,MACQR,Macquarie Research,NA
IRFCL,International Reserves and Foreign Currency Liquidity (IRFCL),DSD_IRFCL_PUB,COUNTRY,CL_IRFCL_COUNTRY_PUB,FALSE,MACVW,Macroview S.A.,NA
IRFCL,International Reserves and Foreign Currency Liquidity (IRFCL),DSD_IRFCL_PUB,COUNTRY,CL_IRFCL_COUNTRY_PUB,FALSE,MAGYB,Magyar Bankholding Zrt.,NA
IRFCL,International Reserves and Foreign Currency Liquidity (IRFCL),DSD_IRFCL_PUB,COUNTRY,CL_IRFCL_COUNTRY_PUB,FALSE,MANDR,PT Bank Mandiri (Persero) Tbk,NA
IRFCL,International Reserves and Foreign Currency Liquidity (IRFCL),DSD_IRFCL_PUB,COUNTRY,CL_IRFCL_COUNTRY_PUB,FALSE,MANDS,PT Mandiri Sekuritas,NA
IRFCL,International Reserves and Foreign Currency Liquidity (IRFCL),DSD_IRFCL_PUB,COUNTRY,CL_IRFCL_COUNTRY_PUB,FALSE,MANOF,The Manufacturers' Organisation,NA
IRFCL,International Reserves and Foreign Currency Liquidity (IRFCL),DSD_IRFCL_PUB,COUNTRY,CL_IRFCL_COUNTRY_PUB,FALSE,MAPB,Mapbox,NA
IRFCL,International Reserves and Foreign Currency Liquidity (IRFCL),DSD_IRFCL_PUB,COUNTRY,CL_IRFCL_COUNTRY_PUB,FALSE,MAPI,Mapillary,NA
IRFCL,International Reserves and Foreign Currency Liquidity (IRFCL),DSD_IRFCL_PUB,COUNTRY,CL_IRFCL_COUNTRY_PUB,FALSE,MAPLCRFT,Verisk Maplecroft,NA
IRFCL,International Reserves and Foreign Currency Liquidity (IRFCL),DSD_IRFCL_PUB,COUNTRY,CL_IRFCL_COUNTRY_PUB,FALSE,MARKIT,Markit Group Limited,NA
IRFCL,International Reserves and Foreign Currency Liquidity (IRFCL),DSD_IRFCL_PUB,COUNTRY,CL_IRFCL_COUNTRY_PUB,FALSE,MAS,Monetary Authority of Singapore (MAS),NA
IRFCL,International Reserves and Foreign Currency Liquidity (IRFCL),DSD_IRFCL_PUB,COUNTRY,CL_IRFCL_COUNTRY_PUB,FALSE,MAYBI,PT Bank Maybank Indonesia Tbk,NA
IRFCL,International Reserves and Foreign Currency Liquidity (IRFCL),DSD_IRFCL_PUB,COUNTRY,CL_IRFCL_COUNTRY_PUB,FALSE,MAYIB,Maybank Investment Bank Berhad,NA
IRFCL,International Reserves and Foreign Currency Liquidity (IRFCL),DSD_IRFCL_PUB,COUNTRY,CL_IRFCL_COUNTRY_PUB,FALSE,MBAS,MB Associados,NA
IRFCL,International Reserves and Foreign Currency Liquidity (IRFCL),DSD_IRFCL_PUB,COUNTRY,CL_IRFCL_COUNTRY_PUB,FALSE,MBROD,MABroda & Asociados,NA
IRFCL,International Reserves and Foreign Currency Liquidity (IRFCL),DSD_IRFCL_PUB,COUNTRY,CL_IRFCL_COUNTRY_PUB,FALSE,MCECCU,Monetary Council of the Eastern Caribbean Currency Union,NA
IRFCL,International Reserves and Foreign Currency Liquidity (IRFCL),DSD_IRFCL_PUB,COUNTRY,CL_IRFCL_COUNTRY_PUB,FALSE,MCM,MCM Consultores,NA
IRFCL,International Reserves and Foreign Currency Liquidity (IRFCL),DSD_IRFCL_PUB,COUNTRY,CL_IRFCL_COUNTRY_PUB,FALSE,MDECO,Moody's Economy.com,NA
IRFCL,International Reserves and Foreign Currency Liquidity (IRFCL),DSD_IRFCL_PUB,COUNTRY,CL_IRFCL_COUNTRY_PUB,FALSE,MELBR,Melbourne Institute of Applied Economic and Social Research,NA
IRFCL,International Reserves and Foreign Currency Liquidity (IRFCL),DSD_IRFCL_PUB,COUNTRY,CL_IRFCL_COUNTRY_PUB,FALSE,MER,Mergent Inc,NA
IRFCL,International Reserves and Foreign Currency Liquidity (IRFCL),DSD_IRFCL_PUB,COUNTRY,CL_IRFCL_COUNTRY_PUB,FALSE,MERCA,"Banco Mercantil, C.A. Banco Universal",NA
IRFCL,International Reserves and Foreign Currency Liquidity (IRFCL),DSD_IRFCL_PUB,COUNTRY,CL_IRFCL_COUNTRY_PUB,FALSE,MERLY,Merrill Lynch,NA
IRFCL,International Reserves and Foreign Currency Liquidity (IRFCL),DSD_IRFCL_PUB,COUNTRY,CL_IRFCL_COUNTRY_PUB,FALSE,MERMARK,Mergermarket Limited,NA
IRFCL,International Reserves and Foreign Currency Liquidity (IRFCL),DSD_IRFCL_PUB,COUNTRY,CL_IRFCL_COUNTRY_PUB,FALSE,MESA10,MESA10,NA
IRFCL,International Reserves and Foreign Currency Liquidity (IRFCL),DSD_IRFCL_PUB,COUNTRY,CL_IRFCL_COUNTRY_PUB,FALSE,META,Meta,NA
IRFCL,International Reserves and Foreign Currency Liquidity (IRFCL),DSD_IRFCL_PUB,COUNTRY,CL_IRFCL_COUNTRY_PUB,FALSE,METBK,Metropolitan Bank & Trust Company,NA
IRFCL,International Reserves and Foreign Currency Liquidity (IRFCL),DSD_IRFCL_PUB,COUNTRY,CL_IRFCL_COUNTRY_PUB,FALSE,METRO,MetroEconomica,NA
IRFCL,International Reserves and Foreign Currency Liquidity (IRFCL),DSD_IRFCL_PUB,COUNTRY,CL_IRFCL_COUNTRY_PUB,FALSE,MFGL,MF Global Holdings Ltd,NA
IRFCL,International Reserves and Foreign Currency Liquidity (IRFCL),DSD_IRFCL_PUB,COUNTRY,CL_IRFCL_COUNTRY_PUB,FALSE,MFM,Macroeconomic and Financial Management Institute of Eastern and Southern Africa Mercosur (MEFMI),NA
IRFCL,International Reserves and Foreign Currency Liquidity (IRFCL),DSD_IRFCL_PUB,COUNTRY,CL_IRFCL_COUNTRY_PUB,FALSE,MICR,Microsoft,NA
IRFCL,International Reserves and Foreign Currency Liquidity (IRFCL),DSD_IRFCL_PUB,COUNTRY,CL_IRFCL_COUNTRY_PUB,FALSE,MIER,Malaysian Institute of Economic Research,NA
IRFCL,International Reserves and Foreign Currency Liquidity (IRFCL),DSD_IRFCL_PUB,COUNTRY,CL_IRFCL_COUNTRY_PUB,FALSE,MIZHO,"Mizuho Research & Technologies, Ltd.",NA
IRFCL,International Reserves and Foreign Currency Liquidity (IRFCL),DSD_IRFCL_PUB,COUNTRY,CL_IRFCL_COUNTRY_PUB,FALSE,MKB,MKB Bank Nyrt.,NA
IRFCL,International Reserves and Foreign Currency Liquidity (IRFCL),DSD_IRFCL_PUB,COUNTRY,CL_IRFCL_COUNTRY_PUB,FALSE,ML_AUS,Merrill Lynch Australia,NA
IRFCL,International Reserves and Foreign Currency Liquidity (IRFCL),DSD_IRFCL_PUB,COUNTRY,CL_IRFCL_COUNTRY_PUB,FALSE,ML_CAN,Merrill Lynch Canada Inc.,NA
IRFCL,International Reserves and Foreign Currency Liquidity (IRFCL),DSD_IRFCL_PUB,COUNTRY,CL_IRFCL_COUNTRY_PUB,FALSE,ML_JPN,Merrill Lynch Japan,NA
IRFCL,International Reserves and Foreign Currency Liquidity (IRFCL),DSD_IRFCL_PUB,COUNTRY,CL_IRFCL_COUNTRY_PUB,FALSE,MLBOA,Merrill Lynch - Bank of America,NA
IRFCL,International Reserves and Foreign Currency Liquidity (IRFCL),DSD_IRFCL_PUB,COUNTRY,CL_IRFCL_COUNTRY_PUB,FALSE,MMA,Maldives Monetary Authority (MMA),NA
IRFCL,International Reserves and Foreign Currency Liquidity (IRFCL),DSD_IRFCL_PUB,COUNTRY,CL_IRFCL_COUNTRY_PUB,FALSE,MNB,Hungarian National Bank,NA
IRFCL,International Reserves and Foreign Currency Liquidity (IRFCL),DSD_IRFCL_PUB,COUNTRY,CL_IRFCL_COUNTRY_PUB,FALSE,MONEX,Monex Grupo Financiero,NA
IRFCL,International Reserves and Foreign Currency Liquidity (IRFCL),DSD_IRFCL_PUB,COUNTRY,CL_IRFCL_COUNTRY_PUB,FALSE,MOOD,Moodys Analytics Inc,NA
IRFCL,International Reserves and Foreign Currency Liquidity (IRFCL),DSD_IRFCL_PUB,COUNTRY,CL_IRFCL_COUNTRY_PUB,FALSE,MOODY,Moody's Corporation,NA
IRFCL,International Reserves and Foreign Currency Liquidity (IRFCL),DSD_IRFCL_PUB,COUNTRY,CL_IRFCL_COUNTRY_PUB,FALSE,MORNSTAR,Morningstar Inc,NA
IRFCL,International Reserves and Foreign Currency Liquidity (IRFCL),DSD_IRFCL_PUB,COUNTRY,CL_IRFCL_COUNTRY_PUB,FALSE,MORSA,Morgan Stanley Asia,NA
IRFCL,International Reserves and Foreign Currency Liquidity (IRFCL),DSD_IRFCL_PUB,COUNTRY,CL_IRFCL_COUNTRY_PUB,FALSE,MORST,Morgan Stanley,NA
IRFCL,International Reserves and Foreign Currency Liquidity (IRFCL),DSD_IRFCL_PUB,COUNTRY,CL_IRFCL_COUNTRY_PUB,FALSE,MPG,MPG Consultores,NA
IRFCL,International Reserves and Foreign Currency Liquidity (IRFCL),DSD_IRFCL_PUB,COUNTRY,CL_IRFCL_COUNTRY_PUB,FALSE,MRII,"Mitsubishi Research Institute, Inc.",NA
IRFCL,International Reserves and Foreign Currency Liquidity (IRFCL),DSD_IRFCL_PUB,COUNTRY,CL_IRFCL_COUNTRY_PUB,FALSE,MSC,MS Consultores,NA
IRFCL,International Reserves and Foreign Currency Liquidity (IRFCL),DSD_IRFCL_PUB,COUNTRY,CL_IRFCL_COUNTRY_PUB,FALSE,MSCI,MSCI ESG Research LLC (MSCI),NA
IRFCL,International Reserves and Foreign Currency Liquidity (IRFCL),DSD_IRFCL_PUB,COUNTRY,CL_IRFCL_COUNTRY_PUB,FALSE,MSG,Melanesian Spearhead Group (MSG),NA
IRFCL,International Reserves and Foreign Currency Liquidity (IRFCL),DSD_IRFCL_PUB,COUNTRY,CL_IRFCL_COUNTRY_PUB,FALSE,MSKU,Muğla Sıtkı Koçman Üniversitesi,NA
IRFCL,International Reserves and Foreign Currency Liquidity (IRFCL),DSD_IRFCL_PUB,COUNTRY,CL_IRFCL_COUNTRY_PUB,FALSE,MUFG,"MUFG Bank, Ltd.",NA
IRFCL,International Reserves and Foreign Currency Liquidity (IRFCL),DSD_IRFCL_PUB,COUNTRY,CL_IRFCL_COUNTRY_PUB,FALSE,MULT,Multiplicas,NA
IRFCL,International Reserves and Foreign Currency Liquidity (IRFCL),DSD_IRFCL_PUB,COUNTRY,CL_IRFCL_COUNTRY_PUB,FALSE,MURC,"Mitsubishi UFJ Research and Consulting Co., Ltd.",NA
IRFCL,International Reserves and Foreign Currency Liquidity (IRFCL),DSD_IRFCL_PUB,COUNTRY,CL_IRFCL_COUNTRY_PUB,FALSE,MVAS,MVAS Macroeconomía,NA
IRFCL,International Reserves and Foreign Currency Liquidity (IRFCL),DSD_IRFCL_PUB,COUNTRY,CL_IRFCL_COUNTRY_PUB,FALSE,MZSEC,"Mizuho Securities Co., Ltd.",NA
IRFCL,International Reserves and Foreign Currency Liquidity (IRFCL),DSD_IRFCL_PUB,COUNTRY,CL_IRFCL_COUNTRY_PUB,FALSE,NAB,National Australia Bank Limited,NA
IRFCL,International Reserves and Foreign Currency Liquidity (IRFCL),DSD_IRFCL_PUB,COUNTRY,CL_IRFCL_COUNTRY_PUB,FALSE,NAFT,Naftogaz,NA
IRFCL,International Reserves and Foreign Currency Liquidity (IRFCL),DSD_IRFCL_PUB,COUNTRY,CL_IRFCL_COUNTRY_PUB,FALSE,NAHOM,National Association of Home Builders,NA
IRFCL,International Reserves and Foreign Currency Liquidity (IRFCL),DSD_IRFCL_PUB,COUNTRY,CL_IRFCL_COUNTRY_PUB,FALSE,NASU,National Academy of Sciences of Ukraine,NA
IRFCL,International Reserves and Foreign Currency Liquidity (IRFCL),DSD_IRFCL_PUB,COUNTRY,CL_IRFCL_COUNTRY_PUB,FALSE,NATBC,National Bank of Canada,NA
IRFCL,International Reserves and Foreign Currency Liquidity (IRFCL),DSD_IRFCL_PUB,COUNTRY,CL_IRFCL_COUNTRY_PUB,FALSE,NATBF,National Bank Financial Inc.,NA
IRFCL,International Reserves and Foreign Currency Liquidity (IRFCL),DSD_IRFCL_PUB,COUNTRY,CL_IRFCL_COUNTRY_PUB,FALSE,NATIX,Natixis,NA
IRFCL,International Reserves and Foreign Currency Liquidity (IRFCL),DSD_IRFCL_PUB,COUNTRY,CL_IRFCL_COUNTRY_PUB,FALSE,NATWM,NatWest Markets,NA
IRFCL,International Reserves and Foreign Currency Liquidity (IRFCL),DSD_IRFCL_PUB,COUNTRY,CL_IRFCL_COUNTRY_PUB,FALSE,NB,Norges Bank,NA
IRFCL,International Reserves and Foreign Currency Liquidity (IRFCL),DSD_IRFCL_PUB,COUNTRY,CL_IRFCL_COUNTRY_PUB,FALSE,NBB,National Bank of Belgium,NA
IRFCL,International Reserves and Foreign Currency Liquidity (IRFCL),DSD_IRFCL_PUB,COUNTRY,CL_IRFCL_COUNTRY_PUB,FALSE,NBC,National Bank of Cambodia,NA
IRFCL,International Reserves and Foreign Currency Liquidity (IRFCL),DSD_IRFCL_PUB,COUNTRY,CL_IRFCL_COUNTRY_PUB,FALSE,NBE,National Bank of Ethiopia,NA
IRFCL,International Reserves and Foreign Currency Liquidity (IRFCL),DSD_IRFCL_PUB,COUNTRY,CL_IRFCL_COUNTRY_PUB,FALSE,NBG,National Bank of Georgia,NA
IRFCL,International Reserves and Foreign Currency Liquidity (IRFCL),DSD_IRFCL_PUB,COUNTRY,CL_IRFCL_COUNTRY_PUB,FALSE,NBKR,National Bank of the Kyrgyz Republic,NA
IRFCL,International Reserves and Foreign Currency Liquidity (IRFCL),DSD_IRFCL_PUB,COUNTRY,CL_IRFCL_COUNTRY_PUB,FALSE,NBKZ,National Bank of the Republic of Kazakhstan,NA
IRFCL,International Reserves and Foreign Currency Liquidity (IRFCL),DSD_IRFCL_PUB,COUNTRY,CL_IRFCL_COUNTRY_PUB,FALSE,NBL,National Bank of Liechtenstein,NA
IRFCL,International Reserves and Foreign Currency Liquidity (IRFCL),DSD_IRFCL_PUB,COUNTRY,CL_IRFCL_COUNTRY_PUB,FALSE,NBM,National Bank of Moldova,NA
IRFCL,International Reserves and Foreign Currency Liquidity (IRFCL),DSD_IRFCL_PUB,COUNTRY,CL_IRFCL_COUNTRY_PUB,FALSE,NBP,National Bank of Poland,NA
IRFCL,International Reserves and Foreign Currency Liquidity (IRFCL),DSD_IRFCL_PUB,COUNTRY,CL_IRFCL_COUNTRY_PUB,FALSE,NBPA,National Bank of Panama,NA
IRFCL,International Reserves and Foreign Currency Liquidity (IRFCL),DSD_IRFCL_PUB,COUNTRY,CL_IRFCL_COUNTRY_PUB,FALSE,NBRB,National Bank of the Republic of Belarus,NA
IRFCL,International Reserves and Foreign Currency Liquidity (IRFCL),DSD_IRFCL_PUB,COUNTRY,CL_IRFCL_COUNTRY_PUB,FALSE,NBRM,National Bank of the Republic of North Macedonia,NA
IRFCL,International Reserves and Foreign Currency Liquidity (IRFCL),DSD_IRFCL_PUB,COUNTRY,CL_IRFCL_COUNTRY_PUB,FALSE,NBS,National Bank of Serbia,NA
IRFCL,International Reserves and Foreign Currency Liquidity (IRFCL),DSD_IRFCL_PUB,COUNTRY,CL_IRFCL_COUNTRY_PUB,FALSE,NBSK,National Bank of Slovakia,NA
IRFCL,International Reserves and Foreign Currency Liquidity (IRFCL),DSD_IRFCL_PUB,COUNTRY,CL_IRFCL_COUNTRY_PUB,FALSE,NBT,National Bank of Tajikistan,NA
IRFCL,International Reserves and Foreign Currency Liquidity (IRFCL),DSD_IRFCL_PUB,COUNTRY,CL_IRFCL_COUNTRY_PUB,FALSE,NBTO,National Reserve Bank of Tonga,NA
IRFCL,International Reserves and Foreign Currency Liquidity (IRFCL),DSD_IRFCL_PUB,COUNTRY,CL_IRFCL_COUNTRY_PUB,FALSE,NBTV,National Bank of Tuvalu,NA
IRFCL,International Reserves and Foreign Currency Liquidity (IRFCL),DSD_IRFCL_PUB,COUNTRY,CL_IRFCL_COUNTRY_PUB,FALSE,NBUA,National Bank of Ukraine,NA
IRFCL,International Reserves and Foreign Currency Liquidity (IRFCL),DSD_IRFCL_PUB,COUNTRY,CL_IRFCL_COUNTRY_PUB,FALSE,NDB,New Development Bank (NDB),NA
IRFCL,International Reserves and Foreign Currency Liquidity (IRFCL),DSD_IRFCL_PUB,COUNTRY,CL_IRFCL_COUNTRY_PUB,FALSE,NEDBK,Nedbank Group Limited,NA
IRFCL,International Reserves and Foreign Currency Liquidity (IRFCL),DSD_IRFCL_PUB,COUNTRY,CL_IRFCL_COUNTRY_PUB,FALSE,NHO,Confederation of Norwegian Enterprise (Næringslivets Hovedorganisasjon),NA
IRFCL,International Reserves and Foreign Currency Liquidity (IRFCL),DSD_IRFCL_PUB,COUNTRY,CL_IRFCL_COUNTRY_PUB,FALSE,NIB,Nordic Investment Bank,NA
IRFCL,International Reserves and Foreign Currency Liquidity (IRFCL),DSD_IRFCL_PUB,COUNTRY,CL_IRFCL_COUNTRY_PUB,FALSE,NIBC,NIBC Bank N.V.,NA
IRFCL,International Reserves and Foreign Currency Liquidity (IRFCL),DSD_IRFCL_PUB,COUNTRY,CL_IRFCL_COUNTRY_PUB,FALSE,NIESR,The National Institute of Economic and Social Research (NIER),NA
IRFCL,International Reserves and Foreign Currency Liquidity (IRFCL),DSD_IRFCL_PUB,COUNTRY,CL_IRFCL_COUNTRY_PUB,FALSE,NIPP,Nippon Steel Corporation,NA
IRFCL,International Reserves and Foreign Currency Liquidity (IRFCL),DSD_IRFCL_PUB,COUNTRY,CL_IRFCL_COUNTRY_PUB,FALSE,NIPPS,Nippon Steel & Sumitomo Metal Corporation,NA
IRFCL,International Reserves and Foreign Currency Liquidity (IRFCL),DSD_IRFCL_PUB,COUNTRY,CL_IRFCL_COUNTRY_PUB,FALSE,NIPRD,Nippon Steel & Sumitomo Metal Corporation Research & Development,NA
IRFCL,International Reserves and Foreign Currency Liquidity (IRFCL),DSD_IRFCL_PUB,COUNTRY,CL_IRFCL_COUNTRY_PUB,FALSE,NLANAL,NL Analytics Inc,NA
IRFCL,International Reserves and Foreign Currency Liquidity (IRFCL),DSD_IRFCL_PUB,COUNTRY,CL_IRFCL_COUNTRY_PUB,FALSE,NLIRI,NLI Research Institute,NA
IRFCL,International Reserves and Foreign Currency Liquidity (IRFCL),DSD_IRFCL_PUB,COUNTRY,CL_IRFCL_COUNTRY_PUB,FALSE,NMRHD,"Nomura Holdings, Inc.",NA
IRFCL,International Reserves and Foreign Currency Liquidity (IRFCL),DSD_IRFCL_PUB,COUNTRY,CL_IRFCL_COUNTRY_PUB,FALSE,NOMAU,Nomura Australia Limited,NA
IRFCL,International Reserves and Foreign Currency Liquidity (IRFCL),DSD_IRFCL_PUB,COUNTRY,CL_IRFCL_COUNTRY_PUB,FALSE,NOMUR,"Nomura Securities Co., Ltd.",NA
IRFCL,International Reserves and Foreign Currency Liquidity (IRFCL),DSD_IRFCL_PUB,COUNTRY,CL_IRFCL_COUNTRY_PUB,FALSE,NORBK,Nordea Bank Abp,NA
IRFCL,International Reserves and Foreign Currency Liquidity (IRFCL),DSD_IRFCL_PUB,COUNTRY,CL_IRFCL_COUNTRY_PUB,FALSE,NORDM,Nordea Markets,NA
IRFCL,International Reserves and Foreign Currency Liquidity (IRFCL),DSD_IRFCL_PUB,COUNTRY,CL_IRFCL_COUNTRY_PUB,FALSE,NORLB,NORD/LB Norddeutsche Landesbank Girozentrale,NA
IRFCL,International Reserves and Foreign Currency Liquidity (IRFCL),DSD_IRFCL_PUB,COUNTRY,CL_IRFCL_COUNTRY_PUB,FALSE,NORTR,Northern Trust Corporation,NA
IRFCL,International Reserves and Foreign Currency Liquidity (IRFCL),DSD_IRFCL_PUB,COUNTRY,CL_IRFCL_COUNTRY_PUB,FALSE,NOVA,Nova Media Publishing Inc,NA
IRFCL,International Reserves and Foreign Currency Liquidity (IRFCL),DSD_IRFCL_PUB,COUNTRY,CL_IRFCL_COUNTRY_PUB,FALSE,NRB,Nepal Rastra Bank,NA
IRFCL,International Reserves and Foreign Currency Liquidity (IRFCL),DSD_IRFCL_PUB,COUNTRY,CL_IRFCL_COUNTRY_PUB,FALSE,NSAAD,Department of Statistics (Andorra),NA
IRFCL,International Reserves and Foreign Currency Liquidity (IRFCL),DSD_IRFCL_PUB,COUNTRY,CL_IRFCL_COUNTRY_PUB,FALSE,NSAAE,Federal Competitiveness and Statistics Centre (United Arab Emirates) (FCSC),NA
IRFCL,International Reserves and Foreign Currency Liquidity (IRFCL),DSD_IRFCL_PUB,COUNTRY,CL_IRFCL_COUNTRY_PUB,FALSE,NSAAF,National Statistics and Information Authority (NSIA) (Afghanistan),NA
IRFCL,International Reserves and Foreign Currency Liquidity (IRFCL),DSD_IRFCL_PUB,COUNTRY,CL_IRFCL_COUNTRY_PUB,FALSE,NSAAG,"Statistics Division, Ministry of Finance and the Economy (Antigua and Barbuda) (SDAB)",NA
IRFCL,International Reserves and Foreign Currency Liquidity (IRFCL),DSD_IRFCL_PUB,COUNTRY,CL_IRFCL_COUNTRY_PUB,FALSE,NSAAI,Anguilla Statistics Department,NA
IRFCL,International Reserves and Foreign Currency Liquidity (IRFCL),DSD_IRFCL_PUB,COUNTRY,CL_IRFCL_COUNTRY_PUB,FALSE,NSAAL,Institute of Statistics (Albania) (INSTAT),NA
IRFCL,International Reserves and Foreign Currency Liquidity (IRFCL),DSD_IRFCL_PUB,COUNTRY,CL_IRFCL_COUNTRY_PUB,FALSE,NSAAM,Statistical Committee RA (Armenia) (SCRA),NA
IRFCL,International Reserves and Foreign Currency Liquidity (IRFCL),DSD_IRFCL_PUB,COUNTRY,CL_IRFCL_COUNTRY_PUB,FALSE,NSAAO,National Institute of Statistics (Angola),NA
IRFCL,International Reserves and Foreign Currency Liquidity (IRFCL),DSD_IRFCL_PUB,COUNTRY,CL_IRFCL_COUNTRY_PUB,FALSE,NSAAR,National Institute of Statistics and Census (INDEC) (Argentina),NA
IRFCL,International Reserves and Foreign Currency Liquidity (IRFCL),DSD_IRFCL_PUB,COUNTRY,CL_IRFCL_COUNTRY_PUB,FALSE,NSAAT,Statistics Austria (SA),NA
IRFCL,International Reserves and Foreign Currency Liquidity (IRFCL),DSD_IRFCL_PUB,COUNTRY,CL_IRFCL_COUNTRY_PUB,FALSE,NSAAU,Australian Bureau of Statistics,NA
IRFCL,International Reserves and Foreign Currency Liquidity (IRFCL),DSD_IRFCL_PUB,COUNTRY,CL_IRFCL_COUNTRY_PUB,FALSE,NSAAW,Central Bureau of Statistics (Aruba),NA
IRFCL,International Reserves and Foreign Currency Liquidity (IRFCL),DSD_IRFCL_PUB,COUNTRY,CL_IRFCL_COUNTRY_PUB,FALSE,NSAAZ,The State Statistical Committee of the Republic of Azerbaijan (SSCRA),NA
IRFCL,International Reserves and Foreign Currency Liquidity (IRFCL),DSD_IRFCL_PUB,COUNTRY,CL_IRFCL_COUNTRY_PUB,FALSE,NSABA,Agency for Statistics of Bosnia and Herzegovina,NA
IRFCL,International Reserves and Foreign Currency Liquidity (IRFCL),DSD_IRFCL_PUB,COUNTRY,CL_IRFCL_COUNTRY_PUB,FALSE,NSABB,Barbados Statistical Services,NA
IRFCL,International Reserves and Foreign Currency Liquidity (IRFCL),DSD_IRFCL_PUB,COUNTRY,CL_IRFCL_COUNTRY_PUB,FALSE,NSABD,Bangladesh Bureau of Statistics,NA
IRFCL,International Reserves and Foreign Currency Liquidity (IRFCL),DSD_IRFCL_PUB,COUNTRY,CL_IRFCL_COUNTRY_PUB,FALSE,NSABE,Statistics Belgium (Statbel),NA
IRFCL,International Reserves and Foreign Currency Liquidity (IRFCL),DSD_IRFCL_PUB,COUNTRY,CL_IRFCL_COUNTRY_PUB,FALSE,NSABF,National Institute of Statistics and Demography (Burkina Faso) (INSD),NA
IRFCL,International Reserves and Foreign Currency Liquidity (IRFCL),DSD_IRFCL_PUB,COUNTRY,CL_IRFCL_COUNTRY_PUB,FALSE,NSABG,National Statistical Institute (Bulgaria),NA
IRFCL,International Reserves and Foreign Currency Liquidity (IRFCL),DSD_IRFCL_PUB,COUNTRY,CL_IRFCL_COUNTRY_PUB,FALSE,NSABH,Information and eGovernment Authority (iGA) (Bahrain),NA
IRFCL,International Reserves and Foreign Currency Liquidity (IRFCL),DSD_IRFCL_PUB,COUNTRY,CL_IRFCL_COUNTRY_PUB,FALSE,NSABI,Institute of Statistics and Economic Studies of Burundi (ISTESBU),NA
IRFCL,International Reserves and Foreign Currency Liquidity (IRFCL),DSD_IRFCL_PUB,COUNTRY,CL_IRFCL_COUNTRY_PUB,FALSE,NSABJ,National Institute of Statistics and Economic Analysis (Benin) (INSAE),NA
IRFCL,International Reserves and Foreign Currency Liquidity (IRFCL),DSD_IRFCL_PUB,COUNTRY,CL_IRFCL_COUNTRY_PUB,FALSE,NSABN,Department of Economic Planning and Statistics (Brunei Darussalam),NA
IRFCL,International Reserves and Foreign Currency Liquidity (IRFCL),DSD_IRFCL_PUB,COUNTRY,CL_IRFCL_COUNTRY_PUB,FALSE,NSABO,National Institute of Statistics (Bolivia),NA
IRFCL,International Reserves and Foreign Currency Liquidity (IRFCL),DSD_IRFCL_PUB,COUNTRY,CL_IRFCL_COUNTRY_PUB,FALSE,NSABR,Brazilian Institute of Statistics and Geography,NA
IRFCL,International Reserves and Foreign Currency Liquidity (IRFCL),DSD_IRFCL_PUB,COUNTRY,CL_IRFCL_COUNTRY_PUB,FALSE,NSABS,Bahamas National Statistical Institute,NA
IRFCL,International Reserves and Foreign Currency Liquidity (IRFCL),DSD_IRFCL_PUB,COUNTRY,CL_IRFCL_COUNTRY_PUB,FALSE,NSABT,National Statistics Bureau (Bhutan),NA
IRFCL,International Reserves and Foreign Currency Liquidity (IRFCL),DSD_IRFCL_PUB,COUNTRY,CL_IRFCL_COUNTRY_PUB,FALSE,NSABW,Statistics Botswana (SB),NA
IRFCL,International Reserves and Foreign Currency Liquidity (IRFCL),DSD_IRFCL_PUB,COUNTRY,CL_IRFCL_COUNTRY_PUB,FALSE,NSABY,National Statistical Committee of the Republic of Belarus (Belstat),NA
IRFCL,International Reserves and Foreign Currency Liquidity (IRFCL),DSD_IRFCL_PUB,COUNTRY,CL_IRFCL_COUNTRY_PUB,FALSE,NSABZ,Statistical Institute of Belize (SIB),NA
IRFCL,International Reserves and Foreign Currency Liquidity (IRFCL),DSD_IRFCL_PUB,COUNTRY,CL_IRFCL_COUNTRY_PUB,FALSE,NSACA,Statistics Canada (STATCAN),NA
IRFCL,International Reserves and Foreign Currency Liquidity (IRFCL),DSD_IRFCL_PUB,COUNTRY,CL_IRFCL_COUNTRY_PUB,FALSE,NSACD,"National Statistics Institute (INS) (Congo, Republic of)",NA
IRFCL,International Reserves and Foreign Currency Liquidity (IRFCL),DSD_IRFCL_PUB,COUNTRY,CL_IRFCL_COUNTRY_PUB,FALSE,NSACF,Institute of Statistics and Economic and Social Studies of Central African Republic (ICASEES),NA
IRFCL,International Reserves and Foreign Currency Liquidity (IRFCL),DSD_IRFCL_PUB,COUNTRY,CL_IRFCL_COUNTRY_PUB,FALSE,NSACG,"National Center for Statistics and Economic Studies (CNSEE) (Congo, Republic of)",NA
IRFCL,International Reserves and Foreign Currency Liquidity (IRFCL),DSD_IRFCL_PUB,COUNTRY,CL_IRFCL_COUNTRY_PUB,FALSE,NSACH,Swiss Federal Statistical Office (FSO),NA
IRFCL,International Reserves and Foreign Currency Liquidity (IRFCL),DSD_IRFCL_PUB,COUNTRY,CL_IRFCL_COUNTRY_PUB,FALSE,NSACI,National Statistics Agency (ANStat) (Côte d'Ivoire),NA
IRFCL,International Reserves and Foreign Currency Liquidity (IRFCL),DSD_IRFCL_PUB,COUNTRY,CL_IRFCL_COUNTRY_PUB,FALSE,NSACK,Cook Islands Statistics Office (Cook Islands),NA
IRFCL,International Reserves and Foreign Currency Liquidity (IRFCL),DSD_IRFCL_PUB,COUNTRY,CL_IRFCL_COUNTRY_PUB,FALSE,NSACL,National Statistic Institute (Chile) (INE),NA
IRFCL,International Reserves and Foreign Currency Liquidity (IRFCL),DSD_IRFCL_PUB,COUNTRY,CL_IRFCL_COUNTRY_PUB,FALSE,NSACM,National Institute of Statistics (Cameroon),NA
IRFCL,International Reserves and Foreign Currency Liquidity (IRFCL),DSD_IRFCL_PUB,COUNTRY,CL_IRFCL_COUNTRY_PUB,FALSE,NSACN,The National Bureau of Statistics of China,NA
IRFCL,International Reserves and Foreign Currency Liquidity (IRFCL),DSD_IRFCL_PUB,COUNTRY,CL_IRFCL_COUNTRY_PUB,FALSE,NSACO,National Administrative Department of Statistics (Colombia),NA
IRFCL,International Reserves and Foreign Currency Liquidity (IRFCL),DSD_IRFCL_PUB,COUNTRY,CL_IRFCL_COUNTRY_PUB,FALSE,NSACR,National Institute of Statistics and Censuses (Costa Rica) (INEC ),NA
IRFCL,International Reserves and Foreign Currency Liquidity (IRFCL),DSD_IRFCL_PUB,COUNTRY,CL_IRFCL_COUNTRY_PUB,FALSE,NSACU,National Statistics Bureau (Cuba) (ONEI),NA
IRFCL,International Reserves and Foreign Currency Liquidity (IRFCL),DSD_IRFCL_PUB,COUNTRY,CL_IRFCL_COUNTRY_PUB,FALSE,NSACV,National Statistics Institute (Cabo Verde) (NSI),NA
IRFCL,International Reserves and Foreign Currency Liquidity (IRFCL),DSD_IRFCL_PUB,COUNTRY,CL_IRFCL_COUNTRY_PUB,FALSE,NSACW,Central Bureau of Statistics Curaçao,NA
IRFCL,International Reserves and Foreign Currency Liquidity (IRFCL),DSD_IRFCL_PUB,COUNTRY,CL_IRFCL_COUNTRY_PUB,FALSE,NSACY,Statistical Service of Cyprus,NA
IRFCL,International Reserves and Foreign Currency Liquidity (IRFCL),DSD_IRFCL_PUB,COUNTRY,CL_IRFCL_COUNTRY_PUB,FALSE,NSACZ,Czech Statistical Office,NA
IRFCL,International Reserves and Foreign Currency Liquidity (IRFCL),DSD_IRFCL_PUB,COUNTRY,CL_IRFCL_COUNTRY_PUB,FALSE,NSADE,Federal Statistical Office (Germany) (DESTATIS),NA
IRFCL,International Reserves and Foreign Currency Liquidity (IRFCL),DSD_IRFCL_PUB,COUNTRY,CL_IRFCL_COUNTRY_PUB,FALSE,NSADJ,Department of Statistics and Demographic Studies (Djibouti),NA
IRFCL,International Reserves and Foreign Currency Liquidity (IRFCL),DSD_IRFCL_PUB,COUNTRY,CL_IRFCL_COUNTRY_PUB,FALSE,NSADK,Statistics Denmark,NA
IRFCL,International Reserves and Foreign Currency Liquidity (IRFCL),DSD_IRFCL_PUB,COUNTRY,CL_IRFCL_COUNTRY_PUB,FALSE,NSADM,Central Statistical Office (Dominica),NA
IRFCL,International Reserves and Foreign Currency Liquidity (IRFCL),DSD_IRFCL_PUB,COUNTRY,CL_IRFCL_COUNTRY_PUB,FALSE,NSADO,National Statistics Bureau (Dominican Republic) (ONE),NA
IRFCL,International Reserves and Foreign Currency Liquidity (IRFCL),DSD_IRFCL_PUB,COUNTRY,CL_IRFCL_COUNTRY_PUB,FALSE,NSADZ,National Office of Statistics (Algeria),NA
IRFCL,International Reserves and Foreign Currency Liquidity (IRFCL),DSD_IRFCL_PUB,COUNTRY,CL_IRFCL_COUNTRY_PUB,FALSE,NSAEC,National Institute of Statistics and Census (Ecuador) (INEC),NA
IRFCL,International Reserves and Foreign Currency Liquidity (IRFCL),DSD_IRFCL_PUB,COUNTRY,CL_IRFCL_COUNTRY_PUB,FALSE,NSAEE,Statistics Estonia,NA
IRFCL,International Reserves and Foreign Currency Liquidity (IRFCL),DSD_IRFCL_PUB,COUNTRY,CL_IRFCL_COUNTRY_PUB,FALSE,NSAEG,Central agency for Public Mobilization and Statistics (Egypt),NA
IRFCL,International Reserves and Foreign Currency Liquidity (IRFCL),DSD_IRFCL_PUB,COUNTRY,CL_IRFCL_COUNTRY_PUB,FALSE,NSAER,National Statistics Office (Eritrea),NA
IRFCL,International Reserves and Foreign Currency Liquidity (IRFCL),DSD_IRFCL_PUB,COUNTRY,CL_IRFCL_COUNTRY_PUB,FALSE,NSAES,National Statistics Institute (Spain) (INE),NA
IRFCL,International Reserves and Foreign Currency Liquidity (IRFCL),DSD_IRFCL_PUB,COUNTRY,CL_IRFCL_COUNTRY_PUB,FALSE,NSAET,Ethiopian Statistical Service (ESS),NA
IRFCL,International Reserves and Foreign Currency Liquidity (IRFCL),DSD_IRFCL_PUB,COUNTRY,CL_IRFCL_COUNTRY_PUB,FALSE,NSAFI,Statistics Finland,NA
IRFCL,International Reserves and Foreign Currency Liquidity (IRFCL),DSD_IRFCL_PUB,COUNTRY,CL_IRFCL_COUNTRY_PUB,FALSE,NSAFJ,Fiji Bureau of Statistics (FBoS),NA
IRFCL,International Reserves and Foreign Currency Liquidity (IRFCL),DSD_IRFCL_PUB,COUNTRY,CL_IRFCL_COUNTRY_PUB,FALSE,NSAFM,FSM Statistics (Micronesia),NA
IRFCL,International Reserves and Foreign Currency Liquidity (IRFCL),DSD_IRFCL_PUB,COUNTRY,CL_IRFCL_COUNTRY_PUB,FALSE,NSAFR,National Institute of Statistics and Economic Studies (France) (INSEE),NA
IRFCL,International Reserves and Foreign Currency Liquidity (IRFCL),DSD_IRFCL_PUB,COUNTRY,CL_IRFCL_COUNTRY_PUB,FALSE,NSAGA,General Directorate of Statistics (Gabon),NA
IRFCL,International Reserves and Foreign Currency Liquidity (IRFCL),DSD_IRFCL_PUB,COUNTRY,CL_IRFCL_COUNTRY_PUB,FALSE,NSAGB,Office for National Statistics (United Kingdom) (ONS),NA
IRFCL,International Reserves and Foreign Currency Liquidity (IRFCL),DSD_IRFCL_PUB,COUNTRY,CL_IRFCL_COUNTRY_PUB,FALSE,NSAGD,Central Statistical Office (Grenada),NA
IRFCL,International Reserves and Foreign Currency Liquidity (IRFCL),DSD_IRFCL_PUB,COUNTRY,CL_IRFCL_COUNTRY_PUB,FALSE,NSAGE,National Statistics Office of Georgia (GEOSTAT),NA
IRFCL,International Reserves and Foreign Currency Liquidity (IRFCL),DSD_IRFCL_PUB,COUNTRY,CL_IRFCL_COUNTRY_PUB,FALSE,NSAGH,Ghana Statistical Services (GSS),NA
IRFCL,International Reserves and Foreign Currency Liquidity (IRFCL),DSD_IRFCL_PUB,COUNTRY,CL_IRFCL_COUNTRY_PUB,FALSE,NSAGL,Statistics Greenland,NA
IRFCL,International Reserves and Foreign Currency Liquidity (IRFCL),DSD_IRFCL_PUB,COUNTRY,CL_IRFCL_COUNTRY_PUB,FALSE,NSAGM,Gambia Bureau of Statistics,NA
IRFCL,International Reserves and Foreign Currency Liquidity (IRFCL),DSD_IRFCL_PUB,COUNTRY,CL_IRFCL_COUNTRY_PUB,FALSE,NSAGN,National Institute of Statistics (INS) (Guinea),NA
IRFCL,International Reserves and Foreign Currency Liquidity (IRFCL),DSD_IRFCL_PUB,COUNTRY,CL_IRFCL_COUNTRY_PUB,FALSE,NSAGQ,National Statistics Institute of Equatorial Guinea (Equatorial Guinea) (INEGE),NA
IRFCL,International Reserves and Foreign Currency Liquidity (IRFCL),DSD_IRFCL_PUB,COUNTRY,CL_IRFCL_COUNTRY_PUB,FALSE,NSAGR,Hellenic Statistical Authority (Greece) (ELSTAT),NA
IRFCL,International Reserves and Foreign Currency Liquidity (IRFCL),DSD_IRFCL_PUB,COUNTRY,CL_IRFCL_COUNTRY_PUB,FALSE,NSAGT,National Statistics Institute of Guatemala,NA
IRFCL,International Reserves and Foreign Currency Liquidity (IRFCL),DSD_IRFCL_PUB,COUNTRY,CL_IRFCL_COUNTRY_PUB,FALSE,NSAGU,Bureau of Statistics and Plans (Guam),NA
IRFCL,International Reserves and Foreign Currency Liquidity (IRFCL),DSD_IRFCL_PUB,COUNTRY,CL_IRFCL_COUNTRY_PUB,FALSE,NSAGW,National Institute of Statistics and Census (Guinea-Bissau) (INEC),NA
IRFCL,International Reserves and Foreign Currency Liquidity (IRFCL),DSD_IRFCL_PUB,COUNTRY,CL_IRFCL_COUNTRY_PUB,FALSE,NSAGY,Bureau of Statistics (Guyana),NA
IRFCL,International Reserves and Foreign Currency Liquidity (IRFCL),DSD_IRFCL_PUB,COUNTRY,CL_IRFCL_COUNTRY_PUB,FALSE,NSAHK,Census and Statistics Department (China - Hong Kong),NA
IRFCL,International Reserves and Foreign Currency Liquidity (IRFCL),DSD_IRFCL_PUB,COUNTRY,CL_IRFCL_COUNTRY_PUB,FALSE,NSAHN,National Institute of Statistics of Honduras (INS),NA
IRFCL,International Reserves and Foreign Currency Liquidity (IRFCL),DSD_IRFCL_PUB,COUNTRY,CL_IRFCL_COUNTRY_PUB,FALSE,NSAHR,Croatian Bureau of Statistics (DZS),NA
IRFCL,International Reserves and Foreign Currency Liquidity (IRFCL),DSD_IRFCL_PUB,COUNTRY,CL_IRFCL_COUNTRY_PUB,FALSE,NSAHT,Haitian Institute of Statistics and Informatics (IHSI),NA
IRFCL,International Reserves and Foreign Currency Liquidity (IRFCL),DSD_IRFCL_PUB,COUNTRY,CL_IRFCL_COUNTRY_PUB,FALSE,NSAHU,Hungarian Central Statistical Office,NA
IRFCL,International Reserves and Foreign Currency Liquidity (IRFCL),DSD_IRFCL_PUB,COUNTRY,CL_IRFCL_COUNTRY_PUB,FALSE,NSAID,Statistics Indonesia (BPS),NA
IRFCL,International Reserves and Foreign Currency Liquidity (IRFCL),DSD_IRFCL_PUB,COUNTRY,CL_IRFCL_COUNTRY_PUB,FALSE,NSAIE,Central Statistics Office (CSO) (Ireland),NA
IRFCL,International Reserves and Foreign Currency Liquidity (IRFCL),DSD_IRFCL_PUB,COUNTRY,CL_IRFCL_COUNTRY_PUB,FALSE,NSAIL,Central Bureau of Statistics (CBS) (Israel),NA
IRFCL,International Reserves and Foreign Currency Liquidity (IRFCL),DSD_IRFCL_PUB,COUNTRY,CL_IRFCL_COUNTRY_PUB,FALSE,NSAIN,Ministry of Statistics and Programme Implementation (India),NA
IRFCL,International Reserves and Foreign Currency Liquidity (IRFCL),DSD_IRFCL_PUB,COUNTRY,CL_IRFCL_COUNTRY_PUB,FALSE,NSAIQ,Central Organization of Statistics and Information Technology (COSIT) (Iraq),NA
IRFCL,International Reserves and Foreign Currency Liquidity (IRFCL),DSD_IRFCL_PUB,COUNTRY,CL_IRFCL_COUNTRY_PUB,FALSE,NSAIR,The Statistical Centre of Iran (SCI),NA
IRFCL,International Reserves and Foreign Currency Liquidity (IRFCL),DSD_IRFCL_PUB,COUNTRY,CL_IRFCL_COUNTRY_PUB,FALSE,NSAIS,Statistics Iceland,NA
IRFCL,International Reserves and Foreign Currency Liquidity (IRFCL),DSD_IRFCL_PUB,COUNTRY,CL_IRFCL_COUNTRY_PUB,FALSE,NSAIT,Italian National Institute of Statistics (ISTAT),NA
IRFCL,International Reserves and Foreign Currency Liquidity (IRFCL),DSD_IRFCL_PUB,COUNTRY,CL_IRFCL_COUNTRY_PUB,FALSE,NSAJM,Statistical Institute of Jamaica (STATIN),NA
IRFCL,International Reserves and Foreign Currency Liquidity (IRFCL),DSD_IRFCL_PUB,COUNTRY,CL_IRFCL_COUNTRY_PUB,FALSE,NSAJO,Department of Statistics (Jordan),NA
IRFCL,International Reserves and Foreign Currency Liquidity (IRFCL),DSD_IRFCL_PUB,COUNTRY,CL_IRFCL_COUNTRY_PUB,FALSE,NSAJP,"Economic and Social Research Institute, Cabinet Office, Government of Japan (ESRI)",NA
IRFCL,International Reserves and Foreign Currency Liquidity (IRFCL),DSD_IRFCL_PUB,COUNTRY,CL_IRFCL_COUNTRY_PUB,FALSE,NSAKE,Kenya National Bureau of Statistics (KNBS),NA
IRFCL,International Reserves and Foreign Currency Liquidity (IRFCL),DSD_IRFCL_PUB,COUNTRY,CL_IRFCL_COUNTRY_PUB,FALSE,NSAKG,National Statistical Committee of the Kyrgyz Republic,NA
IRFCL,International Reserves and Foreign Currency Liquidity (IRFCL),DSD_IRFCL_PUB,COUNTRY,CL_IRFCL_COUNTRY_PUB,FALSE,NSAKH,"National Institute of Statistics, Ministry of Planning, Royal Government of Cambodia (NIS)",NA
IRFCL,International Reserves and Foreign Currency Liquidity (IRFCL),DSD_IRFCL_PUB,COUNTRY,CL_IRFCL_COUNTRY_PUB,FALSE,NSAKI,Kiribati National Statistics Office (NSO),NA
IRFCL,International Reserves and Foreign Currency Liquidity (IRFCL),DSD_IRFCL_PUB,COUNTRY,CL_IRFCL_COUNTRY_PUB,FALSE,NSAKN,Statistical Office (Saint Kitts and Nevis),NA
IRFCL,International Reserves and Foreign Currency Liquidity (IRFCL),DSD_IRFCL_PUB,COUNTRY,CL_IRFCL_COUNTRY_PUB,FALSE,NSAKR,Statistics Korea (KOSTAT),NA
IRFCL,International Reserves and Foreign Currency Liquidity (IRFCL),DSD_IRFCL_PUB,COUNTRY,CL_IRFCL_COUNTRY_PUB,FALSE,NSAKV,Kosovo Agency of Statistics (ASK),NA
IRFCL,International Reserves and Foreign Currency Liquidity (IRFCL),DSD_IRFCL_PUB,COUNTRY,CL_IRFCL_COUNTRY_PUB,FALSE,NSAKW,Central Statistical Bureau (Kuwait),NA
IRFCL,International Reserves and Foreign Currency Liquidity (IRFCL),DSD_IRFCL_PUB,COUNTRY,CL_IRFCL_COUNTRY_PUB,FALSE,NSAKY,Economics and Statistics office,NA
IRFCL,International Reserves and Foreign Currency Liquidity (IRFCL),DSD_IRFCL_PUB,COUNTRY,CL_IRFCL_COUNTRY_PUB,FALSE,NSAKZ,Bureau of National Statistics of the Agency for Strategic Planning and Reforms of the Republic of Kazakhstan,NA
IRFCL,International Reserves and Foreign Currency Liquidity (IRFCL),DSD_IRFCL_PUB,COUNTRY,CL_IRFCL_COUNTRY_PUB,FALSE,NSALA,Lao Statistics Bureau,NA
IRFCL,International Reserves and Foreign Currency Liquidity (IRFCL),DSD_IRFCL_PUB,COUNTRY,CL_IRFCL_COUNTRY_PUB,FALSE,NSALB,Central Administration of Statistics (CAS) (Lebanon),NA
IRFCL,International Reserves and Foreign Currency Liquidity (IRFCL),DSD_IRFCL_PUB,COUNTRY,CL_IRFCL_COUNTRY_PUB,FALSE,NSALC,Central Statistical Office of Saint Lucia (CSO),NA
IRFCL,International Reserves and Foreign Currency Liquidity (IRFCL),DSD_IRFCL_PUB,COUNTRY,CL_IRFCL_COUNTRY_PUB,FALSE,NSALI,Office of Statistics Liechtenstein,NA
IRFCL,International Reserves and Foreign Currency Liquidity (IRFCL),DSD_IRFCL_PUB,COUNTRY,CL_IRFCL_COUNTRY_PUB,FALSE,NSALK,Department of Census and Statistics (Sri Lanka),NA
IRFCL,International Reserves and Foreign Currency Liquidity (IRFCL),DSD_IRFCL_PUB,COUNTRY,CL_IRFCL_COUNTRY_PUB,FALSE,NSALR,Liberia Institute for Statistics and Geo-Information Services (LISGIS),NA
IRFCL,International Reserves and Foreign Currency Liquidity (IRFCL),DSD_IRFCL_PUB,COUNTRY,CL_IRFCL_COUNTRY_PUB,FALSE,NSALS,Lesotho Bureau of Statistics (BoS),NA
IRFCL,International Reserves and Foreign Currency Liquidity (IRFCL),DSD_IRFCL_PUB,COUNTRY,CL_IRFCL_COUNTRY_PUB,FALSE,NSALT,Statistics Lithuania (SL),NA
IRFCL,International Reserves and Foreign Currency Liquidity (IRFCL),DSD_IRFCL_PUB,COUNTRY,CL_IRFCL_COUNTRY_PUB,FALSE,NSALU,National institute of statistics and economic studies (Luxembourg) (STATEC),NA
IRFCL,International Reserves and Foreign Currency Liquidity (IRFCL),DSD_IRFCL_PUB,COUNTRY,CL_IRFCL_COUNTRY_PUB,FALSE,NSALV,Central Statistical Bureau of Latvia,NA
IRFCL,International Reserves and Foreign Currency Liquidity (IRFCL),DSD_IRFCL_PUB,COUNTRY,CL_IRFCL_COUNTRY_PUB,FALSE,NSALY,Bureau of Statistics and Census (Libya),NA
IRFCL,International Reserves and Foreign Currency Liquidity (IRFCL),DSD_IRFCL_PUB,COUNTRY,CL_IRFCL_COUNTRY_PUB,FALSE,NSAMA,Department of Statistics High Commission for Planning (Morocco),NA
IRFCL,International Reserves and Foreign Currency Liquidity (IRFCL),DSD_IRFCL_PUB,COUNTRY,CL_IRFCL_COUNTRY_PUB,FALSE,NSAMC,Monegasque Institute of Statistics and Economic Studies (Monaco) (IMSEE - Monaco Statistics ),NA
IRFCL,International Reserves and Foreign Currency Liquidity (IRFCL),DSD_IRFCL_PUB,COUNTRY,CL_IRFCL_COUNTRY_PUB,FALSE,NSAMD,Federal State Statistics Service (Russian Federation) (Rosstat),NA
IRFCL,International Reserves and Foreign Currency Liquidity (IRFCL),DSD_IRFCL_PUB,COUNTRY,CL_IRFCL_COUNTRY_PUB,FALSE,NSAME,Statistical Office of Montenegro (MONSTAT),NA
IRFCL,International Reserves and Foreign Currency Liquidity (IRFCL),DSD_IRFCL_PUB,COUNTRY,CL_IRFCL_COUNTRY_PUB,FALSE,NSAMG,National Statistics Institute (Madagascar) (INSTAT),NA
IRFCL,International Reserves and Foreign Currency Liquidity (IRFCL),DSD_IRFCL_PUB,COUNTRY,CL_IRFCL_COUNTRY_PUB,FALSE,NSAMH,"Economic Policy, Planning and Statistics Office (EPPSO) (Marshall Islands)",NA
IRFCL,International Reserves and Foreign Currency Liquidity (IRFCL),DSD_IRFCL_PUB,COUNTRY,CL_IRFCL_COUNTRY_PUB,FALSE,NSAMK,State Statistical Office (North Macedonia) (MAKSTAT),NA
IRFCL,International Reserves and Foreign Currency Liquidity (IRFCL),DSD_IRFCL_PUB,COUNTRY,CL_IRFCL_COUNTRY_PUB,FALSE,NSAML,National Institute of Statistics (Mali),NA
IRFCL,International Reserves and Foreign Currency Liquidity (IRFCL),DSD_IRFCL_PUB,COUNTRY,CL_IRFCL_COUNTRY_PUB,FALSE,NSAMM,Central Statistical Office (Myanmar),NA
IRFCL,International Reserves and Foreign Currency Liquidity (IRFCL),DSD_IRFCL_PUB,COUNTRY,CL_IRFCL_COUNTRY_PUB,FALSE,NSAMN,National Statistics Office of Mongolia,NA
IRFCL,International Reserves and Foreign Currency Liquidity (IRFCL),DSD_IRFCL_PUB,COUNTRY,CL_IRFCL_COUNTRY_PUB,FALSE,NSAMO,Statistics and Census Service (China - Macao) (DSEC),NA
IRFCL,International Reserves and Foreign Currency Liquidity (IRFCL),DSD_IRFCL_PUB,COUNTRY,CL_IRFCL_COUNTRY_PUB,FALSE,NSAMQ,National Institute of Statistics and Economic Studies (Martinique),NA
IRFCL,International Reserves and Foreign Currency Liquidity (IRFCL),DSD_IRFCL_PUB,COUNTRY,CL_IRFCL_COUNTRY_PUB,FALSE,NSAMR,National Agency for Statistics Demographic and Economic Analysis (Mauritania),NA
IRFCL,International Reserves and Foreign Currency Liquidity (IRFCL),DSD_IRFCL_PUB,COUNTRY,CL_IRFCL_COUNTRY_PUB,FALSE,NSAMS,Ministry of Finance and Economic Management (Montserrat),NA
IRFCL,International Reserves and Foreign Currency Liquidity (IRFCL),DSD_IRFCL_PUB,COUNTRY,CL_IRFCL_COUNTRY_PUB,FALSE,NSAMT,National Statistics Office (Malta),NA
IRFCL,International Reserves and Foreign Currency Liquidity (IRFCL),DSD_IRFCL_PUB,COUNTRY,CL_IRFCL_COUNTRY_PUB,FALSE,NSAMU,Statistics Mauritius,NA
IRFCL,International Reserves and Foreign Currency Liquidity (IRFCL),DSD_IRFCL_PUB,COUNTRY,CL_IRFCL_COUNTRY_PUB,FALSE,NSAMV,National Bureau of Statistics (Maldives),NA
IRFCL,International Reserves and Foreign Currency Liquidity (IRFCL),DSD_IRFCL_PUB,COUNTRY,CL_IRFCL_COUNTRY_PUB,FALSE,NSAMW,National Statistical Office (Malawi),NA
IRFCL,International Reserves and Foreign Currency Liquidity (IRFCL),DSD_IRFCL_PUB,COUNTRY,CL_IRFCL_COUNTRY_PUB,FALSE,NSAMX,National Institute of Statistic and Geography (Mexico) (INEGI),NA
IRFCL,International Reserves and Foreign Currency Liquidity (IRFCL),DSD_IRFCL_PUB,COUNTRY,CL_IRFCL_COUNTRY_PUB,FALSE,NSAMY,Department of Statistics (Malaysia),NA
IRFCL,International Reserves and Foreign Currency Liquidity (IRFCL),DSD_IRFCL_PUB,COUNTRY,CL_IRFCL_COUNTRY_PUB,FALSE,NSAMZ,National Institute of Statistics (Mozambique) (INE),NA
IRFCL,International Reserves and Foreign Currency Liquidity (IRFCL),DSD_IRFCL_PUB,COUNTRY,CL_IRFCL_COUNTRY_PUB,FALSE,NSANA,Namibia Statistics Agency (NSA ),NA
IRFCL,International Reserves and Foreign Currency Liquidity (IRFCL),DSD_IRFCL_PUB,COUNTRY,CL_IRFCL_COUNTRY_PUB,FALSE,NSANC,New Caledonia Statistical Service (ISEE),NA
IRFCL,International Reserves and Foreign Currency Liquidity (IRFCL),DSD_IRFCL_PUB,COUNTRY,CL_IRFCL_COUNTRY_PUB,FALSE,NSANE,National Statistics Institute (Niger),NA
IRFCL,International Reserves and Foreign Currency Liquidity (IRFCL),DSD_IRFCL_PUB,COUNTRY,CL_IRFCL_COUNTRY_PUB,FALSE,NSANG,National Bureau of Statistics (NBS) (Nigeria),NA
IRFCL,International Reserves and Foreign Currency Liquidity (IRFCL),DSD_IRFCL_PUB,COUNTRY,CL_IRFCL_COUNTRY_PUB,FALSE,NSANI,National Institute of Development Information (Nicaragua) (INIDE),NA
IRFCL,International Reserves and Foreign Currency Liquidity (IRFCL),DSD_IRFCL_PUB,COUNTRY,CL_IRFCL_COUNTRY_PUB,FALSE,NSANL,Statistics Netherlands (CBS ),NA
IRFCL,International Reserves and Foreign Currency Liquidity (IRFCL),DSD_IRFCL_PUB,COUNTRY,CL_IRFCL_COUNTRY_PUB,FALSE,NSANO,Statistics Norway (SSB),NA
IRFCL,International Reserves and Foreign Currency Liquidity (IRFCL),DSD_IRFCL_PUB,COUNTRY,CL_IRFCL_COUNTRY_PUB,FALSE,NSANP,Central Bureau Of Statistics (Nepal),NA
IRFCL,International Reserves and Foreign Currency Liquidity (IRFCL),DSD_IRFCL_PUB,COUNTRY,CL_IRFCL_COUNTRY_PUB,FALSE,NSANR,Nauru Bureau of Statistics,NA
IRFCL,International Reserves and Foreign Currency Liquidity (IRFCL),DSD_IRFCL_PUB,COUNTRY,CL_IRFCL_COUNTRY_PUB,FALSE,NSANU,Statistics Niue,NA
IRFCL,International Reserves and Foreign Currency Liquidity (IRFCL),DSD_IRFCL_PUB,COUNTRY,CL_IRFCL_COUNTRY_PUB,FALSE,NSANZ,Statistics New Zealand,NA
IRFCL,International Reserves and Foreign Currency Liquidity (IRFCL),DSD_IRFCL_PUB,COUNTRY,CL_IRFCL_COUNTRY_PUB,FALSE,NSAOM,National Center for Statistics and Information (Oman),NA
IRFCL,International Reserves and Foreign Currency Liquidity (IRFCL),DSD_IRFCL_PUB,COUNTRY,CL_IRFCL_COUNTRY_PUB,FALSE,NSAPA,National Institute of Statistics and Census - Office of the Comptroller General of Panama (INEC),NA
IRFCL,International Reserves and Foreign Currency Liquidity (IRFCL),DSD_IRFCL_PUB,COUNTRY,CL_IRFCL_COUNTRY_PUB,FALSE,NSAPE,National Institute of Statistics and Informatics (Peru) (INEI),NA
IRFCL,International Reserves and Foreign Currency Liquidity (IRFCL),DSD_IRFCL_PUB,COUNTRY,CL_IRFCL_COUNTRY_PUB,FALSE,NSAPG,National Statistical Office of Papua New Guinea,NA
IRFCL,International Reserves and Foreign Currency Liquidity (IRFCL),DSD_IRFCL_PUB,COUNTRY,CL_IRFCL_COUNTRY_PUB,FALSE,NSAPH,Philippine Statistics Authority (PSA),NA
IRFCL,International Reserves and Foreign Currency Liquidity (IRFCL),DSD_IRFCL_PUB,COUNTRY,CL_IRFCL_COUNTRY_PUB,FALSE,NSAPK,Pakistan Bureau of Statistics (PBS),NA
IRFCL,International Reserves and Foreign Currency Liquidity (IRFCL),DSD_IRFCL_PUB,COUNTRY,CL_IRFCL_COUNTRY_PUB,FALSE,NSAPL,Statistics Poland (GUS),NA
IRFCL,International Reserves and Foreign Currency Liquidity (IRFCL),DSD_IRFCL_PUB,COUNTRY,CL_IRFCL_COUNTRY_PUB,FALSE,NSAPS,Palestinian Central Bureau of Statistics (PCBS),NA
IRFCL,International Reserves and Foreign Currency Liquidity (IRFCL),DSD_IRFCL_PUB,COUNTRY,CL_IRFCL_COUNTRY_PUB,FALSE,NSAPT,Statistics Portugal,NA
IRFCL,International Reserves and Foreign Currency Liquidity (IRFCL),DSD_IRFCL_PUB,COUNTRY,CL_IRFCL_COUNTRY_PUB,FALSE,NSAPW,Office of Planning and Statistics (OPS) (Palau),NA
IRFCL,International Reserves and Foreign Currency Liquidity (IRFCL),DSD_IRFCL_PUB,COUNTRY,CL_IRFCL_COUNTRY_PUB,FALSE,NSAPY,"Directorate General of Statistics, Surveys, and Censuses (Paraguay)",NA
IRFCL,International Reserves and Foreign Currency Liquidity (IRFCL),DSD_IRFCL_PUB,COUNTRY,CL_IRFCL_COUNTRY_PUB,FALSE,NSAQA,National Statistics Center,NA
IRFCL,International Reserves and Foreign Currency Liquidity (IRFCL),DSD_IRFCL_PUB,COUNTRY,CL_IRFCL_COUNTRY_PUB,FALSE,NSARO,National Institute of Statistics (Romania) (NIS),NA
IRFCL,International Reserves and Foreign Currency Liquidity (IRFCL),DSD_IRFCL_PUB,COUNTRY,CL_IRFCL_COUNTRY_PUB,FALSE,NSARS,Statistical Office of the Republic of Serbia,NA
IRFCL,International Reserves and Foreign Currency Liquidity (IRFCL),DSD_IRFCL_PUB,COUNTRY,CL_IRFCL_COUNTRY_PUB,FALSE,NSARW,National Institute of Statistics of Rwanda (NISR),NA
IRFCL,International Reserves and Foreign Currency Liquidity (IRFCL),DSD_IRFCL_PUB,COUNTRY,CL_IRFCL_COUNTRY_PUB,FALSE,NSASA,General Authority of Statistics (Saudi Arabia) (GASTAT),NA
IRFCL,International Reserves and Foreign Currency Liquidity (IRFCL),DSD_IRFCL_PUB,COUNTRY,CL_IRFCL_COUNTRY_PUB,FALSE,NSASB,Solomon Islands National Statistics Office,NA
IRFCL,International Reserves and Foreign Currency Liquidity (IRFCL),DSD_IRFCL_PUB,COUNTRY,CL_IRFCL_COUNTRY_PUB,FALSE,NSASC,National Bureau of Statistics (Seychelles),NA
IRFCL,International Reserves and Foreign Currency Liquidity (IRFCL),DSD_IRFCL_PUB,COUNTRY,CL_IRFCL_COUNTRY_PUB,FALSE,NSASD,Central Bureau of Statistics (Sudan),NA
IRFCL,International Reserves and Foreign Currency Liquidity (IRFCL),DSD_IRFCL_PUB,COUNTRY,CL_IRFCL_COUNTRY_PUB,FALSE,NSASE,Statistics Sweden (SCB),NA
IRFCL,International Reserves and Foreign Currency Liquidity (IRFCL),DSD_IRFCL_PUB,COUNTRY,CL_IRFCL_COUNTRY_PUB,FALSE,NSASG,Singapore Department of Statistics (DOS),NA
IRFCL,International Reserves and Foreign Currency Liquidity (IRFCL),DSD_IRFCL_PUB,COUNTRY,CL_IRFCL_COUNTRY_PUB,FALSE,NSASI,Statistical Office of the Republic of Slovenia (SURS),NA
IRFCL,International Reserves and Foreign Currency Liquidity (IRFCL),DSD_IRFCL_PUB,COUNTRY,CL_IRFCL_COUNTRY_PUB,FALSE,NSASK,Statistical Office of the Slovak Republic,NA
IRFCL,International Reserves and Foreign Currency Liquidity (IRFCL),DSD_IRFCL_PUB,COUNTRY,CL_IRFCL_COUNTRY_PUB,FALSE,NSASL,Statistics Sierra Leone,NA
IRFCL,International Reserves and Foreign Currency Liquidity (IRFCL),DSD_IRFCL_PUB,COUNTRY,CL_IRFCL_COUNTRY_PUB,FALSE,NSASM,"Office of Economic Planning, Data Processing, and Statistics (San Marino) (UPECEDS)",NA
IRFCL,International Reserves and Foreign Currency Liquidity (IRFCL),DSD_IRFCL_PUB,COUNTRY,CL_IRFCL_COUNTRY_PUB,FALSE,NSASN,National Agency for Statistics and Demography (Senegal),NA
IRFCL,International Reserves and Foreign Currency Liquidity (IRFCL),DSD_IRFCL_PUB,COUNTRY,CL_IRFCL_COUNTRY_PUB,FALSE,NSASO,Somalia National Bureau of Statistics,NA
IRFCL,International Reserves and Foreign Currency Liquidity (IRFCL),DSD_IRFCL_PUB,COUNTRY,CL_IRFCL_COUNTRY_PUB,FALSE,NSASR,General Bureau of Statistics,NA
IRFCL,International Reserves and Foreign Currency Liquidity (IRFCL),DSD_IRFCL_PUB,COUNTRY,CL_IRFCL_COUNTRY_PUB,FALSE,NSASS,National Bureau of Statistics (South Sudan),NA
IRFCL,International Reserves and Foreign Currency Liquidity (IRFCL),DSD_IRFCL_PUB,COUNTRY,CL_IRFCL_COUNTRY_PUB,FALSE,NSAST,National Institute of Statistics (INE) (São Tomé and Príncipe),NA
IRFCL,International Reserves and Foreign Currency Liquidity (IRFCL),DSD_IRFCL_PUB,COUNTRY,CL_IRFCL_COUNTRY_PUB,FALSE,NSASV,General Directorate of Statistics and Censuses (El Salvador) (DIGESTYC),NA
IRFCL,International Reserves and Foreign Currency Liquidity (IRFCL),DSD_IRFCL_PUB,COUNTRY,CL_IRFCL_COUNTRY_PUB,FALSE,NSASX,Department of Statistics (Sint Maarten),NA
IRFCL,International Reserves and Foreign Currency Liquidity (IRFCL),DSD_IRFCL_PUB,COUNTRY,CL_IRFCL_COUNTRY_PUB,FALSE,NSASY,Central Bureau of Statistics (Syrian Arab Republic),NA
IRFCL,International Reserves and Foreign Currency Liquidity (IRFCL),DSD_IRFCL_PUB,COUNTRY,CL_IRFCL_COUNTRY_PUB,FALSE,NSASZ,Central Statistical Office (Eswatini),NA
IRFCL,International Reserves and Foreign Currency Liquidity (IRFCL),DSD_IRFCL_PUB,COUNTRY,CL_IRFCL_COUNTRY_PUB,FALSE,NSATC,Department of Economic Planning and Statistics (Turks and Caicos Islands),NA
IRFCL,International Reserves and Foreign Currency Liquidity (IRFCL),DSD_IRFCL_PUB,COUNTRY,CL_IRFCL_COUNTRY_PUB,FALSE,NSATD,"Directorate of Statistics, Economic and Demographic Studies (Chad)",NA
IRFCL,International Reserves and Foreign Currency Liquidity (IRFCL),DSD_IRFCL_PUB,COUNTRY,CL_IRFCL_COUNTRY_PUB,FALSE,NSATG,National Institute of Statistics and Economic and Demographic Studies (INSEED),NA
IRFCL,International Reserves and Foreign Currency Liquidity (IRFCL),DSD_IRFCL_PUB,COUNTRY,CL_IRFCL_COUNTRY_PUB,FALSE,NSATH,National Statistical Office (Thailand),NA
IRFCL,International Reserves and Foreign Currency Liquidity (IRFCL),DSD_IRFCL_PUB,COUNTRY,CL_IRFCL_COUNTRY_PUB,FALSE,NSATJ,Agency on Statistics under President of  the Republic of Tajikistan,NA
IRFCL,International Reserves and Foreign Currency Liquidity (IRFCL),DSD_IRFCL_PUB,COUNTRY,CL_IRFCL_COUNTRY_PUB,FALSE,NSATL,Statistics Timor-Leste General Directorate of Statistics,NA
IRFCL,International Reserves and Foreign Currency Liquidity (IRFCL),DSD_IRFCL_PUB,COUNTRY,CL_IRFCL_COUNTRY_PUB,FALSE,NSATM,State Committee of Statistics of Turkmenistan,NA
IRFCL,International Reserves and Foreign Currency Liquidity (IRFCL),DSD_IRFCL_PUB,COUNTRY,CL_IRFCL_COUNTRY_PUB,FALSE,NSATN,Institut National de la Statistique (Tunisia),NA
IRFCL,International Reserves and Foreign Currency Liquidity (IRFCL),DSD_IRFCL_PUB,COUNTRY,CL_IRFCL_COUNTRY_PUB,FALSE,NSATO,Tonga Statistics Department,NA
IRFCL,International Reserves and Foreign Currency Liquidity (IRFCL),DSD_IRFCL_PUB,COUNTRY,CL_IRFCL_COUNTRY_PUB,FALSE,NSATR,Turkish Statistical Institute (TurkStat),NA
IRFCL,International Reserves and Foreign Currency Liquidity (IRFCL),DSD_IRFCL_PUB,COUNTRY,CL_IRFCL_COUNTRY_PUB,FALSE,NSATT,Central Statistical Office (Trinidad and Tobago),NA
IRFCL,International Reserves and Foreign Currency Liquidity (IRFCL),DSD_IRFCL_PUB,COUNTRY,CL_IRFCL_COUNTRY_PUB,FALSE,NSATV,Tuvalu Central Statistics Division (CSD),NA
IRFCL,International Reserves and Foreign Currency Liquidity (IRFCL),DSD_IRFCL_PUB,COUNTRY,CL_IRFCL_COUNTRY_PUB,FALSE,NSATW,National Statistics (Republic of China - Taiwan),NA
IRFCL,International Reserves and Foreign Currency Liquidity (IRFCL),DSD_IRFCL_PUB,COUNTRY,CL_IRFCL_COUNTRY_PUB,FALSE,NSATZ,National Bureau of Statistics (Tanzania),NA
IRFCL,International Reserves and Foreign Currency Liquidity (IRFCL),DSD_IRFCL_PUB,COUNTRY,CL_IRFCL_COUNTRY_PUB,FALSE,NSAUA,State Statistics Service of Ukraine,NA
IRFCL,International Reserves and Foreign Currency Liquidity (IRFCL),DSD_IRFCL_PUB,COUNTRY,CL_IRFCL_COUNTRY_PUB,FALSE,NSAUG,Uganda Bureau of Statistics (UBOS),NA
IRFCL,International Reserves and Foreign Currency Liquidity (IRFCL),DSD_IRFCL_PUB,COUNTRY,CL_IRFCL_COUNTRY_PUB,FALSE,NSAUS,United States Census Bureau,NA
IRFCL,International Reserves and Foreign Currency Liquidity (IRFCL),DSD_IRFCL_PUB,COUNTRY,CL_IRFCL_COUNTRY_PUB,FALSE,NSAUY,Instituto Nacional de Estadística Uruguay,NA
IRFCL,International Reserves and Foreign Currency Liquidity (IRFCL),DSD_IRFCL_PUB,COUNTRY,CL_IRFCL_COUNTRY_PUB,FALSE,NSAUZ,The State Committee of the Republic of Uzbekistan on Statistics,NA
IRFCL,International Reserves and Foreign Currency Liquidity (IRFCL),DSD_IRFCL_PUB,COUNTRY,CL_IRFCL_COUNTRY_PUB,FALSE,NSAVC,"Statistical Office, Government of Saint Vincent and the Grenadines",NA
IRFCL,International Reserves and Foreign Currency Liquidity (IRFCL),DSD_IRFCL_PUB,COUNTRY,CL_IRFCL_COUNTRY_PUB,FALSE,NSAVE,Statistics National Institute (Venezuela) (INE),NA
IRFCL,International Reserves and Foreign Currency Liquidity (IRFCL),DSD_IRFCL_PUB,COUNTRY,CL_IRFCL_COUNTRY_PUB,FALSE,NSAVN,General Statistics Office of Vietnam (GSO),NA
IRFCL,International Reserves and Foreign Currency Liquidity (IRFCL),DSD_IRFCL_PUB,COUNTRY,CL_IRFCL_COUNTRY_PUB,FALSE,NSAVU,Vanuatu Bureau of Statistics (VBoS),NA
IRFCL,International Reserves and Foreign Currency Liquidity (IRFCL),DSD_IRFCL_PUB,COUNTRY,CL_IRFCL_COUNTRY_PUB,FALSE,NSAWS,Samoa Bureau of Statistics (SBS ),NA
IRFCL,International Reserves and Foreign Currency Liquidity (IRFCL),DSD_IRFCL_PUB,COUNTRY,CL_IRFCL_COUNTRY_PUB,FALSE,NSAYE,Central Statistical Organization (Yemen),NA
IRFCL,International Reserves and Foreign Currency Liquidity (IRFCL),DSD_IRFCL_PUB,COUNTRY,CL_IRFCL_COUNTRY_PUB,FALSE,NSAYT,National Bureau of Statistics of the Republic of Moldova,NA
IRFCL,International Reserves and Foreign Currency Liquidity (IRFCL),DSD_IRFCL_PUB,COUNTRY,CL_IRFCL_COUNTRY_PUB,FALSE,NSAZA,Statistics South Africa (Stats SA),NA
IRFCL,International Reserves and Foreign Currency Liquidity (IRFCL),DSD_IRFCL_PUB,COUNTRY,CL_IRFCL_COUNTRY_PUB,FALSE,NSAZM,Zambia Statistics Agency (ZAMSTATS),NA
IRFCL,International Reserves and Foreign Currency Liquidity (IRFCL),DSD_IRFCL_PUB,COUNTRY,CL_IRFCL_COUNTRY_PUB,FALSE,NSAZW,Zimbabwe National Statistics Agency (ZIMSTAT),NA
IRFCL,International Reserves and Foreign Currency Liquidity (IRFCL),DSD_IRFCL_PUB,COUNTRY,CL_IRFCL_COUNTRY_PUB,FALSE,NUMB,Numbeo Doo,NA
IRFCL,International Reserves and Foreign Currency Liquidity (IRFCL),DSD_IRFCL_PUB,COUNTRY,CL_IRFCL_COUNTRY_PUB,FALSE,NYKRD,Nykredit Realkredit A/S,NA
IRFCL,International Reserves and Foreign Currency Liquidity (IRFCL),DSD_IRFCL_PUB,COUNTRY,CL_IRFCL_COUNTRY_PUB,FALSE,NZIER,New Zealand Institute of Economic Research,NA
IRFCL,International Reserves and Foreign Currency Liquidity (IRFCL),DSD_IRFCL_PUB,COUNTRY,CL_IRFCL_COUNTRY_PUB,FALSE,OAS,Organization of American States (OAS),NA
IRFCL,International Reserves and Foreign Currency Liquidity (IRFCL),DSD_IRFCL_PUB,COUNTRY,CL_IRFCL_COUNTRY_PUB,FALSE,OAU,Organization of African Unity (OAU),NA
IRFCL,International Reserves and Foreign Currency Liquidity (IRFCL),DSD_IRFCL_PUB,COUNTRY,CL_IRFCL_COUNTRY_PUB,FALSE,OCBC,OCBC Bank (Thai) Public Company Limited,NA
IRFCL,International Reserves and Foreign Currency Liquidity (IRFCL),DSD_IRFCL_PUB,COUNTRY,CL_IRFCL_COUNTRY_PUB,FALSE,OCBCBANK,OCBC Bank,NA
IRFCL,International Reserves and Foreign Currency Liquidity (IRFCL),DSD_IRFCL_PUB,COUNTRY,CL_IRFCL_COUNTRY_PUB,FALSE,OCBWH,OCBC Wing Hang Bank Limited,NA
IRFCL,International Reserves and Foreign Currency Liquidity (IRFCL),DSD_IRFCL_PUB,COUNTRY,CL_IRFCL_COUNTRY_PUB,FALSE,ODDHB,Oddo BHF,NA
IRFCL,International Reserves and Foreign Currency Liquidity (IRFCL),DSD_IRFCL_PUB,COUNTRY,CL_IRFCL_COUNTRY_PUB,FALSE,ODEAB,Odeabank A.Ş.,NA
IRFCL,International Reserves and Foreign Currency Liquidity (IRFCL),DSD_IRFCL_PUB,COUNTRY,CL_IRFCL_COUNTRY_PUB,FALSE,ODOSE,Oddo Securities,NA
IRFCL,International Reserves and Foreign Currency Liquidity (IRFCL),DSD_IRFCL_PUB,COUNTRY,CL_IRFCL_COUNTRY_PUB,FALSE,OECD,Organisation for Economic Co-operation and Development (OECD),NA
IRFCL,International Reserves and Foreign Currency Liquidity (IRFCL),DSD_IRFCL_PUB,COUNTRY,CL_IRFCL_COUNTRY_PUB,FALSE,OENB,Austrian National Bank (OeNB),NA
IRFCL,International Reserves and Foreign Currency Liquidity (IRFCL),DSD_IRFCL_PUB,COUNTRY,CL_IRFCL_COUNTRY_PUB,FALSE,OFCE,Observatoire Français des Conjonctures Économiques,NA
IRFCL,International Reserves and Foreign Currency Liquidity (IRFCL),DSD_IRFCL_PUB,COUNTRY,CL_IRFCL_COUNTRY_PUB,FALSE,OHMAN,Ohman,NA
IRFCL,International Reserves and Foreign Currency Liquidity (IRFCL),DSD_IRFCL_PUB,COUNTRY,CL_IRFCL_COUNTRY_PUB,FALSE,OJFER,Orlando J. Ferreres y Asociados,NA
IRFCL,International Reserves and Foreign Currency Liquidity (IRFCL),DSD_IRFCL_PUB,COUNTRY,CL_IRFCL_COUNTRY_PUB,FALSE,ONL,Online Only Ou,NA
IRFCL,International Reserves and Foreign Currency Liquidity (IRFCL),DSD_IRFCL_PUB,COUNTRY,CL_IRFCL_COUNTRY_PUB,FALSE,OOKL,Ookla,NA
IRFCL,International Reserves and Foreign Currency Liquidity (IRFCL),DSD_IRFCL_PUB,COUNTRY,CL_IRFCL_COUNTRY_PUB,FALSE,OP,OP Financial Group,NA
IRFCL,International Reserves and Foreign Currency Liquidity (IRFCL),DSD_IRFCL_PUB,COUNTRY,CL_IRFCL_COUNTRY_PUB,FALSE,OPEC,Organization of the Petroleum Exporting Countries (OPEC),NA
IRFCL,International Reserves and Foreign Currency Liquidity (IRFCL),DSD_IRFCL_PUB,COUNTRY,CL_IRFCL_COUNTRY_PUB,FALSE,OTKRI,Otkritie FC Bank,NA
IRFCL,International Reserves and Foreign Currency Liquidity (IRFCL),DSD_IRFCL_PUB,COUNTRY,CL_IRFCL_COUNTRY_PUB,FALSE,OTP,OTP Bank Nyrt.,NA
IRFCL,International Reserves and Foreign Currency Liquidity (IRFCL),DSD_IRFCL_PUB,COUNTRY,CL_IRFCL_COUNTRY_PUB,FALSE,OUTL,Outlogic,NA
IRFCL,International Reserves and Foreign Currency Liquidity (IRFCL),DSD_IRFCL_PUB,COUNTRY,CL_IRFCL_COUNTRY_PUB,FALSE,OVRDT,OverData,NA
IRFCL,International Reserves and Foreign Currency Liquidity (IRFCL),DSD_IRFCL_PUB,COUNTRY,CL_IRFCL_COUNTRY_PUB,FALSE,OXBAK,Oxford Economics at the BAK Basel,NA
IRFCL,International Reserves and Foreign Currency Liquidity (IRFCL),DSD_IRFCL_PUB,COUNTRY,CL_IRFCL_COUNTRY_PUB,FALSE,OXECO,Oxford Economics,NA
IRFCL,International Reserves and Foreign Currency Liquidity (IRFCL),DSD_IRFCL_PUB,COUNTRY,CL_IRFCL_COUNTRY_PUB,FALSE,OYAKY,Oyak Yatırım Menkul Değerler A.Ş.,NA
IRFCL,International Reserves and Foreign Currency Liquidity (IRFCL),DSD_IRFCL_PUB,COUNTRY,CL_IRFCL_COUNTRY_PUB,FALSE,PAIRC,PAIR Conseil,NA
IRFCL,International Reserves and Foreign Currency Liquidity (IRFCL),DSD_IRFCL_PUB,COUNTRY,CL_IRFCL_COUNTRY_PUB,FALSE,PANMACRO,Pantheon Macroeconomics Inc,NA
IRFCL,International Reserves and Foreign Currency Liquidity (IRFCL),DSD_IRFCL_PUB,COUNTRY,CL_IRFCL_COUNTRY_PUB,FALSE,PARAL,Parallaxis Economics,NA
IRFCL,International Reserves and Foreign Currency Liquidity (IRFCL),DSD_IRFCL_PUB,COUNTRY,CL_IRFCL_COUNTRY_PUB,FALSE,PATFA,Patria Finance a.s.,NA
IRFCL,International Reserves and Foreign Currency Liquidity (IRFCL),DSD_IRFCL_PUB,COUNTRY,CL_IRFCL_COUNTRY_PUB,FALSE,PBZ,Privredna banka Zagreb d.d.,NA
IRFCL,International Reserves and Foreign Currency Liquidity (IRFCL),DSD_IRFCL_PUB,COUNTRY,CL_IRFCL_COUNTRY_PUB,FALSE,PC,Paris Club,NA
IRFCL,International Reserves and Foreign Currency Liquidity (IRFCL),DSD_IRFCL_PUB,COUNTRY,CL_IRFCL_COUNTRY_PUB,FALSE,PEKAO,Bank Pekao S.A.,NA
IRFCL,International Reserves and Foreign Currency Liquidity (IRFCL),DSD_IRFCL_PUB,COUNTRY,CL_IRFCL_COUNTRY_PUB,FALSE,PERMA,PT Bank Permata Tbk,NA
IRFCL,International Reserves and Foreign Currency Liquidity (IRFCL),DSD_IRFCL_PUB,COUNTRY,CL_IRFCL_COUNTRY_PUB,FALSE,PEZCO,Pezco Economics,NA
IRFCL,International Reserves and Foreign Currency Liquidity (IRFCL),DSD_IRFCL_PUB,COUNTRY,CL_IRFCL_COUNTRY_PUB,FALSE,PHSEC,Phatra Securities,NA
IRFCL,International Reserves and Foreign Currency Liquidity (IRFCL),DSD_IRFCL_PUB,COUNTRY,CL_IRFCL_COUNTRY_PUB,FALSE,PICTET,Pictet & Cie Group SCA,NA
IRFCL,International Reserves and Foreign Currency Liquidity (IRFCL),DSD_IRFCL_PUB,COUNTRY,CL_IRFCL_COUNTRY_PUB,FALSE,PIF,Pacific Islands Forum Secretariat,NA
IRFCL,International Reserves and Foreign Currency Liquidity (IRFCL),DSD_IRFCL_PUB,COUNTRY,CL_IRFCL_COUNTRY_PUB,FALSE,PITCH,PitchBook Data Inc,NA
IRFCL,International Reserves and Foreign Currency Liquidity (IRFCL),DSD_IRFCL_PUB,COUNTRY,CL_IRFCL_COUNTRY_PUB,FALSE,PJF,Per Jacobsson Foundation,NA
IRFCL,International Reserves and Foreign Currency Liquidity (IRFCL),DSD_IRFCL_PUB,COUNTRY,CL_IRFCL_COUNTRY_PUB,FALSE,PKO,Powszechna Kasa Oszczędności Bank Polski S.A.,NA
IRFCL,International Reserves and Foreign Currency Liquidity (IRFCL),DSD_IRFCL_PUB,COUNTRY,CL_IRFCL_COUNTRY_PUB,FALSE,PMA,Palestine Monetary Authority (PMA),NA
IRFCL,International Reserves and Foreign Currency Liquidity (IRFCL),DSD_IRFCL_PUB,COUNTRY,CL_IRFCL_COUNTRY_PUB,FALSE,PMR,PMR Market Experts,NA
IRFCL,International Reserves and Foreign Currency Liquidity (IRFCL),DSD_IRFCL_PUB,COUNTRY,CL_IRFCL_COUNTRY_PUB,FALSE,PNCFG,"PNC Financial Services Group, Inc.",NA
IRFCL,International Reserves and Foreign Currency Liquidity (IRFCL),DSD_IRFCL_PUB,COUNTRY,CL_IRFCL_COUNTRY_PUB,FALSE,PNG,Bank of Papua New Guinea,NA
IRFCL,International Reserves and Foreign Currency Liquidity (IRFCL),DSD_IRFCL_PUB,COUNTRY,CL_IRFCL_COUNTRY_PUB,FALSE,POCZT,Bank Pocztowy,NA
IRFCL,International Reserves and Foreign Currency Liquidity (IRFCL),DSD_IRFCL_PUB,COUNTRY,CL_IRFCL_COUNTRY_PUB,FALSE,POLEC,Polish Economic Institute,NA
IRFCL,International Reserves and Foreign Currency Liquidity (IRFCL),DSD_IRFCL_PUB,COUNTRY,CL_IRFCL_COUNTRY_PUB,FALSE,POLIN,Polinomics,NA
IRFCL,International Reserves and Foreign Currency Liquidity (IRFCL),DSD_IRFCL_PUB,COUNTRY,CL_IRFCL_COUNTRY_PUB,FALSE,POLRI,Polaris Research Institute,NA
IRFCL,International Reserves and Foreign Currency Liquidity (IRFCL),DSD_IRFCL_PUB,COUNTRY,CL_IRFCL_COUNTRY_PUB,FALSE,POLSC,"Polaris Securities Co., Ltd.",NA
IRFCL,International Reserves and Foreign Currency Liquidity (IRFCL),DSD_IRFCL_PUB,COUNTRY,CL_IRFCL_COUNTRY_PUB,FALSE,PONTU,Pontificia Universidad Católica de Chile,NA
IRFCL,International Reserves and Foreign Currency Liquidity (IRFCL),DSD_IRFCL_PUB,COUNTRY,CL_IRFCL_COUNTRY_PUB,FALSE,PPEQ,"Philippine Equity Partners, Inc.",NA
IRFCL,International Reserves and Foreign Currency Liquidity (IRFCL),DSD_IRFCL_PUB,COUNTRY,CL_IRFCL_COUNTRY_PUB,FALSE,PREM,Premise,NA
IRFCL,International Reserves and Foreign Currency Liquidity (IRFCL),DSD_IRFCL_PUB,COUNTRY,CL_IRFCL_COUNTRY_PUB,FALSE,PROGN,Prognosis,NA
IRFCL,International Reserves and Foreign Currency Liquidity (IRFCL),DSD_IRFCL_PUB,COUNTRY,CL_IRFCL_COUNTRY_PUB,FALSE,PROM,Prometeia S.p.A.,NA
IRFCL,International Reserves and Foreign Currency Liquidity (IRFCL),DSD_IRFCL_PUB,COUNTRY,CL_IRFCL_COUNTRY_PUB,FALSE,PRSGR,The PRS Group Inc,NA
IRFCL,International Reserves and Foreign Currency Liquidity (IRFCL),DSD_IRFCL_PUB,COUNTRY,CL_IRFCL_COUNTRY_PUB,FALSE,PTBCAT,Bank Central Asia (BCA),NA
IRFCL,International Reserves and Foreign Currency Liquidity (IRFCL),DSD_IRFCL_PUB,COUNTRY,CL_IRFCL_COUNTRY_PUB,FALSE,PUENT,Puente,NA
IRFCL,International Reserves and Foreign Currency Liquidity (IRFCL),DSD_IRFCL_PUB,COUNTRY,CL_IRFCL_COUNTRY_PUB,FALSE,QCB,Qatar Central Bank (QCB),NA
IRFCL,International Reserves and Foreign Currency Liquidity (IRFCL),DSD_IRFCL_PUB,COUNTRY,CL_IRFCL_COUNTRY_PUB,FALSE,QIC,QIC Limited,NA
IRFCL,International Reserves and Foreign Currency Liquidity (IRFCL),DSD_IRFCL_PUB,COUNTRY,CL_IRFCL_COUNTRY_PUB,FALSE,QUAD,Quadrant,NA
IRFCL,International Reserves and Foreign Currency Liquidity (IRFCL),DSD_IRFCL_PUB,COUNTRY,CL_IRFCL_COUNTRY_PUB,FALSE,RABOB,Rabobank,NA
IRFCL,International Reserves and Foreign Currency Liquidity (IRFCL),DSD_IRFCL_PUB,COUNTRY,CL_IRFCL_COUNTRY_PUB,FALSE,RABOBNL,Rabobank Nederland,NA
IRFCL,International Reserves and Foreign Currency Liquidity (IRFCL),DSD_IRFCL_PUB,COUNTRY,CL_IRFCL_COUNTRY_PUB,FALSE,RAIFR,Raiffeisen Research,NA
IRFCL,International Reserves and Foreign Currency Liquidity (IRFCL),DSD_IRFCL_PUB,COUNTRY,CL_IRFCL_COUNTRY_PUB,FALSE,RBA,Reserve Bank of Australia (RBA),NA
IRFCL,International Reserves and Foreign Currency Liquidity (IRFCL),DSD_IRFCL_PUB,COUNTRY,CL_IRFCL_COUNTRY_PUB,FALSE,RBC,RBC Capital Markets,NA
IRFCL,International Reserves and Foreign Currency Liquidity (IRFCL),DSD_IRFCL_PUB,COUNTRY,CL_IRFCL_COUNTRY_PUB,FALSE,RBF,Reserve Bank of Fiji (RBF),NA
IRFCL,International Reserves and Foreign Currency Liquidity (IRFCL),DSD_IRFCL_PUB,COUNTRY,CL_IRFCL_COUNTRY_PUB,FALSE,RBINT,Raiffeisen Bank International AG,NA
IRFCL,International Reserves and Foreign Currency Liquidity (IRFCL),DSD_IRFCL_PUB,COUNTRY,CL_IRFCL_COUNTRY_PUB,FALSE,RBM,Reserve Bank of Malawi (RBM),NA
IRFCL,International Reserves and Foreign Currency Liquidity (IRFCL),DSD_IRFCL_PUB,COUNTRY,CL_IRFCL_COUNTRY_PUB,FALSE,RBNZ,Reserve Bank of New Zealand (RBNZ),NA
IRFCL,International Reserves and Foreign Currency Liquidity (IRFCL),DSD_IRFCL_PUB,COUNTRY,CL_IRFCL_COUNTRY_PUB,FALSE,RBSFM,RBS Financial Markets,NA
IRFCL,International Reserves and Foreign Currency Liquidity (IRFCL),DSD_IRFCL_PUB,COUNTRY,CL_IRFCL_COUNTRY_PUB,FALSE,RBSGP,Royal Bank of Scotland Group plc,NA
IRFCL,International Reserves and Foreign Currency Liquidity (IRFCL),DSD_IRFCL_PUB,COUNTRY,CL_IRFCL_COUNTRY_PUB,FALSE,RBSRO,RBS Romania,NA
IRFCL,International Reserves and Foreign Currency Liquidity (IRFCL),DSD_IRFCL_PUB,COUNTRY,CL_IRFCL_COUNTRY_PUB,FALSE,RBSTM,RBS Markets,NA
IRFCL,International Reserves and Foreign Currency Liquidity (IRFCL),DSD_IRFCL_PUB,COUNTRY,CL_IRFCL_COUNTRY_PUB,FALSE,RBV,Reserve Bank of Vanuatu (RBV),NA
IRFCL,International Reserves and Foreign Currency Liquidity (IRFCL),DSD_IRFCL_PUB,COUNTRY,CL_IRFCL_COUNTRY_PUB,FALSE,RBZ,Reserve Bank of Zimbabwe (RBZ),NA
IRFCL,International Reserves and Foreign Currency Liquidity (IRFCL),DSD_IRFCL_PUB,COUNTRY,CL_IRFCL_COUNTRY_PUB,FALSE,RDQEC,RDQ Economics,NA
IRFCL,International Reserves and Foreign Currency Liquidity (IRFCL),DSD_IRFCL_PUB,COUNTRY,CL_IRFCL_COUNTRY_PUB,FALSE,REF,Refinitiv Us LLC,NA
IRFCL,International Reserves and Foreign Currency Liquidity (IRFCL),DSD_IRFCL_PUB,COUNTRY,CL_IRFCL_COUNTRY_PUB,FALSE,REFRCH,REF Ricerche S.p.A.,NA
IRFCL,International Reserves and Foreign Currency Liquidity (IRFCL),DSD_IRFCL_PUB,COUNTRY,CL_IRFCL_COUNTRY_PUB,FALSE,RENAI,Renaissance Capital,NA
IRFCL,International Reserves and Foreign Currency Liquidity (IRFCL),DSD_IRFCL_PUB,COUNTRY,CL_IRFCL_COUNTRY_PUB,FALSE,REPSOL,Repsol S.A.,NA
IRFCL,International Reserves and Foreign Currency Liquidity (IRFCL),DSD_IRFCL_PUB,COUNTRY,CL_IRFCL_COUNTRY_PUB,FALSE,REXCD,Rexecode,NA
IRFCL,International Reserves and Foreign Currency Liquidity (IRFCL),DSD_IRFCL_PUB,COUNTRY,CL_IRFCL_COUNTRY_PUB,FALSE,RFRYE,Robert Fry Economics,NA
IRFCL,International Reserves and Foreign Currency Liquidity (IRFCL),DSD_IRFCL_PUB,COUNTRY,CL_IRFCL_COUNTRY_PUB,FALSE,RGEMO,RGE Monitor,NA
IRFCL,International Reserves and Foreign Currency Liquidity (IRFCL),DSD_IRFCL_PUB,COUNTRY,CL_IRFCL_COUNTRY_PUB,FALSE,RHBBK,RHB Investment Bank Berhad,NA
IRFCL,International Reserves and Foreign Currency Liquidity (IRFCL),DSD_IRFCL_PUB,COUNTRY,CL_IRFCL_COUNTRY_PUB,FALSE,RMA,Royal Monetary Authority of Bhutan (RMA),NA
IRFCL,International Reserves and Foreign Currency Liquidity (IRFCL),DSD_IRFCL_PUB,COUNTRY,CL_IRFCL_COUNTRY_PUB,FALSE,ROCCI,Romanian Chamber of Commerce and Industry,NA
IRFCL,International Reserves and Foreign Currency Liquidity (IRFCL),DSD_IRFCL_PUB,COUNTRY,CL_IRFCL_COUNTRY_PUB,FALSE,ROSBK,Rosbank PJSC,NA
IRFCL,International Reserves and Foreign Currency Liquidity (IRFCL),DSD_IRFCL_PUB,COUNTRY,CL_IRFCL_COUNTRY_PUB,FALSE,ROSEC,Rosenberg & Associados Consultores em Economia,NA
IRFCL,International Reserves and Foreign Currency Liquidity (IRFCL),DSD_IRFCL_PUB,COUNTRY,CL_IRFCL_COUNTRY_PUB,FALSE,ROSGS,Rosbank PJSC and Societe Generale joint venture,NA
IRFCL,International Reserves and Foreign Currency Liquidity (IRFCL),DSD_IRFCL_PUB,COUNTRY,CL_IRFCL_COUNTRY_PUB,FALSE,ROUGE,Roubini Global Economics (RGE),NA
IRFCL,International Reserves and Foreign Currency Liquidity (IRFCL),DSD_IRFCL_PUB,COUNTRY,CL_IRFCL_COUNTRY_PUB,FALSE,ROYBC,Royal Bank of Canada,NA
IRFCL,International Reserves and Foreign Currency Liquidity (IRFCL),DSD_IRFCL_PUB,COUNTRY,CL_IRFCL_COUNTRY_PUB,FALSE,RWILE,RWI – Leibniz Institute for Economic Research,NA
IRFCL,International Reserves and Foreign Currency Liquidity (IRFCL),DSD_IRFCL_PUB,COUNTRY,CL_IRFCL_COUNTRY_PUB,FALSE,RYS,Rystad Energy,NA
IRFCL,International Reserves and Foreign Currency Liquidity (IRFCL),DSD_IRFCL_PUB,COUNTRY,CL_IRFCL_COUNTRY_PUB,FALSE,RZBOA,Raiffeisen Zentralbank Österreich AG,NA
IRFCL,International Reserves and Foreign Currency Liquidity (IRFCL),DSD_IRFCL_PUB,COUNTRY,CL_IRFCL_COUNTRY_PUB,FALSE,SAC,Southern African Customs Union (SACU),NA
IRFCL,International Reserves and Foreign Currency Liquidity (IRFCL),DSD_IRFCL_PUB,COUNTRY,CL_IRFCL_COUNTRY_PUB,FALSE,SAD,Southern African Development Community (SADC),NA
IRFCL,International Reserves and Foreign Currency Liquidity (IRFCL),DSD_IRFCL_PUB,COUNTRY,CL_IRFCL_COUNTRY_PUB,FALSE,SAFEG,Safegraph,NA
IRFCL,International Reserves and Foreign Currency Liquidity (IRFCL),DSD_IRFCL_PUB,COUNTRY,CL_IRFCL_COUNTRY_PUB,FALSE,SAFR,Banco Safra S.A.,NA
IRFCL,International Reserves and Foreign Currency Liquidity (IRFCL),DSD_IRFCL_PUB,COUNTRY,CL_IRFCL_COUNTRY_PUB,FALSE,SALOP,Sal. Oppenheim jr. & Cie. AG & Co. KGaA,NA
IRFCL,International Reserves and Foreign Currency Liquidity (IRFCL),DSD_IRFCL_PUB,COUNTRY,CL_IRFCL_COUNTRY_PUB,FALSE,SAMA,Saudi Central Bank (SCB),NA
IRFCL,International Reserves and Foreign Currency Liquidity (IRFCL),DSD_IRFCL_PUB,COUNTRY,CL_IRFCL_COUNTRY_PUB,FALSE,SAMSG,"Samsung Securities Co., Ltd.",NA
IRFCL,International Reserves and Foreign Currency Liquidity (IRFCL),DSD_IRFCL_PUB,COUNTRY,CL_IRFCL_COUNTRY_PUB,FALSE,SANBR,Banco Santander (Brasil) S.A.,NA
IRFCL,International Reserves and Foreign Currency Liquidity (IRFCL),DSD_IRFCL_PUB,COUNTRY,CL_IRFCL_COUNTRY_PUB,FALSE,SANCL,Banco Santander Chile,NA
IRFCL,International Reserves and Foreign Currency Liquidity (IRFCL),DSD_IRFCL_PUB,COUNTRY,CL_IRFCL_COUNTRY_PUB,FALSE,SANES,"Banco Santander, S.A.",NA
IRFCL,International Reserves and Foreign Currency Liquidity (IRFCL),DSD_IRFCL_PUB,COUNTRY,CL_IRFCL_COUNTRY_PUB,FALSE,SANPL,Santander Bank Polska S.A.,NA
IRFCL,International Reserves and Foreign Currency Liquidity (IRFCL),DSD_IRFCL_PUB,COUNTRY,CL_IRFCL_COUNTRY_PUB,FALSE,SANTIN,Santander Investment,NA
IRFCL,International Reserves and Foreign Currency Liquidity (IRFCL),DSD_IRFCL_PUB,COUNTRY,CL_IRFCL_COUNTRY_PUB,FALSE,SANTMX,Banco Santander México S.A.,NA
IRFCL,International Reserves and Foreign Currency Liquidity (IRFCL),DSD_IRFCL_PUB,COUNTRY,CL_IRFCL_COUNTRY_PUB,FALSE,SANVE,Banco Santander Venezuela C.A. Banco Universal,NA
IRFCL,International Reserves and Foreign Currency Liquidity (IRFCL),DSD_IRFCL_PUB,COUNTRY,CL_IRFCL_COUNTRY_PUB,FALSE,SARB,South Africa Reserve Bank (SARB),NA
IRFCL,International Reserves and Foreign Currency Liquidity (IRFCL),DSD_IRFCL_PUB,COUNTRY,CL_IRFCL_COUNTRY_PUB,FALSE,SBAB,SBAB Bank AB (publ),NA
IRFCL,International Reserves and Foreign Currency Liquidity (IRFCL),DSD_IRFCL_PUB,COUNTRY,CL_IRFCL_COUNTRY_PUB,FALSE,SBER,Sberbank of Russia,NA
IRFCL,International Reserves and Foreign Currency Liquidity (IRFCL),DSD_IRFCL_PUB,COUNTRY,CL_IRFCL_COUNTRY_PUB,FALSE,SBP,State Bank of Pakistan (SBP),NA
IRFCL,International Reserves and Foreign Currency Liquidity (IRFCL),DSD_IRFCL_PUB,COUNTRY,CL_IRFCL_COUNTRY_PUB,FALSE,SBV,State Bank of Vietnam (SBV),NA
IRFCL,International Reserves and Foreign Currency Liquidity (IRFCL),DSD_IRFCL_PUB,COUNTRY,CL_IRFCL_COUNTRY_PUB,FALSE,SCB,South-East Asian Central Banks Research and Training Centre (SEACEN),NA
IRFCL,International Reserves and Foreign Currency Liquidity (IRFCL),DSD_IRFCL_PUB,COUNTRY,CL_IRFCL_COUNTRY_PUB,FALSE,SCBPCL,Siam Commercial Bank Public Company Limited,NA
IRFCL,International Reserves and Foreign Currency Liquidity (IRFCL),DSD_IRFCL_PUB,COUNTRY,CL_IRFCL_COUNTRY_PUB,FALSE,SCHRD,Schroders plc,NA
IRFCL,International Reserves and Foreign Currency Liquidity (IRFCL),DSD_IRFCL_PUB,COUNTRY,CL_IRFCL_COUNTRY_PUB,FALSE,SCOTC,Scotiabank Chile,NA
IRFCL,International Reserves and Foreign Currency Liquidity (IRFCL),DSD_IRFCL_PUB,COUNTRY,CL_IRFCL_COUNTRY_PUB,FALSE,SCOTIA,Scotia Economics,NA
IRFCL,International Reserves and Foreign Currency Liquidity (IRFCL),DSD_IRFCL_PUB,COUNTRY,CL_IRFCL_COUNTRY_PUB,FALSE,SCPRA,Scope Ratings AG,NA
IRFCL,International Reserves and Foreign Currency Liquidity (IRFCL),DSD_IRFCL_PUB,COUNTRY,CL_IRFCL_COUNTRY_PUB,FALSE,SD,Science Direct,NA
IRFCL,International Reserves and Foreign Currency Liquidity (IRFCL),DSD_IRFCL_PUB,COUNTRY,CL_IRFCL_COUNTRY_PUB,FALSE,SEB,Skandinaviska Enskilda Banken AB (publ),NA
IRFCL,International Reserves and Foreign Currency Liquidity (IRFCL),DSD_IRFCL_PUB,COUNTRY,CL_IRFCL_COUNTRY_PUB,FALSE,SEBB,SEB bankas,NA
IRFCL,International Reserves and Foreign Currency Liquidity (IRFCL),DSD_IRFCL_PUB,COUNTRY,CL_IRFCL_COUNTRY_PUB,FALSE,SEBPK,SEB Pank,NA
IRFCL,International Reserves and Foreign Currency Liquidity (IRFCL),DSD_IRFCL_PUB,COUNTRY,CL_IRFCL_COUNTRY_PUB,FALSE,SEI,Secretariat of Economic Integration of Central America (SIECA),NA
IRFCL,International Reserves and Foreign Currency Liquidity (IRFCL),DSD_IRFCL_PUB,COUNTRY,CL_IRFCL_COUNTRY_PUB,FALSE,SFD,Saudi Fund for Development (SFD),NA
IRFCL,International Reserves and Foreign Currency Liquidity (IRFCL),DSD_IRFCL_PUB,COUNTRY,CL_IRFCL_COUNTRY_PUB,FALSE,SGCIB,Societe Generale Corporate and Investment Banking,NA
IRFCL,International Reserves and Foreign Currency Liquidity (IRFCL),DSD_IRFCL_PUB,COUNTRY,CL_IRFCL_COUNTRY_PUB,FALSE,SHB,Svenska Handelsbanken AB (publ),NA
IRFCL,International Reserves and Foreign Currency Liquidity (IRFCL),DSD_IRFCL_PUB,COUNTRY,CL_IRFCL_COUNTRY_PUB,FALSE,SHIN,Shinhan Investment Corp.,NA
IRFCL,International Reserves and Foreign Currency Liquidity (IRFCL),DSD_IRFCL_PUB,COUNTRY,CL_IRFCL_COUNTRY_PUB,FALSE,SHSEC,"Shinhan Securities Co., Ltd.",NA
IRFCL,International Reserves and Foreign Currency Liquidity (IRFCL),DSD_IRFCL_PUB,COUNTRY,CL_IRFCL_COUNTRY_PUB,FALSE,SILCO,SILCON/C.R. Contadores Associados S/S Ltda.,NA
IRFCL,International Reserves and Foreign Currency Liquidity (IRFCL),DSD_IRFCL_PUB,COUNTRY,CL_IRFCL_COUNTRY_PUB,FALSE,SLAMGT,Swiss Life Asset Managers,NA
IRFCL,International Reserves and Foreign Currency Liquidity (IRFCL),DSD_IRFCL_PUB,COUNTRY,CL_IRFCL_COUNTRY_PUB,FALSE,SLOSP,"Slovenská sporiteľňa, a.s.",NA
IRFCL,International Reserves and Foreign Currency Liquidity (IRFCL),DSD_IRFCL_PUB,COUNTRY,CL_IRFCL_COUNTRY_PUB,FALSE,SNB,Swiss National Bank (SNB),NA
IRFCL,International Reserves and Foreign Currency Liquidity (IRFCL),DSD_IRFCL_PUB,COUNTRY,CL_IRFCL_COUNTRY_PUB,FALSE,SNBSE,Swedish National Bank (the Riksbank),NA
IRFCL,International Reserves and Foreign Currency Liquidity (IRFCL),DSD_IRFCL_PUB,COUNTRY,CL_IRFCL_COUNTRY_PUB,FALSE,SNP,S and P Global Market Intelligence LLC,NA
IRFCL,International Reserves and Foreign Currency Liquidity (IRFCL),DSD_IRFCL_PUB,COUNTRY,CL_IRFCL_COUNTRY_PUB,FALSE,SOCGN,Societe Generale S.A.,NA
IRFCL,International Reserves and Foreign Currency Liquidity (IRFCL),DSD_IRFCL_PUB,COUNTRY,CL_IRFCL_COUNTRY_PUB,FALSE,SOVAC,Sova Capital Limited,NA
IRFCL,International Reserves and Foreign Currency Liquidity (IRFCL),DSD_IRFCL_PUB,COUNTRY,CL_IRFCL_COUNTRY_PUB,FALSE,SPACEK,SpaceKnow,NA
IRFCL,International Reserves and Foreign Currency Liquidity (IRFCL),DSD_IRFCL_PUB,COUNTRY,CL_IRFCL_COUNTRY_PUB,FALSE,SPADV,SP Advisors,NA
IRFCL,International Reserves and Foreign Currency Liquidity (IRFCL),DSD_IRFCL_PUB,COUNTRY,CL_IRFCL_COUNTRY_PUB,FALSE,SPGLO,S&P Global Ratings,NA
IRFCL,International Reserves and Foreign Currency Liquidity (IRFCL),DSD_IRFCL_PUB,COUNTRY,CL_IRFCL_COUNTRY_PUB,FALSE,SPGMI,S&P Global Market Intelligence,NA
IRFCL,International Reserves and Foreign Currency Liquidity (IRFCL),DSD_IRFCL_PUB,COUNTRY,CL_IRFCL_COUNTRY_PUB,FALSE,STANCH,Standard Chartered PLC,NA
IRFCL,International Reserves and Foreign Currency Liquidity (IRFCL),DSD_IRFCL_PUB,COUNTRY,CL_IRFCL_COUNTRY_PUB,FALSE,STATIST,Statista Inc,NA
IRFCL,International Reserves and Foreign Currency Liquidity (IRFCL),DSD_IRFCL_PUB,COUNTRY,CL_IRFCL_COUNTRY_PUB,FALSE,STOEC,Stokes Economics Consulting,NA
IRFCL,International Reserves and Foreign Currency Liquidity (IRFCL),DSD_IRFCL_PUB,COUNTRY,CL_IRFCL_COUNTRY_PUB,FALSE,STR,STR LLC,NA
IRFCL,International Reserves and Foreign Currency Liquidity (IRFCL),DSD_IRFCL_PUB,COUNTRY,CL_IRFCL_COUNTRY_PUB,FALSE,SUPVI,Banco Supervielle S.A.,NA
IRFCL,International Reserves and Foreign Currency Liquidity (IRFCL),DSD_IRFCL_PUB,COUNTRY,CL_IRFCL_COUNTRY_PUB,FALSE,SWDMK,Swedbank Markets,NA
IRFCL,International Reserves and Foreign Currency Liquidity (IRFCL),DSD_IRFCL_PUB,COUNTRY,CL_IRFCL_COUNTRY_PUB,FALSE,SWEDA,Swedbank AS,NA
IRFCL,International Reserves and Foreign Currency Liquidity (IRFCL),DSD_IRFCL_PUB,COUNTRY,CL_IRFCL_COUNTRY_PUB,FALSE,SWEDB,Swedbank AB (publ),NA
IRFCL,International Reserves and Foreign Currency Liquidity (IRFCL),DSD_IRFCL_PUB,COUNTRY,CL_IRFCL_COUNTRY_PUB,FALSE,SWEENT,Confederation of Swedish Enterprise,NA
IRFCL,International Reserves and Foreign Currency Liquidity (IRFCL),DSD_IRFCL_PUB,COUNTRY,CL_IRFCL_COUNTRY_PUB,FALSE,SWF,Swift,NA
IRFCL,International Reserves and Foreign Currency Liquidity (IRFCL),DSD_IRFCL_PUB,COUNTRY,CL_IRFCL_COUNTRY_PUB,FALSE,SWISS,Swiss Re,NA
IRFCL,International Reserves and Foreign Currency Liquidity (IRFCL),DSD_IRFCL_PUB,COUNTRY,CL_IRFCL_COUNTRY_PUB,FALSE,SWLI,Swiss Life Holding AG,NA
IRFCL,International Reserves and Foreign Currency Liquidity (IRFCL),DSD_IRFCL_PUB,COUNTRY,CL_IRFCL_COUNTRY_PUB,FALSE,TAKAR,Takarék Csoport,NA
IRFCL,International Reserves and Foreign Currency Liquidity (IRFCL),DSD_IRFCL_PUB,COUNTRY,CL_IRFCL_COUNTRY_PUB,FALSE,TASK,TASK,NA
IRFCL,International Reserves and Foreign Currency Liquidity (IRFCL),DSD_IRFCL_PUB,COUNTRY,CL_IRFCL_COUNTRY_PUB,FALSE,TATA,Tata Consultancy Services Limited,NA
IRFCL,International Reserves and Foreign Currency Liquidity (IRFCL),DSD_IRFCL_PUB,COUNTRY,CL_IRFCL_COUNTRY_PUB,FALSE,TATRA,"Tatra banka, a.s.",NA
IRFCL,International Reserves and Foreign Currency Liquidity (IRFCL),DSD_IRFCL_PUB,COUNTRY,CL_IRFCL_COUNTRY_PUB,FALSE,TCMB,Central Bank of the Republic of Turkey,NA
IRFCL,International Reserves and Foreign Currency Liquidity (IRFCL),DSD_IRFCL_PUB,COUNTRY,CL_IRFCL_COUNTRY_PUB,FALSE,TCNFB,The Conference Board,NA
IRFCL,International Reserves and Foreign Currency Liquidity (IRFCL),DSD_IRFCL_PUB,COUNTRY,CL_IRFCL_COUNTRY_PUB,FALSE,TDB,The Toronto-Dominion Bank,NA
IRFCL,International Reserves and Foreign Currency Liquidity (IRFCL),DSD_IRFCL_PUB,COUNTRY,CL_IRFCL_COUNTRY_PUB,FALSE,TDECO,TD Economics,NA
IRFCL,International Reserves and Foreign Currency Liquidity (IRFCL),DSD_IRFCL_PUB,COUNTRY,CL_IRFCL_COUNTRY_PUB,FALSE,TEB,Türk Ekonomi Bankası A.Ş. (TEB),NA
IRFCL,International Reserves and Foreign Currency Liquidity (IRFCL),DSD_IRFCL_PUB,COUNTRY,CL_IRFCL_COUNTRY_PUB,FALSE,TECHC,Vietnam Technological & Commercial Joint-stock Bank (Techcombank),NA
IRFCL,International Reserves and Foreign Currency Liquidity (IRFCL),DSD_IRFCL_PUB,COUNTRY,CL_IRFCL_COUNTRY_PUB,FALSE,TENDC,Tendências Consultoria Integrada Ltda.,NA
IRFCL,International Reserves and Foreign Currency Liquidity (IRFCL),DSD_IRFCL_PUB,COUNTRY,CL_IRFCL_COUNTRY_PUB,FALSE,THANS,Thanachart Securities Public Company Limited,NA
IRFCL,International Reserves and Foreign Currency Liquidity (IRFCL),DSD_IRFCL_PUB,COUNTRY,CL_IRFCL_COUNTRY_PUB,FALSE,THEOD,Theodoor Gilissen Bankiers N.V.,NA
IRFCL,International Reserves and Foreign Currency Liquidity (IRFCL),DSD_IRFCL_PUB,COUNTRY,CL_IRFCL_COUNTRY_PUB,FALSE,THORN,Thorne & Associates,NA
IRFCL,International Reserves and Foreign Currency Liquidity (IRFCL),DSD_IRFCL_PUB,COUNTRY,CL_IRFCL_COUNTRY_PUB,FALSE,TIER,Taiwan Institute of Economic Research,NA
IRFCL,International Reserves and Foreign Currency Liquidity (IRFCL),DSD_IRFCL_PUB,COUNTRY,CL_IRFCL_COUNTRY_PUB,FALSE,TIMET,Timetric,NA
IRFCL,International Reserves and Foreign Currency Liquidity (IRFCL),DSD_IRFCL_PUB,COUNTRY,CL_IRFCL_COUNTRY_PUB,FALSE,TISCO,TISCO Financial Group Public Company Limited,NA
IRFCL,International Reserves and Foreign Currency Liquidity (IRFCL),DSD_IRFCL_PUB,COUNTRY,CL_IRFCL_COUNTRY_PUB,FALSE,TMRW,Tomorrow.io,NA
IRFCL,International Reserves and Foreign Currency Liquidity (IRFCL),DSD_IRFCL_PUB,COUNTRY,CL_IRFCL_COUNTRY_PUB,FALSE,TORIN,"Torino Economics, LLC",NA
IRFCL,International Reserves and Foreign Currency Liquidity (IRFCL),DSD_IRFCL_PUB,COUNTRY,CL_IRFCL_COUNTRY_PUB,FALSE,TOTEN,TotalEnergies SE,NA
IRFCL,International Reserves and Foreign Currency Liquidity (IRFCL),DSD_IRFCL_PUB,COUNTRY,CL_IRFCL_COUNTRY_PUB,FALSE,TOYOT,Toyota Motor Corporation,NA
IRFCL,International Reserves and Foreign Currency Liquidity (IRFCL),DSD_IRFCL_PUB,COUNTRY,CL_IRFCL_COUNTRY_PUB,FALSE,TRIME,PT Trimegah Sekuritas Indonesia Tbk,NA
IRFCL,International Reserves and Foreign Currency Liquidity (IRFCL),DSD_IRFCL_PUB,COUNTRY,CL_IRFCL_COUNTRY_PUB,FALSE,TRND,OECD Turpin North America,NA
IRFCL,International Reserves and Foreign Currency Liquidity (IRFCL),DSD_IRFCL_PUB,COUNTRY,CL_IRFCL_COUNTRY_PUB,FALSE,TROIK,Troika Dialog,NA
IRFCL,International Reserves and Foreign Currency Liquidity (IRFCL),DSD_IRFCL_PUB,COUNTRY,CL_IRFCL_COUNTRY_PUB,FALSE,TSKB,Türkiye Sinai Kalkınma Bankası A.Ş.,NA
IRFCL,International Reserves and Foreign Currency Liquidity (IRFCL),DSD_IRFCL_PUB,COUNTRY,CL_IRFCL_COUNTRY_PUB,FALSE,TSLOM,TS Lombard,NA
IRFCL,International Reserves and Foreign Currency Liquidity (IRFCL),DSD_IRFCL_PUB,COUNTRY,CL_IRFCL_COUNTRY_PUB,FALSE,TURKF,Türkiye Finans Katılım Bankası A.Ş.,NA
IRFCL,International Reserves and Foreign Currency Liquidity (IRFCL),DSD_IRFCL_PUB,COUNTRY,CL_IRFCL_COUNTRY_PUB,FALSE,TUSIAD,Turkish Industry and Business Association (TUSIAD),NA
IRFCL,International Reserves and Foreign Currency Liquidity (IRFCL),DSD_IRFCL_PUB,COUNTRY,CL_IRFCL_COUNTRY_PUB,FALSE,UBB,United Bulgarian Bank,NA
IRFCL,International Reserves and Foreign Currency Liquidity (IRFCL),DSD_IRFCL_PUB,COUNTRY,CL_IRFCL_COUNTRY_PUB,FALSE,UBSGP,UBS Group AG,NA
IRFCL,International Reserves and Foreign Currency Liquidity (IRFCL),DSD_IRFCL_PUB,COUNTRY,CL_IRFCL_COUNTRY_PUB,FALSE,UCEN,Universidad Central de Chile,NA
IRFCL,International Reserves and Foreign Currency Liquidity (IRFCL),DSD_IRFCL_PUB,COUNTRY,CL_IRFCL_COUNTRY_PUB,FALSE,UCHILE,Universidad de Chile,NA
IRFCL,International Reserves and Foreign Currency Liquidity (IRFCL),DSD_IRFCL_PUB,COUNTRY,CL_IRFCL_COUNTRY_PUB,FALSE,UCIMB,UniCredit Markets & Investment Banking,NA
IRFCL,International Reserves and Foreign Currency Liquidity (IRFCL),DSD_IRFCL_PUB,COUNTRY,CL_IRFCL_COUNTRY_PUB,FALSE,UCRSP,UniCredit S.p.A.,NA
IRFCL,International Reserves and Foreign Currency Liquidity (IRFCL),DSD_IRFCL_PUB,COUNTRY,CL_IRFCL_COUNTRY_PUB,FALSE,UN,United Nations (UN),NA
IRFCL,International Reserves and Foreign Currency Liquidity (IRFCL),DSD_IRFCL_PUB,COUNTRY,CL_IRFCL_COUNTRY_PUB,FALSE,UNAC,Unacast,NA
IRFCL,International Reserves and Foreign Currency Liquidity (IRFCL),DSD_IRFCL_PUB,COUNTRY,CL_IRFCL_COUNTRY_PUB,FALSE,UNCRB,UniCredit Bank S.A.,NA
IRFCL,International Reserves and Foreign Currency Liquidity (IRFCL),DSD_IRFCL_PUB,COUNTRY,CL_IRFCL_COUNTRY_PUB,FALSE,UNCRD,UniCredit Bulbank AD,NA
IRFCL,International Reserves and Foreign Currency Liquidity (IRFCL),DSD_IRFCL_PUB,COUNTRY,CL_IRFCL_COUNTRY_PUB,FALSE,UNCTAD,UN Conference on Trade and Development (UNCTAD),NA
IRFCL,International Reserves and Foreign Currency Liquidity (IRFCL),DSD_IRFCL_PUB,COUNTRY,CL_IRFCL_COUNTRY_PUB,FALSE,UNDESA,UN Department of Economic and Social Affairs (UNDESA),NA
IRFCL,International Reserves and Foreign Currency Liquidity (IRFCL),DSD_IRFCL_PUB,COUNTRY,CL_IRFCL_COUNTRY_PUB,FALSE,UNDP,UN Development Programme (UNDP),NA
IRFCL,International Reserves and Foreign Currency Liquidity (IRFCL),DSD_IRFCL_PUB,COUNTRY,CL_IRFCL_COUNTRY_PUB,FALSE,UNECE,UN Economic Commission for Europe (UNECE),NA
IRFCL,International Reserves and Foreign Currency Liquidity (IRFCL),DSD_IRFCL_PUB,COUNTRY,CL_IRFCL_COUNTRY_PUB,FALSE,UNESCO,"UN Educational, Scientific and Cultural Organization (UNESCO)",NA
IRFCL,International Reserves and Foreign Currency Liquidity (IRFCL),DSD_IRFCL_PUB,COUNTRY,CL_IRFCL_COUNTRY_PUB,FALSE,UNICEF,UN Children's Fund (UNICEF),NA
IRFCL,International Reserves and Foreign Currency Liquidity (IRFCL),DSD_IRFCL_PUB,COUNTRY,CL_IRFCL_COUNTRY_PUB,FALSE,UOB,United Overseas Bank Limited (Malaysia),NA
IRFCL,International Reserves and Foreign Currency Liquidity (IRFCL),DSD_IRFCL_PUB,COUNTRY,CL_IRFCL_COUNTRY_PUB,FALSE,UOBIN,PT Bank UOB Indonesia,NA
IRFCL,International Reserves and Foreign Currency Liquidity (IRFCL),DSD_IRFCL_PUB,COUNTRY,CL_IRFCL_COUNTRY_PUB,FALSE,UOBTH,United Overseas Bank (Thai) Public Company Limited,NA
IRFCL,International Reserves and Foreign Currency Liquidity (IRFCL),DSD_IRFCL_PUB,COUNTRY,CL_IRFCL_COUNTRY_PUB,FALSE,URALS,Uralsib Bank,NA
IRFCL,International Reserves and Foreign Currency Liquidity (IRFCL),DSD_IRFCL_PUB,COUNTRY,CL_IRFCL_COUNTRY_PUB,FALSE,URSQE,University of Michigan - RSQE (Research Seminar in Quantitative Economics),NA
IRFCL,International Reserves and Foreign Currency Liquidity (IRFCL),DSD_IRFCL_PUB,COUNTRY,CL_IRFCL_COUNTRY_PUB,FALSE,USACH,Universidad de Santiago de Chile,NA
IRFCL,International Reserves and Foreign Currency Liquidity (IRFCL),DSD_IRFCL_PUB,COUNTRY,CL_IRFCL_COUNTRY_PUB,FALSE,UTOR,University of Toronto,NA
IRFCL,International Reserves and Foreign Currency Liquidity (IRFCL),DSD_IRFCL_PUB,COUNTRY,CL_IRFCL_COUNTRY_PUB,FALSE,VAB,VAB Bank,NA
IRFCL,International Reserves and Foreign Currency Liquidity (IRFCL),DSD_IRFCL_PUB,COUNTRY,CL_IRFCL_COUNTRY_PUB,FALSE,VECTOR,"Vector Casa de Bolsa, S.A. de C.V.",NA
IRFCL,International Reserves and Foreign Currency Liquidity (IRFCL),DSD_IRFCL_PUB,COUNTRY,CL_IRFCL_COUNTRY_PUB,FALSE,VENEC,VenEconomía,NA
IRFCL,International Reserves and Foreign Currency Liquidity (IRFCL),DSD_IRFCL_PUB,COUNTRY,CL_IRFCL_COUNTRY_PUB,FALSE,VERA,Veraset,NA
IRFCL,International Reserves and Foreign Currency Liquidity (IRFCL),DSD_IRFCL_PUB,COUNTRY,CL_IRFCL_COUNTRY_PUB,FALSE,VISBE,Visa Business & Economic Insights,NA
IRFCL,International Reserves and Foreign Currency Liquidity (IRFCL),DSD_IRFCL_PUB,COUNTRY,CL_IRFCL_COUNTRY_PUB,FALSE,VONTO,Bank Vontobel AG,NA
IRFCL,International Reserves and Foreign Currency Liquidity (IRFCL),DSD_IRFCL_PUB,COUNTRY,CL_IRFCL_COUNTRY_PUB,FALSE,VOTOR,Banco Votorantim S.A.,NA
IRFCL,International Reserves and Foreign Currency Liquidity (IRFCL),DSD_IRFCL_PUB,COUNTRY,CL_IRFCL_COUNTRY_PUB,FALSE,VPMAS,"Ve por Más, S.A. de C.V., Casa de Bolsa",NA
IRFCL,International Reserves and Foreign Currency Liquidity (IRFCL),DSD_IRFCL_PUB,COUNTRY,CL_IRFCL_COUNTRY_PUB,FALSE,VTBCP,VTB Capital,NA
IRFCL,International Reserves and Foreign Currency Liquidity (IRFCL),DSD_IRFCL_PUB,COUNTRY,CL_IRFCL_COUNTRY_PUB,FALSE,VTBEU,VTB Bank (Europe) SE,NA
IRFCL,International Reserves and Foreign Currency Liquidity (IRFCL),DSD_IRFCL_PUB,COUNTRY,CL_IRFCL_COUNTRY_PUB,FALSE,VUB,"Všeobecná úverová banka, a.s.",NA
IRFCL,International Reserves and Foreign Currency Liquidity (IRFCL),DSD_IRFCL_PUB,COUNTRY,CL_IRFCL_COUNTRY_PUB,FALSE,WACHV,Wachovia Corporation,NA
IRFCL,International Reserves and Foreign Currency Liquidity (IRFCL),DSD_IRFCL_PUB,COUNTRY,CL_IRFCL_COUNTRY_PUB,FALSE,WAI,West African Institute for Financial and Economic Management (WAIFEM),NA
IRFCL,International Reserves and Foreign Currency Liquidity (IRFCL),DSD_IRFCL_PUB,COUNTRY,CL_IRFCL_COUNTRY_PUB,FALSE,WAM,West African Monetary Institute (WAMI),NA
IRFCL,International Reserves and Foreign Currency Liquidity (IRFCL),DSD_IRFCL_PUB,COUNTRY,CL_IRFCL_COUNTRY_PUB,FALSE,WARBG,M.M.Warburg & CO (AG & Co.) KGaA,NA
IRFCL,International Reserves and Foreign Currency Liquidity (IRFCL),DSD_IRFCL_PUB,COUNTRY,CL_IRFCL_COUNTRY_PUB,FALSE,WAU,West African Economic and Monetary Union (WAEMU),NA
IRFCL,International Reserves and Foreign Currency Liquidity (IRFCL),DSD_IRFCL_PUB,COUNTRY,CL_IRFCL_COUNTRY_PUB,FALSE,WBMS,World Bureau of Metal Statistics,NA
IRFCL,International Reserves and Foreign Currency Liquidity (IRFCL),DSD_IRFCL_PUB,COUNTRY,CL_IRFCL_COUNTRY_PUB,FALSE,WCO,World Customs Organization (WCO),NA
IRFCL,International Reserves and Foreign Currency Liquidity (IRFCL),DSD_IRFCL_PUB,COUNTRY,CL_IRFCL_COUNTRY_PUB,FALSE,WEF,World Economic Forum (WEF),NA
IRFCL,International Reserves and Foreign Currency Liquidity (IRFCL),DSD_IRFCL_PUB,COUNTRY,CL_IRFCL_COUNTRY_PUB,FALSE,WELCP,Wells Capital Management,NA
IRFCL,International Reserves and Foreign Currency Liquidity (IRFCL),DSD_IRFCL_PUB,COUNTRY,CL_IRFCL_COUNTRY_PUB,FALSE,WELFR,Wells Fargo & Company,NA
IRFCL,International Reserves and Foreign Currency Liquidity (IRFCL),DSD_IRFCL_PUB,COUNTRY,CL_IRFCL_COUNTRY_PUB,FALSE,WELLP,Wellershoff & Partners Ltd.,NA
IRFCL,International Reserves and Foreign Currency Liquidity (IRFCL),DSD_IRFCL_PUB,COUNTRY,CL_IRFCL_COUNTRY_PUB,FALSE,WESTLB,Westdeutsche Landesbank Girozentrale,NA
IRFCL,International Reserves and Foreign Currency Liquidity (IRFCL),DSD_IRFCL_PUB,COUNTRY,CL_IRFCL_COUNTRY_PUB,FALSE,WESTP,Westpac Banking Corporation,NA
IRFCL,International Reserves and Foreign Currency Liquidity (IRFCL),DSD_IRFCL_PUB,COUNTRY,CL_IRFCL_COUNTRY_PUB,FALSE,WFP,World Food Programme (WFP),NA
IRFCL,International Reserves and Foreign Currency Liquidity (IRFCL),DSD_IRFCL_PUB,COUNTRY,CL_IRFCL_COUNTRY_PUB,FALSE,WGZBK,WGZ Bank AG Westdeutsche Genossenschafts-Zentralbank,NA
IRFCL,International Reserves and Foreign Currency Liquidity (IRFCL),DSD_IRFCL_PUB,COUNTRY,CL_IRFCL_COUNTRY_PUB,FALSE,WHO,World Health Organization (WHO),NA
IRFCL,International Reserves and Foreign Currency Liquidity (IRFCL),DSD_IRFCL_PUB,COUNTRY,CL_IRFCL_COUNTRY_PUB,FALSE,WIIW,The Vienna Institute for International Economic Studies (WIIW),NA
IRFCL,International Reserves and Foreign Currency Liquidity (IRFCL),DSD_IRFCL_PUB,COUNTRY,CL_IRFCL_COUNTRY_PUB,FALSE,WIMT,WhereIsMyTransport,NA
IRFCL,International Reserves and Foreign Currency Liquidity (IRFCL),DSD_IRFCL_PUB,COUNTRY,CL_IRFCL_COUNTRY_PUB,FALSE,WIND,Wind Information Hk Co Ltd,NA
IRFCL,International Reserves and Foreign Currency Liquidity (IRFCL),DSD_IRFCL_PUB,COUNTRY,CL_IRFCL_COUNTRY_PUB,FALSE,WITS,World Integrated Trade Solution (WITS),NA
IRFCL,International Reserves and Foreign Currency Liquidity (IRFCL),DSD_IRFCL_PUB,COUNTRY,CL_IRFCL_COUNTRY_PUB,FALSE,WPULS,WPuls,NA
IRFCL,International Reserves and Foreign Currency Liquidity (IRFCL),DSD_IRFCL_PUB,COUNTRY,CL_IRFCL_COUNTRY_PUB,FALSE,WTO,World Trade Organization (WTO),NA
IRFCL,International Reserves and Foreign Currency Liquidity (IRFCL),DSD_IRFCL_PUB,COUNTRY,CL_IRFCL_COUNTRY_PUB,FALSE,XPSEC,XP Securities,NA
IRFCL,International Reserves and Foreign Currency Liquidity (IRFCL),DSD_IRFCL_PUB,COUNTRY,CL_IRFCL_COUNTRY_PUB,FALSE,YKB,Yapı Kredi Bankası A.Ş.,NA
IRFCL,International Reserves and Foreign Currency Liquidity (IRFCL),DSD_IRFCL_PUB,COUNTRY,CL_IRFCL_COUNTRY_PUB,FALSE,YUANTA,"Yuanta Investment Consulting Co., Ltd.",NA
IRFCL,International Reserves and Foreign Currency Liquidity (IRFCL),DSD_IRFCL_PUB,COUNTRY,CL_IRFCL_COUNTRY_PUB,FALSE,ZKB,Zürcher Kantonalbank,NA
IRFCL,International Reserves and Foreign Currency Liquidity (IRFCL),DSD_IRFCL_PUB,INDICATOR,CL_IRFCL_INDICATOR_PUB,TRUE,IRFCLDT1_FR4OTH_EUR,"Official Reserve Assets and Other Foreign Currency Assets (approximate market value), Other reserve assets",NA
IRFCL,International Reserves and Foreign Currency Liquidity (IRFCL),DSD_IRFCL_PUB,INDICATOR,CL_IRFCL_INDICATOR_PUB,TRUE,IRFCLDT1_FR4OTH_USD,"Official Reserve Assets and Other Foreign Currency Assets (approximate market value), Other reserve assets",NA
IRFCL,International Reserves and Foreign Currency Liquidity (IRFCL),DSD_IRFCL_PUB,INDICATOR,CL_IRFCL_INDICATOR_PUB,TRUE,IRFCLDT1_FR4OTH_XDC,"Official Reserve Assets and Other Foreign Currency Assets (approximate market value), Other reserve assets",NA
IRFCL,International Reserves and Foreign Currency Liquidity (IRFCL),DSD_IRFCL_PUB,INDICATOR,CL_IRFCL_INDICATOR_PUB,TRUE,IRFCLDT3_T_EUR,"Contingent short-term net drains on foreign currency assets (nominal value), Total",NA
IRFCL,International Reserves and Foreign Currency Liquidity (IRFCL),DSD_IRFCL_PUB,INDICATOR,CL_IRFCL_INDICATOR_PUB,TRUE,IRFCLDT3_T_USD,"Contingent short-term net drains on foreign currency assets (nominal value), Total",NA
IRFCL,International Reserves and Foreign Currency Liquidity (IRFCL),DSD_IRFCL_PUB,INDICATOR,CL_IRFCL_INDICATOR_PUB,TRUE,IRFCLDT3_T_XDC,"Contingent short-term net drains on foreign currency assets (nominal value), Total",NA
IRFCL,International Reserves and Foreign Currency Liquidity (IRFCL),DSD_IRFCL_PUB,INDICATOR,CL_IRFCL_INDICATOR_PUB,TRUE,IRFCLDT3_IRFCL95_SM1MUT3M_PB_EUR,"Contingent short-term net drains on foreign currency assets (nominal value), Undrawn unconditional credit lines, More than 1 and up to 3 months, Provided by",NA
IRFCL,International Reserves and Foreign Currency Liquidity (IRFCL),DSD_IRFCL_PUB,INDICATOR,CL_IRFCL_INDICATOR_PUB,TRUE,IRFCLDT3_IRFCL95_SM1MUT3M_PB_USD,"Contingent short-term net drains on foreign currency assets (nominal value), Undrawn unconditional credit lines, More than 1 and up to 3 months, Provided by",NA
IRFCL,International Reserves and Foreign Currency Liquidity (IRFCL),DSD_IRFCL_PUB,INDICATOR,CL_IRFCL_INDICATOR_PUB,TRUE,IRFCLDT3_IRFCL95_SM1MUT3M_PB_XDC,"Contingent short-term net drains on foreign currency assets (nominal value), Undrawn unconditional credit lines, More than 1 and up to 3 months, Provided by",NA
IRFCL,International Reserves and Foreign Currency Liquidity (IRFCL),DSD_IRFCL_PUB,INDICATOR,CL_IRFCL_INDICATOR_PUB,TRUE,IRFCLDT3_IRFCL95_SUTM_PB_EUR,"Contingent short-term net drains on foreign currency assets (nominal value), Undrawn unconditional credit lines, Up to 1 month, Provided by",NA
IRFCL,International Reserves and Foreign Currency Liquidity (IRFCL),DSD_IRFCL_PUB,INDICATOR,CL_IRFCL_INDICATOR_PUB,TRUE,IRFCLDT3_IRFCL95_SUTM_PB_USD,"Contingent short-term net drains on foreign currency assets (nominal value), Undrawn unconditional credit lines, Up to 1 month, Provided by",NA
IRFCL,International Reserves and Foreign Currency Liquidity (IRFCL),DSD_IRFCL_PUB,INDICATOR,CL_IRFCL_INDICATOR_PUB,TRUE,IRFCLDT3_IRFCL95_SUTM_PB_XDC,"Contingent short-term net drains on foreign currency assets (nominal value), Undrawn unconditional credit lines, Up to 1 month, Provided by",NA
IRFCL,International Reserves and Foreign Currency Liquidity (IRFCL),DSD_IRFCL_PUB,INDICATOR,CL_IRFCL_INDICATOR_PUB,TRUE,IRFCLDT3_IRFCL95_SM3MUTY_PB_EUR,"Contingent short-term net drains on foreign currency assets (nominal value), Undrawn unconditional credit lines, More than 3 months and up to 1 year, Provided by",NA
IRFCL,International Reserves and Foreign Currency Liquidity (IRFCL),DSD_IRFCL_PUB,INDICATOR,CL_IRFCL_INDICATOR_PUB,TRUE,IRFCLDT3_IRFCL95_SM3MUTY_PB_USD,"Contingent short-term net drains on foreign currency assets (nominal value), Undrawn unconditional credit lines, More than 3 months and up to 1 year, Provided by",NA
IRFCL,International Reserves and Foreign Currency Liquidity (IRFCL),DSD_IRFCL_PUB,INDICATOR,CL_IRFCL_INDICATOR_PUB,TRUE,IRFCLDT3_IRFCL95_SM3MUTY_PB_XDC,"Contingent short-term net drains on foreign currency assets (nominal value), Undrawn unconditional credit lines, More than 3 months and up to 1 year, Provided by",NA
IRFCL,International Reserves and Foreign Currency Liquidity (IRFCL),DSD_IRFCL_PUB,INDICATOR,CL_IRFCL_INDICATOR_PUB,TRUE,IRFCLDT3_IRFCL95T_PB_EUR,"Contingent short-term net drains on foreign currency assets (nominal value), Total undrawn unconditional credit lines, Provided by",NA
IRFCL,International Reserves and Foreign Currency Liquidity (IRFCL),DSD_IRFCL_PUB,INDICATOR,CL_IRFCL_INDICATOR_PUB,TRUE,IRFCLDT3_IRFCL95T_PB_USD,"Contingent short-term net drains on foreign currency assets (nominal value), Total undrawn unconditional credit lines, Provided by",NA
IRFCL,International Reserves and Foreign Currency Liquidity (IRFCL),DSD_IRFCL_PUB,INDICATOR,CL_IRFCL_INDICATOR_PUB,TRUE,IRFCLDT3_IRFCL95T_PB_XDC,"Contingent short-term net drains on foreign currency assets (nominal value), Total undrawn unconditional credit lines, Provided by",NA
IRFCL,International Reserves and Foreign Currency Liquidity (IRFCL),DSD_IRFCL_PUB,INDICATOR,CL_IRFCL_INDICATOR_PUB,TRUE,IRFCLDT3_IRFCL95_SM1MUT3M_PB_TONS1XA_EUR,"Contingent short-term net drains on foreign currency assets (nominal value), Undrawn unconditional credit lines, More than 1 and up to 3 months, Provided by, Other National Monetary authorities and international organizations",NA
IRFCL,International Reserves and Foreign Currency Liquidity (IRFCL),DSD_IRFCL_PUB,INDICATOR,CL_IRFCL_INDICATOR_PUB,TRUE,IRFCLDT3_IRFCL95_SM1MUT3M_PB_TONS1XA_USD,"Contingent short-term net drains on foreign currency assets (nominal value), Undrawn unconditional credit lines, More than 1 and up to 3 months, Provided by, Other National Monetary authorities and international organizations",NA
IRFCL,International Reserves and Foreign Currency Liquidity (IRFCL),DSD_IRFCL_PUB,INDICATOR,CL_IRFCL_INDICATOR_PUB,TRUE,IRFCLDT3_IRFCL95_SM1MUT3M_PB_TONS1XA_XDC,"Contingent short-term net drains on foreign currency assets (nominal value), Undrawn unconditional credit lines, More than 1 and up to 3 months, Provided by, Other National Monetary authorities and international organizations",NA
IRFCL,International Reserves and Foreign Currency Liquidity (IRFCL),DSD_IRFCL_PUB,INDICATOR,CL_IRFCL_INDICATOR_PUB,TRUE,IRFCLDT3_IRFCL95_SUTM_PB_TONS1XA_EUR,"Contingent short-term net drains on foreign currency assets (nominal value), Undrawn unconditional credit lines, Up to 1 month, Provided by, Other National Monetary authorities and international organizations",NA
IRFCL,International Reserves and Foreign Currency Liquidity (IRFCL),DSD_IRFCL_PUB,INDICATOR,CL_IRFCL_INDICATOR_PUB,TRUE,IRFCLDT3_IRFCL95_SUTM_PB_TONS1XA_USD,"Contingent short-term net drains on foreign currency assets (nominal value), Undrawn unconditional credit lines, Up to 1 month, Provided by, Other National Monetary authorities and international organizations",NA
IRFCL,International Reserves and Foreign Currency Liquidity (IRFCL),DSD_IRFCL_PUB,INDICATOR,CL_IRFCL_INDICATOR_PUB,TRUE,IRFCLDT3_IRFCL95_SUTM_PB_TONS1XA_XDC,"Contingent short-term net drains on foreign currency assets (nominal value), Undrawn unconditional credit lines, Up to 1 month, Provided by, Other National Monetary authorities and international organizations",NA
IRFCL,International Reserves and Foreign Currency Liquidity (IRFCL),DSD_IRFCL_PUB,INDICATOR,CL_IRFCL_INDICATOR_PUB,TRUE,IRFCLDT3_IRFCL95_SM3MUTY_PB_TONS1XA_EUR,"Contingent short-term net drains on foreign currency assets (nominal value), Undrawn unconditional credit lines, More than 3 months and up to 1 year, Provided by, Other National Monetary authorities and international organizations",NA
IRFCL,International Reserves and Foreign Currency Liquidity (IRFCL),DSD_IRFCL_PUB,INDICATOR,CL_IRFCL_INDICATOR_PUB,TRUE,IRFCLDT3_IRFCL95_SM3MUTY_PB_TONS1XA_USD,"Contingent short-term net drains on foreign currency assets (nominal value), Undrawn unconditional credit lines, More than 3 months and up to 1 year, Provided by, Other National Monetary authorities and international organizations",NA
IRFCL,International Reserves and Foreign Currency Liquidity (IRFCL),DSD_IRFCL_PUB,INDICATOR,CL_IRFCL_INDICATOR_PUB,TRUE,IRFCLDT3_IRFCL95_SM3MUTY_PB_TONS1XA_XDC,"Contingent short-term net drains on foreign currency assets (nominal value), Undrawn unconditional credit lines, More than 3 months and up to 1 year, Provided by, Other National Monetary authorities and international organizations",NA
IRFCL,International Reserves and Foreign Currency Liquidity (IRFCL),DSD_IRFCL_PUB,INDICATOR,CL_IRFCL_INDICATOR_PUB,TRUE,IRFCLDT3_IRFCL95T_PB_TONS1XA_EUR,"Contingent short-term net drains on foreign currency assets (nominal value), Total undrawn unconditional credit lines, Provided by, Other National Monetary authorities and international organizations",NA
IRFCL,International Reserves and Foreign Currency Liquidity (IRFCL),DSD_IRFCL_PUB,INDICATOR,CL_IRFCL_INDICATOR_PUB,TRUE,IRFCLDT3_IRFCL95T_PB_TONS1XA_USD,"Contingent short-term net drains on foreign currency assets (nominal value), Total undrawn unconditional credit lines, Provided by, Other National Monetary authorities and international organizations",NA
IRFCL,International Reserves and Foreign Currency Liquidity (IRFCL),DSD_IRFCL_PUB,INDICATOR,CL_IRFCL_INDICATOR_PUB,TRUE,IRFCLDT3_IRFCL95T_PB_TONS1XA_XDC,"Contingent short-term net drains on foreign currency assets (nominal value), Total undrawn unconditional credit lines, Provided by, Other National Monetary authorities and international organizations",NA
IRFCL,International Reserves and Foreign Currency Liquidity (IRFCL),DSD_IRFCL_PUB,INDICATOR,CL_IRFCL_INDICATOR_PUB,TRUE,IRFCLDT3_IRFCL95_SM1MUT3M_PB_BONS1XABIS_EUR,"Contingent short-term net drains on foreign currency assets (nominal value), Undrawn unconditional credit lines, More than 1 and up to 3 months, Provided by, Other National Monetary authorities and international organizations, BIS",NA
IRFCL,International Reserves and Foreign Currency Liquidity (IRFCL),DSD_IRFCL_PUB,INDICATOR,CL_IRFCL_INDICATOR_PUB,TRUE,IRFCLDT3_IRFCL95_SM1MUT3M_PB_BONS1XABIS_USD,"Contingent short-term net drains on foreign currency assets (nominal value), Undrawn unconditional credit lines, More than 1 and up to 3 months, Provided by, Other National Monetary authorities and international organizations, BIS",NA
IRFCL,International Reserves and Foreign Currency Liquidity (IRFCL),DSD_IRFCL_PUB,INDICATOR,CL_IRFCL_INDICATOR_PUB,TRUE,IRFCLDT3_IRFCL95_SM1MUT3M_PB_BONS1XABIS_XDC,"Contingent short-term net drains on foreign currency assets (nominal value), Undrawn unconditional credit lines, More than 1 and up to 3 months, Provided by, Other National Monetary authorities and international organizations, BIS",NA
IRFCL,International Reserves and Foreign Currency Liquidity (IRFCL),DSD_IRFCL_PUB,INDICATOR,CL_IRFCL_INDICATOR_PUB,TRUE,IRFCLDT3_IRFCL95_SUTM_PB_BONS1XABIS_EUR,"Contingent short-term net drains on foreign currency assets (nominal value), Undrawn unconditional credit lines, Up to 1 month, Provided by, Other National Monetary authorities and international organizations, BIS",NA
IRFCL,International Reserves and Foreign Currency Liquidity (IRFCL),DSD_IRFCL_PUB,INDICATOR,CL_IRFCL_INDICATOR_PUB,TRUE,IRFCLDT3_IRFCL95_SUTM_PB_BONS1XABIS_USD,"Contingent short-term net drains on foreign currency assets (nominal value), Undrawn unconditional credit lines, Up to 1 month, Provided by, Other National Monetary authorities and international organizations, BIS",NA
IRFCL,International Reserves and Foreign Currency Liquidity (IRFCL),DSD_IRFCL_PUB,INDICATOR,CL_IRFCL_INDICATOR_PUB,TRUE,IRFCLDT3_IRFCL95_SUTM_PB_BONS1XABIS_XDC,"Contingent short-term net drains on foreign currency assets (nominal value), Undrawn unconditional credit lines, Up to 1 month, Provided by, Other National Monetary authorities and international organizations, BIS",NA
IRFCL,International Reserves and Foreign Currency Liquidity (IRFCL),DSD_IRFCL_PUB,INDICATOR,CL_IRFCL_INDICATOR_PUB,TRUE,IRFCLDT3_IRFCL95_SM3MUTY_PB_BONS1XABIS_EUR,"Contingent short-term net drains on foreign currency assets (nominal value), Undrawn unconditional credit lines, More than 3 months and up to 1 year, Provided by, Other National Monetary authorities and international organizations, BIS",NA
IRFCL,International Reserves and Foreign Currency Liquidity (IRFCL),DSD_IRFCL_PUB,INDICATOR,CL_IRFCL_INDICATOR_PUB,TRUE,IRFCLDT3_IRFCL95_SM3MUTY_PB_BONS1XABIS_USD,"Contingent short-term net drains on foreign currency assets (nominal value), Undrawn unconditional credit lines, More than 3 months and up to 1 year, Provided by, Other National Monetary authorities and international organizations, BIS",NA
IRFCL,International Reserves and Foreign Currency Liquidity (IRFCL),DSD_IRFCL_PUB,INDICATOR,CL_IRFCL_INDICATOR_PUB,TRUE,IRFCLDT3_IRFCL95_SM3MUTY_PB_BONS1XABIS_XDC,"Contingent short-term net drains on foreign currency assets (nominal value), Undrawn unconditional credit lines, More than 3 months and up to 1 year, Provided by, Other National Monetary authorities and international organizations, BIS",NA
IRFCL,International Reserves and Foreign Currency Liquidity (IRFCL),DSD_IRFCL_PUB,INDICATOR,CL_IRFCL_INDICATOR_PUB,TRUE,IRFCLDT3_IRFCL95T_PB_BONS1XABIS_EUR,"Contingent short-term net drains on foreign currency assets (nominal value), Total undrawn unconditional credit lines, Provided by, Other National Monetary authorities and international organizations, BIS",NA
IRFCL,International Reserves and Foreign Currency Liquidity (IRFCL),DSD_IRFCL_PUB,INDICATOR,CL_IRFCL_INDICATOR_PUB,TRUE,IRFCLDT3_IRFCL95T_PB_BONS1XABIS_USD,"Contingent short-term net drains on foreign currency assets (nominal value), Total undrawn unconditional credit lines, Provided by, Other National Monetary authorities and international organizations, BIS",NA
IRFCL,International Reserves and Foreign Currency Liquidity (IRFCL),DSD_IRFCL_PUB,INDICATOR,CL_IRFCL_INDICATOR_PUB,TRUE,IRFCLDT3_IRFCL95T_PB_BONS1XABIS_XDC,"Contingent short-term net drains on foreign currency assets (nominal value), Total undrawn unconditional credit lines, Provided by, Other National Monetary authorities and international organizations, BIS",NA
IRFCL,International Reserves and Foreign Currency Liquidity (IRFCL),DSD_IRFCL_PUB,INDICATOR,CL_IRFCL_INDICATOR_PUB,TRUE,IRFCLDT3_IRFCL95_SM1MUT3M_PB_BONS1XAIMF_EUR,"Contingent short-term net drains on foreign currency assets (nominal value), Undrawn unconditional credit lines, More than 1 and up to 3 months, Provided by, Other National Monetary authorities and international organizations, IMF",NA
IRFCL,International Reserves and Foreign Currency Liquidity (IRFCL),DSD_IRFCL_PUB,INDICATOR,CL_IRFCL_INDICATOR_PUB,TRUE,IRFCLDT3_IRFCL95_SM1MUT3M_PB_BONS1XAIMF_USD,"Contingent short-term net drains on foreign currency assets (nominal value), Undrawn unconditional credit lines, More than 1 and up to 3 months, Provided by, Other National Monetary authorities and international organizations, IMF",NA
IRFCL,International Reserves and Foreign Currency Liquidity (IRFCL),DSD_IRFCL_PUB,INDICATOR,CL_IRFCL_INDICATOR_PUB,TRUE,IRFCLDT3_IRFCL95_SM1MUT3M_PB_BONS1XAIMF_XDC,"Contingent short-term net drains on foreign currency assets (nominal value), Undrawn unconditional credit lines, More than 1 and up to 3 months, Provided by, Other National Monetary authorities and international organizations, IMF",NA
IRFCL,International Reserves and Foreign Currency Liquidity (IRFCL),DSD_IRFCL_PUB,INDICATOR,CL_IRFCL_INDICATOR_PUB,TRUE,IRFCLDT3_IRFCL95_SUTM_PB_BONS1XAIMF_EUR,"Contingent short-term net drains on foreign currency assets (nominal value), Undrawn unconditional credit lines, Up to 1 month, Provided by, Other National Monetary authorities and international organizations, IMF",NA
IRFCL,International Reserves and Foreign Currency Liquidity (IRFCL),DSD_IRFCL_PUB,INDICATOR,CL_IRFCL_INDICATOR_PUB,TRUE,IRFCLDT3_IRFCL95_SUTM_PB_BONS1XAIMF_USD,"Contingent short-term net drains on foreign currency assets (nominal value), Undrawn unconditional credit lines, Up to 1 month, Provided by, Other National Monetary authorities and international organizations, IMF",NA
IRFCL,International Reserves and Foreign Currency Liquidity (IRFCL),DSD_IRFCL_PUB,INDICATOR,CL_IRFCL_INDICATOR_PUB,TRUE,IRFCLDT3_IRFCL95_SUTM_PB_BONS1XAIMF_XDC,"Contingent short-term net drains on foreign currency assets (nominal value), Undrawn unconditional credit lines, Up to 1 month, Provided by, Other National Monetary authorities and international organizations, IMF",NA
IRFCL,International Reserves and Foreign Currency Liquidity (IRFCL),DSD_IRFCL_PUB,INDICATOR,CL_IRFCL_INDICATOR_PUB,TRUE,IRFCLDT3_IRFCL95_SM3MUTY_PB_BONS1XAIMF_EUR,"Contingent short-term net drains on foreign currency assets (nominal value), Undrawn unconditional credit lines, More than 3 months and up to 1 year, Provided by, Other National Monetary authorities and international organizations, IMF",NA
IRFCL,International Reserves and Foreign Currency Liquidity (IRFCL),DSD_IRFCL_PUB,INDICATOR,CL_IRFCL_INDICATOR_PUB,TRUE,IRFCLDT3_IRFCL95_SM3MUTY_PB_BONS1XAIMF_USD,"Contingent short-term net drains on foreign currency assets (nominal value), Undrawn unconditional credit lines, More than 3 months and up to 1 year, Provided by, Other National Monetary authorities and international organizations, IMF",NA
IRFCL,International Reserves and Foreign Currency Liquidity (IRFCL),DSD_IRFCL_PUB,INDICATOR,CL_IRFCL_INDICATOR_PUB,TRUE,IRFCLDT3_IRFCL95_SM3MUTY_PB_BONS1XAIMF_XDC,"Contingent short-term net drains on foreign currency assets (nominal value), Undrawn unconditional credit lines, More than 3 months and up to 1 year, Provided by, Other National Monetary authorities and international organizations, IMF",NA
IRFCL,International Reserves and Foreign Currency Liquidity (IRFCL),DSD_IRFCL_PUB,INDICATOR,CL_IRFCL_INDICATOR_PUB,TRUE,IRFCLDT3_IRFCL95T_PB_BONS1XAIMF_EUR,"Contingent short-term net drains on foreign currency assets (nominal value), Total undrawn unconditional credit lines, Provided by, Other National Monetary authorities and international organizations, IMF",NA
IRFCL,International Reserves and Foreign Currency Liquidity (IRFCL),DSD_IRFCL_PUB,INDICATOR,CL_IRFCL_INDICATOR_PUB,TRUE,IRFCLDT3_IRFCL95T_PB_BONS1XAIMF_USD,"Contingent short-term net drains on foreign currency assets (nominal value), Total undrawn unconditional credit lines, Provided by, Other National Monetary authorities and international organizations, IMF",NA
IRFCL,International Reserves and Foreign Currency Liquidity (IRFCL),DSD_IRFCL_PUB,INDICATOR,CL_IRFCL_INDICATOR_PUB,TRUE,IRFCLDT3_IRFCL95T_PB_BONS1XAIMF_XDC,"Contingent short-term net drains on foreign currency assets (nominal value), Total undrawn unconditional credit lines, Provided by, Other National Monetary authorities and international organizations, IMF",NA
IRFCL,International Reserves and Foreign Currency Liquidity (IRFCL),DSD_IRFCL_PUB,INDICATOR,CL_IRFCL_INDICATOR_PUB,TRUE,IRFCLDT3_IRFCL95_SM1MUT3M_PB_BONS1XAOTH_EUR,"Contingent short-term net drains on foreign currency assets (nominal value), Undrawn unconditional credit lines, More than 1 and up to 3 months, Provided by, Other international monetary organizations",NA
IRFCL,International Reserves and Foreign Currency Liquidity (IRFCL),DSD_IRFCL_PUB,INDICATOR,CL_IRFCL_INDICATOR_PUB,TRUE,IRFCLDT3_IRFCL95_SM1MUT3M_PB_BONS1XAOTH_USD,"Contingent short-term net drains on foreign currency assets (nominal value), Undrawn unconditional credit lines, More than 1 and up to 3 months, Provided by, Other international monetary organizations",NA
IRFCL,International Reserves and Foreign Currency Liquidity (IRFCL),DSD_IRFCL_PUB,INDICATOR,CL_IRFCL_INDICATOR_PUB,TRUE,IRFCLDT3_IRFCL95_SM1MUT3M_PB_BONS1XAOTH_XDC,"Contingent short-term net drains on foreign currency assets (nominal value), Undrawn unconditional credit lines, More than 1 and up to 3 months, Provided by, Other international monetary organizations",NA
IRFCL,International Reserves and Foreign Currency Liquidity (IRFCL),DSD_IRFCL_PUB,INDICATOR,CL_IRFCL_INDICATOR_PUB,TRUE,IRFCLDT3_IRFCL95_SUTM_PB_BONS1XAOTH_EUR,"Contingent short-term net drains on foreign currency assets (nominal value), Undrawn unconditional credit lines, Up to 1 month, Provided by, Other international monetary organizations",NA
IRFCL,International Reserves and Foreign Currency Liquidity (IRFCL),DSD_IRFCL_PUB,INDICATOR,CL_IRFCL_INDICATOR_PUB,TRUE,IRFCLDT3_IRFCL95_SUTM_PB_BONS1XAOTH_USD,"Contingent short-term net drains on foreign currency assets (nominal value), Undrawn unconditional credit lines, Up to 1 month, Provided by, Other international monetary organizations",NA
IRFCL,International Reserves and Foreign Currency Liquidity (IRFCL),DSD_IRFCL_PUB,INDICATOR,CL_IRFCL_INDICATOR_PUB,TRUE,IRFCLDT3_IRFCL95_SUTM_PB_BONS1XAOTH_XDC,"Contingent short-term net drains on foreign currency assets (nominal value), Undrawn unconditional credit lines, Up to 1 month, Provided by, Other international monetary organizations",NA
IRFCL,International Reserves and Foreign Currency Liquidity (IRFCL),DSD_IRFCL_PUB,INDICATOR,CL_IRFCL_INDICATOR_PUB,TRUE,IRFCLDT3_IRFCL95_SM3MUTY_PB_BONS1XAOTH_EUR,"Contingent short-term net drains on foreign currency assets (nominal value), Undrawn unconditional credit lines, More than 3 months and up to 1 year, Provided by, Other international monetary organizations",NA
IRFCL,International Reserves and Foreign Currency Liquidity (IRFCL),DSD_IRFCL_PUB,INDICATOR,CL_IRFCL_INDICATOR_PUB,TRUE,IRFCLDT3_IRFCL95_SM3MUTY_PB_BONS1XAOTH_USD,"Contingent short-term net drains on foreign currency assets (nominal value), Undrawn unconditional credit lines, More than 3 months and up to 1 year, Provided by, Other international monetary organizations",NA
IRFCL,International Reserves and Foreign Currency Liquidity (IRFCL),DSD_IRFCL_PUB,INDICATOR,CL_IRFCL_INDICATOR_PUB,TRUE,IRFCLDT3_IRFCL95_SM3MUTY_PB_BONS1XAOTH_XDC,"Contingent short-term net drains on foreign currency assets (nominal value), Undrawn unconditional credit lines, More than 3 months and up to 1 year, Provided by, Other international monetary organizations",NA
IRFCL,International Reserves and Foreign Currency Liquidity (IRFCL),DSD_IRFCL_PUB,INDICATOR,CL_IRFCL_INDICATOR_PUB,TRUE,IRFCLDT3_IRFCL95T_PB_BONS1XAOTH_EUR,"Contingent short-term net drains on foreign currency assets (nominal value), Total undrawn unconditional credit lines, Provided by, Other international monetary organizations",NA
IRFCL,International Reserves and Foreign Currency Liquidity (IRFCL),DSD_IRFCL_PUB,INDICATOR,CL_IRFCL_INDICATOR_PUB,TRUE,IRFCLDT3_IRFCL95T_PB_BONS1XAOTH_USD,"Contingent short-term net drains on foreign currency assets (nominal value), Total undrawn unconditional credit lines, Provided by, Other international monetary organizations",NA
IRFCL,International Reserves and Foreign Currency Liquidity (IRFCL),DSD_IRFCL_PUB,INDICATOR,CL_IRFCL_INDICATOR_PUB,TRUE,IRFCLDT3_IRFCL95T_PB_BONS1XAOTH_XDC,"Contingent short-term net drains on foreign currency assets (nominal value), Total undrawn unconditional credit lines, Provided by, Other international monetary organizations",NA
IRFCL,International Reserves and Foreign Currency Liquidity (IRFCL),DSD_IRFCL_PUB,INDICATOR,CL_IRFCL_INDICATOR_PUB,TRUE,IRFCLDT3_IRFCL95_SM1MUT3M_PB_BONS1XAONA_EUR,"Contingent short-term net drains on foreign currency assets (nominal value), Undrawn unconditional credit lines, More than 1 and up to 3 months, Provided by, Other National Monetary authorities",NA
IRFCL,International Reserves and Foreign Currency Liquidity (IRFCL),DSD_IRFCL_PUB,INDICATOR,CL_IRFCL_INDICATOR_PUB,TRUE,IRFCLDT3_IRFCL95_SM1MUT3M_PB_BONS1XAONA_USD,"Contingent short-term net drains on foreign currency assets (nominal value), Undrawn unconditional credit lines, More than 1 and up to 3 months, Provided by, Other National Monetary authorities",NA
IRFCL,International Reserves and Foreign Currency Liquidity (IRFCL),DSD_IRFCL_PUB,INDICATOR,CL_IRFCL_INDICATOR_PUB,TRUE,IRFCLDT3_IRFCL95_SM1MUT3M_PB_BONS1XAONA_XDC,"Contingent short-term net drains on foreign currency assets (nominal value), Undrawn unconditional credit lines, More than 1 and up to 3 months, Provided by, Other National Monetary authorities",NA
IRFCL,International Reserves and Foreign Currency Liquidity (IRFCL),DSD_IRFCL_PUB,INDICATOR,CL_IRFCL_INDICATOR_PUB,TRUE,IRFCLDT3_IRFCL95_SUTM_PB_BONS1XAONA_EUR,"Contingent short-term net drains on foreign currency assets (nominal value), Undrawn unconditional credit lines, Up to 1 month, Provided by, Other National Monetary authorities",NA
IRFCL,International Reserves and Foreign Currency Liquidity (IRFCL),DSD_IRFCL_PUB,INDICATOR,CL_IRFCL_INDICATOR_PUB,TRUE,IRFCLDT3_IRFCL95_SUTM_PB_BONS1XAONA_USD,"Contingent short-term net drains on foreign currency assets (nominal value), Undrawn unconditional credit lines, Up to 1 month, Provided by, Other National Monetary authorities",NA
IRFCL,International Reserves and Foreign Currency Liquidity (IRFCL),DSD_IRFCL_PUB,INDICATOR,CL_IRFCL_INDICATOR_PUB,TRUE,IRFCLDT3_IRFCL95_SUTM_PB_BONS1XAONA_XDC,"Contingent short-term net drains on foreign currency assets (nominal value), Undrawn unconditional credit lines, Up to 1 month, Provided by, Other National Monetary authorities",NA
IRFCL,International Reserves and Foreign Currency Liquidity (IRFCL),DSD_IRFCL_PUB,INDICATOR,CL_IRFCL_INDICATOR_PUB,TRUE,IRFCLDT3_IRFCL95_SM3MUTY_PB_BONS1XAONA_EUR,"Contingent short-term net drains on foreign currency assets (nominal value), Undrawn unconditional credit lines, More than 3 months and up to 1 year, Provided by, Other National Monetary authorities",NA
IRFCL,International Reserves and Foreign Currency Liquidity (IRFCL),DSD_IRFCL_PUB,INDICATOR,CL_IRFCL_INDICATOR_PUB,TRUE,IRFCLDT3_IRFCL95_SM3MUTY_PB_BONS1XAONA_USD,"Contingent short-term net drains on foreign currency assets (nominal value), Undrawn unconditional credit lines, More than 3 months and up to 1 year, Provided by, Other National Monetary authorities",NA
IRFCL,International Reserves and Foreign Currency Liquidity (IRFCL),DSD_IRFCL_PUB,INDICATOR,CL_IRFCL_INDICATOR_PUB,TRUE,IRFCLDT3_IRFCL95_SM3MUTY_PB_BONS1XAONA_XDC,"Contingent short-term net drains on foreign currency assets (nominal value), Undrawn unconditional credit lines, More than 3 months and up to 1 year, Provided by, Other National Monetary authorities",NA
IRFCL,International Reserves and Foreign Currency Liquidity (IRFCL),DSD_IRFCL_PUB,INDICATOR,CL_IRFCL_INDICATOR_PUB,TRUE,IRFCLDT3_IRFCL95T_PB_BONS1XAONA_EUR,"Contingent short-term net drains on foreign currency assets (nominal value), Total undrawn unconditional credit lines, Provided by, Other National Monetary authorities",NA
IRFCL,International Reserves and Foreign Currency Liquidity (IRFCL),DSD_IRFCL_PUB,INDICATOR,CL_IRFCL_INDICATOR_PUB,TRUE,IRFCLDT3_IRFCL95T_PB_BONS1XAONA_USD,"Contingent short-term net drains on foreign currency assets (nominal value), Total undrawn unconditional credit lines, Provided by, Other National Monetary authorities",NA
IRFCL,International Reserves and Foreign Currency Liquidity (IRFCL),DSD_IRFCL_PUB,INDICATOR,CL_IRFCL_INDICATOR_PUB,TRUE,IRFCLDT3_IRFCL95T_PB_BONS1XAONA_XDC,"Contingent short-term net drains on foreign currency assets (nominal value), Total undrawn unconditional credit lines, Provided by, Other National Monetary authorities",NA
IRFCL,International Reserves and Foreign Currency Liquidity (IRFCL),DSD_IRFCL_PUB,INDICATOR,CL_IRFCL_INDICATOR_PUB,TRUE,IRFCLDT3_IRFCL95_SM1MUT3M_PB_BOFIORC_EUR,"Contingent short-term net drains on foreign currency assets (nominal value), Undrawn unconditional credit lines, More than 1 and up to 3 months, Provided by, banks and other financial institutions outside reporting country",NA
IRFCL,International Reserves and Foreign Currency Liquidity (IRFCL),DSD_IRFCL_PUB,INDICATOR,CL_IRFCL_INDICATOR_PUB,TRUE,IRFCLDT3_IRFCL95_SM1MUT3M_PB_BOFIORC_USD,"Contingent short-term net drains on foreign currency assets (nominal value), Undrawn unconditional credit lines, More than 1 and up to 3 months, Provided by, banks and other financial institutions outside reporting country",NA
IRFCL,International Reserves and Foreign Currency Liquidity (IRFCL),DSD_IRFCL_PUB,INDICATOR,CL_IRFCL_INDICATOR_PUB,TRUE,IRFCLDT3_IRFCL95_SM1MUT3M_PB_BOFIORC_XDC,"Contingent short-term net drains on foreign currency assets (nominal value), Undrawn unconditional credit lines, More than 1 and up to 3 months, Provided by, banks and other financial institutions outside reporting country",NA
IRFCL,International Reserves and Foreign Currency Liquidity (IRFCL),DSD_IRFCL_PUB,INDICATOR,CL_IRFCL_INDICATOR_PUB,TRUE,IRFCLDT3_IRFCL95_SUTM_PB_BOFIORC_EUR,"Contingent short-term net drains on foreign currency assets (nominal value), Undrawn unconditional credit lines, Up to 1 month, Provided by, banks and other financial institutions outside reporting country",NA
IRFCL,International Reserves and Foreign Currency Liquidity (IRFCL),DSD_IRFCL_PUB,INDICATOR,CL_IRFCL_INDICATOR_PUB,TRUE,IRFCLDT3_IRFCL95_SUTM_PB_BOFIORC_USD,"Contingent short-term net drains on foreign currency assets (nominal value), Undrawn unconditional credit lines, Up to 1 month, Provided by, banks and other financial institutions outside reporting country",NA
IRFCL,International Reserves and Foreign Currency Liquidity (IRFCL),DSD_IRFCL_PUB,INDICATOR,CL_IRFCL_INDICATOR_PUB,TRUE,IRFCLDT3_IRFCL95_SUTM_PB_BOFIORC_XDC,"Contingent short-term net drains on foreign currency assets (nominal value), Undrawn unconditional credit lines, Up to 1 month, Provided by, banks and other financial institutions outside reporting country",NA
IRFCL,International Reserves and Foreign Currency Liquidity (IRFCL),DSD_IRFCL_PUB,INDICATOR,CL_IRFCL_INDICATOR_PUB,TRUE,IRFCLDT3_IRFCL95_SM3MUTY_PB_BOFIORC_EUR,"Contingent short-term net drains on foreign currency assets (nominal value), Undrawn unconditional credit lines, More than 3 months and up to 1 year, Provided by, banks and other financial institutions outside reporting country",NA
IRFCL,International Reserves and Foreign Currency Liquidity (IRFCL),DSD_IRFCL_PUB,INDICATOR,CL_IRFCL_INDICATOR_PUB,TRUE,IRFCLDT3_IRFCL95_SM3MUTY_PB_BOFIORC_USD,"Contingent short-term net drains on foreign currency assets (nominal value), Undrawn unconditional credit lines, More than 3 months and up to 1 year, Provided by, banks and other financial institutions outside reporting country",NA
IRFCL,International Reserves and Foreign Currency Liquidity (IRFCL),DSD_IRFCL_PUB,INDICATOR,CL_IRFCL_INDICATOR_PUB,TRUE,IRFCLDT3_IRFCL95_SM3MUTY_PB_BOFIORC_XDC,"Contingent short-term net drains on foreign currency assets (nominal value), Undrawn unconditional credit lines, More than 3 months and up to 1 year, Provided by, banks and other financial institutions outside reporting country",NA
IRFCL,International Reserves and Foreign Currency Liquidity (IRFCL),DSD_IRFCL_PUB,INDICATOR,CL_IRFCL_INDICATOR_PUB,TRUE,IRFCLDT3_IRFCL95T_PB_BOFIORC_EUR,"Contingent short-term net drains on foreign currency assets (nominal value), Total undrawn unconditional credit lines, Provided by, banks and other financial institutions outside reporting country",NA
IRFCL,International Reserves and Foreign Currency Liquidity (IRFCL),DSD_IRFCL_PUB,INDICATOR,CL_IRFCL_INDICATOR_PUB,TRUE,IRFCLDT3_IRFCL95T_PB_BOFIORC_USD,"Contingent short-term net drains on foreign currency assets (nominal value), Total undrawn unconditional credit lines, Provided by, banks and other financial institutions outside reporting country",NA
IRFCL,International Reserves and Foreign Currency Liquidity (IRFCL),DSD_IRFCL_PUB,INDICATOR,CL_IRFCL_INDICATOR_PUB,TRUE,IRFCLDT3_IRFCL95T_PB_BOFIORC_XDC,"Contingent short-term net drains on foreign currency assets (nominal value), Total undrawn unconditional credit lines, Provided by, banks and other financial institutions outside reporting country",NA
IRFCL,International Reserves and Foreign Currency Liquidity (IRFCL),DSD_IRFCL_PUB,INDICATOR,CL_IRFCL_INDICATOR_PUB,TRUE,IRFCLDT3_IRFCL95_SM1MUT3M_PB_BOFIRC_EUR,"Contingent short-term net drains on foreign currency assets (nominal value), Undrawn unconditional credit lines, More than 1 and up to 3 months, Provided by, banks and other financial institutions in the reporting country",NA
IRFCL,International Reserves and Foreign Currency Liquidity (IRFCL),DSD_IRFCL_PUB,INDICATOR,CL_IRFCL_INDICATOR_PUB,TRUE,IRFCLDT3_IRFCL95_SM1MUT3M_PB_BOFIRC_USD,"Contingent short-term net drains on foreign currency assets (nominal value), Undrawn unconditional credit lines, More than 1 and up to 3 months, Provided by, banks and other financial institutions in the reporting country",NA
IRFCL,International Reserves and Foreign Currency Liquidity (IRFCL),DSD_IRFCL_PUB,INDICATOR,CL_IRFCL_INDICATOR_PUB,TRUE,IRFCLDT3_IRFCL95_SM1MUT3M_PB_BOFIRC_XDC,"Contingent short-term net drains on foreign currency assets (nominal value), Undrawn unconditional credit lines, More than 1 and up to 3 months, Provided by, banks and other financial institutions in the reporting country",NA
IRFCL,International Reserves and Foreign Currency Liquidity (IRFCL),DSD_IRFCL_PUB,INDICATOR,CL_IRFCL_INDICATOR_PUB,TRUE,IRFCLDT3_IRFCL95_SUTM_PB_BOFIRC_EUR,"Contingent short-term net drains on foreign currency assets (nominal value), Undrawn unconditional credit lines, Up to 1 month, Provided by, banks and other financial institutions in the reporting country",NA
IRFCL,International Reserves and Foreign Currency Liquidity (IRFCL),DSD_IRFCL_PUB,INDICATOR,CL_IRFCL_INDICATOR_PUB,TRUE,IRFCLDT3_IRFCL95_SUTM_PB_BOFIRC_USD,"Contingent short-term net drains on foreign currency assets (nominal value), Undrawn unconditional credit lines, Up to 1 month, Provided by, banks and other financial institutions in the reporting country",NA
IRFCL,International Reserves and Foreign Currency Liquidity (IRFCL),DSD_IRFCL_PUB,INDICATOR,CL_IRFCL_INDICATOR_PUB,TRUE,IRFCLDT3_IRFCL95_SUTM_PB_BOFIRC_XDC,"Contingent short-term net drains on foreign currency assets (nominal value), Undrawn unconditional credit lines, Up to 1 month, Provided by, banks and other financial institutions in the reporting country",NA
IRFCL,International Reserves and Foreign Currency Liquidity (IRFCL),DSD_IRFCL_PUB,INDICATOR,CL_IRFCL_INDICATOR_PUB,TRUE,IRFCLDT3_IRFCL95_SM3MUTY_PB_BOFIRC_EUR,"Contingent short-term net drains on foreign currency assets (nominal value), Undrawn unconditional credit lines, More than 3 months and up to 1 year, Provided by, banks and other financial institutions in the reporting country",NA
IRFCL,International Reserves and Foreign Currency Liquidity (IRFCL),DSD_IRFCL_PUB,INDICATOR,CL_IRFCL_INDICATOR_PUB,TRUE,IRFCLDT3_IRFCL95_SM3MUTY_PB_BOFIRC_USD,"Contingent short-term net drains on foreign currency assets (nominal value), Undrawn unconditional credit lines, More than 3 months and up to 1 year, Provided by, banks and other financial institutions in the reporting country",NA
IRFCL,International Reserves and Foreign Currency Liquidity (IRFCL),DSD_IRFCL_PUB,INDICATOR,CL_IRFCL_INDICATOR_PUB,TRUE,IRFCLDT3_IRFCL95_SM3MUTY_PB_BOFIRC_XDC,"Contingent short-term net drains on foreign currency assets (nominal value), Undrawn unconditional credit lines, More than 3 months and up to 1 year, Provided by, banks and other financial institutions in the reporting country",NA
IRFCL,International Reserves and Foreign Currency Liquidity (IRFCL),DSD_IRFCL_PUB,INDICATOR,CL_IRFCL_INDICATOR_PUB,TRUE,IRFCLDT3_IRFCL95T_PB_BOFIRC_EUR,"Contingent short-term net drains on foreign currency assets (nominal value), Total undrawn unconditional credit lines, Provided by, banks and other financial institutions in the reporting country",NA
IRFCL,International Reserves and Foreign Currency Liquidity (IRFCL),DSD_IRFCL_PUB,INDICATOR,CL_IRFCL_INDICATOR_PUB,TRUE,IRFCLDT3_IRFCL95T_PB_BOFIRC_USD,"Contingent short-term net drains on foreign currency assets (nominal value), Total undrawn unconditional credit lines, Provided by, banks and other financial institutions in the reporting country",NA
IRFCL,International Reserves and Foreign Currency Liquidity (IRFCL),DSD_IRFCL_PUB,INDICATOR,CL_IRFCL_INDICATOR_PUB,TRUE,IRFCLDT3_IRFCL95T_PB_BOFIRC_XDC,"Contingent short-term net drains on foreign currency assets (nominal value), Total undrawn unconditional credit lines, Provided by, banks and other financial institutions in the reporting country",NA
IRFCL,International Reserves and Foreign Currency Liquidity (IRFCL),DSD_IRFCL_PUB,INDICATOR,CL_IRFCL_INDICATOR_PUB,TRUE,IRFCLDT3_IRFCL95_SM1MUT3M_PT_EUR,"Contingent short-term net drains on foreign currency assets (nominal value), Undrawn unconditional credit lines, More than 1 and up to 3 months, Provided to",NA
IRFCL,International Reserves and Foreign Currency Liquidity (IRFCL),DSD_IRFCL_PUB,INDICATOR,CL_IRFCL_INDICATOR_PUB,TRUE,IRFCLDT3_IRFCL95_SM1MUT3M_PT_USD,"Contingent short-term net drains on foreign currency assets (nominal value), Undrawn unconditional credit lines, More than 1 and up to 3 months, Provided to",NA
IRFCL,International Reserves and Foreign Currency Liquidity (IRFCL),DSD_IRFCL_PUB,INDICATOR,CL_IRFCL_INDICATOR_PUB,TRUE,IRFCLDT3_IRFCL95_SM1MUT3M_PT_XDC,"Contingent short-term net drains on foreign currency assets (nominal value), Undrawn unconditional credit lines, More than 1 and up to 3 months, Provided to",NA
IRFCL,International Reserves and Foreign Currency Liquidity (IRFCL),DSD_IRFCL_PUB,INDICATOR,CL_IRFCL_INDICATOR_PUB,TRUE,IRFCLDT3_IRFCL95_SUTM_PT_EUR,"Contingent short-term net drains on foreign currency assets (nominal value), Undrawn unconditional credit lines, Up to 1 month, Provided to",NA
IRFCL,International Reserves and Foreign Currency Liquidity (IRFCL),DSD_IRFCL_PUB,INDICATOR,CL_IRFCL_INDICATOR_PUB,TRUE,IRFCLDT3_IRFCL95_SUTM_PT_USD,"Contingent short-term net drains on foreign currency assets (nominal value), Undrawn unconditional credit lines, Up to 1 month, Provided to",NA
IRFCL,International Reserves and Foreign Currency Liquidity (IRFCL),DSD_IRFCL_PUB,INDICATOR,CL_IRFCL_INDICATOR_PUB,TRUE,IRFCLDT3_IRFCL95_SUTM_PT_XDC,"Contingent short-term net drains on foreign currency assets (nominal value), Undrawn unconditional credit lines, Up to 1 month, Provided to",NA
IRFCL,International Reserves and Foreign Currency Liquidity (IRFCL),DSD_IRFCL_PUB,INDICATOR,CL_IRFCL_INDICATOR_PUB,TRUE,IRFCLDT3_IRFCL95_SM3MUTY_PT_EUR,"Contingent short-term net drains on foreign currency assets (nominal value), Undrawn unconditional credit lines, More than 3 months and up to 1 year, Provided to",NA
IRFCL,International Reserves and Foreign Currency Liquidity (IRFCL),DSD_IRFCL_PUB,INDICATOR,CL_IRFCL_INDICATOR_PUB,TRUE,IRFCLDT3_IRFCL95_SM3MUTY_PT_USD,"Contingent short-term net drains on foreign currency assets (nominal value), Undrawn unconditional credit lines, More than 3 months and up to 1 year, Provided to",NA
IRFCL,International Reserves and Foreign Currency Liquidity (IRFCL),DSD_IRFCL_PUB,INDICATOR,CL_IRFCL_INDICATOR_PUB,TRUE,IRFCLDT3_IRFCL95_SM3MUTY_PT_XDC,"Contingent short-term net drains on foreign currency assets (nominal value), Undrawn unconditional credit lines, More than 3 months and up to 1 year, Provided to",NA
IRFCL,International Reserves and Foreign Currency Liquidity (IRFCL),DSD_IRFCL_PUB,INDICATOR,CL_IRFCL_INDICATOR_PUB,TRUE,IRFCLDT3_IRFCL95T_PT_EUR,"Contingent short-term net drains on foreign currency assets (nominal value), Total undrawn unconditional credit lines, Provided to",NA
IRFCL,International Reserves and Foreign Currency Liquidity (IRFCL),DSD_IRFCL_PUB,INDICATOR,CL_IRFCL_INDICATOR_PUB,TRUE,IRFCLDT3_IRFCL95T_PT_USD,"Contingent short-term net drains on foreign currency assets (nominal value), Total undrawn unconditional credit lines, Provided to",NA
IRFCL,International Reserves and Foreign Currency Liquidity (IRFCL),DSD_IRFCL_PUB,INDICATOR,CL_IRFCL_INDICATOR_PUB,TRUE,IRFCLDT3_IRFCL95T_PT_XDC,"Contingent short-term net drains on foreign currency assets (nominal value), Total undrawn unconditional credit lines, Provided to",NA
IRFCL,International Reserves and Foreign Currency Liquidity (IRFCL),DSD_IRFCL_PUB,INDICATOR,CL_IRFCL_INDICATOR_PUB,TRUE,IRFCLDT3_IRFCL95_SM1MUT3M_PT_TONS1XA_EUR,"Contingent short-term net drains on foreign currency assets (nominal value), Undrawn unconditional credit lines, More than 1 and up to 3 months, Provided to, Other National Monetary authorities and international organizations",NA
IRFCL,International Reserves and Foreign Currency Liquidity (IRFCL),DSD_IRFCL_PUB,INDICATOR,CL_IRFCL_INDICATOR_PUB,TRUE,IRFCLDT3_IRFCL95_SM1MUT3M_PT_TONS1XA_USD,"Contingent short-term net drains on foreign currency assets (nominal value), Undrawn unconditional credit lines, More than 1 and up to 3 months, Provided to, Other National Monetary authorities and international organizations",NA
IRFCL,International Reserves and Foreign Currency Liquidity (IRFCL),DSD_IRFCL_PUB,INDICATOR,CL_IRFCL_INDICATOR_PUB,TRUE,IRFCLDT3_IRFCL95_SM1MUT3M_PT_TONS1XA_XDC,"Contingent short-term net drains on foreign currency assets (nominal value), Undrawn unconditional credit lines, More than 1 and up to 3 months, Provided to, Other National Monetary authorities and international organizations",NA
IRFCL,International Reserves and Foreign Currency Liquidity (IRFCL),DSD_IRFCL_PUB,INDICATOR,CL_IRFCL_INDICATOR_PUB,TRUE,IRFCLDT3_IRFCL95_SUTM_PT_TONS1XA_EUR,"Contingent short-term net drains on foreign currency assets (nominal value), Undrawn unconditional credit lines, Up to 1 month, Provided to, Other National Monetary authorities and international organizations",NA
IRFCL,International Reserves and Foreign Currency Liquidity (IRFCL),DSD_IRFCL_PUB,INDICATOR,CL_IRFCL_INDICATOR_PUB,TRUE,IRFCLDT3_IRFCL95_SUTM_PT_TONS1XA_USD,"Contingent short-term net drains on foreign currency assets (nominal value), Undrawn unconditional credit lines, Up to 1 month, Provided to, Other National Monetary authorities and international organizations",NA
IRFCL,International Reserves and Foreign Currency Liquidity (IRFCL),DSD_IRFCL_PUB,INDICATOR,CL_IRFCL_INDICATOR_PUB,TRUE,IRFCLDT3_IRFCL95_SUTM_PT_TONS1XA_XDC,"Contingent short-term net drains on foreign currency assets (nominal value), Undrawn unconditional credit lines, Up to 1 month, Provided to, Other National Monetary authorities and international organizations",NA
IRFCL,International Reserves and Foreign Currency Liquidity (IRFCL),DSD_IRFCL_PUB,INDICATOR,CL_IRFCL_INDICATOR_PUB,TRUE,IRFCLDT3_IRFCL95_SM3MUTY_PT_TONS1XA_EUR,"Contingent short-term net drains on foreign currency assets (nominal value), Undrawn unconditional credit lines, More than 3 months and up to 1 year, Provided to, Other National Monetary authorities and international organizations",NA
IRFCL,International Reserves and Foreign Currency Liquidity (IRFCL),DSD_IRFCL_PUB,INDICATOR,CL_IRFCL_INDICATOR_PUB,TRUE,IRFCLDT3_IRFCL95_SM3MUTY_PT_TONS1XA_USD,"Contingent short-term net drains on foreign currency assets (nominal value), Undrawn unconditional credit lines, More than 3 months and up to 1 year, Provided to, Other National Monetary authorities and international organizations",NA
IRFCL,International Reserves and Foreign Currency Liquidity (IRFCL),DSD_IRFCL_PUB,INDICATOR,CL_IRFCL_INDICATOR_PUB,TRUE,IRFCLDT3_IRFCL95_SM3MUTY_PT_TONS1XA_XDC,"Contingent short-term net drains on foreign currency assets (nominal value), Undrawn unconditional credit lines, More than 3 months and up to 1 year, Provided to, Other National Monetary authorities and international organizations",NA
IRFCL,International Reserves and Foreign Currency Liquidity (IRFCL),DSD_IRFCL_PUB,INDICATOR,CL_IRFCL_INDICATOR_PUB,TRUE,IRFCLDT3_IRFCL95T_PT_TONS1XA_EUR,"Contingent short-term net drains on foreign currency assets (nominal value), Total undrawn unconditional credit lines, Provided to, Other National Monetary authorities and international organizations",NA
IRFCL,International Reserves and Foreign Currency Liquidity (IRFCL),DSD_IRFCL_PUB,INDICATOR,CL_IRFCL_INDICATOR_PUB,TRUE,IRFCLDT3_IRFCL95T_PT_TONS1XA_USD,"Contingent short-term net drains on foreign currency assets (nominal value), Total undrawn unconditional credit lines, Provided to, Other National Monetary authorities and international organizations",NA
IRFCL,International Reserves and Foreign Currency Liquidity (IRFCL),DSD_IRFCL_PUB,INDICATOR,CL_IRFCL_INDICATOR_PUB,TRUE,IRFCLDT3_IRFCL95T_PT_TONS1XA_XDC,"Contingent short-term net drains on foreign currency assets (nominal value), Total undrawn unconditional credit lines, Provided to, Other National Monetary authorities and international organizations",NA
IRFCL,International Reserves and Foreign Currency Liquidity (IRFCL),DSD_IRFCL_PUB,INDICATOR,CL_IRFCL_INDICATOR_PUB,TRUE,IRFCLDT3_IRFCL95_SM1MUT3M_PT_TONS1XABIS_EUR,"Contingent short-term net drains on foreign currency assets (nominal value), Undrawn unconditional credit lines, More than 1 and up to 3 months, Provided to, Other National Monetary authorities and international organizations, BIS",NA
IRFCL,International Reserves and Foreign Currency Liquidity (IRFCL),DSD_IRFCL_PUB,INDICATOR,CL_IRFCL_INDICATOR_PUB,TRUE,IRFCLDT3_IRFCL95_SM1MUT3M_PT_TONS1XABIS_USD,"Contingent short-term net drains on foreign currency assets (nominal value), Undrawn unconditional credit lines, More than 1 and up to 3 months, Provided to, Other National Monetary authorities and international organizations, BIS",NA
IRFCL,International Reserves and Foreign Currency Liquidity (IRFCL),DSD_IRFCL_PUB,INDICATOR,CL_IRFCL_INDICATOR_PUB,TRUE,IRFCLDT3_IRFCL95_SM1MUT3M_PT_TONS1XABIS_XDC,"Contingent short-term net drains on foreign currency assets (nominal value), Undrawn unconditional credit lines, More than 1 and up to 3 months, Provided to, Other National Monetary authorities and international organizations, BIS",NA
IRFCL,International Reserves and Foreign Currency Liquidity (IRFCL),DSD_IRFCL_PUB,INDICATOR,CL_IRFCL_INDICATOR_PUB,TRUE,IRFCLDT3_IRFCL95_SUTM_PT_TONS1XABIS_EUR,"Contingent short-term net drains on foreign currency assets (nominal value), Undrawn unconditional credit lines, Up to 1 month, Provided to, Other National Monetary authorities and international organizations, BIS",NA
IRFCL,International Reserves and Foreign Currency Liquidity (IRFCL),DSD_IRFCL_PUB,INDICATOR,CL_IRFCL_INDICATOR_PUB,TRUE,IRFCLDT3_IRFCL95_SUTM_PT_TONS1XABIS_USD,"Contingent short-term net drains on foreign currency assets (nominal value), Undrawn unconditional credit lines, Up to 1 month, Provided to, Other National Monetary authorities and international organizations, BIS",NA
IRFCL,International Reserves and Foreign Currency Liquidity (IRFCL),DSD_IRFCL_PUB,INDICATOR,CL_IRFCL_INDICATOR_PUB,TRUE,IRFCLDT3_IRFCL95_SUTM_PT_TONS1XABIS_XDC,"Contingent short-term net drains on foreign currency assets (nominal value), Undrawn unconditional credit lines, Up to 1 month, Provided to, Other National Monetary authorities and international organizations, BIS",NA
IRFCL,International Reserves and Foreign Currency Liquidity (IRFCL),DSD_IRFCL_PUB,INDICATOR,CL_IRFCL_INDICATOR_PUB,TRUE,IRFCLDT3_IRFCL95_SM3MUTY_PT_TONS1XABIS_EUR,"Contingent short-term net drains on foreign currency assets (nominal value), Undrawn unconditional credit lines, More than 3 months and up to 1 year, Provided to, Other National Monetary authorities and international organizations, BIS",NA
IRFCL,International Reserves and Foreign Currency Liquidity (IRFCL),DSD_IRFCL_PUB,INDICATOR,CL_IRFCL_INDICATOR_PUB,TRUE,IRFCLDT3_IRFCL95_SM3MUTY_PT_TONS1XABIS_USD,"Contingent short-term net drains on foreign currency assets (nominal value), Undrawn unconditional credit lines, More than 3 months and up to 1 year, Provided to, Other National Monetary authorities and international organizations, BIS",NA
IRFCL,International Reserves and Foreign Currency Liquidity (IRFCL),DSD_IRFCL_PUB,INDICATOR,CL_IRFCL_INDICATOR_PUB,TRUE,IRFCLDT3_IRFCL95_SM3MUTY_PT_TONS1XABIS_XDC,"Contingent short-term net drains on foreign currency assets (nominal value), Undrawn unconditional credit lines, More than 3 months and up to 1 year, Provided to, Other National Monetary authorities and international organizations, BIS",NA
IRFCL,International Reserves and Foreign Currency Liquidity (IRFCL),DSD_IRFCL_PUB,INDICATOR,CL_IRFCL_INDICATOR_PUB,TRUE,IRFCLDT3_IRFCL95T_PT_TONS1XABIS_EUR,"Contingent short-term net drains on foreign currency assets (nominal value), Total undrawn unconditional credit lines, Provided to, Other National Monetary authorities and international organizations, BIS",NA
IRFCL,International Reserves and Foreign Currency Liquidity (IRFCL),DSD_IRFCL_PUB,INDICATOR,CL_IRFCL_INDICATOR_PUB,TRUE,IRFCLDT3_IRFCL95T_PT_TONS1XABIS_USD,"Contingent short-term net drains on foreign currency assets (nominal value), Total undrawn unconditional credit lines, Provided to, Other National Monetary authorities and international organizations, BIS",NA
IRFCL,International Reserves and Foreign Currency Liquidity (IRFCL),DSD_IRFCL_PUB,INDICATOR,CL_IRFCL_INDICATOR_PUB,TRUE,IRFCLDT3_IRFCL95T_PT_TONS1XABIS_XDC,"Contingent short-term net drains on foreign currency assets (nominal value), Total undrawn unconditional credit lines, Provided to, Other National Monetary authorities and international organizations, BIS",NA
IRFCL,International Reserves and Foreign Currency Liquidity (IRFCL),DSD_IRFCL_PUB,INDICATOR,CL_IRFCL_INDICATOR_PUB,TRUE,IRFCLDT3_IRFCL95_SM1MUT3M_PT_TONS1XAIMF_EUR,"Contingent short-term net drains on foreign currency assets (nominal value), Undrawn unconditional credit lines, More than 1 and up to 3 months, Provided to, Other National Monetary authorities and international organizations, IMF",NA
IRFCL,International Reserves and Foreign Currency Liquidity (IRFCL),DSD_IRFCL_PUB,INDICATOR,CL_IRFCL_INDICATOR_PUB,TRUE,IRFCLDT3_IRFCL95_SM1MUT3M_PT_TONS1XAIMF_USD,"Contingent short-term net drains on foreign currency assets (nominal value), Undrawn unconditional credit lines, More than 1 and up to 3 months, Provided to, Other National Monetary authorities and international organizations, IMF",NA
IRFCL,International Reserves and Foreign Currency Liquidity (IRFCL),DSD_IRFCL_PUB,INDICATOR,CL_IRFCL_INDICATOR_PUB,TRUE,IRFCLDT3_IRFCL95_SM1MUT3M_PT_TONS1XAIMF_XDC,"Contingent short-term net drains on foreign currency assets (nominal value), Undrawn unconditional credit lines, More than 1 and up to 3 months, Provided to, Other National Monetary authorities and international organizations, IMF",NA
IRFCL,International Reserves and Foreign Currency Liquidity (IRFCL),DSD_IRFCL_PUB,INDICATOR,CL_IRFCL_INDICATOR_PUB,TRUE,IRFCLDT3_IRFCL95_SUTM_PT_TONS1XAIMF_EUR,"Contingent short-term net drains on foreign currency assets (nominal value), Undrawn unconditional credit lines, Up to 1 month, Provided to, Other National Monetary authorities and international organizations, IMF",NA
IRFCL,International Reserves and Foreign Currency Liquidity (IRFCL),DSD_IRFCL_PUB,INDICATOR,CL_IRFCL_INDICATOR_PUB,TRUE,IRFCLDT3_IRFCL95_SUTM_PT_TONS1XAIMF_USD,"Contingent short-term net drains on foreign currency assets (nominal value), Undrawn unconditional credit lines, Up to 1 month, Provided to, Other National Monetary authorities and international organizations, IMF",NA
IRFCL,International Reserves and Foreign Currency Liquidity (IRFCL),DSD_IRFCL_PUB,INDICATOR,CL_IRFCL_INDICATOR_PUB,TRUE,IRFCLDT3_IRFCL95_SUTM_PT_TONS1XAIMF_XDC,"Contingent short-term net drains on foreign currency assets (nominal value), Undrawn unconditional credit lines, Up to 1 month, Provided to, Other National Monetary authorities and international organizations, IMF",NA
IRFCL,International Reserves and Foreign Currency Liquidity (IRFCL),DSD_IRFCL_PUB,INDICATOR,CL_IRFCL_INDICATOR_PUB,TRUE,IRFCLDT3_IRFCL95_SM3MUTY_PT_TONS1XAIMF_EUR,"Contingent short-term net drains on foreign currency assets (nominal value), Undrawn unconditional credit lines, More than 3 months and up to 1 year, Provided to, Other National Monetary authorities and international organizations, IMF",NA
IRFCL,International Reserves and Foreign Currency Liquidity (IRFCL),DSD_IRFCL_PUB,INDICATOR,CL_IRFCL_INDICATOR_PUB,TRUE,IRFCLDT3_IRFCL95_SM3MUTY_PT_TONS1XAIMF_USD,"Contingent short-term net drains on foreign currency assets (nominal value), Undrawn unconditional credit lines, More than 3 months and up to 1 year, Provided to, Other National Monetary authorities and international organizations, IMF",NA
IRFCL,International Reserves and Foreign Currency Liquidity (IRFCL),DSD_IRFCL_PUB,INDICATOR,CL_IRFCL_INDICATOR_PUB,TRUE,IRFCLDT3_IRFCL95_SM3MUTY_PT_TONS1XAIMF_XDC,"Contingent short-term net drains on foreign currency assets (nominal value), Undrawn unconditional credit lines, More than 3 months and up to 1 year, Provided to, Other National Monetary authorities and international organizations, IMF",NA
IRFCL,International Reserves and Foreign Currency Liquidity (IRFCL),DSD_IRFCL_PUB,INDICATOR,CL_IRFCL_INDICATOR_PUB,TRUE,IRFCLDT3_IRFCL95T_PT_TONS1XAIMF_EUR,"Contingent short-term net drains on foreign currency assets (nominal value), Total undrawn unconditional credit lines, Provided to, Other National Monetary authorities and international organizations, IMF",NA
IRFCL,International Reserves and Foreign Currency Liquidity (IRFCL),DSD_IRFCL_PUB,INDICATOR,CL_IRFCL_INDICATOR_PUB,TRUE,IRFCLDT3_IRFCL95T_PT_TONS1XAIMF_USD,"Contingent short-term net drains on foreign currency assets (nominal value), Total undrawn unconditional credit lines, Provided to, Other National Monetary authorities and international organizations, IMF",NA
IRFCL,International Reserves and Foreign Currency Liquidity (IRFCL),DSD_IRFCL_PUB,INDICATOR,CL_IRFCL_INDICATOR_PUB,TRUE,IRFCLDT3_IRFCL95T_PT_TONS1XAIMF_XDC,"Contingent short-term net drains on foreign currency assets (nominal value), Total undrawn unconditional credit lines, Provided to, Other National Monetary authorities and international organizations, IMF",NA
IRFCL,International Reserves and Foreign Currency Liquidity (IRFCL),DSD_IRFCL_PUB,INDICATOR,CL_IRFCL_INDICATOR_PUB,TRUE,IRFCLDT3_IRFCL95_SM1MUT3M_PT_TONS1XAOTH_EUR,"Contingent short-term net drains on foreign currency assets (nominal value), Undrawn unconditional credit lines, More than 1 and up to 3 months, Provided to, Other international monetary organizations",NA
IRFCL,International Reserves and Foreign Currency Liquidity (IRFCL),DSD_IRFCL_PUB,INDICATOR,CL_IRFCL_INDICATOR_PUB,TRUE,IRFCLDT3_IRFCL95_SM1MUT3M_PT_TONS1XAOTH_USD,"Contingent short-term net drains on foreign currency assets (nominal value), Undrawn unconditional credit lines, More than 1 and up to 3 months, Provided to, Other international monetary organizations",NA
IRFCL,International Reserves and Foreign Currency Liquidity (IRFCL),DSD_IRFCL_PUB,INDICATOR,CL_IRFCL_INDICATOR_PUB,TRUE,IRFCLDT3_IRFCL95_SM1MUT3M_PT_TONS1XAOTH_XDC,"Contingent short-term net drains on foreign currency assets (nominal value), Undrawn unconditional credit lines, More than 1 and up to 3 months, Provided to, Other international monetary organizations",NA
IRFCL,International Reserves and Foreign Currency Liquidity (IRFCL),DSD_IRFCL_PUB,INDICATOR,CL_IRFCL_INDICATOR_PUB,TRUE,IRFCLDT3_IRFCL95_SUTM_PT_TONS1XAOTH_EUR,"Contingent short-term net drains on foreign currency assets (nominal value), Undrawn unconditional credit lines, Up to 1 month, Provided to, Other international monetary organizations",NA
IRFCL,International Reserves and Foreign Currency Liquidity (IRFCL),DSD_IRFCL_PUB,INDICATOR,CL_IRFCL_INDICATOR_PUB,TRUE,IRFCLDT3_IRFCL95_SUTM_PT_TONS1XAOTH_USD,"Contingent short-term net drains on foreign currency assets (nominal value), Undrawn unconditional credit lines, Up to 1 month, Provided to, Other international monetary organizations",NA
IRFCL,International Reserves and Foreign Currency Liquidity (IRFCL),DSD_IRFCL_PUB,INDICATOR,CL_IRFCL_INDICATOR_PUB,TRUE,IRFCLDT3_IRFCL95_SUTM_PT_TONS1XAOTH_XDC,"Contingent short-term net drains on foreign currency assets (nominal value), Undrawn unconditional credit lines, Up to 1 month, Provided to, Other international monetary organizations",NA
IRFCL,International Reserves and Foreign Currency Liquidity (IRFCL),DSD_IRFCL_PUB,INDICATOR,CL_IRFCL_INDICATOR_PUB,TRUE,IRFCLDT3_IRFCL95_SM3MUTY_PT_TONS1XAOTH_EUR,"Contingent short-term net drains on foreign currency assets (nominal value), Undrawn unconditional credit lines, More than 3 months and up to 1 year, Provided to, Other international monetary organizations",NA
IRFCL,International Reserves and Foreign Currency Liquidity (IRFCL),DSD_IRFCL_PUB,INDICATOR,CL_IRFCL_INDICATOR_PUB,TRUE,IRFCLDT3_IRFCL95_SM3MUTY_PT_TONS1XAOTH_USD,"Contingent short-term net drains on foreign currency assets (nominal value), Undrawn unconditional credit lines, More than 3 months and up to 1 year, Provided to, Other international monetary organizations",NA
IRFCL,International Reserves and Foreign Currency Liquidity (IRFCL),DSD_IRFCL_PUB,INDICATOR,CL_IRFCL_INDICATOR_PUB,TRUE,IRFCLDT3_IRFCL95_SM3MUTY_PT_TONS1XAOTH_XDC,"Contingent short-term net drains on foreign currency assets (nominal value), Undrawn unconditional credit lines, More than 3 months and up to 1 year, Provided to, Other international monetary organizations",NA
IRFCL,International Reserves and Foreign Currency Liquidity (IRFCL),DSD_IRFCL_PUB,INDICATOR,CL_IRFCL_INDICATOR_PUB,TRUE,IRFCLDT3_IRFCL95T_PT_TONS1XAOTH_EUR,"Contingent short-term net drains on foreign currency assets (nominal value), Total undrawn unconditional credit lines, Provided to, Other international monetary organizations",NA
IRFCL,International Reserves and Foreign Currency Liquidity (IRFCL),DSD_IRFCL_PUB,INDICATOR,CL_IRFCL_INDICATOR_PUB,TRUE,IRFCLDT3_IRFCL95T_PT_TONS1XAOTH_USD,"Contingent short-term net drains on foreign currency assets (nominal value), Total undrawn unconditional credit lines, Provided to, Other international monetary organizations",NA
IRFCL,International Reserves and Foreign Currency Liquidity (IRFCL),DSD_IRFCL_PUB,INDICATOR,CL_IRFCL_INDICATOR_PUB,TRUE,IRFCLDT3_IRFCL95T_PT_TONS1XAOTH_XDC,"Contingent short-term net drains on foreign currency assets (nominal value), Total undrawn unconditional credit lines, Provided to, Other international monetary organizations",NA
IRFCL,International Reserves and Foreign Currency Liquidity (IRFCL),DSD_IRFCL_PUB,INDICATOR,CL_IRFCL_INDICATOR_PUB,TRUE,IRFCLDT3_IRFCL95_SM1MUT3M_PT_TONS1XAONA_EUR,"Contingent short-term net drains on foreign currency assets (nominal value), Undrawn unconditional credit lines, More than 1 and up to 3 months, Provided to, Other National Monetary",NA
IRFCL,International Reserves and Foreign Currency Liquidity (IRFCL),DSD_IRFCL_PUB,INDICATOR,CL_IRFCL_INDICATOR_PUB,TRUE,IRFCLDT3_IRFCL95_SM1MUT3M_PT_TONS1XAONA_USD,"Contingent short-term net drains on foreign currency assets (nominal value), Undrawn unconditional credit lines, More than 1 and up to 3 months, Provided to, Other National Monetary",NA
IRFCL,International Reserves and Foreign Currency Liquidity (IRFCL),DSD_IRFCL_PUB,INDICATOR,CL_IRFCL_INDICATOR_PUB,TRUE,IRFCLDT3_IRFCL95_SM1MUT3M_PT_TONS1XAONA_XDC,"Contingent short-term net drains on foreign currency assets (nominal value), Undrawn unconditional credit lines, More than 1 and up to 3 months, Provided to, Other National Monetary",NA
IRFCL,International Reserves and Foreign Currency Liquidity (IRFCL),DSD_IRFCL_PUB,INDICATOR,CL_IRFCL_INDICATOR_PUB,TRUE,IRFCLDT3_IRFCL95_SUTM_PT_TONS1XAONA_EUR,"Contingent short-term net drains on foreign currency assets (nominal value), Undrawn unconditional credit lines, Up to 1 month, Provided to, Other National Monetary",NA
IRFCL,International Reserves and Foreign Currency Liquidity (IRFCL),DSD_IRFCL_PUB,INDICATOR,CL_IRFCL_INDICATOR_PUB,TRUE,IRFCLDT3_IRFCL95_SUTM_PT_TONS1XAONA_USD,"Contingent short-term net drains on foreign currency assets (nominal value), Undrawn unconditional credit lines, Up to 1 month, Provided to, Other National Monetary",NA
IRFCL,International Reserves and Foreign Currency Liquidity (IRFCL),DSD_IRFCL_PUB,INDICATOR,CL_IRFCL_INDICATOR_PUB,TRUE,IRFCLDT3_IRFCL95_SUTM_PT_TONS1XAONA_XDC,"Contingent short-term net drains on foreign currency assets (nominal value), Undrawn unconditional credit lines, Up to 1 month, Provided to, Other National Monetary",NA
IRFCL,International Reserves and Foreign Currency Liquidity (IRFCL),DSD_IRFCL_PUB,INDICATOR,CL_IRFCL_INDICATOR_PUB,TRUE,IRFCLDT3_IRFCL95_SM3MUTY_PT_TONS1XAONA_EUR,"Contingent short-term net drains on foreign currency assets (nominal value), Undrawn unconditional credit lines, More than 3 months and up to 1 year, Provided to, Other National Monetary",NA
IRFCL,International Reserves and Foreign Currency Liquidity (IRFCL),DSD_IRFCL_PUB,INDICATOR,CL_IRFCL_INDICATOR_PUB,TRUE,IRFCLDT3_IRFCL95_SM3MUTY_PT_TONS1XAONA_USD,"Contingent short-term net drains on foreign currency assets (nominal value), Undrawn unconditional credit lines, More than 3 months and up to 1 year, Provided to, Other National Monetary",NA
IRFCL,International Reserves and Foreign Currency Liquidity (IRFCL),DSD_IRFCL_PUB,INDICATOR,CL_IRFCL_INDICATOR_PUB,TRUE,IRFCLDT3_IRFCL95_SM3MUTY_PT_TONS1XAONA_XDC,"Contingent short-term net drains on foreign currency assets (nominal value), Undrawn unconditional credit lines, More than 3 months and up to 1 year, Provided to, Other National Monetary",NA
IRFCL,International Reserves and Foreign Currency Liquidity (IRFCL),DSD_IRFCL_PUB,INDICATOR,CL_IRFCL_INDICATOR_PUB,TRUE,IRFCLDT3_IRFCL95T_PT_TONS1XAONA_EUR,"Contingent short-term net drains on foreign currency assets (nominal value), Total undrawn unconditional credit lines, Provided to, Other National Monetary",NA
IRFCL,International Reserves and Foreign Currency Liquidity (IRFCL),DSD_IRFCL_PUB,INDICATOR,CL_IRFCL_INDICATOR_PUB,TRUE,IRFCLDT3_IRFCL95T_PT_TONS1XAONA_USD,"Contingent short-term net drains on foreign currency assets (nominal value), Total undrawn unconditional credit lines, Provided to, Other National Monetary",NA
IRFCL,International Reserves and Foreign Currency Liquidity (IRFCL),DSD_IRFCL_PUB,INDICATOR,CL_IRFCL_INDICATOR_PUB,TRUE,IRFCLDT3_IRFCL95T_PT_TONS1XAONA_XDC,"Contingent short-term net drains on foreign currency assets (nominal value), Total undrawn unconditional credit lines, Provided to, Other National Monetary",NA
IRFCL,International Reserves and Foreign Currency Liquidity (IRFCL),DSD_IRFCL_PUB,INDICATOR,CL_IRFCL_INDICATOR_PUB,TRUE,IRFCLDT3_IRFCL95_SM1MUT3M_PT_BOFIORC_EUR,"Contingent short-term net drains on foreign currency assets (nominal value), Undrawn unconditional credit lines, More than 1 and up to 3 months, Provided to, banks and other financial institutions outside reporting country",NA
IRFCL,International Reserves and Foreign Currency Liquidity (IRFCL),DSD_IRFCL_PUB,INDICATOR,CL_IRFCL_INDICATOR_PUB,TRUE,IRFCLDT3_IRFCL95_SM1MUT3M_PT_BOFIORC_USD,"Contingent short-term net drains on foreign currency assets (nominal value), Undrawn unconditional credit lines, More than 1 and up to 3 months, Provided to, banks and other financial institutions outside reporting country",NA
IRFCL,International Reserves and Foreign Currency Liquidity (IRFCL),DSD_IRFCL_PUB,INDICATOR,CL_IRFCL_INDICATOR_PUB,TRUE,IRFCLDT3_IRFCL95_SM1MUT3M_PT_BOFIORC_XDC,"Contingent short-term net drains on foreign currency assets (nominal value), Undrawn unconditional credit lines, More than 1 and up to 3 months, Provided to, banks and other financial institutions outside reporting country",NA
IRFCL,International Reserves and Foreign Currency Liquidity (IRFCL),DSD_IRFCL_PUB,INDICATOR,CL_IRFCL_INDICATOR_PUB,TRUE,IRFCLDT3_IRFCL95_SUTM_PT_BOFIORC_EUR,"Contingent short-term net drains on foreign currency assets (nominal value), Undrawn unconditional credit lines, Up to 1 month, Provided to, banks and other financial institutions outside reporting country",NA
IRFCL,International Reserves and Foreign Currency Liquidity (IRFCL),DSD_IRFCL_PUB,INDICATOR,CL_IRFCL_INDICATOR_PUB,TRUE,IRFCLDT3_IRFCL95_SUTM_PT_BOFIORC_USD,"Contingent short-term net drains on foreign currency assets (nominal value), Undrawn unconditional credit lines, Up to 1 month, Provided to, banks and other financial institutions outside reporting country",NA
IRFCL,International Reserves and Foreign Currency Liquidity (IRFCL),DSD_IRFCL_PUB,INDICATOR,CL_IRFCL_INDICATOR_PUB,TRUE,IRFCLDT3_IRFCL95_SUTM_PT_BOFIORC_XDC,"Contingent short-term net drains on foreign currency assets (nominal value), Undrawn unconditional credit lines, Up to 1 month, Provided to, banks and other financial institutions outside reporting country",NA
IRFCL,International Reserves and Foreign Currency Liquidity (IRFCL),DSD_IRFCL_PUB,INDICATOR,CL_IRFCL_INDICATOR_PUB,TRUE,IRFCLDT3_IRFCL95_SM3MUTY_PT_BOFIORC_EUR,"Contingent short-term net drains on foreign currency assets (nominal value), Undrawn unconditional credit lines, More than 3 months and up to 1 year, Provided to, banks and other financial institutions outside reporting country",NA
IRFCL,International Reserves and Foreign Currency Liquidity (IRFCL),DSD_IRFCL_PUB,INDICATOR,CL_IRFCL_INDICATOR_PUB,TRUE,IRFCLDT3_IRFCL95_SM3MUTY_PT_BOFIORC_USD,"Contingent short-term net drains on foreign currency assets (nominal value), Undrawn unconditional credit lines, More than 3 months and up to 1 year, Provided to, banks and other financial institutions outside reporting country",NA
IRFCL,International Reserves and Foreign Currency Liquidity (IRFCL),DSD_IRFCL_PUB,INDICATOR,CL_IRFCL_INDICATOR_PUB,TRUE,IRFCLDT3_IRFCL95_SM3MUTY_PT_BOFIORC_XDC,"Contingent short-term net drains on foreign currency assets (nominal value), Undrawn unconditional credit lines, More than 3 months and up to 1 year, Provided to, banks and other financial institutions outside reporting country",NA
IRFCL,International Reserves and Foreign Currency Liquidity (IRFCL),DSD_IRFCL_PUB,INDICATOR,CL_IRFCL_INDICATOR_PUB,TRUE,IRFCLDT3_IRFCL95T_PT_BOFIORC_EUR,"Contingent short-term net drains on foreign currency assets (nominal value), Total undrawn unconditional credit lines, Provided to, banks and other financial institutions outside reporting country",NA
IRFCL,International Reserves and Foreign Currency Liquidity (IRFCL),DSD_IRFCL_PUB,INDICATOR,CL_IRFCL_INDICATOR_PUB,TRUE,IRFCLDT3_IRFCL95T_PT_BOFIORC_USD,"Contingent short-term net drains on foreign currency assets (nominal value), Total undrawn unconditional credit lines, Provided to, banks and other financial institutions outside reporting country",NA
IRFCL,International Reserves and Foreign Currency Liquidity (IRFCL),DSD_IRFCL_PUB,INDICATOR,CL_IRFCL_INDICATOR_PUB,TRUE,IRFCLDT3_IRFCL95T_PT_BOFIORC_XDC,"Contingent short-term net drains on foreign currency assets (nominal value), Total undrawn unconditional credit lines, Provided to, banks and other financial institutions outside reporting country",NA
IRFCL,International Reserves and Foreign Currency Liquidity (IRFCL),DSD_IRFCL_PUB,INDICATOR,CL_IRFCL_INDICATOR_PUB,TRUE,IRFCLDT3_IRFCL95_SM1MUT3M_PT_BOFIRC_EUR,"Contingent short-term net drains on foreign currency assets (nominal value), Undrawn unconditional credit lines, More than 1 and up to 3 months, Provided to, banks and other financial institutions in the reporting country",NA
IRFCL,International Reserves and Foreign Currency Liquidity (IRFCL),DSD_IRFCL_PUB,INDICATOR,CL_IRFCL_INDICATOR_PUB,TRUE,IRFCLDT3_IRFCL95_SM1MUT3M_PT_BOFIRC_USD,"Contingent short-term net drains on foreign currency assets (nominal value), Undrawn unconditional credit lines, More than 1 and up to 3 months, Provided to, banks and other financial institutions in the reporting country",NA
IRFCL,International Reserves and Foreign Currency Liquidity (IRFCL),DSD_IRFCL_PUB,INDICATOR,CL_IRFCL_INDICATOR_PUB,TRUE,IRFCLDT3_IRFCL95_SM1MUT3M_PT_BOFIRC_XDC,"Contingent short-term net drains on foreign currency assets (nominal value), Undrawn unconditional credit lines, More than 1 and up to 3 months, Provided to, banks and other financial institutions in the reporting country",NA
IRFCL,International Reserves and Foreign Currency Liquidity (IRFCL),DSD_IRFCL_PUB,INDICATOR,CL_IRFCL_INDICATOR_PUB,TRUE,IRFCLDT3_IRFCL95_SUTM_PT_BOFIRC_EUR,"Contingent short-term net drains on foreign currency assets (nominal value), Undrawn unconditional credit lines, Up to 1 month, Provided to, banks and other financial institutions in the reporting country",NA
IRFCL,International Reserves and Foreign Currency Liquidity (IRFCL),DSD_IRFCL_PUB,INDICATOR,CL_IRFCL_INDICATOR_PUB,TRUE,IRFCLDT3_IRFCL95_SUTM_PT_BOFIRC_USD,"Contingent short-term net drains on foreign currency assets (nominal value), Undrawn unconditional credit lines, Up to 1 month, Provided to, banks and other financial institutions in the reporting country",NA
IRFCL,International Reserves and Foreign Currency Liquidity (IRFCL),DSD_IRFCL_PUB,INDICATOR,CL_IRFCL_INDICATOR_PUB,TRUE,IRFCLDT3_IRFCL95_SUTM_PT_BOFIRC_XDC,"Contingent short-term net drains on foreign currency assets (nominal value), Undrawn unconditional credit lines, Up to 1 month, Provided to, banks and other financial institutions in the reporting country",NA
IRFCL,International Reserves and Foreign Currency Liquidity (IRFCL),DSD_IRFCL_PUB,INDICATOR,CL_IRFCL_INDICATOR_PUB,TRUE,IRFCLDT3_IRFCL95_SM3MUTY_PT_BOFIRC_EUR,"Contingent short-term net drains on foreign currency assets (nominal value), Undrawn unconditional credit lines, More than 3 months and up to 1 year, Provided to, banks and other financial institutions in the reporting country",NA
IRFCL,International Reserves and Foreign Currency Liquidity (IRFCL),DSD_IRFCL_PUB,INDICATOR,CL_IRFCL_INDICATOR_PUB,TRUE,IRFCLDT3_IRFCL95_SM3MUTY_PT_BOFIRC_USD,"Contingent short-term net drains on foreign currency assets (nominal value), Undrawn unconditional credit lines, More than 3 months and up to 1 year, Provided to, banks and other financial institutions in the reporting country",NA
IRFCL,International Reserves and Foreign Currency Liquidity (IRFCL),DSD_IRFCL_PUB,INDICATOR,CL_IRFCL_INDICATOR_PUB,TRUE,IRFCLDT3_IRFCL95_SM3MUTY_PT_BOFIRC_XDC,"Contingent short-term net drains on foreign currency assets (nominal value), Undrawn unconditional credit lines, More than 3 months and up to 1 year, Provided to, banks and other financial institutions in the reporting country",NA
IRFCL,International Reserves and Foreign Currency Liquidity (IRFCL),DSD_IRFCL_PUB,INDICATOR,CL_IRFCL_INDICATOR_PUB,TRUE,IRFCLDT3_IRFCL95T_PT_BOFIRC_EUR,"Contingent short-term net drains on foreign currency assets (nominal value), Total undrawn unconditional credit lines, Provided to, banks and other financial institutions in the reporting country",NA
IRFCL,International Reserves and Foreign Currency Liquidity (IRFCL),DSD_IRFCL_PUB,INDICATOR,CL_IRFCL_INDICATOR_PUB,TRUE,IRFCLDT3_IRFCL95T_PT_BOFIRC_USD,"Contingent short-term net drains on foreign currency assets (nominal value), Total undrawn unconditional credit lines, Provided to, banks and other financial institutions in the reporting country",NA
IRFCL,International Reserves and Foreign Currency Liquidity (IRFCL),DSD_IRFCL_PUB,INDICATOR,CL_IRFCL_INDICATOR_PUB,TRUE,IRFCLDT3_IRFCL95T_PT_BOFIRC_XDC,"Contingent short-term net drains on foreign currency assets (nominal value), Total undrawn unconditional credit lines, Provided to, banks and other financial institutions in the reporting country",NA
IRFCL,International Reserves and Foreign Currency Liquidity (IRFCL),DSD_IRFCL_PUB,INDICATOR,CL_IRFCL_INDICATOR_PUB,TRUE,IRFCLDT3_CL_SM1MUT3M_EUR,"Contingent short-term net drains on foreign currency assets (nominal value), Contingent liabilities, More than 1 and up to 3 months",NA
IRFCL,International Reserves and Foreign Currency Liquidity (IRFCL),DSD_IRFCL_PUB,INDICATOR,CL_IRFCL_INDICATOR_PUB,TRUE,IRFCLDT3_CL_SM1MUT3M_USD,"Contingent short-term net drains on foreign currency assets (nominal value), Contingent liabilities, More than 1 and up to 3 months",NA
IRFCL,International Reserves and Foreign Currency Liquidity (IRFCL),DSD_IRFCL_PUB,INDICATOR,CL_IRFCL_INDICATOR_PUB,TRUE,IRFCLDT3_CL_SM1MUT3M_XDC,"Contingent short-term net drains on foreign currency assets (nominal value), Contingent liabilities, More than 1 and up to 3 months",NA
IRFCL,International Reserves and Foreign Currency Liquidity (IRFCL),DSD_IRFCL_PUB,INDICATOR,CL_IRFCL_INDICATOR_PUB,TRUE,IRFCLDT3_SUTM_CL_EUR,"Contingent short-term net drains on foreign currency assets (nominal value), Up to 1 month, Contingent liabilities",NA
IRFCL,International Reserves and Foreign Currency Liquidity (IRFCL),DSD_IRFCL_PUB,INDICATOR,CL_IRFCL_INDICATOR_PUB,TRUE,IRFCLDT3_SUTM_CL_USD,"Contingent short-term net drains on foreign currency assets (nominal value), Up to 1 month, Contingent liabilities",NA
IRFCL,International Reserves and Foreign Currency Liquidity (IRFCL),DSD_IRFCL_PUB,INDICATOR,CL_IRFCL_INDICATOR_PUB,TRUE,IRFCLDT3_SUTM_CL_XDC,"Contingent short-term net drains on foreign currency assets (nominal value), Up to 1 month, Contingent liabilities",NA
IRFCL,International Reserves and Foreign Currency Liquidity (IRFCL),DSD_IRFCL_PUB,INDICATOR,CL_IRFCL_INDICATOR_PUB,TRUE,IRFCLDT3_CL_SM3MUTY_EUR,"Contingent short-term net drains on foreign currency assets (nominal value), Contingent liabilities, More than 3 months and up to 1 year",NA
IRFCL,International Reserves and Foreign Currency Liquidity (IRFCL),DSD_IRFCL_PUB,INDICATOR,CL_IRFCL_INDICATOR_PUB,TRUE,IRFCLDT3_CL_SM3MUTY_USD,"Contingent short-term net drains on foreign currency assets (nominal value), Contingent liabilities, More than 3 months and up to 1 year",NA
IRFCL,International Reserves and Foreign Currency Liquidity (IRFCL),DSD_IRFCL_PUB,INDICATOR,CL_IRFCL_INDICATOR_PUB,TRUE,IRFCLDT3_CL_SM3MUTY_XDC,"Contingent short-term net drains on foreign currency assets (nominal value), Contingent liabilities, More than 3 months and up to 1 year",NA
IRFCL,International Reserves and Foreign Currency Liquidity (IRFCL),DSD_IRFCL_PUB,INDICATOR,CL_IRFCL_INDICATOR_PUB,TRUE,IRFCLDT3_CL_EUR,"Contingent short-term net drains on foreign currency assets (nominal value), Contingent liabilities",NA
IRFCL,International Reserves and Foreign Currency Liquidity (IRFCL),DSD_IRFCL_PUB,INDICATOR,CL_IRFCL_INDICATOR_PUB,TRUE,IRFCLDT3_CL_USD,"Contingent short-term net drains on foreign currency assets (nominal value), Contingent liabilities",NA
IRFCL,International Reserves and Foreign Currency Liquidity (IRFCL),DSD_IRFCL_PUB,INDICATOR,CL_IRFCL_INDICATOR_PUB,TRUE,IRFCLDT3_CL_XDC,"Contingent short-term net drains on foreign currency assets (nominal value), Contingent liabilities",NA
IRFCL,International Reserves and Foreign Currency Liquidity (IRFCL),DSD_IRFCL_PUB,INDICATOR,CL_IRFCL_INDICATOR_PUB,TRUE,IRFCLDT3_IRFCL9_SM1MUT3M_CL_EUR,"Contingent short-term net drains on foreign currency assets (nominal value), Collateral guarantees on debt, More than 1 and up to 3 months, Contingent liabilities",NA
IRFCL,International Reserves and Foreign Currency Liquidity (IRFCL),DSD_IRFCL_PUB,INDICATOR,CL_IRFCL_INDICATOR_PUB,TRUE,IRFCLDT3_IRFCL9_SM1MUT3M_CL_USD,"Contingent short-term net drains on foreign currency assets (nominal value), Collateral guarantees on debt, More than 1 and up to 3 months, Contingent liabilities",NA
IRFCL,International Reserves and Foreign Currency Liquidity (IRFCL),DSD_IRFCL_PUB,INDICATOR,CL_IRFCL_INDICATOR_PUB,TRUE,IRFCLDT3_IRFCL9_SM1MUT3M_CL_XDC,"Contingent short-term net drains on foreign currency assets (nominal value), Collateral guarantees on debt, More than 1 and up to 3 months, Contingent liabilities",NA
IRFCL,International Reserves and Foreign Currency Liquidity (IRFCL),DSD_IRFCL_PUB,INDICATOR,CL_IRFCL_INDICATOR_PUB,TRUE,IRFCLDT3_IRFCL9_SD1Y_CL_EUR,"Contingent short-term net drains on foreign currency assets (nominal value), Collateral guarantees on debt, Falling due within 1 year, Contingent liabilities",NA
IRFCL,International Reserves and Foreign Currency Liquidity (IRFCL),DSD_IRFCL_PUB,INDICATOR,CL_IRFCL_INDICATOR_PUB,TRUE,IRFCLDT3_IRFCL9_SD1Y_CL_USD,"Contingent short-term net drains on foreign currency assets (nominal value), Collateral guarantees on debt, Falling due within 1 year, Contingent liabilities",NA
IRFCL,International Reserves and Foreign Currency Liquidity (IRFCL),DSD_IRFCL_PUB,INDICATOR,CL_IRFCL_INDICATOR_PUB,TRUE,IRFCLDT3_IRFCL9_SD1Y_CL_XDC,"Contingent short-term net drains on foreign currency assets (nominal value), Collateral guarantees on debt, Falling due within 1 year, Contingent liabilities",NA
IRFCL,International Reserves and Foreign Currency Liquidity (IRFCL),DSD_IRFCL_PUB,INDICATOR,CL_IRFCL_INDICATOR_PUB,TRUE,IRFCLDT3_IRFCL9_SM3MUTY_CL_EUR,"Contingent short-term net drains on foreign currency assets (nominal value), Collateral guarantees on debt, More than 3 months and up to 1 year, Contingent liabilities",NA
IRFCL,International Reserves and Foreign Currency Liquidity (IRFCL),DSD_IRFCL_PUB,INDICATOR,CL_IRFCL_INDICATOR_PUB,TRUE,IRFCLDT3_IRFCL9_SM3MUTY_CL_USD,"Contingent short-term net drains on foreign currency assets (nominal value), Collateral guarantees on debt, More than 3 months and up to 1 year, Contingent liabilities",NA
IRFCL,International Reserves and Foreign Currency Liquidity (IRFCL),DSD_IRFCL_PUB,INDICATOR,CL_IRFCL_INDICATOR_PUB,TRUE,IRFCLDT3_IRFCL9_SM3MUTY_CL_XDC,"Contingent short-term net drains on foreign currency assets (nominal value), Collateral guarantees on debt, More than 3 months and up to 1 year, Contingent liabilities",NA
IRFCL,International Reserves and Foreign Currency Liquidity (IRFCL),DSD_IRFCL_PUB,INDICATOR,CL_IRFCL_INDICATOR_PUB,TRUE,IRFCLDT3_IRFCL9T_SD1Y_CL_EUR,"Contingent short-term net drains on foreign currency assets (nominal value), Total collateral guarantees on debt, Falling due within 1 year, Contingent liabilities",NA
IRFCL,International Reserves and Foreign Currency Liquidity (IRFCL),DSD_IRFCL_PUB,INDICATOR,CL_IRFCL_INDICATOR_PUB,TRUE,IRFCLDT3_IRFCL9T_SD1Y_CL_USD,"Contingent short-term net drains on foreign currency assets (nominal value), Total collateral guarantees on debt, Falling due within 1 year, Contingent liabilities",NA
IRFCL,International Reserves and Foreign Currency Liquidity (IRFCL),DSD_IRFCL_PUB,INDICATOR,CL_IRFCL_INDICATOR_PUB,TRUE,IRFCLDT3_IRFCL9T_SD1Y_CL_XDC,"Contingent short-term net drains on foreign currency assets (nominal value), Total collateral guarantees on debt, Falling due within 1 year, Contingent liabilities",NA
IRFCL,International Reserves and Foreign Currency Liquidity (IRFCL),DSD_IRFCL_PUB,INDICATOR,CL_IRFCL_INDICATOR_PUB,TRUE,IRFCLDT3_SM1MUT3M_EUR,"Contingent short-term net drains on foreign currency assets (nominal value), More than 1 and up to 3 months",NA
IRFCL,International Reserves and Foreign Currency Liquidity (IRFCL),DSD_IRFCL_PUB,INDICATOR,CL_IRFCL_INDICATOR_PUB,TRUE,IRFCLDT3_SM1MUT3M_USD,"Contingent short-term net drains on foreign currency assets (nominal value), More than 1 and up to 3 months",NA
IRFCL,International Reserves and Foreign Currency Liquidity (IRFCL),DSD_IRFCL_PUB,INDICATOR,CL_IRFCL_INDICATOR_PUB,TRUE,IRFCLDT3_SM1MUT3M_XDC,"Contingent short-term net drains on foreign currency assets (nominal value), More than 1 and up to 3 months",NA
IRFCL,International Reserves and Foreign Currency Liquidity (IRFCL),DSD_IRFCL_PUB,INDICATOR,CL_IRFCL_INDICATOR_PUB,TRUE,IRFCLDT3_SUTM_EUR,"Contingent short-term net drains on foreign currency assets (nominal value), Up to 1 month",NA
IRFCL,International Reserves and Foreign Currency Liquidity (IRFCL),DSD_IRFCL_PUB,INDICATOR,CL_IRFCL_INDICATOR_PUB,TRUE,IRFCLDT3_SUTM_USD,"Contingent short-term net drains on foreign currency assets (nominal value), Up to 1 month",NA
IRFCL,International Reserves and Foreign Currency Liquidity (IRFCL),DSD_IRFCL_PUB,INDICATOR,CL_IRFCL_INDICATOR_PUB,TRUE,IRFCLDT3_SUTM_XDC,"Contingent short-term net drains on foreign currency assets (nominal value), Up to 1 month",NA
IRFCL,International Reserves and Foreign Currency Liquidity (IRFCL),DSD_IRFCL_PUB,INDICATOR,CL_IRFCL_INDICATOR_PUB,TRUE,IRFCLDT3_SM3MUTY_EUR,"Contingent short-term net drains on foreign currency assets (nominal value), More than 3 months and up to 1 year",NA
IRFCL,International Reserves and Foreign Currency Liquidity (IRFCL),DSD_IRFCL_PUB,INDICATOR,CL_IRFCL_INDICATOR_PUB,TRUE,IRFCLDT3_SM3MUTY_USD,"Contingent short-term net drains on foreign currency assets (nominal value), More than 3 months and up to 1 year",NA
IRFCL,International Reserves and Foreign Currency Liquidity (IRFCL),DSD_IRFCL_PUB,INDICATOR,CL_IRFCL_INDICATOR_PUB,TRUE,IRFCLDT3_SM3MUTY_XDC,"Contingent short-term net drains on foreign currency assets (nominal value), More than 3 months and up to 1 year",NA
IRFCL,International Reserves and Foreign Currency Liquidity (IRFCL),DSD_IRFCL_PUB,INDICATOR,CL_IRFCL_INDICATOR_PUB,TRUE,IRFCLDT3_OCL_EUR,"Contingent short-term net drains on foreign currency assets (nominal value), Other contingent liabilities",NA
IRFCL,International Reserves and Foreign Currency Liquidity (IRFCL),DSD_IRFCL_PUB,INDICATOR,CL_IRFCL_INDICATOR_PUB,TRUE,IRFCLDT3_OCL_USD,"Contingent short-term net drains on foreign currency assets (nominal value), Other contingent liabilities",NA
IRFCL,International Reserves and Foreign Currency Liquidity (IRFCL),DSD_IRFCL_PUB,INDICATOR,CL_IRFCL_INDICATOR_PUB,TRUE,IRFCLDT3_OCL_XDC,"Contingent short-term net drains on foreign currency assets (nominal value), Other contingent liabilities",NA
IRFCL,International Reserves and Foreign Currency Liquidity (IRFCL),DSD_IRFCL_PUB,INDICATOR,CL_IRFCL_INDICATOR_PUB,TRUE,IRFCLDT3_IRFCL5_SM1MUT3M_EC15_LP_EUR,"Contingent short-term net drains on foreign currency assets (nominal value), Options in foreign currencies vis a  vis the domestic currency, More than 1 and up to 3 months, In-the-money Options, At Current Exchange Rate, Long positions",NA
IRFCL,International Reserves and Foreign Currency Liquidity (IRFCL),DSD_IRFCL_PUB,INDICATOR,CL_IRFCL_INDICATOR_PUB,TRUE,IRFCLDT3_IRFCL5_SM1MUT3M_EC15_LP_USD,"Contingent short-term net drains on foreign currency assets (nominal value), Options in foreign currencies vis a  vis the domestic currency, More than 1 and up to 3 months, In-the-money Options, At Current Exchange Rate, Long positions",NA
IRFCL,International Reserves and Foreign Currency Liquidity (IRFCL),DSD_IRFCL_PUB,INDICATOR,CL_IRFCL_INDICATOR_PUB,TRUE,IRFCLDT3_IRFCL5_SM1MUT3M_EC15_LP_XDC,"Contingent short-term net drains on foreign currency assets (nominal value), Options in foreign currencies vis a  vis the domestic currency, More than 1 and up to 3 months, In-the-money Options, At Current Exchange Rate, Long positions",NA
IRFCL,International Reserves and Foreign Currency Liquidity (IRFCL),DSD_IRFCL_PUB,INDICATOR,CL_IRFCL_INDICATOR_PUB,TRUE,IRFCLDT3_IRFCL5_SUTM_EC15_LP_EUR,"Contingent short-term net drains on foreign currency assets (nominal value), Options in foreign currencies vis a  vis the domestic currency, Up to 1 month, In-the-money Options, At Current Exchange Rate, Long positions",NA
IRFCL,International Reserves and Foreign Currency Liquidity (IRFCL),DSD_IRFCL_PUB,INDICATOR,CL_IRFCL_INDICATOR_PUB,TRUE,IRFCLDT3_IRFCL5_SUTM_EC15_LP_USD,"Contingent short-term net drains on foreign currency assets (nominal value), Options in foreign currencies vis a  vis the domestic currency, Up to 1 month, In-the-money Options, At Current Exchange Rate, Long positions",NA
IRFCL,International Reserves and Foreign Currency Liquidity (IRFCL),DSD_IRFCL_PUB,INDICATOR,CL_IRFCL_INDICATOR_PUB,TRUE,IRFCLDT3_IRFCL5_SUTM_EC15_LP_XDC,"Contingent short-term net drains on foreign currency assets (nominal value), Options in foreign currencies vis a  vis the domestic currency, Up to 1 month, In-the-money Options, At Current Exchange Rate, Long positions",NA
IRFCL,International Reserves and Foreign Currency Liquidity (IRFCL),DSD_IRFCL_PUB,INDICATOR,CL_IRFCL_INDICATOR_PUB,TRUE,IRFCLDT3_IRFCL5_SM3MUTY_EC15_LP_EUR,"Contingent short-term net drains on foreign currency assets (nominal value), Options in foreign currencies vis a  vis the domestic currency, More than 3 months and up to 1 year, In-the-money Options, At Current Exchange Rate, Long positions",NA
IRFCL,International Reserves and Foreign Currency Liquidity (IRFCL),DSD_IRFCL_PUB,INDICATOR,CL_IRFCL_INDICATOR_PUB,TRUE,IRFCLDT3_IRFCL5_SM3MUTY_EC15_LP_USD,"Contingent short-term net drains on foreign currency assets (nominal value), Options in foreign currencies vis a  vis the domestic currency, More than 3 months and up to 1 year, In-the-money Options, At Current Exchange Rate, Long positions",NA
IRFCL,International Reserves and Foreign Currency Liquidity (IRFCL),DSD_IRFCL_PUB,INDICATOR,CL_IRFCL_INDICATOR_PUB,TRUE,IRFCLDT3_IRFCL5_SM3MUTY_EC15_LP_XDC,"Contingent short-term net drains on foreign currency assets (nominal value), Options in foreign currencies vis a  vis the domestic currency, More than 3 months and up to 1 year, In-the-money Options, At Current Exchange Rate, Long positions",NA
IRFCL,International Reserves and Foreign Currency Liquidity (IRFCL),DSD_IRFCL_PUB,INDICATOR,CL_IRFCL_INDICATOR_PUB,TRUE,IRFCLDT3_IRFCL5T_EC15_LP_EUR,"Contingent short-term net drains on foreign currency assets (nominal value), Total options in foreign currencies vis-a-vis the domestic currency, In-the-money Options, At Current Exchange Rate, Long positions",NA
IRFCL,International Reserves and Foreign Currency Liquidity (IRFCL),DSD_IRFCL_PUB,INDICATOR,CL_IRFCL_INDICATOR_PUB,TRUE,IRFCLDT3_IRFCL5T_EC15_LP_USD,"Contingent short-term net drains on foreign currency assets (nominal value), Total options in foreign currencies vis-a-vis the domestic currency, In-the-money Options, At Current Exchange Rate, Long positions",NA
IRFCL,International Reserves and Foreign Currency Liquidity (IRFCL),DSD_IRFCL_PUB,INDICATOR,CL_IRFCL_INDICATOR_PUB,TRUE,IRFCLDT3_IRFCL5T_EC15_LP_XDC,"Contingent short-term net drains on foreign currency assets (nominal value), Total options in foreign currencies vis-a-vis the domestic currency, In-the-money Options, At Current Exchange Rate, Long positions",NA
IRFCL,International Reserves and Foreign Currency Liquidity (IRFCL),DSD_IRFCL_PUB,INDICATOR,CL_IRFCL_INDICATOR_PUB,TRUE,IRFCLDT3_IRFCL5_SM1MUT3M_EC15_SHP_EUR,"Contingent short-term net drains on foreign currency assets (nominal value), Options in foreign currencies vis a  vis the domestic currency, More than 1 and up to 3 months, In-the-money Options, At Current Exchange Rate, Short positions",NA
IRFCL,International Reserves and Foreign Currency Liquidity (IRFCL),DSD_IRFCL_PUB,INDICATOR,CL_IRFCL_INDICATOR_PUB,TRUE,IRFCLDT3_IRFCL5_SM1MUT3M_EC15_SHP_USD,"Contingent short-term net drains on foreign currency assets (nominal value), Options in foreign currencies vis a  vis the domestic currency, More than 1 and up to 3 months, In-the-money Options, At Current Exchange Rate, Short positions",NA
IRFCL,International Reserves and Foreign Currency Liquidity (IRFCL),DSD_IRFCL_PUB,INDICATOR,CL_IRFCL_INDICATOR_PUB,TRUE,IRFCLDT3_IRFCL5_SM1MUT3M_EC15_SHP_XDC,"Contingent short-term net drains on foreign currency assets (nominal value), Options in foreign currencies vis a  vis the domestic currency, More than 1 and up to 3 months, In-the-money Options, At Current Exchange Rate, Short positions",NA
IRFCL,International Reserves and Foreign Currency Liquidity (IRFCL),DSD_IRFCL_PUB,INDICATOR,CL_IRFCL_INDICATOR_PUB,TRUE,IRFCLDT3_IRFCL5_SUTM_EC15_SHP_EUR,"Contingent short-term net drains on foreign currency assets (nominal value), Options in foreign currencies vis a  vis the domestic currency, Up to 1 month, In-the-money Options, At Current Exchange Rate, Short positions",NA
IRFCL,International Reserves and Foreign Currency Liquidity (IRFCL),DSD_IRFCL_PUB,INDICATOR,CL_IRFCL_INDICATOR_PUB,TRUE,IRFCLDT3_IRFCL5_SUTM_EC15_SHP_USD,"Contingent short-term net drains on foreign currency assets (nominal value), Options in foreign currencies vis a  vis the domestic currency, Up to 1 month, In-the-money Options, At Current Exchange Rate, Short positions",NA
IRFCL,International Reserves and Foreign Currency Liquidity (IRFCL),DSD_IRFCL_PUB,INDICATOR,CL_IRFCL_INDICATOR_PUB,TRUE,IRFCLDT3_IRFCL5_SUTM_EC15_SHP_XDC,"Contingent short-term net drains on foreign currency assets (nominal value), Options in foreign currencies vis a  vis the domestic currency, Up to 1 month, In-the-money Options, At Current Exchange Rate, Short positions",NA
IRFCL,International Reserves and Foreign Currency Liquidity (IRFCL),DSD_IRFCL_PUB,INDICATOR,CL_IRFCL_INDICATOR_PUB,TRUE,IRFCLDT3_IRFCL5_SM3MUTY_EC15_SHP_EUR,"Contingent short-term net drains on foreign currency assets (nominal value), Options in foreign currencies vis a  vis the domestic currency, More than 3 months and up to 1 year, In-the-money Options, At Current Exchange Rate, Short positions",NA
IRFCL,International Reserves and Foreign Currency Liquidity (IRFCL),DSD_IRFCL_PUB,INDICATOR,CL_IRFCL_INDICATOR_PUB,TRUE,IRFCLDT3_IRFCL5_SM3MUTY_EC15_SHP_USD,"Contingent short-term net drains on foreign currency assets (nominal value), Options in foreign currencies vis a  vis the domestic currency, More than 3 months and up to 1 year, In-the-money Options, At Current Exchange Rate, Short positions",NA
IRFCL,International Reserves and Foreign Currency Liquidity (IRFCL),DSD_IRFCL_PUB,INDICATOR,CL_IRFCL_INDICATOR_PUB,TRUE,IRFCLDT3_IRFCL5_SM3MUTY_EC15_SHP_XDC,"Contingent short-term net drains on foreign currency assets (nominal value), Options in foreign currencies vis a  vis the domestic currency, More than 3 months and up to 1 year, In-the-money Options, At Current Exchange Rate, Short positions",NA
IRFCL,International Reserves and Foreign Currency Liquidity (IRFCL),DSD_IRFCL_PUB,INDICATOR,CL_IRFCL_INDICATOR_PUB,TRUE,IRFCLDT3_IRFCL5T_EC15_SHP_EUR,"Contingent short-term net drains on foreign currency assets (nominal value), Total options in foreign currencies vis-a-vis the domestic currency, In-the-money Options, At Current Exchange Rate, Short positions",NA
IRFCL,International Reserves and Foreign Currency Liquidity (IRFCL),DSD_IRFCL_PUB,INDICATOR,CL_IRFCL_INDICATOR_PUB,TRUE,IRFCLDT3_IRFCL5T_EC15_SHP_USD,"Contingent short-term net drains on foreign currency assets (nominal value), Total options in foreign currencies vis-a-vis the domestic currency, In-the-money Options, At Current Exchange Rate, Short positions",NA
IRFCL,International Reserves and Foreign Currency Liquidity (IRFCL),DSD_IRFCL_PUB,INDICATOR,CL_IRFCL_INDICATOR_PUB,TRUE,IRFCLDT3_IRFCL5T_EC15_SHP_XDC,"Contingent short-term net drains on foreign currency assets (nominal value), Total options in foreign currencies vis-a-vis the domestic currency, In-the-money Options, At Current Exchange Rate, Short positions",NA
IRFCL,International Reserves and Foreign Currency Liquidity (IRFCL),DSD_IRFCL_PUB,INDICATOR,CL_IRFCL_INDICATOR_PUB,TRUE,IRFCLDT3_IRFCL5_SM1MUT3M_EC14_LP_EUR,"Contingent short-term net drains on foreign currency assets (nominal value), Options in foreign currencies vis a  vis the domestic currency, More than 1 and up to 3 months, In-the-money Options, + 5 % (Depreciation of 5%), Long positions",NA
IRFCL,International Reserves and Foreign Currency Liquidity (IRFCL),DSD_IRFCL_PUB,INDICATOR,CL_IRFCL_INDICATOR_PUB,TRUE,IRFCLDT3_IRFCL5_SM1MUT3M_EC14_LP_USD,"Contingent short-term net drains on foreign currency assets (nominal value), Options in foreign currencies vis a  vis the domestic currency, More than 1 and up to 3 months, In-the-money Options, + 5 % (Depreciation of 5%), Long positions",NA
IRFCL,International Reserves and Foreign Currency Liquidity (IRFCL),DSD_IRFCL_PUB,INDICATOR,CL_IRFCL_INDICATOR_PUB,TRUE,IRFCLDT3_IRFCL5_SM1MUT3M_EC14_LP_XDC,"Contingent short-term net drains on foreign currency assets (nominal value), Options in foreign currencies vis a  vis the domestic currency, More than 1 and up to 3 months, In-the-money Options, + 5 % (Depreciation of 5%), Long positions",NA
IRFCL,International Reserves and Foreign Currency Liquidity (IRFCL),DSD_IRFCL_PUB,INDICATOR,CL_IRFCL_INDICATOR_PUB,TRUE,IRFCLDT3_IRFCL5_SUTM_EC14_LP_EUR,"Contingent short-term net drains on foreign currency assets (nominal value), Options in foreign currencies vis a  vis the domestic currency, Up to 1 month, In-the-money Options, + 5 % (Depreciation of 5%), Long positions",NA
IRFCL,International Reserves and Foreign Currency Liquidity (IRFCL),DSD_IRFCL_PUB,INDICATOR,CL_IRFCL_INDICATOR_PUB,TRUE,IRFCLDT3_IRFCL5_SUTM_EC14_LP_USD,"Contingent short-term net drains on foreign currency assets (nominal value), Options in foreign currencies vis a  vis the domestic currency, Up to 1 month, In-the-money Options, + 5 % (Depreciation of 5%), Long positions",NA
IRFCL,International Reserves and Foreign Currency Liquidity (IRFCL),DSD_IRFCL_PUB,INDICATOR,CL_IRFCL_INDICATOR_PUB,TRUE,IRFCLDT3_IRFCL5_SUTM_EC14_LP_XDC,"Contingent short-term net drains on foreign currency assets (nominal value), Options in foreign currencies vis a  vis the domestic currency, Up to 1 month, In-the-money Options, + 5 % (Depreciation of 5%), Long positions",NA
IRFCL,International Reserves and Foreign Currency Liquidity (IRFCL),DSD_IRFCL_PUB,INDICATOR,CL_IRFCL_INDICATOR_PUB,TRUE,IRFCLDT3_IRFCL5_SM3MUTY_EC14_LP_EUR,"Contingent short-term net drains on foreign currency assets (nominal value), Options in foreign currencies vis a  vis the domestic currency, More than 3 months and up to 1 year, In-the-money Options, + 5 % (Depreciation of 5%), Long positions",NA
IRFCL,International Reserves and Foreign Currency Liquidity (IRFCL),DSD_IRFCL_PUB,INDICATOR,CL_IRFCL_INDICATOR_PUB,TRUE,IRFCLDT3_IRFCL5_SM3MUTY_EC14_LP_USD,"Contingent short-term net drains on foreign currency assets (nominal value), Options in foreign currencies vis a  vis the domestic currency, More than 3 months and up to 1 year, In-the-money Options, + 5 % (Depreciation of 5%), Long positions",NA
IRFCL,International Reserves and Foreign Currency Liquidity (IRFCL),DSD_IRFCL_PUB,INDICATOR,CL_IRFCL_INDICATOR_PUB,TRUE,IRFCLDT3_IRFCL5_SM3MUTY_EC14_LP_XDC,"Contingent short-term net drains on foreign currency assets (nominal value), Options in foreign currencies vis a  vis the domestic currency, More than 3 months and up to 1 year, In-the-money Options, + 5 % (Depreciation of 5%), Long positions",NA
IRFCL,International Reserves and Foreign Currency Liquidity (IRFCL),DSD_IRFCL_PUB,INDICATOR,CL_IRFCL_INDICATOR_PUB,TRUE,IRFCLDT3_IRFCL5T_EC14_LP_EUR,"Contingent short-term net drains on foreign currency assets (nominal value), Total options in foreign currencies vis-a-vis the domestic currency, In-the-money Options, + 5 % (Depreciation of 5%), Long positions",NA
IRFCL,International Reserves and Foreign Currency Liquidity (IRFCL),DSD_IRFCL_PUB,INDICATOR,CL_IRFCL_INDICATOR_PUB,TRUE,IRFCLDT3_IRFCL5T_EC14_LP_USD,"Contingent short-term net drains on foreign currency assets (nominal value), Total options in foreign currencies vis-a-vis the domestic currency, In-the-money Options, + 5 % (Depreciation of 5%), Long positions",NA
IRFCL,International Reserves and Foreign Currency Liquidity (IRFCL),DSD_IRFCL_PUB,INDICATOR,CL_IRFCL_INDICATOR_PUB,TRUE,IRFCLDT3_IRFCL5T_EC14_LP_XDC,"Contingent short-term net drains on foreign currency assets (nominal value), Total options in foreign currencies vis-a-vis the domestic currency, In-the-money Options, + 5 % (Depreciation of 5%), Long positions",NA
IRFCL,International Reserves and Foreign Currency Liquidity (IRFCL),DSD_IRFCL_PUB,INDICATOR,CL_IRFCL_INDICATOR_PUB,TRUE,IRFCLDT3_IRFCL5_SM1MUT3M_EC14_SHP_EUR,"Contingent short-term net drains on foreign currency assets (nominal value), Options in foreign currencies vis a  vis the domestic currency, More than 1 and up to 3 months, In-the-money Options, + 5 % (Depreciation of 5%), Short positions",NA
IRFCL,International Reserves and Foreign Currency Liquidity (IRFCL),DSD_IRFCL_PUB,INDICATOR,CL_IRFCL_INDICATOR_PUB,TRUE,IRFCLDT3_IRFCL5_SM1MUT3M_EC14_SHP_USD,"Contingent short-term net drains on foreign currency assets (nominal value), Options in foreign currencies vis a  vis the domestic currency, More than 1 and up to 3 months, In-the-money Options, + 5 % (Depreciation of 5%), Short positions",NA
IRFCL,International Reserves and Foreign Currency Liquidity (IRFCL),DSD_IRFCL_PUB,INDICATOR,CL_IRFCL_INDICATOR_PUB,TRUE,IRFCLDT3_IRFCL5_SM1MUT3M_EC14_SHP_XDC,"Contingent short-term net drains on foreign currency assets (nominal value), Options in foreign currencies vis a  vis the domestic currency, More than 1 and up to 3 months, In-the-money Options, + 5 % (Depreciation of 5%), Short positions",NA
IRFCL,International Reserves and Foreign Currency Liquidity (IRFCL),DSD_IRFCL_PUB,INDICATOR,CL_IRFCL_INDICATOR_PUB,TRUE,IRFCLDT3_IRFCL5_SUTM_EC14_SHP_EUR,"Contingent short-term net drains on foreign currency assets (nominal value), Options in foreign currencies vis a  vis the domestic currency, Up to 1 month, In-the-money Options, + 5 % (Depreciation of 5%), Short positions",NA
IRFCL,International Reserves and Foreign Currency Liquidity (IRFCL),DSD_IRFCL_PUB,INDICATOR,CL_IRFCL_INDICATOR_PUB,TRUE,IRFCLDT3_IRFCL5_SUTM_EC14_SHP_USD,"Contingent short-term net drains on foreign currency assets (nominal value), Options in foreign currencies vis a  vis the domestic currency, Up to 1 month, In-the-money Options, + 5 % (Depreciation of 5%), Short positions",NA
IRFCL,International Reserves and Foreign Currency Liquidity (IRFCL),DSD_IRFCL_PUB,INDICATOR,CL_IRFCL_INDICATOR_PUB,TRUE,IRFCLDT3_IRFCL5_SUTM_EC14_SHP_XDC,"Contingent short-term net drains on foreign currency assets (nominal value), Options in foreign currencies vis a  vis the domestic currency, Up to 1 month, In-the-money Options, + 5 % (Depreciation of 5%), Short positions",NA
IRFCL,International Reserves and Foreign Currency Liquidity (IRFCL),DSD_IRFCL_PUB,INDICATOR,CL_IRFCL_INDICATOR_PUB,TRUE,IRFCLDT3_IRFCL5_SM3MUTY_EC14_SHP_EUR,"Contingent short-term net drains on foreign currency assets (nominal value), Options in foreign currencies vis a  vis the domestic currency, More than 3 months and up to 1 year, In-the-money Options, + 5 % (Depreciation of 5%), Short positions",NA
IRFCL,International Reserves and Foreign Currency Liquidity (IRFCL),DSD_IRFCL_PUB,INDICATOR,CL_IRFCL_INDICATOR_PUB,TRUE,IRFCLDT3_IRFCL5_SM3MUTY_EC14_SHP_USD,"Contingent short-term net drains on foreign currency assets (nominal value), Options in foreign currencies vis a  vis the domestic currency, More than 3 months and up to 1 year, In-the-money Options, + 5 % (Depreciation of 5%), Short positions",NA
IRFCL,International Reserves and Foreign Currency Liquidity (IRFCL),DSD_IRFCL_PUB,INDICATOR,CL_IRFCL_INDICATOR_PUB,TRUE,IRFCLDT3_IRFCL5_SM3MUTY_EC14_SHP_XDC,"Contingent short-term net drains on foreign currency assets (nominal value), Options in foreign currencies vis a  vis the domestic currency, More than 3 months and up to 1 year, In-the-money Options, + 5 % (Depreciation of 5%), Short positions",NA
IRFCL,International Reserves and Foreign Currency Liquidity (IRFCL),DSD_IRFCL_PUB,INDICATOR,CL_IRFCL_INDICATOR_PUB,TRUE,IRFCLDT3_IRFCL5T_EC14_SHP_EUR,"Contingent short-term net drains on foreign currency assets (nominal value), Total options in foreign currencies vis-a-vis the domestic currency, In-the-money Options, + 5 % (Depreciation of 5%), Short positions",NA
IRFCL,International Reserves and Foreign Currency Liquidity (IRFCL),DSD_IRFCL_PUB,INDICATOR,CL_IRFCL_INDICATOR_PUB,TRUE,IRFCLDT3_IRFCL5T_EC14_SHP_USD,"Contingent short-term net drains on foreign currency assets (nominal value), Total options in foreign currencies vis-a-vis the domestic currency, In-the-money Options, + 5 % (Depreciation of 5%), Short positions",NA
IRFCL,International Reserves and Foreign Currency Liquidity (IRFCL),DSD_IRFCL_PUB,INDICATOR,CL_IRFCL_INDICATOR_PUB,TRUE,IRFCLDT3_IRFCL5T_EC14_SHP_XDC,"Contingent short-term net drains on foreign currency assets (nominal value), Total options in foreign currencies vis-a-vis the domestic currency, In-the-money Options, + 5 % (Depreciation of 5%), Short positions",NA
IRFCL,International Reserves and Foreign Currency Liquidity (IRFCL),DSD_IRFCL_PUB,INDICATOR,CL_IRFCL_INDICATOR_PUB,TRUE,IRFCLDT3_IRFCL5_SM1MUT3M_EC12_LP_EUR,"Contingent short-term net drains on foreign currency assets (nominal value), Options in foreign currencies vis a  vis the domestic currency, More than 1 and up to 3 months, In-the-money Options, - 5 % (Appreciation of 5%), Long positions",NA
IRFCL,International Reserves and Foreign Currency Liquidity (IRFCL),DSD_IRFCL_PUB,INDICATOR,CL_IRFCL_INDICATOR_PUB,TRUE,IRFCLDT3_IRFCL5_SM1MUT3M_EC12_LP_USD,"Contingent short-term net drains on foreign currency assets (nominal value), Options in foreign currencies vis a  vis the domestic currency, More than 1 and up to 3 months, In-the-money Options, - 5 % (Appreciation of 5%), Long positions",NA
IRFCL,International Reserves and Foreign Currency Liquidity (IRFCL),DSD_IRFCL_PUB,INDICATOR,CL_IRFCL_INDICATOR_PUB,TRUE,IRFCLDT3_IRFCL5_SM1MUT3M_EC12_LP_XDC,"Contingent short-term net drains on foreign currency assets (nominal value), Options in foreign currencies vis a  vis the domestic currency, More than 1 and up to 3 months, In-the-money Options, - 5 % (Appreciation of 5%), Long positions",NA
IRFCL,International Reserves and Foreign Currency Liquidity (IRFCL),DSD_IRFCL_PUB,INDICATOR,CL_IRFCL_INDICATOR_PUB,TRUE,IRFCLDT3_IRFCL5_SUTM_EC12_LP_EUR,"Contingent short-term net drains on foreign currency assets (nominal value), Options in foreign currencies vis a  vis the domestic currency, Up to 1 month, In-the-money Options, - 5 % (Appreciation of 5%), Long positions",NA
IRFCL,International Reserves and Foreign Currency Liquidity (IRFCL),DSD_IRFCL_PUB,INDICATOR,CL_IRFCL_INDICATOR_PUB,TRUE,IRFCLDT3_IRFCL5_SUTM_EC12_LP_USD,"Contingent short-term net drains on foreign currency assets (nominal value), Options in foreign currencies vis a  vis the domestic currency, Up to 1 month, In-the-money Options, - 5 % (Appreciation of 5%), Long positions",NA
IRFCL,International Reserves and Foreign Currency Liquidity (IRFCL),DSD_IRFCL_PUB,INDICATOR,CL_IRFCL_INDICATOR_PUB,TRUE,IRFCLDT3_IRFCL5_SUTM_EC12_LP_XDC,"Contingent short-term net drains on foreign currency assets (nominal value), Options in foreign currencies vis a  vis the domestic currency, Up to 1 month, In-the-money Options, - 5 % (Appreciation of 5%), Long positions",NA
IRFCL,International Reserves and Foreign Currency Liquidity (IRFCL),DSD_IRFCL_PUB,INDICATOR,CL_IRFCL_INDICATOR_PUB,TRUE,IRFCLDT3_IRFCL5_SM3MUTY_EC12_LP_EUR,"Contingent short-term net drains on foreign currency assets (nominal value), Options in foreign currencies vis a  vis the domestic currency, More than 3 months and up to 1 year, In-the-money Options, - 5 % (Appreciation of 5%), Long positions",NA
IRFCL,International Reserves and Foreign Currency Liquidity (IRFCL),DSD_IRFCL_PUB,INDICATOR,CL_IRFCL_INDICATOR_PUB,TRUE,IRFCLDT3_IRFCL5_SM3MUTY_EC12_LP_USD,"Contingent short-term net drains on foreign currency assets (nominal value), Options in foreign currencies vis a  vis the domestic currency, More than 3 months and up to 1 year, In-the-money Options, - 5 % (Appreciation of 5%), Long positions",NA
IRFCL,International Reserves and Foreign Currency Liquidity (IRFCL),DSD_IRFCL_PUB,INDICATOR,CL_IRFCL_INDICATOR_PUB,TRUE,IRFCLDT3_IRFCL5_SM3MUTY_EC12_LP_XDC,"Contingent short-term net drains on foreign currency assets (nominal value), Options in foreign currencies vis a  vis the domestic currency, More than 3 months and up to 1 year, In-the-money Options, - 5 % (Appreciation of 5%), Long positions",NA
IRFCL,International Reserves and Foreign Currency Liquidity (IRFCL),DSD_IRFCL_PUB,INDICATOR,CL_IRFCL_INDICATOR_PUB,TRUE,IRFCLDT3_IRFCL5T_EC12_LP_EUR,"Contingent short-term net drains on foreign currency assets (nominal value), Total options in foreign currencies vis-a-vis the domestic currency, In-the-money Options, - 5 % (Appreciation of 5%), Long positions",NA
IRFCL,International Reserves and Foreign Currency Liquidity (IRFCL),DSD_IRFCL_PUB,INDICATOR,CL_IRFCL_INDICATOR_PUB,TRUE,IRFCLDT3_IRFCL5T_EC12_LP_USD,"Contingent short-term net drains on foreign currency assets (nominal value), Total options in foreign currencies vis-a-vis the domestic currency, In-the-money Options, - 5 % (Appreciation of 5%), Long positions",NA
IRFCL,International Reserves and Foreign Currency Liquidity (IRFCL),DSD_IRFCL_PUB,INDICATOR,CL_IRFCL_INDICATOR_PUB,TRUE,IRFCLDT3_IRFCL5T_EC12_LP_XDC,"Contingent short-term net drains on foreign currency assets (nominal value), Total options in foreign currencies vis-a-vis the domestic currency, In-the-money Options, - 5 % (Appreciation of 5%), Long positions",NA
IRFCL,International Reserves and Foreign Currency Liquidity (IRFCL),DSD_IRFCL_PUB,INDICATOR,CL_IRFCL_INDICATOR_PUB,TRUE,IRFCLDT3_IRFCL5_SM1MUT3M_EC12_SHP_EUR,"Contingent short-term net drains on foreign currency assets (nominal value), Options in foreign currencies vis a  vis the domestic currency, More than 1 and up to 3 months, In-the-money Options, - 5 % (Appreciation of 5%), Short positions",NA
IRFCL,International Reserves and Foreign Currency Liquidity (IRFCL),DSD_IRFCL_PUB,INDICATOR,CL_IRFCL_INDICATOR_PUB,TRUE,IRFCLDT3_IRFCL5_SM1MUT3M_EC12_SHP_USD,"Contingent short-term net drains on foreign currency assets (nominal value), Options in foreign currencies vis a  vis the domestic currency, More than 1 and up to 3 months, In-the-money Options, - 5 % (Appreciation of 5%), Short positions",NA
IRFCL,International Reserves and Foreign Currency Liquidity (IRFCL),DSD_IRFCL_PUB,INDICATOR,CL_IRFCL_INDICATOR_PUB,TRUE,IRFCLDT3_IRFCL5_SM1MUT3M_EC12_SHP_XDC,"Contingent short-term net drains on foreign currency assets (nominal value), Options in foreign currencies vis a  vis the domestic currency, More than 1 and up to 3 months, In-the-money Options, - 5 % (Appreciation of 5%), Short positions",NA
IRFCL,International Reserves and Foreign Currency Liquidity (IRFCL),DSD_IRFCL_PUB,INDICATOR,CL_IRFCL_INDICATOR_PUB,TRUE,IRFCLDT3_IRFCL5_SUTM_EC12_SHP_EUR,"Contingent short-term net drains on foreign currency assets (nominal value), Options in foreign currencies vis a  vis the domestic currency, Up to 1 month, In-the-money Options, - 5 % (Appreciation of 5%), Short positions",NA
IRFCL,International Reserves and Foreign Currency Liquidity (IRFCL),DSD_IRFCL_PUB,INDICATOR,CL_IRFCL_INDICATOR_PUB,TRUE,IRFCLDT3_IRFCL5_SUTM_EC12_SHP_USD,"Contingent short-term net drains on foreign currency assets (nominal value), Options in foreign currencies vis a  vis the domestic currency, Up to 1 month, In-the-money Options, - 5 % (Appreciation of 5%), Short positions",NA
IRFCL,International Reserves and Foreign Currency Liquidity (IRFCL),DSD_IRFCL_PUB,INDICATOR,CL_IRFCL_INDICATOR_PUB,TRUE,IRFCLDT3_IRFCL5_SUTM_EC12_SHP_XDC,"Contingent short-term net drains on foreign currency assets (nominal value), Options in foreign currencies vis a  vis the domestic currency, Up to 1 month, In-the-money Options, - 5 % (Appreciation of 5%), Short positions",NA
IRFCL,International Reserves and Foreign Currency Liquidity (IRFCL),DSD_IRFCL_PUB,INDICATOR,CL_IRFCL_INDICATOR_PUB,TRUE,IRFCLDT3_IRFCL5_SM3MUTY_EC12_SHP_EUR,"Contingent short-term net drains on foreign currency assets (nominal value), Options in foreign currencies vis a  vis the domestic currency, More than 3 months and up to 1 year, In-the-money Options, - 5 % (Appreciation of 5%), Short positions",NA
IRFCL,International Reserves and Foreign Currency Liquidity (IRFCL),DSD_IRFCL_PUB,INDICATOR,CL_IRFCL_INDICATOR_PUB,TRUE,IRFCLDT3_IRFCL5_SM3MUTY_EC12_SHP_USD,"Contingent short-term net drains on foreign currency assets (nominal value), Options in foreign currencies vis a  vis the domestic currency, More than 3 months and up to 1 year, In-the-money Options, - 5 % (Appreciation of 5%), Short positions",NA
IRFCL,International Reserves and Foreign Currency Liquidity (IRFCL),DSD_IRFCL_PUB,INDICATOR,CL_IRFCL_INDICATOR_PUB,TRUE,IRFCLDT3_IRFCL5_SM3MUTY_EC12_SHP_XDC,"Contingent short-term net drains on foreign currency assets (nominal value), Options in foreign currencies vis a  vis the domestic currency, More than 3 months and up to 1 year, In-the-money Options, - 5 % (Appreciation of 5%), Short positions",NA
IRFCL,International Reserves and Foreign Currency Liquidity (IRFCL),DSD_IRFCL_PUB,INDICATOR,CL_IRFCL_INDICATOR_PUB,TRUE,IRFCLDT3_IRFCL5T_EC12_SHP_EUR,"Contingent short-term net drains on foreign currency assets (nominal value), Total options in foreign currencies vis-a-vis the domestic currency, In-the-money Options, - 5 % (Appreciation of 5%), Short positions",NA
IRFCL,International Reserves and Foreign Currency Liquidity (IRFCL),DSD_IRFCL_PUB,INDICATOR,CL_IRFCL_INDICATOR_PUB,TRUE,IRFCLDT3_IRFCL5T_EC12_SHP_USD,"Contingent short-term net drains on foreign currency assets (nominal value), Total options in foreign currencies vis-a-vis the domestic currency, In-the-money Options, - 5 % (Appreciation of 5%), Short positions",NA
IRFCL,International Reserves and Foreign Currency Liquidity (IRFCL),DSD_IRFCL_PUB,INDICATOR,CL_IRFCL_INDICATOR_PUB,TRUE,IRFCLDT3_IRFCL5T_EC12_SHP_XDC,"Contingent short-term net drains on foreign currency assets (nominal value), Total options in foreign currencies vis-a-vis the domestic currency, In-the-money Options, - 5 % (Appreciation of 5%), Short positions",NA
IRFCL,International Reserves and Foreign Currency Liquidity (IRFCL),DSD_IRFCL_PUB,INDICATOR,CL_IRFCL_INDICATOR_PUB,TRUE,IRFCLDT3_IRFCL5_SM1MUT3M_EC5_LP_EUR,"Contingent short-term net drains on foreign currency assets (nominal value), Options in foreign currencies vis a  vis the domestic currency, More than 1 and up to 3 months, In-the-money Options, +10 % (Depreciation of 10%), Long positions",NA
IRFCL,International Reserves and Foreign Currency Liquidity (IRFCL),DSD_IRFCL_PUB,INDICATOR,CL_IRFCL_INDICATOR_PUB,TRUE,IRFCLDT3_IRFCL5_SM1MUT3M_EC5_LP_USD,"Contingent short-term net drains on foreign currency assets (nominal value), Options in foreign currencies vis a  vis the domestic currency, More than 1 and up to 3 months, In-the-money Options, +10 % (Depreciation of 10%), Long positions",NA
IRFCL,International Reserves and Foreign Currency Liquidity (IRFCL),DSD_IRFCL_PUB,INDICATOR,CL_IRFCL_INDICATOR_PUB,TRUE,IRFCLDT3_IRFCL5_SM1MUT3M_EC5_LP_XDC,"Contingent short-term net drains on foreign currency assets (nominal value), Options in foreign currencies vis a  vis the domestic currency, More than 1 and up to 3 months, In-the-money Options, +10 % (Depreciation of 10%), Long positions",NA
IRFCL,International Reserves and Foreign Currency Liquidity (IRFCL),DSD_IRFCL_PUB,INDICATOR,CL_IRFCL_INDICATOR_PUB,TRUE,IRFCLDT3_IRFCL5_SUTM_EC5_LP_EUR,"Contingent short-term net drains on foreign currency assets (nominal value), Options in foreign currencies vis a  vis the domestic currency, Up to 1 month, In-the-money Options, +10 % (Depreciation of 10%), Long positions",NA
IRFCL,International Reserves and Foreign Currency Liquidity (IRFCL),DSD_IRFCL_PUB,INDICATOR,CL_IRFCL_INDICATOR_PUB,TRUE,IRFCLDT3_IRFCL5_SUTM_EC5_LP_USD,"Contingent short-term net drains on foreign currency assets (nominal value), Options in foreign currencies vis a  vis the domestic currency, Up to 1 month, In-the-money Options, +10 % (Depreciation of 10%), Long positions",NA
IRFCL,International Reserves and Foreign Currency Liquidity (IRFCL),DSD_IRFCL_PUB,INDICATOR,CL_IRFCL_INDICATOR_PUB,TRUE,IRFCLDT3_IRFCL5_SUTM_EC5_LP_XDC,"Contingent short-term net drains on foreign currency assets (nominal value), Options in foreign currencies vis a  vis the domestic currency, Up to 1 month, In-the-money Options, +10 % (Depreciation of 10%), Long positions",NA
IRFCL,International Reserves and Foreign Currency Liquidity (IRFCL),DSD_IRFCL_PUB,INDICATOR,CL_IRFCL_INDICATOR_PUB,TRUE,IRFCLDT3_IRFCL5_SM3MUTY_EC5_LP_EUR,"Contingent short-term net drains on foreign currency assets (nominal value), Options in foreign currencies vis a  vis the domestic currency, More than 3 months and up to 1 year, In-the-money Options, +10 % (Depreciation of 10%), Long positions",NA
IRFCL,International Reserves and Foreign Currency Liquidity (IRFCL),DSD_IRFCL_PUB,INDICATOR,CL_IRFCL_INDICATOR_PUB,TRUE,IRFCLDT3_IRFCL5_SM3MUTY_EC5_LP_USD,"Contingent short-term net drains on foreign currency assets (nominal value), Options in foreign currencies vis a  vis the domestic currency, More than 3 months and up to 1 year, In-the-money Options, +10 % (Depreciation of 10%), Long positions",NA
IRFCL,International Reserves and Foreign Currency Liquidity (IRFCL),DSD_IRFCL_PUB,INDICATOR,CL_IRFCL_INDICATOR_PUB,TRUE,IRFCLDT3_IRFCL5_SM3MUTY_EC5_LP_XDC,"Contingent short-term net drains on foreign currency assets (nominal value), Options in foreign currencies vis a  vis the domestic currency, More than 3 months and up to 1 year, In-the-money Options, +10 % (Depreciation of 10%), Long positions",NA
IRFCL,International Reserves and Foreign Currency Liquidity (IRFCL),DSD_IRFCL_PUB,INDICATOR,CL_IRFCL_INDICATOR_PUB,TRUE,IRFCLDT3_IRFCL5T_EC13_LP_EUR,"Contingent short-term net drains on foreign currency assets (nominal value), Total options in foreign currencies vis-a-vis the domestic currency, In-the-money Options, + 10 % (Depreciation of 10%), Long positions",NA
IRFCL,International Reserves and Foreign Currency Liquidity (IRFCL),DSD_IRFCL_PUB,INDICATOR,CL_IRFCL_INDICATOR_PUB,TRUE,IRFCLDT3_IRFCL5T_EC13_LP_USD,"Contingent short-term net drains on foreign currency assets (nominal value), Total options in foreign currencies vis-a-vis the domestic currency, In-the-money Options, + 10 % (Depreciation of 10%), Long positions",NA
IRFCL,International Reserves and Foreign Currency Liquidity (IRFCL),DSD_IRFCL_PUB,INDICATOR,CL_IRFCL_INDICATOR_PUB,TRUE,IRFCLDT3_IRFCL5T_EC13_LP_XDC,"Contingent short-term net drains on foreign currency assets (nominal value), Total options in foreign currencies vis-a-vis the domestic currency, In-the-money Options, + 10 % (Depreciation of 10%), Long positions",NA
IRFCL,International Reserves and Foreign Currency Liquidity (IRFCL),DSD_IRFCL_PUB,INDICATOR,CL_IRFCL_INDICATOR_PUB,TRUE,IRFCLDT3_IRFCL5_SM1MUT3M_EC5_SHP_EUR,"Contingent short-term net drains on foreign currency assets (nominal value), Options in foreign currencies vis a  vis the domestic currency, More than 1 and up to 3 months, In-the-money Options, +10 % (Depreciation of 10%), Short positions",NA
IRFCL,International Reserves and Foreign Currency Liquidity (IRFCL),DSD_IRFCL_PUB,INDICATOR,CL_IRFCL_INDICATOR_PUB,TRUE,IRFCLDT3_IRFCL5_SM1MUT3M_EC5_SHP_USD,"Contingent short-term net drains on foreign currency assets (nominal value), Options in foreign currencies vis a  vis the domestic currency, More than 1 and up to 3 months, In-the-money Options, +10 % (Depreciation of 10%), Short positions",NA
IRFCL,International Reserves and Foreign Currency Liquidity (IRFCL),DSD_IRFCL_PUB,INDICATOR,CL_IRFCL_INDICATOR_PUB,TRUE,IRFCLDT3_IRFCL5_SM1MUT3M_EC5_SHP_XDC,"Contingent short-term net drains on foreign currency assets (nominal value), Options in foreign currencies vis a  vis the domestic currency, More than 1 and up to 3 months, In-the-money Options, +10 % (Depreciation of 10%), Short positions",NA
IRFCL,International Reserves and Foreign Currency Liquidity (IRFCL),DSD_IRFCL_PUB,INDICATOR,CL_IRFCL_INDICATOR_PUB,TRUE,IRFCLDT3_IRFCL5_SUTM_EC5_SHP_EUR,"Contingent short-term net drains on foreign currency assets (nominal value), Options in foreign currencies vis a  vis the domestic currency, Up to 1 month, In-the-money Options, +10 % (Depreciation of 10%), Short positions",NA
IRFCL,International Reserves and Foreign Currency Liquidity (IRFCL),DSD_IRFCL_PUB,INDICATOR,CL_IRFCL_INDICATOR_PUB,TRUE,IRFCLDT3_IRFCL5_SUTM_EC5_SHP_USD,"Contingent short-term net drains on foreign currency assets (nominal value), Options in foreign currencies vis a  vis the domestic currency, Up to 1 month, In-the-money Options, +10 % (Depreciation of 10%), Short positions",NA
IRFCL,International Reserves and Foreign Currency Liquidity (IRFCL),DSD_IRFCL_PUB,INDICATOR,CL_IRFCL_INDICATOR_PUB,TRUE,IRFCLDT3_IRFCL5_SUTM_EC5_SHP_XDC,"Contingent short-term net drains on foreign currency assets (nominal value), Options in foreign currencies vis a  vis the domestic currency, Up to 1 month, In-the-money Options, +10 % (Depreciation of 10%), Short positions",NA
IRFCL,International Reserves and Foreign Currency Liquidity (IRFCL),DSD_IRFCL_PUB,INDICATOR,CL_IRFCL_INDICATOR_PUB,TRUE,IRFCLDT3_IRFCL5_SM3MUTY_EC5_SHP_EUR,"Contingent short-term net drains on foreign currency assets (nominal value), Options in foreign currencies vis a  vis the domestic currency, More than 3 months and up to 1 year, In-the-money Options, +10 % (Depreciation of 10%), Short positions",NA
IRFCL,International Reserves and Foreign Currency Liquidity (IRFCL),DSD_IRFCL_PUB,INDICATOR,CL_IRFCL_INDICATOR_PUB,TRUE,IRFCLDT3_IRFCL5_SM3MUTY_EC5_SHP_USD,"Contingent short-term net drains on foreign currency assets (nominal value), Options in foreign currencies vis a  vis the domestic currency, More than 3 months and up to 1 year, In-the-money Options, +10 % (Depreciation of 10%), Short positions",NA
IRFCL,International Reserves and Foreign Currency Liquidity (IRFCL),DSD_IRFCL_PUB,INDICATOR,CL_IRFCL_INDICATOR_PUB,TRUE,IRFCLDT3_IRFCL5_SM3MUTY_EC5_SHP_XDC,"Contingent short-term net drains on foreign currency assets (nominal value), Options in foreign currencies vis a  vis the domestic currency, More than 3 months and up to 1 year, In-the-money Options, +10 % (Depreciation of 10%), Short positions",NA
IRFCL,International Reserves and Foreign Currency Liquidity (IRFCL),DSD_IRFCL_PUB,INDICATOR,CL_IRFCL_INDICATOR_PUB,TRUE,IRFCLDT3_IRFCL5T_EC13_SHP_EUR,"Contingent short-term net drains on foreign currency assets (nominal value), Total options in foreign currencies vis-a-vis the domestic currency, In-the-money Options, + 10 % (Depreciation of 10%), Short positions",NA
IRFCL,International Reserves and Foreign Currency Liquidity (IRFCL),DSD_IRFCL_PUB,INDICATOR,CL_IRFCL_INDICATOR_PUB,TRUE,IRFCLDT3_IRFCL5T_EC13_SHP_USD,"Contingent short-term net drains on foreign currency assets (nominal value), Total options in foreign currencies vis-a-vis the domestic currency, In-the-money Options, + 10 % (Depreciation of 10%), Short positions",NA
IRFCL,International Reserves and Foreign Currency Liquidity (IRFCL),DSD_IRFCL_PUB,INDICATOR,CL_IRFCL_INDICATOR_PUB,TRUE,IRFCLDT3_IRFCL5T_EC13_SHP_XDC,"Contingent short-term net drains on foreign currency assets (nominal value), Total options in foreign currencies vis-a-vis the domestic currency, In-the-money Options, + 10 % (Depreciation of 10%), Short positions",NA
IRFCL,International Reserves and Foreign Currency Liquidity (IRFCL),DSD_IRFCL_PUB,INDICATOR,CL_IRFCL_INDICATOR_PUB,TRUE,IRFCLDT3_IRFCL5_SM1MUT3M_EC11_LP_EUR,"Contingent short-term net drains on foreign currency assets (nominal value), Options in foreign currencies vis a  vis the domestic currency, More than 1 and up to 3 months, In-the-money Options, - 10 % (Appreciation of 10%), Long positions",NA
IRFCL,International Reserves and Foreign Currency Liquidity (IRFCL),DSD_IRFCL_PUB,INDICATOR,CL_IRFCL_INDICATOR_PUB,TRUE,IRFCLDT3_IRFCL5_SM1MUT3M_EC11_LP_USD,"Contingent short-term net drains on foreign currency assets (nominal value), Options in foreign currencies vis a  vis the domestic currency, More than 1 and up to 3 months, In-the-money Options, - 10 % (Appreciation of 10%), Long positions",NA
IRFCL,International Reserves and Foreign Currency Liquidity (IRFCL),DSD_IRFCL_PUB,INDICATOR,CL_IRFCL_INDICATOR_PUB,TRUE,IRFCLDT3_IRFCL5_SM1MUT3M_EC11_LP_XDC,"Contingent short-term net drains on foreign currency assets (nominal value), Options in foreign currencies vis a  vis the domestic currency, More than 1 and up to 3 months, In-the-money Options, - 10 % (Appreciation of 10%), Long positions",NA
IRFCL,International Reserves and Foreign Currency Liquidity (IRFCL),DSD_IRFCL_PUB,INDICATOR,CL_IRFCL_INDICATOR_PUB,TRUE,IRFCLDT3_IRFCL5_SUTM_EC11_LP_EUR,"Contingent short-term net drains on foreign currency assets (nominal value), Options in foreign currencies vis a  vis the domestic currency, Up to 1 month, In-the-money Options, - 10 % (Appreciation of 10%), Long positions",NA
IRFCL,International Reserves and Foreign Currency Liquidity (IRFCL),DSD_IRFCL_PUB,INDICATOR,CL_IRFCL_INDICATOR_PUB,TRUE,IRFCLDT3_IRFCL5_SUTM_EC11_LP_USD,"Contingent short-term net drains on foreign currency assets (nominal value), Options in foreign currencies vis a  vis the domestic currency, Up to 1 month, In-the-money Options, - 10 % (Appreciation of 10%), Long positions",NA
IRFCL,International Reserves and Foreign Currency Liquidity (IRFCL),DSD_IRFCL_PUB,INDICATOR,CL_IRFCL_INDICATOR_PUB,TRUE,IRFCLDT3_IRFCL5_SUTM_EC11_LP_XDC,"Contingent short-term net drains on foreign currency assets (nominal value), Options in foreign currencies vis a  vis the domestic currency, Up to 1 month, In-the-money Options, - 10 % (Appreciation of 10%), Long positions",NA
IRFCL,International Reserves and Foreign Currency Liquidity (IRFCL),DSD_IRFCL_PUB,INDICATOR,CL_IRFCL_INDICATOR_PUB,TRUE,IRFCLDT3_IRFCL5_SM3MUTY_EC11_LP_EUR,"Contingent short-term net drains on foreign currency assets (nominal value), Options in foreign currencies vis a  vis the domestic currency, More than 3 months and up to 1 year, In-the-money Options, - 10 % (Appreciation of 10%), Long positions",NA
IRFCL,International Reserves and Foreign Currency Liquidity (IRFCL),DSD_IRFCL_PUB,INDICATOR,CL_IRFCL_INDICATOR_PUB,TRUE,IRFCLDT3_IRFCL5_SM3MUTY_EC11_LP_USD,"Contingent short-term net drains on foreign currency assets (nominal value), Options in foreign currencies vis a  vis the domestic currency, More than 3 months and up to 1 year, In-the-money Options, - 10 % (Appreciation of 10%), Long positions",NA
IRFCL,International Reserves and Foreign Currency Liquidity (IRFCL),DSD_IRFCL_PUB,INDICATOR,CL_IRFCL_INDICATOR_PUB,TRUE,IRFCLDT3_IRFCL5_SM3MUTY_EC11_LP_XDC,"Contingent short-term net drains on foreign currency assets (nominal value), Options in foreign currencies vis a  vis the domestic currency, More than 3 months and up to 1 year, In-the-money Options, - 10 % (Appreciation of 10%), Long positions",NA
IRFCL,International Reserves and Foreign Currency Liquidity (IRFCL),DSD_IRFCL_PUB,INDICATOR,CL_IRFCL_INDICATOR_PUB,TRUE,IRFCLDT3_IRFCL5T_EC11_LP_EUR,"Contingent short-term net drains on foreign currency assets (nominal value), Total options in foreign currencies vis-a-vis the domestic currency, In-the-money Options, - 10 % (Appreciation of 10%), Long positions",NA
IRFCL,International Reserves and Foreign Currency Liquidity (IRFCL),DSD_IRFCL_PUB,INDICATOR,CL_IRFCL_INDICATOR_PUB,TRUE,IRFCLDT3_IRFCL5T_EC11_LP_USD,"Contingent short-term net drains on foreign currency assets (nominal value), Total options in foreign currencies vis-a-vis the domestic currency, In-the-money Options, - 10 % (Appreciation of 10%), Long positions",NA
IRFCL,International Reserves and Foreign Currency Liquidity (IRFCL),DSD_IRFCL_PUB,INDICATOR,CL_IRFCL_INDICATOR_PUB,TRUE,IRFCLDT3_IRFCL5T_EC11_LP_XDC,"Contingent short-term net drains on foreign currency assets (nominal value), Total options in foreign currencies vis-a-vis the domestic currency, In-the-money Options, - 10 % (Appreciation of 10%), Long positions",NA
IRFCL,International Reserves and Foreign Currency Liquidity (IRFCL),DSD_IRFCL_PUB,INDICATOR,CL_IRFCL_INDICATOR_PUB,TRUE,IRFCLDT3_IRFCL5_SM1MUT3M_EC11_SHP_EUR,"Contingent short-term net drains on foreign currency assets (nominal value), Options in foreign currencies vis a  vis the domestic currency, More than 1 and up to 3 months, In-the-money Options, - 10 % (Appreciation of 10%), Short positions",NA
IRFCL,International Reserves and Foreign Currency Liquidity (IRFCL),DSD_IRFCL_PUB,INDICATOR,CL_IRFCL_INDICATOR_PUB,TRUE,IRFCLDT3_IRFCL5_SM1MUT3M_EC11_SHP_USD,"Contingent short-term net drains on foreign currency assets (nominal value), Options in foreign currencies vis a  vis the domestic currency, More than 1 and up to 3 months, In-the-money Options, - 10 % (Appreciation of 10%), Short positions",NA
IRFCL,International Reserves and Foreign Currency Liquidity (IRFCL),DSD_IRFCL_PUB,INDICATOR,CL_IRFCL_INDICATOR_PUB,TRUE,IRFCLDT3_IRFCL5_SM1MUT3M_EC11_SHP_XDC,"Contingent short-term net drains on foreign currency assets (nominal value), Options in foreign currencies vis a  vis the domestic currency, More than 1 and up to 3 months, In-the-money Options, - 10 % (Appreciation of 10%), Short positions",NA
IRFCL,International Reserves and Foreign Currency Liquidity (IRFCL),DSD_IRFCL_PUB,INDICATOR,CL_IRFCL_INDICATOR_PUB,TRUE,IRFCLDT3_IRFCL5_SUTM_EC11_SHP_EUR,"Contingent short-term net drains on foreign currency assets (nominal value), Options in foreign currencies vis a  vis the domestic currency, Up to 1 month, In-the-money Options, - 10 % (Appreciation of 10%), Short positions",NA
IRFCL,International Reserves and Foreign Currency Liquidity (IRFCL),DSD_IRFCL_PUB,INDICATOR,CL_IRFCL_INDICATOR_PUB,TRUE,IRFCLDT3_IRFCL5_SUTM_EC11_SHP_USD,"Contingent short-term net drains on foreign currency assets (nominal value), Options in foreign currencies vis a  vis the domestic currency, Up to 1 month, In-the-money Options, - 10 % (Appreciation of 10%), Short positions",NA
IRFCL,International Reserves and Foreign Currency Liquidity (IRFCL),DSD_IRFCL_PUB,INDICATOR,CL_IRFCL_INDICATOR_PUB,TRUE,IRFCLDT3_IRFCL5_SUTM_EC11_SHP_XDC,"Contingent short-term net drains on foreign currency assets (nominal value), Options in foreign currencies vis a  vis the domestic currency, Up to 1 month, In-the-money Options, - 10 % (Appreciation of 10%), Short positions",NA
IRFCL,International Reserves and Foreign Currency Liquidity (IRFCL),DSD_IRFCL_PUB,INDICATOR,CL_IRFCL_INDICATOR_PUB,TRUE,IRFCLDT3_IRFCL5_SM3MUTY_EC11_SHP_EUR,"Contingent short-term net drains on foreign currency assets (nominal value), Options in foreign currencies vis a  vis the domestic currency, More than 3 months and up to 1 year, In-the-money Options, - 10 % (Appreciation of 10%), Short positions",NA
IRFCL,International Reserves and Foreign Currency Liquidity (IRFCL),DSD_IRFCL_PUB,INDICATOR,CL_IRFCL_INDICATOR_PUB,TRUE,IRFCLDT3_IRFCL5_SM3MUTY_EC11_SHP_USD,"Contingent short-term net drains on foreign currency assets (nominal value), Options in foreign currencies vis a  vis the domestic currency, More than 3 months and up to 1 year, In-the-money Options, - 10 % (Appreciation of 10%), Short positions",NA
IRFCL,International Reserves and Foreign Currency Liquidity (IRFCL),DSD_IRFCL_PUB,INDICATOR,CL_IRFCL_INDICATOR_PUB,TRUE,IRFCLDT3_IRFCL5_SM3MUTY_EC11_SHP_XDC,"Contingent short-term net drains on foreign currency assets (nominal value), Options in foreign currencies vis a  vis the domestic currency, More than 3 months and up to 1 year, In-the-money Options, - 10 % (Appreciation of 10%), Short positions",NA
IRFCL,International Reserves and Foreign Currency Liquidity (IRFCL),DSD_IRFCL_PUB,INDICATOR,CL_IRFCL_INDICATOR_PUB,TRUE,IRFCLDT3_IRFCL5T_EC11_SHP_EUR,"Contingent short-term net drains on foreign currency assets (nominal value), Total options in foreign currencies vis-a-vis the domestic currency, In-the-money Options, - 10 % (Appreciation of 10%), Short positions",NA
IRFCL,International Reserves and Foreign Currency Liquidity (IRFCL),DSD_IRFCL_PUB,INDICATOR,CL_IRFCL_INDICATOR_PUB,TRUE,IRFCLDT3_IRFCL5T_EC11_SHP_USD,"Contingent short-term net drains on foreign currency assets (nominal value), Total options in foreign currencies vis-a-vis the domestic currency, In-the-money Options, - 10 % (Appreciation of 10%), Short positions",NA
IRFCL,International Reserves and Foreign Currency Liquidity (IRFCL),DSD_IRFCL_PUB,INDICATOR,CL_IRFCL_INDICATOR_PUB,TRUE,IRFCLDT3_IRFCL5T_EC11_SHP_XDC,"Contingent short-term net drains on foreign currency assets (nominal value), Total options in foreign currencies vis-a-vis the domestic currency, In-the-money Options, - 10 % (Appreciation of 10%), Short positions",NA
IRFCL,International Reserves and Foreign Currency Liquidity (IRFCL),DSD_IRFCL_PUB,INDICATOR,CL_IRFCL_INDICATOR_PUB,TRUE,IRFCLDT3_IRFCL5_SM1MUT3M_EC10_LP_EUR,"Contingent short-term net drains on foreign currency assets (nominal value), Options in foreign currencies vis a  vis the domestic currency, More than 1 and up to 3 months, In-the-money Options, Other, Long positions",NA
IRFCL,International Reserves and Foreign Currency Liquidity (IRFCL),DSD_IRFCL_PUB,INDICATOR,CL_IRFCL_INDICATOR_PUB,TRUE,IRFCLDT3_IRFCL5_SM1MUT3M_EC10_LP_USD,"Contingent short-term net drains on foreign currency assets (nominal value), Options in foreign currencies vis a  vis the domestic currency, More than 1 and up to 3 months, In-the-money Options, Other, Long positions",NA
IRFCL,International Reserves and Foreign Currency Liquidity (IRFCL),DSD_IRFCL_PUB,INDICATOR,CL_IRFCL_INDICATOR_PUB,TRUE,IRFCLDT3_IRFCL5_SM1MUT3M_EC10_LP_XDC,"Contingent short-term net drains on foreign currency assets (nominal value), Options in foreign currencies vis a  vis the domestic currency, More than 1 and up to 3 months, In-the-money Options, Other, Long positions",NA
IRFCL,International Reserves and Foreign Currency Liquidity (IRFCL),DSD_IRFCL_PUB,INDICATOR,CL_IRFCL_INDICATOR_PUB,TRUE,IRFCLDT3_IRFCL5_SUTM_EC10_LP_EUR,"Contingent short-term net drains on foreign currency assets (nominal value), Options in foreign currencies vis a  vis the domestic currency, Up to 1 month, In-the-money Options, Other, Long positions",NA
IRFCL,International Reserves and Foreign Currency Liquidity (IRFCL),DSD_IRFCL_PUB,INDICATOR,CL_IRFCL_INDICATOR_PUB,TRUE,IRFCLDT3_IRFCL5_SUTM_EC10_LP_USD,"Contingent short-term net drains on foreign currency assets (nominal value), Options in foreign currencies vis a  vis the domestic currency, Up to 1 month, In-the-money Options, Other, Long positions",NA
IRFCL,International Reserves and Foreign Currency Liquidity (IRFCL),DSD_IRFCL_PUB,INDICATOR,CL_IRFCL_INDICATOR_PUB,TRUE,IRFCLDT3_IRFCL5_SUTM_EC10_LP_XDC,"Contingent short-term net drains on foreign currency assets (nominal value), Options in foreign currencies vis a  vis the domestic currency, Up to 1 month, In-the-money Options, Other, Long positions",NA
IRFCL,International Reserves and Foreign Currency Liquidity (IRFCL),DSD_IRFCL_PUB,INDICATOR,CL_IRFCL_INDICATOR_PUB,TRUE,IRFCLDT3_IRFCL5_SM3MUTY_EC10_LP_EUR,"Contingent short-term net drains on foreign currency assets (nominal value), Options in foreign currencies vis a  vis the domestic currency, More than 3 months and up to 1 year, In-the-money Options, Other, Long positions",NA
IRFCL,International Reserves and Foreign Currency Liquidity (IRFCL),DSD_IRFCL_PUB,INDICATOR,CL_IRFCL_INDICATOR_PUB,TRUE,IRFCLDT3_IRFCL5_SM3MUTY_EC10_LP_USD,"Contingent short-term net drains on foreign currency assets (nominal value), Options in foreign currencies vis a  vis the domestic currency, More than 3 months and up to 1 year, In-the-money Options, Other, Long positions",NA
IRFCL,International Reserves and Foreign Currency Liquidity (IRFCL),DSD_IRFCL_PUB,INDICATOR,CL_IRFCL_INDICATOR_PUB,TRUE,IRFCLDT3_IRFCL5_SM3MUTY_EC10_LP_XDC,"Contingent short-term net drains on foreign currency assets (nominal value), Options in foreign currencies vis a  vis the domestic currency, More than 3 months and up to 1 year, In-the-money Options, Other, Long positions",NA
IRFCL,International Reserves and Foreign Currency Liquidity (IRFCL),DSD_IRFCL_PUB,INDICATOR,CL_IRFCL_INDICATOR_PUB,TRUE,IRFCLDT3_IRFCL5T_EC10_LP_EUR,"Contingent short-term net drains on foreign currency assets (nominal value), Total options in foreign currencies vis-a-vis the domestic currency, In-the-money Options, Other, Long positions",NA
IRFCL,International Reserves and Foreign Currency Liquidity (IRFCL),DSD_IRFCL_PUB,INDICATOR,CL_IRFCL_INDICATOR_PUB,TRUE,IRFCLDT3_IRFCL5T_EC10_LP_USD,"Contingent short-term net drains on foreign currency assets (nominal value), Total options in foreign currencies vis-a-vis the domestic currency, In-the-money Options, Other, Long positions",NA
IRFCL,International Reserves and Foreign Currency Liquidity (IRFCL),DSD_IRFCL_PUB,INDICATOR,CL_IRFCL_INDICATOR_PUB,TRUE,IRFCLDT3_IRFCL5T_EC10_LP_XDC,"Contingent short-term net drains on foreign currency assets (nominal value), Total options in foreign currencies vis-a-vis the domestic currency, In-the-money Options, Other, Long positions",NA
IRFCL,International Reserves and Foreign Currency Liquidity (IRFCL),DSD_IRFCL_PUB,INDICATOR,CL_IRFCL_INDICATOR_PUB,TRUE,IRFCLDT3_IRFCL5_SM1MUT3M_EC10_SHP_EUR,"Contingent short-term net drains on foreign currency assets (nominal value), Options in foreign currencies vis a  vis the domestic currency, More than 1 and up to 3 months, In-the-money Options, Other, Short positions",NA
IRFCL,International Reserves and Foreign Currency Liquidity (IRFCL),DSD_IRFCL_PUB,INDICATOR,CL_IRFCL_INDICATOR_PUB,TRUE,IRFCLDT3_IRFCL5_SM1MUT3M_EC10_SHP_USD,"Contingent short-term net drains on foreign currency assets (nominal value), Options in foreign currencies vis a  vis the domestic currency, More than 1 and up to 3 months, In-the-money Options, Other, Short positions",NA
IRFCL,International Reserves and Foreign Currency Liquidity (IRFCL),DSD_IRFCL_PUB,INDICATOR,CL_IRFCL_INDICATOR_PUB,TRUE,IRFCLDT3_IRFCL5_SM1MUT3M_EC10_SHP_XDC,"Contingent short-term net drains on foreign currency assets (nominal value), Options in foreign currencies vis a  vis the domestic currency, More than 1 and up to 3 months, In-the-money Options, Other, Short positions",NA
IRFCL,International Reserves and Foreign Currency Liquidity (IRFCL),DSD_IRFCL_PUB,INDICATOR,CL_IRFCL_INDICATOR_PUB,TRUE,IRFCLDT3_IRFCL5_SUTM_EC10_SHP_EUR,"Contingent short-term net drains on foreign currency assets (nominal value), Options in foreign currencies vis a  vis the domestic currency, Up to 1 month, In-the-money Options, Other, Short positions",NA
IRFCL,International Reserves and Foreign Currency Liquidity (IRFCL),DSD_IRFCL_PUB,INDICATOR,CL_IRFCL_INDICATOR_PUB,TRUE,IRFCLDT3_IRFCL5_SUTM_EC10_SHP_USD,"Contingent short-term net drains on foreign currency assets (nominal value), Options in foreign currencies vis a  vis the domestic currency, Up to 1 month, In-the-money Options, Other, Short positions",NA
IRFCL,International Reserves and Foreign Currency Liquidity (IRFCL),DSD_IRFCL_PUB,INDICATOR,CL_IRFCL_INDICATOR_PUB,TRUE,IRFCLDT3_IRFCL5_SUTM_EC10_SHP_XDC,"Contingent short-term net drains on foreign currency assets (nominal value), Options in foreign currencies vis a  vis the domestic currency, Up to 1 month, In-the-money Options, Other, Short positions",NA
IRFCL,International Reserves and Foreign Currency Liquidity (IRFCL),DSD_IRFCL_PUB,INDICATOR,CL_IRFCL_INDICATOR_PUB,TRUE,IRFCLDT3_IRFCL5_SM3MUTY_EC10_SHP_EUR,"Contingent short-term net drains on foreign currency assets (nominal value), Options in foreign currencies vis a  vis the domestic currency, More than 3 months and up to 1 year, In-the-money Options, Other, Short positions",NA
IRFCL,International Reserves and Foreign Currency Liquidity (IRFCL),DSD_IRFCL_PUB,INDICATOR,CL_IRFCL_INDICATOR_PUB,TRUE,IRFCLDT3_IRFCL5_SM3MUTY_EC10_SHP_USD,"Contingent short-term net drains on foreign currency assets (nominal value), Options in foreign currencies vis a  vis the domestic currency, More than 3 months and up to 1 year, In-the-money Options, Other, Short positions",NA
IRFCL,International Reserves and Foreign Currency Liquidity (IRFCL),DSD_IRFCL_PUB,INDICATOR,CL_IRFCL_INDICATOR_PUB,TRUE,IRFCLDT3_IRFCL5_SM3MUTY_EC10_SHP_XDC,"Contingent short-term net drains on foreign currency assets (nominal value), Options in foreign currencies vis a  vis the domestic currency, More than 3 months and up to 1 year, In-the-money Options, Other, Short positions",NA
IRFCL,International Reserves and Foreign Currency Liquidity (IRFCL),DSD_IRFCL_PUB,INDICATOR,CL_IRFCL_INDICATOR_PUB,TRUE,IRFCLDT3_IRFCL5T_EC10_SHP_EUR,"Contingent short-term net drains on foreign currency assets (nominal value), Total options in foreign currencies vis-a-vis the domestic currency, In-the-money Options, Other, Short positions",NA
IRFCL,International Reserves and Foreign Currency Liquidity (IRFCL),DSD_IRFCL_PUB,INDICATOR,CL_IRFCL_INDICATOR_PUB,TRUE,IRFCLDT3_IRFCL5T_EC10_SHP_USD,"Contingent short-term net drains on foreign currency assets (nominal value), Total options in foreign currencies vis-a-vis the domestic currency, In-the-money Options, Other, Short positions",NA
IRFCL,International Reserves and Foreign Currency Liquidity (IRFCL),DSD_IRFCL_PUB,INDICATOR,CL_IRFCL_INDICATOR_PUB,TRUE,IRFCLDT3_IRFCL5T_EC10_SHP_XDC,"Contingent short-term net drains on foreign currency assets (nominal value), Total options in foreign currencies vis-a-vis the domestic currency, In-the-money Options, Other, Short positions",NA
IRFCL,International Reserves and Foreign Currency Liquidity (IRFCL),DSD_IRFCL_PUB,INDICATOR,CL_IRFCL_INDICATOR_PUB,TRUE,IRFCLDT3_IRFCL5_SM1MUT3M_LP_EUR,"Contingent short-term net drains on foreign currency assets (nominal value), Options in foreign currencies vis a  vis the domestic currency, More than 1 and up to 3 months, Long positions",NA
IRFCL,International Reserves and Foreign Currency Liquidity (IRFCL),DSD_IRFCL_PUB,INDICATOR,CL_IRFCL_INDICATOR_PUB,TRUE,IRFCLDT3_IRFCL5_SM1MUT3M_LP_USD,"Contingent short-term net drains on foreign currency assets (nominal value), Options in foreign currencies vis a  vis the domestic currency, More than 1 and up to 3 months, Long positions",NA
IRFCL,International Reserves and Foreign Currency Liquidity (IRFCL),DSD_IRFCL_PUB,INDICATOR,CL_IRFCL_INDICATOR_PUB,TRUE,IRFCLDT3_IRFCL5_SM1MUT3M_LP_XDC,"Contingent short-term net drains on foreign currency assets (nominal value), Options in foreign currencies vis a  vis the domestic currency, More than 1 and up to 3 months, Long positions",NA
IRFCL,International Reserves and Foreign Currency Liquidity (IRFCL),DSD_IRFCL_PUB,INDICATOR,CL_IRFCL_INDICATOR_PUB,TRUE,IRFCLDT3_IRFCL5_SUTM_LP_EUR,"Contingent short-term net drains on foreign currency assets (nominal value), Options in foreign currencies vis a  vis the domestic currency, Up to 1 month, Long positions",NA
IRFCL,International Reserves and Foreign Currency Liquidity (IRFCL),DSD_IRFCL_PUB,INDICATOR,CL_IRFCL_INDICATOR_PUB,TRUE,IRFCLDT3_IRFCL5_SUTM_LP_USD,"Contingent short-term net drains on foreign currency assets (nominal value), Options in foreign currencies vis a  vis the domestic currency, Up to 1 month, Long positions",NA
IRFCL,International Reserves and Foreign Currency Liquidity (IRFCL),DSD_IRFCL_PUB,INDICATOR,CL_IRFCL_INDICATOR_PUB,TRUE,IRFCLDT3_IRFCL5_SUTM_LP_XDC,"Contingent short-term net drains on foreign currency assets (nominal value), Options in foreign currencies vis a  vis the domestic currency, Up to 1 month, Long positions",NA
IRFCL,International Reserves and Foreign Currency Liquidity (IRFCL),DSD_IRFCL_PUB,INDICATOR,CL_IRFCL_INDICATOR_PUB,TRUE,IRFCLDT3_IRFCL5_SM3MUTY_LP_EUR,"Contingent short-term net drains on foreign currency assets (nominal value), Options in foreign currencies vis a  vis the domestic currency, More than 3 months and up to 1 year, Long positions",NA
IRFCL,International Reserves and Foreign Currency Liquidity (IRFCL),DSD_IRFCL_PUB,INDICATOR,CL_IRFCL_INDICATOR_PUB,TRUE,IRFCLDT3_IRFCL5_SM3MUTY_LP_USD,"Contingent short-term net drains on foreign currency assets (nominal value), Options in foreign currencies vis a  vis the domestic currency, More than 3 months and up to 1 year, Long positions",NA
IRFCL,International Reserves and Foreign Currency Liquidity (IRFCL),DSD_IRFCL_PUB,INDICATOR,CL_IRFCL_INDICATOR_PUB,TRUE,IRFCLDT3_IRFCL5_SM3MUTY_LP_XDC,"Contingent short-term net drains on foreign currency assets (nominal value), Options in foreign currencies vis a  vis the domestic currency, More than 3 months and up to 1 year, Long positions",NA
IRFCL,International Reserves and Foreign Currency Liquidity (IRFCL),DSD_IRFCL_PUB,INDICATOR,CL_IRFCL_INDICATOR_PUB,TRUE,IRFCLDT3_IRFCL5T_LP_EUR,"Contingent short-term net drains on foreign currency assets (nominal value), Total options in foreign currencies vis-a-vis the domestic currency, Long positions",NA
IRFCL,International Reserves and Foreign Currency Liquidity (IRFCL),DSD_IRFCL_PUB,INDICATOR,CL_IRFCL_INDICATOR_PUB,TRUE,IRFCLDT3_IRFCL5T_LP_USD,"Contingent short-term net drains on foreign currency assets (nominal value), Total options in foreign currencies vis-a-vis the domestic currency, Long positions",NA
IRFCL,International Reserves and Foreign Currency Liquidity (IRFCL),DSD_IRFCL_PUB,INDICATOR,CL_IRFCL_INDICATOR_PUB,TRUE,IRFCLDT3_IRFCL5T_LP_XDC,"Contingent short-term net drains on foreign currency assets (nominal value), Total options in foreign currencies vis-a-vis the domestic currency, Long positions",NA
IRFCL,International Reserves and Foreign Currency Liquidity (IRFCL),DSD_IRFCL_PUB,INDICATOR,CL_IRFCL_INDICATOR_PUB,TRUE,IRFCLDT3_IRFCL5_SM1MUT3M_EC17_LP_EUR,"Contingent short-term net drains on foreign currency assets (nominal value), Options in foreign currencies vis a  vis the domestic currency, More than 1 and up to 3 months, Bought calls, Long positions",NA
IRFCL,International Reserves and Foreign Currency Liquidity (IRFCL),DSD_IRFCL_PUB,INDICATOR,CL_IRFCL_INDICATOR_PUB,TRUE,IRFCLDT3_IRFCL5_SM1MUT3M_EC17_LP_USD,"Contingent short-term net drains on foreign currency assets (nominal value), Options in foreign currencies vis a  vis the domestic currency, More than 1 and up to 3 months, Bought calls, Long positions",NA
IRFCL,International Reserves and Foreign Currency Liquidity (IRFCL),DSD_IRFCL_PUB,INDICATOR,CL_IRFCL_INDICATOR_PUB,TRUE,IRFCLDT3_IRFCL5_SM1MUT3M_EC17_LP_XDC,"Contingent short-term net drains on foreign currency assets (nominal value), Options in foreign currencies vis a  vis the domestic currency, More than 1 and up to 3 months, Bought calls, Long positions",NA
IRFCL,International Reserves and Foreign Currency Liquidity (IRFCL),DSD_IRFCL_PUB,INDICATOR,CL_IRFCL_INDICATOR_PUB,TRUE,IRFCLDT3_IRFCL5_SUTM_EC17_LP_EUR,"Contingent short-term net drains on foreign currency assets (nominal value), Options in foreign currencies vis a  vis the domestic currency, Up to 1 month, Bought calls, Long positions",NA
IRFCL,International Reserves and Foreign Currency Liquidity (IRFCL),DSD_IRFCL_PUB,INDICATOR,CL_IRFCL_INDICATOR_PUB,TRUE,IRFCLDT3_IRFCL5_SUTM_EC17_LP_USD,"Contingent short-term net drains on foreign currency assets (nominal value), Options in foreign currencies vis a  vis the domestic currency, Up to 1 month, Bought calls, Long positions",NA
IRFCL,International Reserves and Foreign Currency Liquidity (IRFCL),DSD_IRFCL_PUB,INDICATOR,CL_IRFCL_INDICATOR_PUB,TRUE,IRFCLDT3_IRFCL5_SUTM_EC17_LP_XDC,"Contingent short-term net drains on foreign currency assets (nominal value), Options in foreign currencies vis a  vis the domestic currency, Up to 1 month, Bought calls, Long positions",NA
IRFCL,International Reserves and Foreign Currency Liquidity (IRFCL),DSD_IRFCL_PUB,INDICATOR,CL_IRFCL_INDICATOR_PUB,TRUE,IRFCLDT3_IRFCL5_SM3MUTY_EC17_LP_EUR,"Contingent short-term net drains on foreign currency assets (nominal value), Options in foreign currencies vis a  vis the domestic currency, More than 3 months and up to 1 year, Bought calls, Long positions",NA
IRFCL,International Reserves and Foreign Currency Liquidity (IRFCL),DSD_IRFCL_PUB,INDICATOR,CL_IRFCL_INDICATOR_PUB,TRUE,IRFCLDT3_IRFCL5_SM3MUTY_EC17_LP_USD,"Contingent short-term net drains on foreign currency assets (nominal value), Options in foreign currencies vis a  vis the domestic currency, More than 3 months and up to 1 year, Bought calls, Long positions",NA
IRFCL,International Reserves and Foreign Currency Liquidity (IRFCL),DSD_IRFCL_PUB,INDICATOR,CL_IRFCL_INDICATOR_PUB,TRUE,IRFCLDT3_IRFCL5_SM3MUTY_EC17_LP_XDC,"Contingent short-term net drains on foreign currency assets (nominal value), Options in foreign currencies vis a  vis the domestic currency, More than 3 months and up to 1 year, Bought calls, Long positions",NA
IRFCL,International Reserves and Foreign Currency Liquidity (IRFCL),DSD_IRFCL_PUB,INDICATOR,CL_IRFCL_INDICATOR_PUB,TRUE,IRFCLDT3_IRFCL5T_EC17_LP_EUR,"Contingent short-term net drains on foreign currency assets (nominal value), Total options in foreign currencies vis-a-vis the domestic currency, Bought calls, Long positions",NA
IRFCL,International Reserves and Foreign Currency Liquidity (IRFCL),DSD_IRFCL_PUB,INDICATOR,CL_IRFCL_INDICATOR_PUB,TRUE,IRFCLDT3_IRFCL5T_EC17_LP_USD,"Contingent short-term net drains on foreign currency assets (nominal value), Total options in foreign currencies vis-a-vis the domestic currency, Bought calls, Long positions",NA
IRFCL,International Reserves and Foreign Currency Liquidity (IRFCL),DSD_IRFCL_PUB,INDICATOR,CL_IRFCL_INDICATOR_PUB,TRUE,IRFCLDT3_IRFCL5T_EC17_LP_XDC,"Contingent short-term net drains on foreign currency assets (nominal value), Total options in foreign currencies vis-a-vis the domestic currency, Bought calls, Long positions",NA
IRFCL,International Reserves and Foreign Currency Liquidity (IRFCL),DSD_IRFCL_PUB,INDICATOR,CL_IRFCL_INDICATOR_PUB,TRUE,IRFCLDT3_IRFCL5_SM1MUT3M_EC9_LP_EUR,"Contingent short-term net drains on foreign currency assets (nominal value), Options in foreign currencies vis a  vis the domestic currency, More than 1 and up to 3 months, Written Puts, Long positions",NA
IRFCL,International Reserves and Foreign Currency Liquidity (IRFCL),DSD_IRFCL_PUB,INDICATOR,CL_IRFCL_INDICATOR_PUB,TRUE,IRFCLDT3_IRFCL5_SM1MUT3M_EC9_LP_USD,"Contingent short-term net drains on foreign currency assets (nominal value), Options in foreign currencies vis a  vis the domestic currency, More than 1 and up to 3 months, Written Puts, Long positions",NA
IRFCL,International Reserves and Foreign Currency Liquidity (IRFCL),DSD_IRFCL_PUB,INDICATOR,CL_IRFCL_INDICATOR_PUB,TRUE,IRFCLDT3_IRFCL5_SM1MUT3M_EC9_LP_XDC,"Contingent short-term net drains on foreign currency assets (nominal value), Options in foreign currencies vis a  vis the domestic currency, More than 1 and up to 3 months, Written Puts, Long positions",NA
IRFCL,International Reserves and Foreign Currency Liquidity (IRFCL),DSD_IRFCL_PUB,INDICATOR,CL_IRFCL_INDICATOR_PUB,TRUE,IRFCLDT3_IRFCL5_SUTM_EC9_LP_EUR,"Contingent short-term net drains on foreign currency assets (nominal value), Options in foreign currencies vis a  vis the domestic currency, Up to 1 month, Written Puts, Long positions",NA
IRFCL,International Reserves and Foreign Currency Liquidity (IRFCL),DSD_IRFCL_PUB,INDICATOR,CL_IRFCL_INDICATOR_PUB,TRUE,IRFCLDT3_IRFCL5_SUTM_EC9_LP_USD,"Contingent short-term net drains on foreign currency assets (nominal value), Options in foreign currencies vis a  vis the domestic currency, Up to 1 month, Written Puts, Long positions",NA
IRFCL,International Reserves and Foreign Currency Liquidity (IRFCL),DSD_IRFCL_PUB,INDICATOR,CL_IRFCL_INDICATOR_PUB,TRUE,IRFCLDT3_IRFCL5_SUTM_EC9_LP_XDC,"Contingent short-term net drains on foreign currency assets (nominal value), Options in foreign currencies vis a  vis the domestic currency, Up to 1 month, Written Puts, Long positions",NA
IRFCL,International Reserves and Foreign Currency Liquidity (IRFCL),DSD_IRFCL_PUB,INDICATOR,CL_IRFCL_INDICATOR_PUB,TRUE,IRFCLDT3_IRFCL5_SM3MUTY_EC9_LP_EUR,"Contingent short-term net drains on foreign currency assets (nominal value), Options in foreign currencies vis a  vis the domestic currency, More than 3 months and up to 1 year, Written Puts, Long positions",NA
IRFCL,International Reserves and Foreign Currency Liquidity (IRFCL),DSD_IRFCL_PUB,INDICATOR,CL_IRFCL_INDICATOR_PUB,TRUE,IRFCLDT3_IRFCL5_SM3MUTY_EC9_LP_USD,"Contingent short-term net drains on foreign currency assets (nominal value), Options in foreign currencies vis a  vis the domestic currency, More than 3 months and up to 1 year, Written Puts, Long positions",NA
IRFCL,International Reserves and Foreign Currency Liquidity (IRFCL),DSD_IRFCL_PUB,INDICATOR,CL_IRFCL_INDICATOR_PUB,TRUE,IRFCLDT3_IRFCL5_SM3MUTY_EC9_LP_XDC,"Contingent short-term net drains on foreign currency assets (nominal value), Options in foreign currencies vis a  vis the domestic currency, More than 3 months and up to 1 year, Written Puts, Long positions",NA
IRFCL,International Reserves and Foreign Currency Liquidity (IRFCL),DSD_IRFCL_PUB,INDICATOR,CL_IRFCL_INDICATOR_PUB,TRUE,IRFCLDT3_IRFCL5T_EC9_LP_EUR,"Contingent short-term net drains on foreign currency assets (nominal value), Total options in foreign currencies vis-a-vis the domestic currency, Written Puts, Long positions",NA
IRFCL,International Reserves and Foreign Currency Liquidity (IRFCL),DSD_IRFCL_PUB,INDICATOR,CL_IRFCL_INDICATOR_PUB,TRUE,IRFCLDT3_IRFCL5T_EC9_LP_USD,"Contingent short-term net drains on foreign currency assets (nominal value), Total options in foreign currencies vis-a-vis the domestic currency, Written Puts, Long positions",NA
IRFCL,International Reserves and Foreign Currency Liquidity (IRFCL),DSD_IRFCL_PUB,INDICATOR,CL_IRFCL_INDICATOR_PUB,TRUE,IRFCLDT3_IRFCL5T_EC9_LP_XDC,"Contingent short-term net drains on foreign currency assets (nominal value), Total options in foreign currencies vis-a-vis the domestic currency, Written Puts, Long positions",NA
IRFCL,International Reserves and Foreign Currency Liquidity (IRFCL),DSD_IRFCL_PUB,INDICATOR,CL_IRFCL_INDICATOR_PUB,TRUE,IRFCLDT3_IRFCL5_SM1MUT3M_SHP_EUR,"Contingent short-term net drains on foreign currency assets (nominal value), Options in foreign currencies vis a  vis the domestic currency, More than 1 and up to 3 months, Short positions",NA
IRFCL,International Reserves and Foreign Currency Liquidity (IRFCL),DSD_IRFCL_PUB,INDICATOR,CL_IRFCL_INDICATOR_PUB,TRUE,IRFCLDT3_IRFCL5_SM1MUT3M_SHP_USD,"Contingent short-term net drains on foreign currency assets (nominal value), Options in foreign currencies vis a  vis the domestic currency, More than 1 and up to 3 months, Short positions",NA
IRFCL,International Reserves and Foreign Currency Liquidity (IRFCL),DSD_IRFCL_PUB,INDICATOR,CL_IRFCL_INDICATOR_PUB,TRUE,IRFCLDT3_IRFCL5_SM1MUT3M_SHP_XDC,"Contingent short-term net drains on foreign currency assets (nominal value), Options in foreign currencies vis a  vis the domestic currency, More than 1 and up to 3 months, Short positions",NA
IRFCL,International Reserves and Foreign Currency Liquidity (IRFCL),DSD_IRFCL_PUB,INDICATOR,CL_IRFCL_INDICATOR_PUB,TRUE,IRFCLDT3_IRFCL5_SUTM_SHP_EUR,"Contingent short-term net drains on foreign currency assets (nominal value), Options in foreign currencies vis a  vis the domestic currency, Up to 1 month, Short positions",NA
IRFCL,International Reserves and Foreign Currency Liquidity (IRFCL),DSD_IRFCL_PUB,INDICATOR,CL_IRFCL_INDICATOR_PUB,TRUE,IRFCLDT3_IRFCL5_SUTM_SHP_USD,"Contingent short-term net drains on foreign currency assets (nominal value), Options in foreign currencies vis a  vis the domestic currency, Up to 1 month, Short positions",NA
IRFCL,International Reserves and Foreign Currency Liquidity (IRFCL),DSD_IRFCL_PUB,INDICATOR,CL_IRFCL_INDICATOR_PUB,TRUE,IRFCLDT3_IRFCL5_SUTM_SHP_XDC,"Contingent short-term net drains on foreign currency assets (nominal value), Options in foreign currencies vis a  vis the domestic currency, Up to 1 month, Short positions",NA
IRFCL,International Reserves and Foreign Currency Liquidity (IRFCL),DSD_IRFCL_PUB,INDICATOR,CL_IRFCL_INDICATOR_PUB,TRUE,IRFCLDT3_IRFCL5_SM3MUTY_SHP_EUR,"Contingent short-term net drains on foreign currency assets (nominal value), Options in foreign currencies vis a  vis the domestic currency, More than 3 months and up to 1 year, Short positions",NA
IRFCL,International Reserves and Foreign Currency Liquidity (IRFCL),DSD_IRFCL_PUB,INDICATOR,CL_IRFCL_INDICATOR_PUB,TRUE,IRFCLDT3_IRFCL5_SM3MUTY_SHP_USD,"Contingent short-term net drains on foreign currency assets (nominal value), Options in foreign currencies vis a  vis the domestic currency, More than 3 months and up to 1 year, Short positions",NA
IRFCL,International Reserves and Foreign Currency Liquidity (IRFCL),DSD_IRFCL_PUB,INDICATOR,CL_IRFCL_INDICATOR_PUB,TRUE,IRFCLDT3_IRFCL5_SM3MUTY_SHP_XDC,"Contingent short-term net drains on foreign currency assets (nominal value), Options in foreign currencies vis a  vis the domestic currency, More than 3 months and up to 1 year, Short positions",NA
IRFCL,International Reserves and Foreign Currency Liquidity (IRFCL),DSD_IRFCL_PUB,INDICATOR,CL_IRFCL_INDICATOR_PUB,TRUE,IRFCLDT3_IRFCL5T_SHP_EUR,"Contingent short-term net drains on foreign currency assets (nominal value), Total options in foreign currencies vis-a-vis the domestic currency, Short positions",NA
IRFCL,International Reserves and Foreign Currency Liquidity (IRFCL),DSD_IRFCL_PUB,INDICATOR,CL_IRFCL_INDICATOR_PUB,TRUE,IRFCLDT3_IRFCL5T_SHP_USD,"Contingent short-term net drains on foreign currency assets (nominal value), Total options in foreign currencies vis-a-vis the domestic currency, Short positions",NA
IRFCL,International Reserves and Foreign Currency Liquidity (IRFCL),DSD_IRFCL_PUB,INDICATOR,CL_IRFCL_INDICATOR_PUB,TRUE,IRFCLDT3_IRFCL5T_SHP_XDC,"Contingent short-term net drains on foreign currency assets (nominal value), Total options in foreign currencies vis-a-vis the domestic currency, Short positions",NA
IRFCL,International Reserves and Foreign Currency Liquidity (IRFCL),DSD_IRFCL_PUB,INDICATOR,CL_IRFCL_INDICATOR_PUB,TRUE,IRFCLDT3_IRFCL5_SM1MUT3M_EC2_SHP_EUR,"Contingent short-term net drains on foreign currency assets (nominal value), Options in foreign currencies vis a  vis the domestic currency, More than 1 and up to 3 months, Bought Puts, Short positions",NA
IRFCL,International Reserves and Foreign Currency Liquidity (IRFCL),DSD_IRFCL_PUB,INDICATOR,CL_IRFCL_INDICATOR_PUB,TRUE,IRFCLDT3_IRFCL5_SM1MUT3M_EC2_SHP_USD,"Contingent short-term net drains on foreign currency assets (nominal value), Options in foreign currencies vis a  vis the domestic currency, More than 1 and up to 3 months, Bought Puts, Short positions",NA
IRFCL,International Reserves and Foreign Currency Liquidity (IRFCL),DSD_IRFCL_PUB,INDICATOR,CL_IRFCL_INDICATOR_PUB,TRUE,IRFCLDT3_IRFCL5_SM1MUT3M_EC2_SHP_XDC,"Contingent short-term net drains on foreign currency assets (nominal value), Options in foreign currencies vis a  vis the domestic currency, More than 1 and up to 3 months, Bought Puts, Short positions",NA
IRFCL,International Reserves and Foreign Currency Liquidity (IRFCL),DSD_IRFCL_PUB,INDICATOR,CL_IRFCL_INDICATOR_PUB,TRUE,IRFCLDT3_IRFCL5_SUTM_EC2_SHP_EUR,"Contingent short-term net drains on foreign currency assets (nominal value), Options in foreign currencies vis a  vis the domestic currency, Up to 1 month, Bought Puts, Short positions",NA
IRFCL,International Reserves and Foreign Currency Liquidity (IRFCL),DSD_IRFCL_PUB,INDICATOR,CL_IRFCL_INDICATOR_PUB,TRUE,IRFCLDT3_IRFCL5_SUTM_EC2_SHP_USD,"Contingent short-term net drains on foreign currency assets (nominal value), Options in foreign currencies vis a  vis the domestic currency, Up to 1 month, Bought Puts, Short positions",NA
IRFCL,International Reserves and Foreign Currency Liquidity (IRFCL),DSD_IRFCL_PUB,INDICATOR,CL_IRFCL_INDICATOR_PUB,TRUE,IRFCLDT3_IRFCL5_SUTM_EC2_SHP_XDC,"Contingent short-term net drains on foreign currency assets (nominal value), Options in foreign currencies vis a  vis the domestic currency, Up to 1 month, Bought Puts, Short positions",NA
IRFCL,International Reserves and Foreign Currency Liquidity (IRFCL),DSD_IRFCL_PUB,INDICATOR,CL_IRFCL_INDICATOR_PUB,TRUE,IRFCLDT3_IRFCL5_SM3MUTY_EC2_SHP_EUR,"Contingent short-term net drains on foreign currency assets (nominal value), Options in foreign currencies vis a  vis the domestic currency, More than 3 months and up to 1 year, Bought Puts, Short positions",NA
IRFCL,International Reserves and Foreign Currency Liquidity (IRFCL),DSD_IRFCL_PUB,INDICATOR,CL_IRFCL_INDICATOR_PUB,TRUE,IRFCLDT3_IRFCL5_SM3MUTY_EC2_SHP_USD,"Contingent short-term net drains on foreign currency assets (nominal value), Options in foreign currencies vis a  vis the domestic currency, More than 3 months and up to 1 year, Bought Puts, Short positions",NA
IRFCL,International Reserves and Foreign Currency Liquidity (IRFCL),DSD_IRFCL_PUB,INDICATOR,CL_IRFCL_INDICATOR_PUB,TRUE,IRFCLDT3_IRFCL5_SM3MUTY_EC2_SHP_XDC,"Contingent short-term net drains on foreign currency assets (nominal value), Options in foreign currencies vis a  vis the domestic currency, More than 3 months and up to 1 year, Bought Puts, Short positions",NA
IRFCL,International Reserves and Foreign Currency Liquidity (IRFCL),DSD_IRFCL_PUB,INDICATOR,CL_IRFCL_INDICATOR_PUB,TRUE,IRFCLDT3_IRFCL5T_EC2_SHP_EUR,"Contingent short-term net drains on foreign currency assets (nominal value), Total options in foreign currencies vis-a-vis the domestic currency, Bought Puts, Short positions",NA
IRFCL,International Reserves and Foreign Currency Liquidity (IRFCL),DSD_IRFCL_PUB,INDICATOR,CL_IRFCL_INDICATOR_PUB,TRUE,IRFCLDT3_IRFCL5T_EC2_SHP_USD,"Contingent short-term net drains on foreign currency assets (nominal value), Total options in foreign currencies vis-a-vis the domestic currency, Bought Puts, Short positions",NA
IRFCL,International Reserves and Foreign Currency Liquidity (IRFCL),DSD_IRFCL_PUB,INDICATOR,CL_IRFCL_INDICATOR_PUB,TRUE,IRFCLDT3_IRFCL5T_EC2_SHP_XDC,"Contingent short-term net drains on foreign currency assets (nominal value), Total options in foreign currencies vis-a-vis the domestic currency, Bought Puts, Short positions",NA
IRFCL,International Reserves and Foreign Currency Liquidity (IRFCL),DSD_IRFCL_PUB,INDICATOR,CL_IRFCL_INDICATOR_PUB,TRUE,IRFCLDT3_IRFCL5_SM1MUT3M_EC1_SHP_EUR,"Contingent short-term net drains on foreign currency assets (nominal value), Options in foreign currencies vis a  vis the domestic currency, More than 1 and up to 3 months, Written Calls, Short positions",NA
IRFCL,International Reserves and Foreign Currency Liquidity (IRFCL),DSD_IRFCL_PUB,INDICATOR,CL_IRFCL_INDICATOR_PUB,TRUE,IRFCLDT3_IRFCL5_SM1MUT3M_EC1_SHP_USD,"Contingent short-term net drains on foreign currency assets (nominal value), Options in foreign currencies vis a  vis the domestic currency, More than 1 and up to 3 months, Written Calls, Short positions",NA
IRFCL,International Reserves and Foreign Currency Liquidity (IRFCL),DSD_IRFCL_PUB,INDICATOR,CL_IRFCL_INDICATOR_PUB,TRUE,IRFCLDT3_IRFCL5_SM1MUT3M_EC1_SHP_XDC,"Contingent short-term net drains on foreign currency assets (nominal value), Options in foreign currencies vis a  vis the domestic currency, More than 1 and up to 3 months, Written Calls, Short positions",NA
IRFCL,International Reserves and Foreign Currency Liquidity (IRFCL),DSD_IRFCL_PUB,INDICATOR,CL_IRFCL_INDICATOR_PUB,TRUE,IRFCLDT3_IRFCL5_SUTM_EC1_SHP_EUR,"Contingent short-term net drains on foreign currency assets (nominal value), Options in foreign currencies vis a  vis the domestic currency, Up to 1 month, Written Calls, Short positions",NA
IRFCL,International Reserves and Foreign Currency Liquidity (IRFCL),DSD_IRFCL_PUB,INDICATOR,CL_IRFCL_INDICATOR_PUB,TRUE,IRFCLDT3_IRFCL5_SUTM_EC1_SHP_USD,"Contingent short-term net drains on foreign currency assets (nominal value), Options in foreign currencies vis a  vis the domestic currency, Up to 1 month, Written Calls, Short positions",NA
IRFCL,International Reserves and Foreign Currency Liquidity (IRFCL),DSD_IRFCL_PUB,INDICATOR,CL_IRFCL_INDICATOR_PUB,TRUE,IRFCLDT3_IRFCL5_SUTM_EC1_SHP_XDC,"Contingent short-term net drains on foreign currency assets (nominal value), Options in foreign currencies vis a  vis the domestic currency, Up to 1 month, Written Calls, Short positions",NA
IRFCL,International Reserves and Foreign Currency Liquidity (IRFCL),DSD_IRFCL_PUB,INDICATOR,CL_IRFCL_INDICATOR_PUB,TRUE,IRFCLDT3_IRFCL5_SM3MUTY_EC1_SHP_EUR,"Contingent short-term net drains on foreign currency assets (nominal value), Options in foreign currencies vis a  vis the domestic currency, More than 3 months and up to 1 year, Written Calls, Short positions",NA
IRFCL,International Reserves and Foreign Currency Liquidity (IRFCL),DSD_IRFCL_PUB,INDICATOR,CL_IRFCL_INDICATOR_PUB,TRUE,IRFCLDT3_IRFCL5_SM3MUTY_EC1_SHP_USD,"Contingent short-term net drains on foreign currency assets (nominal value), Options in foreign currencies vis a  vis the domestic currency, More than 3 months and up to 1 year, Written Calls, Short positions",NA
IRFCL,International Reserves and Foreign Currency Liquidity (IRFCL),DSD_IRFCL_PUB,INDICATOR,CL_IRFCL_INDICATOR_PUB,TRUE,IRFCLDT3_IRFCL5_SM3MUTY_EC1_SHP_XDC,"Contingent short-term net drains on foreign currency assets (nominal value), Options in foreign currencies vis a  vis the domestic currency, More than 3 months and up to 1 year, Written Calls, Short positions",NA
IRFCL,International Reserves and Foreign Currency Liquidity (IRFCL),DSD_IRFCL_PUB,INDICATOR,CL_IRFCL_INDICATOR_PUB,TRUE,IRFCLDT3_IRFCL5T_EC1_SHP_EUR,"Contingent short-term net drains on foreign currency assets (nominal value), Total options in foreign currencies vis-a-vis the domestic currency, Written Calls, Short positions",NA
IRFCL,International Reserves and Foreign Currency Liquidity (IRFCL),DSD_IRFCL_PUB,INDICATOR,CL_IRFCL_INDICATOR_PUB,TRUE,IRFCLDT3_IRFCL5T_EC1_SHP_USD,"Contingent short-term net drains on foreign currency assets (nominal value), Total options in foreign currencies vis-a-vis the domestic currency, Written Calls, Short positions",NA
IRFCL,International Reserves and Foreign Currency Liquidity (IRFCL),DSD_IRFCL_PUB,INDICATOR,CL_IRFCL_INDICATOR_PUB,TRUE,IRFCLDT3_IRFCL5T_EC1_SHP_XDC,"Contingent short-term net drains on foreign currency assets (nominal value), Total options in foreign currencies vis-a-vis the domestic currency, Written Calls, Short positions",NA
IRFCL,International Reserves and Foreign Currency Liquidity (IRFCL),DSD_IRFCL_PUB,INDICATOR,CL_IRFCL_INDICATOR_PUB,TRUE,IRFCLDT3_IRFCL84_EUR,"Contingent short-term net drains on foreign currency assets (nominal value), Total foreign currency securities issued with embedded options (puttable bonds)",NA
IRFCL,International Reserves and Foreign Currency Liquidity (IRFCL),DSD_IRFCL_PUB,INDICATOR,CL_IRFCL_INDICATOR_PUB,TRUE,IRFCLDT3_IRFCL84_USD,"Contingent short-term net drains on foreign currency assets (nominal value), Total foreign currency securities issued with embedded options (puttable bonds)",NA
IRFCL,International Reserves and Foreign Currency Liquidity (IRFCL),DSD_IRFCL_PUB,INDICATOR,CL_IRFCL_INDICATOR_PUB,TRUE,IRFCLDT3_IRFCL84_XDC,"Contingent short-term net drains on foreign currency assets (nominal value), Total foreign currency securities issued with embedded options (puttable bonds)",NA
IRFCL,International Reserves and Foreign Currency Liquidity (IRFCL),DSD_IRFCL_PUB,INDICATOR,CL_IRFCL_INDICATOR_PUB,TRUE,IRFCLDT1_IRFCL54_EUR,"Official Reserve Assets and Other Foreign Currency Assets (approximate market value), Official reserve assets and other foreign currency assets",NA
IRFCL,International Reserves and Foreign Currency Liquidity (IRFCL),DSD_IRFCL_PUB,INDICATOR,CL_IRFCL_INDICATOR_PUB,TRUE,IRFCLDT1_IRFCL54_USD,"Official Reserve Assets and Other Foreign Currency Assets (approximate market value), Official reserve assets and other foreign currency assets",NA
IRFCL,International Reserves and Foreign Currency Liquidity (IRFCL),DSD_IRFCL_PUB,INDICATOR,CL_IRFCL_INDICATOR_PUB,TRUE,IRFCLDT1_IRFCL54_XDC,"Official Reserve Assets and Other Foreign Currency Assets (approximate market value), Official reserve assets and other foreign currency assets",NA
IRFCL,International Reserves and Foreign Currency Liquidity (IRFCL),DSD_IRFCL_PUB,INDICATOR,CL_IRFCL_INDICATOR_PUB,TRUE,IRFCLDT1_IRFCL65_EUR,"Official Reserve Assets and Other Foreign Currency Assets (approximate market value), Official reserve assets",NA
IRFCL,International Reserves and Foreign Currency Liquidity (IRFCL),DSD_IRFCL_PUB,INDICATOR,CL_IRFCL_INDICATOR_PUB,TRUE,IRFCLDT1_IRFCL55_PT,"Official Reserve Assets and Other Foreign Currency Assets (approximate market value), Official reserve assets by predetermined short term net drains on foreign currency assets ratio",NA
IRFCL,International Reserves and Foreign Currency Liquidity (IRFCL),DSD_IRFCL_PUB,INDICATOR,CL_IRFCL_INDICATOR_PUB,TRUE,IRFCLDT1_IRFCL65_USD,"Official Reserve Assets and Other Foreign Currency Assets (approximate market value), Official reserve assets",NA
IRFCL,International Reserves and Foreign Currency Liquidity (IRFCL),DSD_IRFCL_PUB,INDICATOR,CL_IRFCL_INDICATOR_PUB,TRUE,IRFCLDT1_IRFCL65_XDC,"Official Reserve Assets and Other Foreign Currency Assets (approximate market value), Official reserve assets",NA
IRFCL,International Reserves and Foreign Currency Liquidity (IRFCL),DSD_IRFCL_PUB,INDICATOR,CL_IRFCL_INDICATOR_PUB,TRUE,IRFCLDT1_IRFCLCDCFC_EUR,"Official Reserve Assets and Other Foreign Currency Assets (approximate market value), Official reserve currency and deposits (in convertible foreign currencies)",NA
IRFCL,International Reserves and Foreign Currency Liquidity (IRFCL),DSD_IRFCL_PUB,INDICATOR,CL_IRFCL_INDICATOR_PUB,TRUE,IRFCLDT1_IRFCLCDCFC_USD,"Official Reserve Assets and Other Foreign Currency Assets (approximate market value), Official reserve currency and deposits (in convertible foreign currencies)",NA
IRFCL,International Reserves and Foreign Currency Liquidity (IRFCL),DSD_IRFCL_PUB,INDICATOR,CL_IRFCL_INDICATOR_PUB,TRUE,IRFCLDT1_IRFCLCDCFC_XDC,"Official Reserve Assets and Other Foreign Currency Assets (approximate market value), Official reserve currency and deposits (in convertible foreign currencies)",NA
IRFCL,International Reserves and Foreign Currency Liquidity (IRFCL),DSD_IRFCL_PUB,INDICATOR,CL_IRFCL_INDICATOR_PUB,TRUE,IRFCLDT1_IRFCLCDCFCE_EUR,"Official Reserve Assets and Other Foreign Currency Assets (approximate market value), Official reserve currency and deposits (in convertible foreign currencies) with EUROs",NA
IRFCL,International Reserves and Foreign Currency Liquidity (IRFCL),DSD_IRFCL_PUB,INDICATOR,CL_IRFCL_INDICATOR_PUB,TRUE,IRFCLDT1_IRFCLCDCFCU_USD,"Official Reserve Assets and Other Foreign Currency Assets (approximate market value), Official reserve currency and deposits (in convertible foreign currencies) with US Dollars",NA
IRFCL,International Reserves and Foreign Currency Liquidity (IRFCL),DSD_IRFCL_PUB,INDICATOR,CL_IRFCL_INDICATOR_PUB,TRUE,IRFCLDT1_IRFCLCDCFCD_XDC,"Official Reserve Assets and Other Foreign Currency Assets (approximate market value), Official reserve currency and deposits (in convertible foreign currencies) with Domestic Currency",NA
IRFCL,International Reserves and Foreign Currency Liquidity (IRFCL),DSD_IRFCL_PUB,INDICATOR,CL_IRFCL_INDICATOR_PUB,TRUE,IRFCLDT1_IRFCL31_BOFIRC_EUR,"Official Reserve Assets and Other Foreign Currency Assets (approximate market value), Official reserve currency and deposits, banks and other financial institutions in the reporting country",NA
IRFCL,International Reserves and Foreign Currency Liquidity (IRFCL),DSD_IRFCL_PUB,INDICATOR,CL_IRFCL_INDICATOR_PUB,TRUE,IRFCLDT1_IRFCL31_BOFIRC_USD,"Official Reserve Assets and Other Foreign Currency Assets (approximate market value), Official reserve currency and deposits, banks and other financial institutions in the reporting country",NA
IRFCL,International Reserves and Foreign Currency Liquidity (IRFCL),DSD_IRFCL_PUB,INDICATOR,CL_IRFCL_INDICATOR_PUB,TRUE,IRFCLDT1_IRFCL31_BOFIRC_XDC,"Official Reserve Assets and Other Foreign Currency Assets (approximate market value), Official reserve currency and deposits, banks and other financial institutions in the reporting country",NA
IRFCL,International Reserves and Foreign Currency Liquidity (IRFCL),DSD_IRFCL_PUB,INDICATOR,CL_IRFCL_INDICATOR_PUB,TRUE,IRFCLDT1_IRFCL31_BOFIRCLA_EUR,"Official Reserve Assets and Other Foreign Currency Assets (approximate market value), Official reserve currency and deposits, banks and other financial institutions in the reporting country, of which located abroad",NA
IRFCL,International Reserves and Foreign Currency Liquidity (IRFCL),DSD_IRFCL_PUB,INDICATOR,CL_IRFCL_INDICATOR_PUB,TRUE,IRFCLDT1_IRFCL31_BOFIRCLA_USD,"Official Reserve Assets and Other Foreign Currency Assets (approximate market value), Official reserve currency and deposits, banks and other financial institutions in the reporting country, of which located abroad",NA
IRFCL,International Reserves and Foreign Currency Liquidity (IRFCL),DSD_IRFCL_PUB,INDICATOR,CL_IRFCL_INDICATOR_PUB,TRUE,IRFCLDT1_IRFCL31_BOFIRCLA_XDC,"Official Reserve Assets and Other Foreign Currency Assets (approximate market value), Official reserve currency and deposits, banks and other financial institutions in the reporting country, of which located abroad",NA
IRFCL,International Reserves and Foreign Currency Liquidity (IRFCL),DSD_IRFCL_PUB,INDICATOR,CL_IRFCL_INDICATOR_PUB,TRUE,IRFCLDT1_IRFCL31_BOFIORC_EUR,"Official Reserve Assets and Other Foreign Currency Assets (approximate market value), Official reserve currency and deposits, banks and other financial institutions outside reporting country",NA
IRFCL,International Reserves and Foreign Currency Liquidity (IRFCL),DSD_IRFCL_PUB,INDICATOR,CL_IRFCL_INDICATOR_PUB,TRUE,IRFCLDT1_IRFCL31_BOFIORC_USD,"Official Reserve Assets and Other Foreign Currency Assets (approximate market value), Official reserve currency and deposits, banks and other financial institutions outside reporting country",NA
IRFCL,International Reserves and Foreign Currency Liquidity (IRFCL),DSD_IRFCL_PUB,INDICATOR,CL_IRFCL_INDICATOR_PUB,TRUE,IRFCLDT1_IRFCL31_BOFIORC_XDC,"Official Reserve Assets and Other Foreign Currency Assets (approximate market value), Official reserve currency and deposits, banks and other financial institutions outside reporting country",NA
IRFCL,International Reserves and Foreign Currency Liquidity (IRFCL),DSD_IRFCL_PUB,INDICATOR,CL_IRFCL_INDICATOR_PUB,TRUE,IRFCLDT1_IRFCL31_BOFIORCLA_EUR,"Official Reserve Assets and Other Foreign Currency Assets (approximate market value), Official reserve currency and deposits, banks and other financial institutions outside reporting country, of which located abroad",NA
IRFCL,International Reserves and Foreign Currency Liquidity (IRFCL),DSD_IRFCL_PUB,INDICATOR,CL_IRFCL_INDICATOR_PUB,TRUE,IRFCLDT1_IRFCL31_BOFIORCLA_USD,"Official Reserve Assets and Other Foreign Currency Assets (approximate market value), Official reserve currency and deposits, banks and other financial institutions outside reporting country, of which located abroad",NA
IRFCL,International Reserves and Foreign Currency Liquidity (IRFCL),DSD_IRFCL_PUB,INDICATOR,CL_IRFCL_INDICATOR_PUB,TRUE,IRFCLDT1_IRFCL31_BOFIORCLA_XDC,"Official Reserve Assets and Other Foreign Currency Assets (approximate market value), Official reserve currency and deposits, banks and other financial institutions outside reporting country, of which located abroad",NA
IRFCL,International Reserves and Foreign Currency Liquidity (IRFCL),DSD_IRFCL_PUB,INDICATOR,CL_IRFCL_INDICATOR_PUB,TRUE,IRFCLDT1_IRFCL31_ONCBBISIMF_EUR,"Official Reserve Assets and Other Foreign Currency Assets (approximate market value), Official reserve currency and deposits, with Other National Central Banks, BIS and IMF",NA
IRFCL,International Reserves and Foreign Currency Liquidity (IRFCL),DSD_IRFCL_PUB,INDICATOR,CL_IRFCL_INDICATOR_PUB,TRUE,IRFCLDT1_IRFCL31_ONCBBISIMF_USD,"Official Reserve Assets and Other Foreign Currency Assets (approximate market value), Official reserve currency and deposits, with Other National Central Banks, BIS and IMF",NA
IRFCL,International Reserves and Foreign Currency Liquidity (IRFCL),DSD_IRFCL_PUB,INDICATOR,CL_IRFCL_INDICATOR_PUB,TRUE,IRFCLDT1_IRFCL31_ONCBBISIMF_XDC,"Official Reserve Assets and Other Foreign Currency Assets (approximate market value), Official reserve currency and deposits, with Other National Central Banks, BIS and IMF",NA
IRFCL,International Reserves and Foreign Currency Liquidity (IRFCL),DSD_IRFCL_PUB,INDICATOR,CL_IRFCL_INDICATOR_PUB,TRUE,IRFCLDT1_IRFCL32_EUR,"Official Reserve Assets and Other Foreign Currency Assets (approximate market value), Official reserve currency and deposits, securities",NA
IRFCL,International Reserves and Foreign Currency Liquidity (IRFCL),DSD_IRFCL_PUB,INDICATOR,CL_IRFCL_INDICATOR_PUB,TRUE,IRFCLDT1_IRFCL32_USD,"Official Reserve Assets and Other Foreign Currency Assets (approximate market value), Official reserve currency and deposits, securities",NA
IRFCL,International Reserves and Foreign Currency Liquidity (IRFCL),DSD_IRFCL_PUB,INDICATOR,CL_IRFCL_INDICATOR_PUB,TRUE,IRFCLDT1_IRFCL32_XDC,"Official Reserve Assets and Other Foreign Currency Assets (approximate market value), Official reserve currency and deposits, securities",NA
IRFCL,International Reserves and Foreign Currency Liquidity (IRFCL),DSD_IRFCL_PUB,INDICATOR,CL_IRFCL_INDICATOR_PUB,TRUE,IRFCLDT1_IRFCL64_EUR,"Official Reserve Assets and Other Foreign Currency Assets (approximate market value), Official reserve assets, securities of which: issuer headquartered in reporting country but located abroad",NA
IRFCL,International Reserves and Foreign Currency Liquidity (IRFCL),DSD_IRFCL_PUB,INDICATOR,CL_IRFCL_INDICATOR_PUB,TRUE,IRFCLDT1_IRFCL64_USD,"Official Reserve Assets and Other Foreign Currency Assets (approximate market value), Official reserve assets, securities of which: issuer headquartered in reporting country but located abroad",NA
IRFCL,International Reserves and Foreign Currency Liquidity (IRFCL),DSD_IRFCL_PUB,INDICATOR,CL_IRFCL_INDICATOR_PUB,TRUE,IRFCLDT1_IRFCL64_XDC,"Official Reserve Assets and Other Foreign Currency Assets (approximate market value), Official reserve assets, securities of which: issuer headquartered in reporting country but located abroad",NA
IRFCL,International Reserves and Foreign Currency Liquidity (IRFCL),DSD_IRFCL_PUB,INDICATOR,CL_IRFCL_INDICATOR_PUB,TRUE,IRFCLDT1_IRFCL56_EUR,"Official Reserve Assets and Other Foreign Currency Assets (approximate market value), Official reserve assets, gold (including gold deposits and if appropriate gold swapped)",NA
IRFCL,International Reserves and Foreign Currency Liquidity (IRFCL),DSD_IRFCL_PUB,INDICATOR,CL_IRFCL_INDICATOR_PUB,TRUE,IRFCLDT1_IRFCL56_USD,"Official Reserve Assets and Other Foreign Currency Assets (approximate market value), Official reserve assets, gold (including gold deposits and if appropriate gold swapped)",NA
IRFCL,International Reserves and Foreign Currency Liquidity (IRFCL),DSD_IRFCL_PUB,INDICATOR,CL_IRFCL_INDICATOR_PUB,TRUE,IRFCLDT1_IRFCL56_XDC,"Official Reserve Assets and Other Foreign Currency Assets (approximate market value), Official reserve assets, gold (including gold deposits and if appropriate gold swapped)",NA
IRFCL,International Reserves and Foreign Currency Liquidity (IRFCL),DSD_IRFCL_PUB,INDICATOR,CL_IRFCL_INDICATOR_PUB,TRUE,IRFCLDT1_IRFCL56_FTO,"Official Reserve Assets and Other Foreign Currency Assets (approximate market value), Official reserve assets, gold (including gold deposits and if appropriate gold swapped)",NA
IRFCL,International Reserves and Foreign Currency Liquidity (IRFCL),DSD_IRFCL_PUB,INDICATOR,CL_IRFCL_INDICATOR_PUB,TRUE,IRFCLDT1_IRFCL56GB_FTO,"Official Reserve Assets and Other Foreign Currency Assets (approximate market value), Official reserve assets, gold (including gold deposits and if appropriate gold swapped): gold bullion",NA
IRFCL,International Reserves and Foreign Currency Liquidity (IRFCL),DSD_IRFCL_PUB,INDICATOR,CL_IRFCL_INDICATOR_PUB,TRUE,IRFCLDT1_IRFCL56UG_FTO,"Official Reserve Assets and Other Foreign Currency Assets (approximate market value), Official reserve assets, gold (including gold deposits and if appropriate gold swapped): unallocated gold",NA
IRFCL,International Reserves and Foreign Currency Liquidity (IRFCL),DSD_IRFCL_PUB,INDICATOR,CL_IRFCL_INDICATOR_PUB,TRUE,IRFCLDT1_IRFCL57_EUR,"Official Reserve Assets and Other Foreign Currency Assets (approximate market value), Official reserve assets IMF reserve position",NA
IRFCL,International Reserves and Foreign Currency Liquidity (IRFCL),DSD_IRFCL_PUB,INDICATOR,CL_IRFCL_INDICATOR_PUB,TRUE,IRFCLDT1_IRFCL57_USD,"Official Reserve Assets and Other Foreign Currency Assets (approximate market value), Official reserve assets IMF reserve position",NA
IRFCL,International Reserves and Foreign Currency Liquidity (IRFCL),DSD_IRFCL_PUB,INDICATOR,CL_IRFCL_INDICATOR_PUB,TRUE,IRFCLDT1_IRFCL57_XDC,"Official Reserve Assets and Other Foreign Currency Assets (approximate market value), Official reserve assets IMF reserve position",NA
IRFCL,International Reserves and Foreign Currency Liquidity (IRFCL),DSD_IRFCL_PUB,INDICATOR,CL_IRFCL_INDICATOR_PUB,TRUE,IRFCLDT1_IRFCL58_EUR,"Official Reserve Assets and Other Foreign Currency Assets (approximate market value), Official reserve assets other reserve assets,",NA
IRFCL,International Reserves and Foreign Currency Liquidity (IRFCL),DSD_IRFCL_PUB,INDICATOR,CL_IRFCL_INDICATOR_PUB,TRUE,IRFCLDT1_IRFCL58_USD,"Official Reserve Assets and Other Foreign Currency Assets (approximate market value), Official reserve assets other reserve assets,",NA
IRFCL,International Reserves and Foreign Currency Liquidity (IRFCL),DSD_IRFCL_PUB,INDICATOR,CL_IRFCL_INDICATOR_PUB,TRUE,IRFCLDT1_IRFCL58_XDC,"Official Reserve Assets and Other Foreign Currency Assets (approximate market value), Official reserve assets other reserve assets,",NA
IRFCL,International Reserves and Foreign Currency Liquidity (IRFCL),DSD_IRFCL_PUB,INDICATOR,CL_IRFCL_INDICATOR_PUB,TRUE,IRFCLDT1_IRFCL59_EUR,"Official Reserve Assets and Other Foreign Currency Assets (approximate market value), Official reserve assets, financial derivatives",NA
IRFCL,International Reserves and Foreign Currency Liquidity (IRFCL),DSD_IRFCL_PUB,INDICATOR,CL_IRFCL_INDICATOR_PUB,TRUE,IRFCLDT1_IRFCL59_USD,"Official Reserve Assets and Other Foreign Currency Assets (approximate market value), Official reserve assets, financial derivatives",NA
IRFCL,International Reserves and Foreign Currency Liquidity (IRFCL),DSD_IRFCL_PUB,INDICATOR,CL_IRFCL_INDICATOR_PUB,TRUE,IRFCLDT1_IRFCL59_XDC,"Official Reserve Assets and Other Foreign Currency Assets (approximate market value), Official reserve assets, financial derivatives",NA
IRFCL,International Reserves and Foreign Currency Liquidity (IRFCL),DSD_IRFCL_PUB,INDICATOR,CL_IRFCL_INDICATOR_PUB,TRUE,IRFCLDT1_IRFCL60_EUR,"Official Reserve Assets and Other Foreign Currency Assets (approximate market value), Official reserve assets, loans to non bank nonresidents",NA
IRFCL,International Reserves and Foreign Currency Liquidity (IRFCL),DSD_IRFCL_PUB,INDICATOR,CL_IRFCL_INDICATOR_PUB,TRUE,IRFCLDT1_IRFCL60_USD,"Official Reserve Assets and Other Foreign Currency Assets (approximate market value), Official reserve assets, loans to non bank nonresidents",NA
IRFCL,International Reserves and Foreign Currency Liquidity (IRFCL),DSD_IRFCL_PUB,INDICATOR,CL_IRFCL_INDICATOR_PUB,TRUE,IRFCLDT1_IRFCL60_XDC,"Official Reserve Assets and Other Foreign Currency Assets (approximate market value), Official reserve assets, loans to non bank nonresidents",NA
IRFCL,International Reserves and Foreign Currency Liquidity (IRFCL),DSD_IRFCL_PUB,INDICATOR,CL_IRFCL_INDICATOR_PUB,TRUE,IRFCLDT1_IRFCL61_EUR,"Official Reserve Assets and Other Foreign Currency Assets (approximate market value), Official reserve assets, other",NA
IRFCL,International Reserves and Foreign Currency Liquidity (IRFCL),DSD_IRFCL_PUB,INDICATOR,CL_IRFCL_INDICATOR_PUB,TRUE,IRFCLDT1_IRFCL61_USD,"Official Reserve Assets and Other Foreign Currency Assets (approximate market value), Official reserve assets, other",NA
IRFCL,International Reserves and Foreign Currency Liquidity (IRFCL),DSD_IRFCL_PUB,INDICATOR,CL_IRFCL_INDICATOR_PUB,TRUE,IRFCLDT1_IRFCL61_XDC,"Official Reserve Assets and Other Foreign Currency Assets (approximate market value), Official reserve assets, other",NA
IRFCL,International Reserves and Foreign Currency Liquidity (IRFCL),DSD_IRFCL_PUB,INDICATOR,CL_IRFCL_INDICATOR_PUB,TRUE,IRFCLDT1_IRFCL65_DIC_XDR_EUR,"Official Reserve Assets and Other Foreign Currency Assets (approximate market value), Official reserve assets, Denominated in Special Drawing Rights (SDRs)",NA
IRFCL,International Reserves and Foreign Currency Liquidity (IRFCL),DSD_IRFCL_PUB,INDICATOR,CL_IRFCL_INDICATOR_PUB,TRUE,IRFCLDT1_IRFCL65_DIC_XDR_USD,"Official Reserve Assets and Other Foreign Currency Assets (approximate market value), Official reserve assets, Denominated in Special Drawing Rights (SDRs)",NA
IRFCL,International Reserves and Foreign Currency Liquidity (IRFCL),DSD_IRFCL_PUB,INDICATOR,CL_IRFCL_INDICATOR_PUB,TRUE,IRFCLDT1_IRFCL65_DIC_XDR_XDC,"Official Reserve Assets and Other Foreign Currency Assets (approximate market value), Official reserve assets, Denominated in Special Drawing Rights (SDRs)",NA
IRFCL,International Reserves and Foreign Currency Liquidity (IRFCL),DSD_IRFCL_PUB,INDICATOR,CL_IRFCL_INDICATOR_PUB,TRUE,IRFCLDT4_IRFCL11_DIC_GROUP_EUR,"Memorandum items, Currency composition of reserves, Denominated in Group of currencies",NA
IRFCL,International Reserves and Foreign Currency Liquidity (IRFCL),DSD_IRFCL_PUB,INDICATOR,CL_IRFCL_INDICATOR_PUB,TRUE,IRFCLDT4_IRFCL11_DIC_GROUP_USD,"Memorandum items, Currency composition of reserves, Denominated in Group of currencies",NA
IRFCL,International Reserves and Foreign Currency Liquidity (IRFCL),DSD_IRFCL_PUB,INDICATOR,CL_IRFCL_INDICATOR_PUB,TRUE,IRFCLDT4_IRFCL11_DIC_GROUP_XDC,"Memorandum items, Currency composition of reserves, Denominated in Group of currencies",NA
IRFCL,International Reserves and Foreign Currency Liquidity (IRFCL),DSD_IRFCL_PUB,INDICATOR,CL_IRFCL_INDICATOR_PUB,TRUE,IRFCLDT4_IRFCL11_DIC_CNY_EUR,"Memorandum items, Currency composition of reserves, Denominated in Chinese yuan renminbi",NA
IRFCL,International Reserves and Foreign Currency Liquidity (IRFCL),DSD_IRFCL_PUB,INDICATOR,CL_IRFCL_INDICATOR_PUB,TRUE,IRFCLDT4_IRFCL11_DIC_CNY_USD,"Memorandum items, Currency composition of reserves, Denominated in Chinese yuan renminbi",NA
IRFCL,International Reserves and Foreign Currency Liquidity (IRFCL),DSD_IRFCL_PUB,INDICATOR,CL_IRFCL_INDICATOR_PUB,TRUE,IRFCLDT4_IRFCL11_DIC_CNY_XDC,"Memorandum items, Currency composition of reserves, Denominated in Chinese yuan renminbi",NA
IRFCL,International Reserves and Foreign Currency Liquidity (IRFCL),DSD_IRFCL_PUB,INDICATOR,CL_IRFCL_INDICATOR_PUB,TRUE,IRFCLDT4_IRFCL11_DIC_EUR_EUR,"Memorandum items, Currency composition of reserves, Denominated in Euro",NA
IRFCL,International Reserves and Foreign Currency Liquidity (IRFCL),DSD_IRFCL_PUB,INDICATOR,CL_IRFCL_INDICATOR_PUB,TRUE,IRFCLDT4_IRFCL11_DIC_EUR_USD,"Memorandum items, Currency composition of reserves, Denominated in Euro",NA
IRFCL,International Reserves and Foreign Currency Liquidity (IRFCL),DSD_IRFCL_PUB,INDICATOR,CL_IRFCL_INDICATOR_PUB,TRUE,IRFCLDT4_IRFCL11_DIC_EUR_XDC,"Memorandum items, Currency composition of reserves, Denominated in Euro",NA
IRFCL,International Reserves and Foreign Currency Liquidity (IRFCL),DSD_IRFCL_PUB,INDICATOR,CL_IRFCL_INDICATOR_PUB,TRUE,IRFCLDT4_IRFCL11_DIC_GBP_EUR,"Memorandum items, Currency composition of reserves, Denominated in Pound sterling",NA
IRFCL,International Reserves and Foreign Currency Liquidity (IRFCL),DSD_IRFCL_PUB,INDICATOR,CL_IRFCL_INDICATOR_PUB,TRUE,IRFCLDT4_IRFCL11_DIC_GBP_USD,"Memorandum items, Currency composition of reserves, Denominated in Pound sterling",NA
IRFCL,International Reserves and Foreign Currency Liquidity (IRFCL),DSD_IRFCL_PUB,INDICATOR,CL_IRFCL_INDICATOR_PUB,TRUE,IRFCLDT4_IRFCL11_DIC_GBP_XDC,"Memorandum items, Currency composition of reserves, Denominated in Pound sterling",NA
IRFCL,International Reserves and Foreign Currency Liquidity (IRFCL),DSD_IRFCL_PUB,INDICATOR,CL_IRFCL_INDICATOR_PUB,TRUE,IRFCLDT4_IRFCL11_DIC_JPY_EUR,"Memorandum items, Currency composition of reserves, Denominated in Japanese yen",NA
IRFCL,International Reserves and Foreign Currency Liquidity (IRFCL),DSD_IRFCL_PUB,INDICATOR,CL_IRFCL_INDICATOR_PUB,TRUE,IRFCLDT4_IRFCL11_DIC_JPY_USD,"Memorandum items, Currency composition of reserves, Denominated in Japanese yen",NA
IRFCL,International Reserves and Foreign Currency Liquidity (IRFCL),DSD_IRFCL_PUB,INDICATOR,CL_IRFCL_INDICATOR_PUB,TRUE,IRFCLDT4_IRFCL11_DIC_JPY_XDC,"Memorandum items, Currency composition of reserves, Denominated in Japanese yen",NA
IRFCL,International Reserves and Foreign Currency Liquidity (IRFCL),DSD_IRFCL_PUB,INDICATOR,CL_IRFCL_INDICATOR_PUB,TRUE,IRFCLDT4_IRFCL11_DIC_USD_EUR,"Memorandum items, Currency composition of reserves, Denominated in US dollar",NA
IRFCL,International Reserves and Foreign Currency Liquidity (IRFCL),DSD_IRFCL_PUB,INDICATOR,CL_IRFCL_INDICATOR_PUB,TRUE,IRFCLDT4_IRFCL11_DIC_USD_USD,"Memorandum items, Currency composition of reserves, Denominated in US dollar",NA
IRFCL,International Reserves and Foreign Currency Liquidity (IRFCL),DSD_IRFCL_PUB,INDICATOR,CL_IRFCL_INDICATOR_PUB,TRUE,IRFCLDT4_IRFCL11_DIC_USD_XDC,"Memorandum items, Currency composition of reserves, Denominated in US dollar",NA
IRFCL,International Reserves and Foreign Currency Liquidity (IRFCL),DSD_IRFCL_PUB,INDICATOR,CL_IRFCL_INDICATOR_PUB,TRUE,IRFCLDT4_IRFCL11_DIC_XDRB_EUR,"Memorandum items, Currency composition of reserves, Denominated in Currencies in SDR basket",NA
IRFCL,International Reserves and Foreign Currency Liquidity (IRFCL),DSD_IRFCL_PUB,INDICATOR,CL_IRFCL_INDICATOR_PUB,TRUE,IRFCLDT4_IRFCL11_DIC_XDRB_USD,"Memorandum items, Currency composition of reserves, Denominated in Currencies in SDR basket",NA
IRFCL,International Reserves and Foreign Currency Liquidity (IRFCL),DSD_IRFCL_PUB,INDICATOR,CL_IRFCL_INDICATOR_PUB,TRUE,IRFCLDT4_IRFCL11_DIC_XDRB_XDC,"Memorandum items, Currency composition of reserves, Denominated in Currencies in SDR basket",NA
IRFCL,International Reserves and Foreign Currency Liquidity (IRFCL),DSD_IRFCL_PUB,INDICATOR,CL_IRFCL_INDICATOR_PUB,TRUE,IRFCLDT4_IRFCL11_DIC_XXDR_EUR,"Memorandum items, Currency composition of reserves, Denominated in Currencies not in SDR basket",NA
IRFCL,International Reserves and Foreign Currency Liquidity (IRFCL),DSD_IRFCL_PUB,INDICATOR,CL_IRFCL_INDICATOR_PUB,TRUE,IRFCLDT4_IRFCL11_DIC_XXDR_USD,"Memorandum items, Currency composition of reserves, Denominated in Currencies not in SDR basket",NA
IRFCL,International Reserves and Foreign Currency Liquidity (IRFCL),DSD_IRFCL_PUB,INDICATOR,CL_IRFCL_INDICATOR_PUB,TRUE,IRFCLDT4_IRFCL11_DIC_XXDR_XDC,"Memorandum items, Currency composition of reserves, Denominated in Currencies not in SDR basket",NA
IRFCL,International Reserves and Foreign Currency Liquidity (IRFCL),DSD_IRFCL_PUB,INDICATOR,CL_IRFCL_INDICATOR_PUB,TRUE,IRFCLDT4_IRFCLDCDIXR_EUR,"Memorandum items, Short-term domestic currency debt indexed to the exchange rate",NA
IRFCL,International Reserves and Foreign Currency Liquidity (IRFCL),DSD_IRFCL_PUB,INDICATOR,CL_IRFCL_INDICATOR_PUB,TRUE,IRFCLDT4_IRFCLDCDIXR_USD,"Memorandum items, Short-term domestic currency debt indexed to the exchange rate",NA
IRFCL,International Reserves and Foreign Currency Liquidity (IRFCL),DSD_IRFCL_PUB,INDICATOR,CL_IRFCL_INDICATOR_PUB,TRUE,IRFCLDT4_IRFCLDCDIXR_XDC,"Memorandum items, Short-term domestic currency debt indexed to the exchange rate",NA
IRFCL,International Reserves and Foreign Currency Liquidity (IRFCL),DSD_IRFCL_PUB,INDICATOR,CL_IRFCL_INDICATOR_PUB,TRUE,IRFCLDT4_IRFCL12_EUR,"Memorandum items, Financial derivatives (forwards futures or options contracts)",NA
IRFCL,International Reserves and Foreign Currency Liquidity (IRFCL),DSD_IRFCL_PUB,INDICATOR,CL_IRFCL_INDICATOR_PUB,TRUE,IRFCLDT4_IRFCL12_USD,"Memorandum items, Financial derivatives (forwards futures or options contracts)",NA
IRFCL,International Reserves and Foreign Currency Liquidity (IRFCL),DSD_IRFCL_PUB,INDICATOR,CL_IRFCL_INDICATOR_PUB,TRUE,IRFCLDT4_IRFCL12_XDC,"Memorandum items, Financial derivatives (forwards futures or options contracts)",NA
IRFCL,International Reserves and Foreign Currency Liquidity (IRFCL),DSD_IRFCL_PUB,INDICATOR,CL_IRFCL_INDICATOR_PUB,TRUE,IRFCLDT4_IRFCL12_LP_EUR,"Memorandum items, Financial derivatives (forwards futures or options contracts) , Long positions",NA
IRFCL,International Reserves and Foreign Currency Liquidity (IRFCL),DSD_IRFCL_PUB,INDICATOR,CL_IRFCL_INDICATOR_PUB,TRUE,IRFCLDT4_IRFCL12_LP_USD,"Memorandum items, Financial derivatives (forwards futures or options contracts) , Long positions",NA
IRFCL,International Reserves and Foreign Currency Liquidity (IRFCL),DSD_IRFCL_PUB,INDICATOR,CL_IRFCL_INDICATOR_PUB,TRUE,IRFCLDT4_IRFCL12_LP_XDC,"Memorandum items, Financial derivatives (forwards futures or options contracts) , Long positions",NA
IRFCL,International Reserves and Foreign Currency Liquidity (IRFCL),DSD_IRFCL_PUB,INDICATOR,CL_IRFCL_INDICATOR_PUB,TRUE,IRFCLDT4_IRFCL13_EUR,"Memorandum items, Financial derivatives (forwards futures or options contracts), other instruments",NA
IRFCL,International Reserves and Foreign Currency Liquidity (IRFCL),DSD_IRFCL_PUB,INDICATOR,CL_IRFCL_INDICATOR_PUB,TRUE,IRFCLDT4_IRFCL13_USD,"Memorandum items, Financial derivatives (forwards futures or options contracts), other instruments",NA
IRFCL,International Reserves and Foreign Currency Liquidity (IRFCL),DSD_IRFCL_PUB,INDICATOR,CL_IRFCL_INDICATOR_PUB,TRUE,IRFCLDT4_IRFCL13_XDC,"Memorandum items, Financial derivatives (forwards futures or options contracts), other instruments",NA
IRFCL,International Reserves and Foreign Currency Liquidity (IRFCL),DSD_IRFCL_PUB,INDICATOR,CL_IRFCL_INDICATOR_PUB,TRUE,IRFCLDT4_IRFCLU96_RMGT1Y_A_EUR,"Memorandum items, Financial derivatives (net marked to market) forward futures or options contracts, Residual maturity more than 1 year, Assets",NA
IRFCL,International Reserves and Foreign Currency Liquidity (IRFCL),DSD_IRFCL_PUB,INDICATOR,CL_IRFCL_INDICATOR_PUB,TRUE,IRFCLDT4_IRFCLU96_RMGT1Y_A_USD,"Memorandum items, Financial derivatives (net marked to market) forward futures or options contracts, Residual maturity more than 1 year, Assets",NA
IRFCL,International Reserves and Foreign Currency Liquidity (IRFCL),DSD_IRFCL_PUB,INDICATOR,CL_IRFCL_INDICATOR_PUB,TRUE,IRFCLDT4_IRFCLU96_RMGT1Y_A_XDC,"Memorandum items, Financial derivatives (net marked to market) forward futures or options contracts, Residual maturity more than 1 year, Assets",NA
IRFCL,International Reserves and Foreign Currency Liquidity (IRFCL),DSD_IRFCL_PUB,INDICATOR,CL_IRFCL_INDICATOR_PUB,TRUE,IRFCLDT4_IRFCL12_SHP_EUR,"Memorandum items, Financial derivatives (forwards futures or options contracts) , Short positions",NA
IRFCL,International Reserves and Foreign Currency Liquidity (IRFCL),DSD_IRFCL_PUB,INDICATOR,CL_IRFCL_INDICATOR_PUB,TRUE,IRFCLDT4_IRFCL12_SHP_USD,"Memorandum items, Financial derivatives (forwards futures or options contracts) , Short positions",NA
IRFCL,International Reserves and Foreign Currency Liquidity (IRFCL),DSD_IRFCL_PUB,INDICATOR,CL_IRFCL_INDICATOR_PUB,TRUE,IRFCLDT4_IRFCL12_SHP_XDC,"Memorandum items, Financial derivatives (forwards futures or options contracts) , Short positions",NA
IRFCL,International Reserves and Foreign Currency Liquidity (IRFCL),DSD_IRFCL_PUB,INDICATOR,CL_IRFCL_INDICATOR_PUB,TRUE,IRFCLDT4_IRFCLU97_A_EUR,"Memorandum items, Financial derivatives (net marked to market), Assets",NA
IRFCL,International Reserves and Foreign Currency Liquidity (IRFCL),DSD_IRFCL_PUB,INDICATOR,CL_IRFCL_INDICATOR_PUB,TRUE,IRFCLDT4_IRFCLU97_A_USD,"Memorandum items, Financial derivatives (net marked to market), Assets",NA
IRFCL,International Reserves and Foreign Currency Liquidity (IRFCL),DSD_IRFCL_PUB,INDICATOR,CL_IRFCL_INDICATOR_PUB,TRUE,IRFCLDT4_IRFCLU97_A_XDC,"Memorandum items, Financial derivatives (net marked to market), Assets",NA
IRFCL,International Reserves and Foreign Currency Liquidity (IRFCL),DSD_IRFCL_PUB,INDICATOR,CL_IRFCL_INDICATOR_PUB,TRUE,IRFCLDT4_IRFCLU99_A_EUR,"Memorandum items, Financial derivatives (net marked to market), forwards, Assets",NA
IRFCL,International Reserves and Foreign Currency Liquidity (IRFCL),DSD_IRFCL_PUB,INDICATOR,CL_IRFCL_INDICATOR_PUB,TRUE,IRFCLDT4_IRFCLU99_A_USD,"Memorandum items, Financial derivatives (net marked to market), forwards, Assets",NA
IRFCL,International Reserves and Foreign Currency Liquidity (IRFCL),DSD_IRFCL_PUB,INDICATOR,CL_IRFCL_INDICATOR_PUB,TRUE,IRFCLDT4_IRFCLU99_A_XDC,"Memorandum items, Financial derivatives (net marked to market), forwards, Assets",NA
IRFCL,International Reserves and Foreign Currency Liquidity (IRFCL),DSD_IRFCL_PUB,INDICATOR,CL_IRFCL_INDICATOR_PUB,TRUE,IRFCLDT4_IRFCLU105_A_EUR,"Memorandum items, Financial derivatives (net marked to market), other, Assets",NA
IRFCL,International Reserves and Foreign Currency Liquidity (IRFCL),DSD_IRFCL_PUB,INDICATOR,CL_IRFCL_INDICATOR_PUB,TRUE,IRFCLDT4_IRFCLU105_A_USD,"Memorandum items, Financial derivatives (net marked to market), other, Assets",NA
IRFCL,International Reserves and Foreign Currency Liquidity (IRFCL),DSD_IRFCL_PUB,INDICATOR,CL_IRFCL_INDICATOR_PUB,TRUE,IRFCLDT4_IRFCLU105_A_XDC,"Memorandum items, Financial derivatives (net marked to market), other, Assets",NA
IRFCL,International Reserves and Foreign Currency Liquidity (IRFCL),DSD_IRFCL_PUB,INDICATOR,CL_IRFCL_INDICATOR_PUB,TRUE,IRFCLDT4_IRFCLU103_A_EUR,"Memorandum items, Financial derivatives (net marked to market), options, Assets",NA
IRFCL,International Reserves and Foreign Currency Liquidity (IRFCL),DSD_IRFCL_PUB,INDICATOR,CL_IRFCL_INDICATOR_PUB,TRUE,IRFCLDT4_IRFCLU103_A_USD,"Memorandum items, Financial derivatives (net marked to market), options, Assets",NA
IRFCL,International Reserves and Foreign Currency Liquidity (IRFCL),DSD_IRFCL_PUB,INDICATOR,CL_IRFCL_INDICATOR_PUB,TRUE,IRFCLDT4_IRFCLU103_A_XDC,"Memorandum items, Financial derivatives (net marked to market), options, Assets",NA
IRFCL,International Reserves and Foreign Currency Liquidity (IRFCL),DSD_IRFCL_PUB,INDICATOR,CL_IRFCL_INDICATOR_PUB,TRUE,IRFCLDT4_IRFCLU101_A_EUR,"Memorandum items, Financial derivatives (net marked to market), futures, Assets",NA
IRFCL,International Reserves and Foreign Currency Liquidity (IRFCL),DSD_IRFCL_PUB,INDICATOR,CL_IRFCL_INDICATOR_PUB,TRUE,IRFCLDT4_IRFCLU101_A_USD,"Memorandum items, Financial derivatives (net marked to market), futures, Assets",NA
IRFCL,International Reserves and Foreign Currency Liquidity (IRFCL),DSD_IRFCL_PUB,INDICATOR,CL_IRFCL_INDICATOR_PUB,TRUE,IRFCLDT4_IRFCLU101_A_XDC,"Memorandum items, Financial derivatives (net marked to market), futures, Assets",NA
IRFCL,International Reserves and Foreign Currency Liquidity (IRFCL),DSD_IRFCL_PUB,INDICATOR,CL_IRFCL_INDICATOR_PUB,TRUE,IRFCLDT4_IRFCLU107_A_EUR,"Memorandum items, Financial derivatives (net marked to market), swaps, Assets",NA
IRFCL,International Reserves and Foreign Currency Liquidity (IRFCL),DSD_IRFCL_PUB,INDICATOR,CL_IRFCL_INDICATOR_PUB,TRUE,IRFCLDT4_IRFCLU107_A_USD,"Memorandum items, Financial derivatives (net marked to market), swaps, Assets",NA
IRFCL,International Reserves and Foreign Currency Liquidity (IRFCL),DSD_IRFCL_PUB,INDICATOR,CL_IRFCL_INDICATOR_PUB,TRUE,IRFCLDT4_IRFCLU107_A_XDC,"Memorandum items, Financial derivatives (net marked to market), swaps, Assets",NA
IRFCL,International Reserves and Foreign Currency Liquidity (IRFCL),DSD_IRFCL_PUB,INDICATOR,CL_IRFCL_INDICATOR_PUB,TRUE,IRFCLDT4_IRFCL1_LP_EUR,"Memorandum items, Forwards and futures in foreign currencies vis-s-vis the domestic currency (including the forward leg of currency swaps), Long positions",NA
IRFCL,International Reserves and Foreign Currency Liquidity (IRFCL),DSD_IRFCL_PUB,INDICATOR,CL_IRFCL_INDICATOR_PUB,TRUE,IRFCLDT4_IRFCL1_LP_USD,"Memorandum items, Forwards and futures in foreign currencies vis-s-vis the domestic currency (including the forward leg of currency swaps), Long positions",NA
IRFCL,International Reserves and Foreign Currency Liquidity (IRFCL),DSD_IRFCL_PUB,INDICATOR,CL_IRFCL_INDICATOR_PUB,TRUE,IRFCLDT4_IRFCL1_LP_XDC,"Memorandum items, Forwards and futures in foreign currencies vis-s-vis the domestic currency (including the forward leg of currency swaps), Long positions",NA
IRFCL,International Reserves and Foreign Currency Liquidity (IRFCL),DSD_IRFCL_PUB,INDICATOR,CL_IRFCL_INDICATOR_PUB,TRUE,IRFCLDT4_IRFCL1_SHP_EUR,"Memorandum items, Forwards and futures in foreign currencies vis-s-vis the domestic currency (including the forward leg of currency swaps), Short positions",NA
IRFCL,International Reserves and Foreign Currency Liquidity (IRFCL),DSD_IRFCL_PUB,INDICATOR,CL_IRFCL_INDICATOR_PUB,TRUE,IRFCLDT4_IRFCL1_SHP_USD,"Memorandum items, Forwards and futures in foreign currencies vis-s-vis the domestic currency (including the forward leg of currency swaps), Short positions",NA
IRFCL,International Reserves and Foreign Currency Liquidity (IRFCL),DSD_IRFCL_PUB,INDICATOR,CL_IRFCL_INDICATOR_PUB,TRUE,IRFCLDT4_IRFCL1_SHP_XDC,"Memorandum items, Forwards and futures in foreign currencies vis-s-vis the domestic currency (including the forward leg of currency swaps), Short positions",NA
IRFCL,International Reserves and Foreign Currency Liquidity (IRFCL),DSD_IRFCL_PUB,INDICATOR,CL_IRFCL_INDICATOR_PUB,TRUE,IRFCLDT4_IRFCL22_EUR,"Memorandum items, Financial instruments settled by other means",NA
IRFCL,International Reserves and Foreign Currency Liquidity (IRFCL),DSD_IRFCL_PUB,INDICATOR,CL_IRFCL_INDICATOR_PUB,TRUE,IRFCLDT4_IRFCL22_USD,"Memorandum items, Financial instruments settled by other means",NA
IRFCL,International Reserves and Foreign Currency Liquidity (IRFCL),DSD_IRFCL_PUB,INDICATOR,CL_IRFCL_INDICATOR_PUB,TRUE,IRFCLDT4_IRFCL22_XDC,"Memorandum items, Financial instruments settled by other means",NA
IRFCL,International Reserves and Foreign Currency Liquidity (IRFCL),DSD_IRFCL_PUB,INDICATOR,CL_IRFCL_INDICATOR_PUB,TRUE,IRFCLDT4_IRFCL52_EUR,"Memorandum items, Pledged assets",NA
IRFCL,International Reserves and Foreign Currency Liquidity (IRFCL),DSD_IRFCL_PUB,INDICATOR,CL_IRFCL_INDICATOR_PUB,TRUE,IRFCLDT4_IRFCL52_USD,"Memorandum items, Pledged assets",NA
IRFCL,International Reserves and Foreign Currency Liquidity (IRFCL),DSD_IRFCL_PUB,INDICATOR,CL_IRFCL_INDICATOR_PUB,TRUE,IRFCLDT4_IRFCL52_XDC,"Memorandum items, Pledged assets",NA
IRFCL,International Reserves and Foreign Currency Liquidity (IRFCL),DSD_IRFCL_PUB,INDICATOR,CL_IRFCL_INDICATOR_PUB,TRUE,IRFCLDT4_IRFCL53_EUR,"Memorandum items, Pledged assets included in other foreign currency assets",NA
IRFCL,International Reserves and Foreign Currency Liquidity (IRFCL),DSD_IRFCL_PUB,INDICATOR,CL_IRFCL_INDICATOR_PUB,TRUE,IRFCLDT4_IRFCL53_USD,"Memorandum items, Pledged assets included in other foreign currency assets",NA
IRFCL,International Reserves and Foreign Currency Liquidity (IRFCL),DSD_IRFCL_PUB,INDICATOR,CL_IRFCL_INDICATOR_PUB,TRUE,IRFCLDT4_IRFCL53_XDC,"Memorandum items, Pledged assets included in other foreign currency assets",NA
IRFCL,International Reserves and Foreign Currency Liquidity (IRFCL),DSD_IRFCL_PUB,INDICATOR,CL_IRFCL_INDICATOR_PUB,TRUE,IRFCLDT4_IRFCL150_EUR,"Memorandum items, Pledged assets included in reserve assets",NA
IRFCL,International Reserves and Foreign Currency Liquidity (IRFCL),DSD_IRFCL_PUB,INDICATOR,CL_IRFCL_INDICATOR_PUB,TRUE,IRFCLDT4_IRFCL150_USD,"Memorandum items, Pledged assets included in reserve assets",NA
IRFCL,International Reserves and Foreign Currency Liquidity (IRFCL),DSD_IRFCL_PUB,INDICATOR,CL_IRFCL_INDICATOR_PUB,TRUE,IRFCLDT4_IRFCL150_XDC,"Memorandum items, Pledged assets included in reserve assets",NA
IRFCL,International Reserves and Foreign Currency Liquidity (IRFCL),DSD_IRFCL_PUB,INDICATOR,CL_IRFCL_INDICATOR_PUB,TRUE,IRFCLDT4_IRFCL5_LP_EUR,"Memorandum items, Options in foreign currencies vis a  vis the domestic currency, Long positions",NA
IRFCL,International Reserves and Foreign Currency Liquidity (IRFCL),DSD_IRFCL_PUB,INDICATOR,CL_IRFCL_INDICATOR_PUB,TRUE,IRFCLDT4_IRFCL5_LP_USD,"Memorandum items, Options in foreign currencies vis a  vis the domestic currency, Long positions",NA
IRFCL,International Reserves and Foreign Currency Liquidity (IRFCL),DSD_IRFCL_PUB,INDICATOR,CL_IRFCL_INDICATOR_PUB,TRUE,IRFCLDT4_IRFCL5_LP_XDC,"Memorandum items, Options in foreign currencies vis a  vis the domestic currency, Long positions",NA
IRFCL,International Reserves and Foreign Currency Liquidity (IRFCL),DSD_IRFCL_PUB,INDICATOR,CL_IRFCL_INDICATOR_PUB,TRUE,IRFCLDT4_IRFCL5_EC2_LP_EUR,"Memorandum items, Options in foreign currencies vis a  vis the domestic currency, Bought Puts, Long positions",NA
IRFCL,International Reserves and Foreign Currency Liquidity (IRFCL),DSD_IRFCL_PUB,INDICATOR,CL_IRFCL_INDICATOR_PUB,TRUE,IRFCLDT4_IRFCL5_EC2_LP_USD,"Memorandum items, Options in foreign currencies vis a  vis the domestic currency, Bought Puts, Long positions",NA
IRFCL,International Reserves and Foreign Currency Liquidity (IRFCL),DSD_IRFCL_PUB,INDICATOR,CL_IRFCL_INDICATOR_PUB,TRUE,IRFCLDT4_IRFCL5_EC2_LP_XDC,"Memorandum items, Options in foreign currencies vis a  vis the domestic currency, Bought Puts, Long positions",NA
IRFCL,International Reserves and Foreign Currency Liquidity (IRFCL),DSD_IRFCL_PUB,INDICATOR,CL_IRFCL_INDICATOR_PUB,TRUE,IRFCLDT4_IRFCL5_EC1_LP_EUR,"Memorandum items, Options in foreign currencies vis a  vis the domestic currency, Written Calls, Long positions",NA
IRFCL,International Reserves and Foreign Currency Liquidity (IRFCL),DSD_IRFCL_PUB,INDICATOR,CL_IRFCL_INDICATOR_PUB,TRUE,IRFCLDT4_IRFCL5_EC1_LP_USD,"Memorandum items, Options in foreign currencies vis a  vis the domestic currency, Written Calls, Long positions",NA
IRFCL,International Reserves and Foreign Currency Liquidity (IRFCL),DSD_IRFCL_PUB,INDICATOR,CL_IRFCL_INDICATOR_PUB,TRUE,IRFCLDT4_IRFCL5_EC1_LP_XDC,"Memorandum items, Options in foreign currencies vis a  vis the domestic currency, Written Calls, Long positions",NA
IRFCL,International Reserves and Foreign Currency Liquidity (IRFCL),DSD_IRFCL_PUB,INDICATOR,CL_IRFCL_INDICATOR_PUB,TRUE,IRFCLDT4_IRFCL5_SHP_EUR,"Memorandum items, Options in foreign currencies vis a  vis the domestic currency, Short positions",NA
IRFCL,International Reserves and Foreign Currency Liquidity (IRFCL),DSD_IRFCL_PUB,INDICATOR,CL_IRFCL_INDICATOR_PUB,TRUE,IRFCLDT4_IRFCL5_SHP_USD,"Memorandum items, Options in foreign currencies vis a  vis the domestic currency, Short positions",NA
IRFCL,International Reserves and Foreign Currency Liquidity (IRFCL),DSD_IRFCL_PUB,INDICATOR,CL_IRFCL_INDICATOR_PUB,TRUE,IRFCLDT4_IRFCL5_SHP_XDC,"Memorandum items, Options in foreign currencies vis a  vis the domestic currency, Short positions",NA
IRFCL,International Reserves and Foreign Currency Liquidity (IRFCL),DSD_IRFCL_PUB,INDICATOR,CL_IRFCL_INDICATOR_PUB,TRUE,IRFCLDT4_IRFCL5_EC2_SHP_EUR,"Memorandum items, Options in foreign currencies vis a  vis the domestic currency, Bought Puts, Short positions",NA
IRFCL,International Reserves and Foreign Currency Liquidity (IRFCL),DSD_IRFCL_PUB,INDICATOR,CL_IRFCL_INDICATOR_PUB,TRUE,IRFCLDT4_IRFCL5_EC2_SHP_USD,"Memorandum items, Options in foreign currencies vis a  vis the domestic currency, Bought Puts, Short positions",NA
IRFCL,International Reserves and Foreign Currency Liquidity (IRFCL),DSD_IRFCL_PUB,INDICATOR,CL_IRFCL_INDICATOR_PUB,TRUE,IRFCLDT4_IRFCL5_EC2_SHP_XDC,"Memorandum items, Options in foreign currencies vis a  vis the domestic currency, Bought Puts, Short positions",NA
IRFCL,International Reserves and Foreign Currency Liquidity (IRFCL),DSD_IRFCL_PUB,INDICATOR,CL_IRFCL_INDICATOR_PUB,TRUE,IRFCLDT4_IRFCL5_EC1_SHP_EUR,"Memorandum items, Options in foreign currencies vis a  vis the domestic currency, Written Calls, Short positions",NA
IRFCL,International Reserves and Foreign Currency Liquidity (IRFCL),DSD_IRFCL_PUB,INDICATOR,CL_IRFCL_INDICATOR_PUB,TRUE,IRFCLDT4_IRFCL5_EC1_SHP_USD,"Memorandum items, Options in foreign currencies vis a  vis the domestic currency, Written Calls, Short positions",NA
IRFCL,International Reserves and Foreign Currency Liquidity (IRFCL),DSD_IRFCL_PUB,INDICATOR,CL_IRFCL_INDICATOR_PUB,TRUE,IRFCLDT4_IRFCL5_EC1_SHP_XDC,"Memorandum items, Options in foreign currencies vis a  vis the domestic currency, Written Calls, Short positions",NA
IRFCL,International Reserves and Foreign Currency Liquidity (IRFCL),DSD_IRFCL_PUB,INDICATOR,CL_IRFCL_INDICATOR_PUB,TRUE,IRFCLDT4_IRFCL68_EUR,"Memorandum items, Securities lent and on repo",NA
IRFCL,International Reserves and Foreign Currency Liquidity (IRFCL),DSD_IRFCL_PUB,INDICATOR,CL_IRFCL_INDICATOR_PUB,TRUE,IRFCLDT4_IRFCL68_USD,"Memorandum items, Securities lent and on repo",NA
IRFCL,International Reserves and Foreign Currency Liquidity (IRFCL),DSD_IRFCL_PUB,INDICATOR,CL_IRFCL_INDICATOR_PUB,TRUE,IRFCLDT4_IRFCL68_XDC,"Memorandum items, Securities lent and on repo",NA
IRFCL,International Reserves and Foreign Currency Liquidity (IRFCL),DSD_IRFCL_PUB,INDICATOR,CL_IRFCL_INDICATOR_PUB,TRUE,IRFCLDT4_IRFCL69_EUR,"Memorandum items, Securities lent and on repo, borrowed or acquired and included in section I",NA
IRFCL,International Reserves and Foreign Currency Liquidity (IRFCL),DSD_IRFCL_PUB,INDICATOR,CL_IRFCL_INDICATOR_PUB,TRUE,IRFCLDT4_IRFCL69_USD,"Memorandum items, Securities lent and on repo, borrowed or acquired and included in section I",NA
IRFCL,International Reserves and Foreign Currency Liquidity (IRFCL),DSD_IRFCL_PUB,INDICATOR,CL_IRFCL_INDICATOR_PUB,TRUE,IRFCLDT4_IRFCL69_XDC,"Memorandum items, Securities lent and on repo, borrowed or acquired and included in section I",NA
IRFCL,International Reserves and Foreign Currency Liquidity (IRFCL),DSD_IRFCL_PUB,INDICATOR,CL_IRFCL_INDICATOR_PUB,TRUE,IRFCLDT4_IRFCL69X_EUR,"Memorandum items, Securities lent and on repo, borrowed or acquired but not included in section I",NA
IRFCL,International Reserves and Foreign Currency Liquidity (IRFCL),DSD_IRFCL_PUB,INDICATOR,CL_IRFCL_INDICATOR_PUB,TRUE,IRFCLDT4_IRFCL69X_USD,"Memorandum items, Securities lent and on repo, borrowed or acquired but not included in section I",NA
IRFCL,International Reserves and Foreign Currency Liquidity (IRFCL),DSD_IRFCL_PUB,INDICATOR,CL_IRFCL_INDICATOR_PUB,TRUE,IRFCLDT4_IRFCL69X_XDC,"Memorandum items, Securities lent and on repo, borrowed or acquired but not included in section I",NA
IRFCL,International Reserves and Foreign Currency Liquidity (IRFCL),DSD_IRFCL_PUB,INDICATOR,CL_IRFCL_INDICATOR_PUB,TRUE,IRFCLDT4_IRFCL70_EUR,"Memorandum items, Securities lent and on repo, lent or repoed and included in section I",NA
IRFCL,International Reserves and Foreign Currency Liquidity (IRFCL),DSD_IRFCL_PUB,INDICATOR,CL_IRFCL_INDICATOR_PUB,TRUE,IRFCLDT4_IRFCL70_USD,"Memorandum items, Securities lent and on repo, lent or repoed and included in section I",NA
IRFCL,International Reserves and Foreign Currency Liquidity (IRFCL),DSD_IRFCL_PUB,INDICATOR,CL_IRFCL_INDICATOR_PUB,TRUE,IRFCLDT4_IRFCL70_XDC,"Memorandum items, Securities lent and on repo, lent or repoed and included in section I",NA
IRFCL,International Reserves and Foreign Currency Liquidity (IRFCL),DSD_IRFCL_PUB,INDICATOR,CL_IRFCL_INDICATOR_PUB,TRUE,IRFCLDT4_IRFCL70X_EUR,"Memorandum items, Securities lent and on repo, lent or repoed but not included in section I",NA
IRFCL,International Reserves and Foreign Currency Liquidity (IRFCL),DSD_IRFCL_PUB,INDICATOR,CL_IRFCL_INDICATOR_PUB,TRUE,IRFCLDT4_IRFCL70X_USD,"Memorandum items, Securities lent and on repo, lent or repoed but not included in section I",NA
IRFCL,International Reserves and Foreign Currency Liquidity (IRFCL),DSD_IRFCL_PUB,INDICATOR,CL_IRFCL_INDICATOR_PUB,TRUE,IRFCLDT4_IRFCL70X_XDC,"Memorandum items, Securities lent and on repo, lent or repoed but not included in section I",NA
IRFCL,International Reserves and Foreign Currency Liquidity (IRFCL),DSD_IRFCL_PUB,INDICATOR,CL_IRFCL_INDICATOR_PUB,TRUE,IRFCLDT1_IRFCL34_EUR,"Official Reserve Assets and Other Foreign Currency Assets (approximate market value), Other foreign currency assets",NA
IRFCL,International Reserves and Foreign Currency Liquidity (IRFCL),DSD_IRFCL_PUB,INDICATOR,CL_IRFCL_INDICATOR_PUB,TRUE,IRFCLDT1_IRFCL34_USD,"Official Reserve Assets and Other Foreign Currency Assets (approximate market value), Other foreign currency assets",NA
IRFCL,International Reserves and Foreign Currency Liquidity (IRFCL),DSD_IRFCL_PUB,INDICATOR,CL_IRFCL_INDICATOR_PUB,TRUE,IRFCLDT1_IRFCL34_XDC,"Official Reserve Assets and Other Foreign Currency Assets (approximate market value), Other foreign currency assets",NA
IRFCL,International Reserves and Foreign Currency Liquidity (IRFCL),DSD_IRFCL_PUB,INDICATOR,CL_IRFCL_INDICATOR_PUB,TRUE,IRFCLDT1_IRFCL43_EUR,"Official Reserve Assets and Other Foreign Currency Assets (approximate market value), Other foreign currency assets, deposits not included in official reserve assets",NA
IRFCL,International Reserves and Foreign Currency Liquidity (IRFCL),DSD_IRFCL_PUB,INDICATOR,CL_IRFCL_INDICATOR_PUB,TRUE,IRFCLDT1_IRFCL43_USD,"Official Reserve Assets and Other Foreign Currency Assets (approximate market value), Other foreign currency assets, deposits not included in official reserve assets",NA
IRFCL,International Reserves and Foreign Currency Liquidity (IRFCL),DSD_IRFCL_PUB,INDICATOR,CL_IRFCL_INDICATOR_PUB,TRUE,IRFCLDT1_IRFCL43_XDC,"Official Reserve Assets and Other Foreign Currency Assets (approximate market value), Other foreign currency assets, deposits not included in official reserve assets",NA
IRFCL,International Reserves and Foreign Currency Liquidity (IRFCL),DSD_IRFCL_PUB,INDICATOR,CL_IRFCL_INDICATOR_PUB,TRUE,IRFCLDT1_IRFCL37_EUR,"Official Reserve Assets and Other Foreign Currency Assets (approximate market value), Other foreign currency assets, financial derivatives not included in official reserve assets",NA
IRFCL,International Reserves and Foreign Currency Liquidity (IRFCL),DSD_IRFCL_PUB,INDICATOR,CL_IRFCL_INDICATOR_PUB,TRUE,IRFCLDT1_IRFCL37_USD,"Official Reserve Assets and Other Foreign Currency Assets (approximate market value), Other foreign currency assets, financial derivatives not included in official reserve assets",NA
IRFCL,International Reserves and Foreign Currency Liquidity (IRFCL),DSD_IRFCL_PUB,INDICATOR,CL_IRFCL_INDICATOR_PUB,TRUE,IRFCLDT1_IRFCL37_XDC,"Official Reserve Assets and Other Foreign Currency Assets (approximate market value), Other foreign currency assets, financial derivatives not included in official reserve assets",NA
IRFCL,International Reserves and Foreign Currency Liquidity (IRFCL),DSD_IRFCL_PUB,INDICATOR,CL_IRFCL_INDICATOR_PUB,TRUE,IRFCLDT1_IRFCL121_EUR,"Official Reserve Assets and Other Foreign Currency Assets (approximate market value), Other foreign currency assets, gold not included in official reserve assets",NA
IRFCL,International Reserves and Foreign Currency Liquidity (IRFCL),DSD_IRFCL_PUB,INDICATOR,CL_IRFCL_INDICATOR_PUB,TRUE,IRFCLDT1_IRFCL121_USD,"Official Reserve Assets and Other Foreign Currency Assets (approximate market value), Other foreign currency assets, gold not included in official reserve assets",NA
IRFCL,International Reserves and Foreign Currency Liquidity (IRFCL),DSD_IRFCL_PUB,INDICATOR,CL_IRFCL_INDICATOR_PUB,TRUE,IRFCLDT1_IRFCL121_XDC,"Official Reserve Assets and Other Foreign Currency Assets (approximate market value), Other foreign currency assets, gold not included in official reserve assets",NA
IRFCL,International Reserves and Foreign Currency Liquidity (IRFCL),DSD_IRFCL_PUB,INDICATOR,CL_IRFCL_INDICATOR_PUB,TRUE,IRFCLDT1_IRFCL40_EUR,"Official Reserve Assets and Other Foreign Currency Assets (approximate market value), Other foreign currency assets, loans not included in official reserve assets",NA
IRFCL,International Reserves and Foreign Currency Liquidity (IRFCL),DSD_IRFCL_PUB,INDICATOR,CL_IRFCL_INDICATOR_PUB,TRUE,IRFCLDT1_IRFCL40_USD,"Official Reserve Assets and Other Foreign Currency Assets (approximate market value), Other foreign currency assets, loans not included in official reserve assets",NA
IRFCL,International Reserves and Foreign Currency Liquidity (IRFCL),DSD_IRFCL_PUB,INDICATOR,CL_IRFCL_INDICATOR_PUB,TRUE,IRFCLDT1_IRFCL40_XDC,"Official Reserve Assets and Other Foreign Currency Assets (approximate market value), Other foreign currency assets, loans not included in official reserve assets",NA
IRFCL,International Reserves and Foreign Currency Liquidity (IRFCL),DSD_IRFCL_PUB,INDICATOR,CL_IRFCL_INDICATOR_PUB,TRUE,IRFCLDT1_IRFCL41_EUR,"Official Reserve Assets and Other Foreign Currency Assets (approximate market value), Other foreign currency assets, other",NA
IRFCL,International Reserves and Foreign Currency Liquidity (IRFCL),DSD_IRFCL_PUB,INDICATOR,CL_IRFCL_INDICATOR_PUB,TRUE,IRFCLDT1_IRFCL41_USD,"Official Reserve Assets and Other Foreign Currency Assets (approximate market value), Other foreign currency assets, other",NA
IRFCL,International Reserves and Foreign Currency Liquidity (IRFCL),DSD_IRFCL_PUB,INDICATOR,CL_IRFCL_INDICATOR_PUB,TRUE,IRFCLDT1_IRFCL41_XDC,"Official Reserve Assets and Other Foreign Currency Assets (approximate market value), Other foreign currency assets, other",NA
IRFCL,International Reserves and Foreign Currency Liquidity (IRFCL),DSD_IRFCL_PUB,INDICATOR,CL_IRFCL_INDICATOR_PUB,TRUE,IRFCLDT1_IRFCL42_EUR,"Official Reserve Assets and Other Foreign Currency Assets (approximate market value), Other foreign currency assets, securities not included in official reserve assets",NA
IRFCL,International Reserves and Foreign Currency Liquidity (IRFCL),DSD_IRFCL_PUB,INDICATOR,CL_IRFCL_INDICATOR_PUB,TRUE,IRFCLDT1_IRFCL42_USD,"Official Reserve Assets and Other Foreign Currency Assets (approximate market value), Other foreign currency assets, securities not included in official reserve assets",NA
IRFCL,International Reserves and Foreign Currency Liquidity (IRFCL),DSD_IRFCL_PUB,INDICATOR,CL_IRFCL_INDICATOR_PUB,TRUE,IRFCLDT1_IRFCL42_XDC,"Official Reserve Assets and Other Foreign Currency Assets (approximate market value), Other foreign currency assets, securities not included in official reserve assets",NA
IRFCL,International Reserves and Foreign Currency Liquidity (IRFCL),DSD_IRFCL_PUB,INDICATOR,CL_IRFCL_INDICATOR_PUB,TRUE,IRFCLDT2_T_EUR,"Predetermined short-term net drains on foreign currency assets (nominal value), Total",NA
IRFCL,International Reserves and Foreign Currency Liquidity (IRFCL),DSD_IRFCL_PUB,INDICATOR,CL_IRFCL_INDICATOR_PUB,TRUE,IRFCLDT2_USD,Predetermined short-term net drains on foreign currency assets (nominal value),NA
IRFCL,International Reserves and Foreign Currency Liquidity (IRFCL),DSD_IRFCL_PUB,INDICATOR,CL_IRFCL_INDICATOR_PUB,TRUE,IRFCLDT2_T_XDC,"Predetermined short-term net drains on foreign currency assets (nominal value), Total",NA
IRFCL,International Reserves and Foreign Currency Liquidity (IRFCL),DSD_IRFCL_PUB,INDICATOR,CL_IRFCL_INDICATOR_PUB,TRUE,IRFCLDT2_IRFCL1_SM1MUT3M_LP_EUR,"Predetermined short-term net drains on foreign currency assets (nominal value), Forwards and futures in foreign currencies vis-s-vis the domestic currency (including the forward leg of currency swaps), More than 1 and up to 3 months, Long positions",NA
IRFCL,International Reserves and Foreign Currency Liquidity (IRFCL),DSD_IRFCL_PUB,INDICATOR,CL_IRFCL_INDICATOR_PUB,TRUE,IRFCLDT2_IRFCL1_SM1MUT3M_LP_USD,"Predetermined short-term net drains on foreign currency assets (nominal value), Forwards and futures in foreign currencies vis-s-vis the domestic currency (including the forward leg of currency swaps), More than 1 and up to 3 months, Long positions",NA
IRFCL,International Reserves and Foreign Currency Liquidity (IRFCL),DSD_IRFCL_PUB,INDICATOR,CL_IRFCL_INDICATOR_PUB,TRUE,IRFCLDT2_IRFCL1_SM1MUT3M_LP_XDC,"Predetermined short-term net drains on foreign currency assets (nominal value), Forwards and futures in foreign currencies vis-s-vis the domestic currency (including the forward leg of currency swaps), More than 1 and up to 3 months, Long positions",NA
IRFCL,International Reserves and Foreign Currency Liquidity (IRFCL),DSD_IRFCL_PUB,INDICATOR,CL_IRFCL_INDICATOR_PUB,TRUE,IRFCLDT2_IRFCL1_SUTM_IN_LP_EUR,"Predetermined short-term net drains on foreign currency assets (nominal value), Forwards and futures in foreign currencies vis-s-vis the domestic currency (including the forward leg of currency swaps), Up to 1 month, Inflows, Long positions",NA
IRFCL,International Reserves and Foreign Currency Liquidity (IRFCL),DSD_IRFCL_PUB,INDICATOR,CL_IRFCL_INDICATOR_PUB,TRUE,IRFCLDT2_IRFCL1_SUTM_IN_LP_USD,"Predetermined short-term net drains on foreign currency assets (nominal value), Forwards and futures in foreign currencies vis-s-vis the domestic currency (including the forward leg of currency swaps), Up to 1 month, Inflows, Long positions",NA
IRFCL,International Reserves and Foreign Currency Liquidity (IRFCL),DSD_IRFCL_PUB,INDICATOR,CL_IRFCL_INDICATOR_PUB,TRUE,IRFCLDT2_IRFCL1_SUTM_IN_LP_XDC,"Predetermined short-term net drains on foreign currency assets (nominal value), Forwards and futures in foreign currencies vis-s-vis the domestic currency (including the forward leg of currency swaps), Up to 1 month, Inflows, Long positions",NA
IRFCL,International Reserves and Foreign Currency Liquidity (IRFCL),DSD_IRFCL_PUB,INDICATOR,CL_IRFCL_INDICATOR_PUB,TRUE,IRFCLDT2_IRFCL1_SM3MUTY_IN_LP_EUR,"Predetermined short-term net drains on foreign currency assets (nominal value), Forwards and futures in foreign currencies vis-s-vis the domestic currency (including the forward leg of currency swaps), More than 3 months and up to 1 year, Inflows, Long positions",NA
IRFCL,International Reserves and Foreign Currency Liquidity (IRFCL),DSD_IRFCL_PUB,INDICATOR,CL_IRFCL_INDICATOR_PUB,TRUE,IRFCLDT2_IRFCL1_SM3MUTY_IN_LP_USD,"Predetermined short-term net drains on foreign currency assets (nominal value), Forwards and futures in foreign currencies vis-s-vis the domestic currency (including the forward leg of currency swaps), More than 3 months and up to 1 year, Inflows, Long positions",NA
IRFCL,International Reserves and Foreign Currency Liquidity (IRFCL),DSD_IRFCL_PUB,INDICATOR,CL_IRFCL_INDICATOR_PUB,TRUE,IRFCLDT2_IRFCL1_SM3MUTY_IN_LP_XDC,"Predetermined short-term net drains on foreign currency assets (nominal value), Forwards and futures in foreign currencies vis-s-vis the domestic currency (including the forward leg of currency swaps), More than 3 months and up to 1 year, Inflows, Long positions",NA
IRFCL,International Reserves and Foreign Currency Liquidity (IRFCL),DSD_IRFCL_PUB,INDICATOR,CL_IRFCL_INDICATOR_PUB,TRUE,IRFCLDT2_IRFCL1T_IN_LP_EUR,"Predetermined short-term net drains on foreign currency assets (nominal value), Total forwards and futures in foreign currencies vis ã£ vis the domestic currency (including the forward leg of currency swaps), Inflows, Long positions",NA
IRFCL,International Reserves and Foreign Currency Liquidity (IRFCL),DSD_IRFCL_PUB,INDICATOR,CL_IRFCL_INDICATOR_PUB,TRUE,IRFCLDT2_IRFCL1T_IN_LP_USD,"Predetermined short-term net drains on foreign currency assets (nominal value), Total forwards and futures in foreign currencies vis ã£ vis the domestic currency (including the forward leg of currency swaps), Inflows, Long positions",NA
IRFCL,International Reserves and Foreign Currency Liquidity (IRFCL),DSD_IRFCL_PUB,INDICATOR,CL_IRFCL_INDICATOR_PUB,TRUE,IRFCLDT2_IRFCL1T_IN_LP_XDC,"Predetermined short-term net drains on foreign currency assets (nominal value), Total forwards and futures in foreign currencies vis ã£ vis the domestic currency (including the forward leg of currency swaps), Inflows, Long positions",NA
IRFCL,International Reserves and Foreign Currency Liquidity (IRFCL),DSD_IRFCL_PUB,INDICATOR,CL_IRFCL_INDICATOR_PUB,TRUE,IRFCLDT2_IRFCL1_SM1MUT3M_SHP_EUR,"Predetermined short-term net drains on foreign currency assets (nominal value), Forwards and futures in foreign currencies vis-s-vis the domestic currency (including the forward leg of currency swaps), More than 1 and up to 3 months, Short positions",NA
IRFCL,International Reserves and Foreign Currency Liquidity (IRFCL),DSD_IRFCL_PUB,INDICATOR,CL_IRFCL_INDICATOR_PUB,TRUE,IRFCLDT2_IRFCL1_SM1MUT3M_SHP_USD,"Predetermined short-term net drains on foreign currency assets (nominal value), Forwards and futures in foreign currencies vis-s-vis the domestic currency (including the forward leg of currency swaps), More than 1 and up to 3 months, Short positions",NA
IRFCL,International Reserves and Foreign Currency Liquidity (IRFCL),DSD_IRFCL_PUB,INDICATOR,CL_IRFCL_INDICATOR_PUB,TRUE,IRFCLDT2_IRFCL1_SM1MUT3M_SHP_XDC,"Predetermined short-term net drains on foreign currency assets (nominal value), Forwards and futures in foreign currencies vis-s-vis the domestic currency (including the forward leg of currency swaps), More than 1 and up to 3 months, Short positions",NA
IRFCL,International Reserves and Foreign Currency Liquidity (IRFCL),DSD_IRFCL_PUB,INDICATOR,CL_IRFCL_INDICATOR_PUB,TRUE,IRFCLDT2_IRFCL1_SUTM_SHP_EUR,"Predetermined short-term net drains on foreign currency assets (nominal value), Forwards and futures in foreign currencies vis-s-vis the domestic currency (including the forward leg of currency swaps), Up to 1 month, Short positions",NA
IRFCL,International Reserves and Foreign Currency Liquidity (IRFCL),DSD_IRFCL_PUB,INDICATOR,CL_IRFCL_INDICATOR_PUB,TRUE,IRFCLDT2_IRFCL1_SUTM_SHP_USD,"Predetermined short-term net drains on foreign currency assets (nominal value), Forwards and futures in foreign currencies vis-s-vis the domestic currency (including the forward leg of currency swaps), Up to 1 month, Short positions",NA
IRFCL,International Reserves and Foreign Currency Liquidity (IRFCL),DSD_IRFCL_PUB,INDICATOR,CL_IRFCL_INDICATOR_PUB,TRUE,IRFCLDT2_IRFCL1_SUTM_SHP_XDC,"Predetermined short-term net drains on foreign currency assets (nominal value), Forwards and futures in foreign currencies vis-s-vis the domestic currency (including the forward leg of currency swaps), Up to 1 month, Short positions",NA
IRFCL,International Reserves and Foreign Currency Liquidity (IRFCL),DSD_IRFCL_PUB,INDICATOR,CL_IRFCL_INDICATOR_PUB,TRUE,IRFCLDT2_IRFCL1_SM3MUTY_SHP_EUR,"Predetermined short-term net drains on foreign currency assets (nominal value), Forwards and futures in foreign currencies vis-s-vis the domestic currency (including the forward leg of currency swaps), More than 3 months and up to 1 year, Short positions",NA
IRFCL,International Reserves and Foreign Currency Liquidity (IRFCL),DSD_IRFCL_PUB,INDICATOR,CL_IRFCL_INDICATOR_PUB,TRUE,IRFCLDT2_IRFCL1_SM3MUTY_SHP_USD,"Predetermined short-term net drains on foreign currency assets (nominal value), Forwards and futures in foreign currencies vis-s-vis the domestic currency (including the forward leg of currency swaps), More than 3 months and up to 1 year, Short positions",NA
IRFCL,International Reserves and Foreign Currency Liquidity (IRFCL),DSD_IRFCL_PUB,INDICATOR,CL_IRFCL_INDICATOR_PUB,TRUE,IRFCLDT2_IRFCL1_SM3MUTY_SHP_XDC,"Predetermined short-term net drains on foreign currency assets (nominal value), Forwards and futures in foreign currencies vis-s-vis the domestic currency (including the forward leg of currency swaps), More than 3 months and up to 1 year, Short positions",NA
IRFCL,International Reserves and Foreign Currency Liquidity (IRFCL),DSD_IRFCL_PUB,INDICATOR,CL_IRFCL_INDICATOR_PUB,TRUE,IRFCLDT2_IRFCL1T_SHP_EUR,"Predetermined short-term net drains on foreign currency assets (nominal value), Total forwards and futures in foreign currencies vis ã£ vis the domestic currency (including the forward leg of currency swaps), Short positions",NA
IRFCL,International Reserves and Foreign Currency Liquidity (IRFCL),DSD_IRFCL_PUB,INDICATOR,CL_IRFCL_INDICATOR_PUB,TRUE,IRFCLDT2_IRFCL1T_SHP_USD,"Predetermined short-term net drains on foreign currency assets (nominal value), Total forwards and futures in foreign currencies vis ã£ vis the domestic currency (including the forward leg of currency swaps), Short positions",NA
IRFCL,International Reserves and Foreign Currency Liquidity (IRFCL),DSD_IRFCL_PUB,INDICATOR,CL_IRFCL_INDICATOR_PUB,TRUE,IRFCLDT2_IRFCL1T_SHP_XDC,"Predetermined short-term net drains on foreign currency assets (nominal value), Total forwards and futures in foreign currencies vis ã£ vis the domestic currency (including the forward leg of currency swaps), Short positions",NA
IRFCL,International Reserves and Foreign Currency Liquidity (IRFCL),DSD_IRFCL_PUB,INDICATOR,CL_IRFCL_INDICATOR_PUB,TRUE,IRFCLDT2_IRFCL24_SM1MUT3M_EUR,"Predetermined short-term net drains on foreign currency assets (nominal value), Foreign currency loans, securities and deposits, More than 1 and up to 3 months",NA
IRFCL,International Reserves and Foreign Currency Liquidity (IRFCL),DSD_IRFCL_PUB,INDICATOR,CL_IRFCL_INDICATOR_PUB,TRUE,IRFCLDT2_IRFCL24_SM1MUT3M_USD,"Predetermined short-term net drains on foreign currency assets (nominal value), Foreign currency loans, securities and deposits, More than 1 and up to 3 months",NA
IRFCL,International Reserves and Foreign Currency Liquidity (IRFCL),DSD_IRFCL_PUB,INDICATOR,CL_IRFCL_INDICATOR_PUB,TRUE,IRFCLDT2_IRFCL24_SM1MUT3M_XDC,"Predetermined short-term net drains on foreign currency assets (nominal value), Foreign currency loans, securities and deposits, More than 1 and up to 3 months",NA
IRFCL,International Reserves and Foreign Currency Liquidity (IRFCL),DSD_IRFCL_PUB,INDICATOR,CL_IRFCL_INDICATOR_PUB,TRUE,IRFCLDT2_IRFCL24_SUTM_EUR,"Predetermined short-term net drains on foreign currency assets (nominal value), Foreign currency loans, securities and deposits, Up to 1 month",NA
IRFCL,International Reserves and Foreign Currency Liquidity (IRFCL),DSD_IRFCL_PUB,INDICATOR,CL_IRFCL_INDICATOR_PUB,TRUE,IRFCLDT2_IRFCL24_SUTM_USD,"Predetermined short-term net drains on foreign currency assets (nominal value), Foreign currency loans, securities and deposits, Up to 1 month",NA
IRFCL,International Reserves and Foreign Currency Liquidity (IRFCL),DSD_IRFCL_PUB,INDICATOR,CL_IRFCL_INDICATOR_PUB,TRUE,IRFCLDT2_IRFCL24_SUTM_XDC,"Predetermined short-term net drains on foreign currency assets (nominal value), Foreign currency loans, securities and deposits, Up to 1 month",NA
IRFCL,International Reserves and Foreign Currency Liquidity (IRFCL),DSD_IRFCL_PUB,INDICATOR,CL_IRFCL_INDICATOR_PUB,TRUE,IRFCLDT2_IRFCL24_SM3MUTY_EUR,"Predetermined short-term net drains on foreign currency assets (nominal value), Foreign currency loans, securities and deposits, More than 3 months and up to 1 year",NA
IRFCL,International Reserves and Foreign Currency Liquidity (IRFCL),DSD_IRFCL_PUB,INDICATOR,CL_IRFCL_INDICATOR_PUB,TRUE,IRFCLDT2_IRFCL24_SM3MUTY_USD,"Predetermined short-term net drains on foreign currency assets (nominal value), Foreign currency loans, securities and deposits, More than 3 months and up to 1 year",NA
IRFCL,International Reserves and Foreign Currency Liquidity (IRFCL),DSD_IRFCL_PUB,INDICATOR,CL_IRFCL_INDICATOR_PUB,TRUE,IRFCLDT2_IRFCL24_SM3MUTY_XDC,"Predetermined short-term net drains on foreign currency assets (nominal value), Foreign currency loans, securities and deposits, More than 3 months and up to 1 year",NA
IRFCL,International Reserves and Foreign Currency Liquidity (IRFCL),DSD_IRFCL_PUB,INDICATOR,CL_IRFCL_INDICATOR_PUB,TRUE,IRFCLDT2_IRFCL78_EUR,"Predetermined short-term net drains on foreign currency assets (nominal value), Total foreign currency loans securities and deposits",NA
IRFCL,International Reserves and Foreign Currency Liquidity (IRFCL),DSD_IRFCL_PUB,INDICATOR,CL_IRFCL_INDICATOR_PUB,TRUE,IRFCLDT2_IRFCL78_USD,"Predetermined short-term net drains on foreign currency assets (nominal value), Total foreign currency loans securities and deposits",NA
IRFCL,International Reserves and Foreign Currency Liquidity (IRFCL),DSD_IRFCL_PUB,INDICATOR,CL_IRFCL_INDICATOR_PUB,TRUE,IRFCLDT2_IRFCL78_XDC,"Predetermined short-term net drains on foreign currency assets (nominal value), Total foreign currency loans securities and deposits",NA
IRFCL,International Reserves and Foreign Currency Liquidity (IRFCL),DSD_IRFCL_PUB,INDICATOR,CL_IRFCL_INDICATOR_PUB,TRUE,IRFCLDT2_IRFCL151_SM1MUT3M_IN_EUR,"Predetermined short-term net drains on foreign currency assets (nominal value), Foreign currency loans, securities and deposits, interest, More than 1 and up to 3 months, Inflows",NA
IRFCL,International Reserves and Foreign Currency Liquidity (IRFCL),DSD_IRFCL_PUB,INDICATOR,CL_IRFCL_INDICATOR_PUB,TRUE,IRFCLDT2_IRFCL151_SM1MUT3M_IN_USD,"Predetermined short-term net drains on foreign currency assets (nominal value), Foreign currency loans, securities and deposits, interest, More than 1 and up to 3 months, Inflows",NA
IRFCL,International Reserves and Foreign Currency Liquidity (IRFCL),DSD_IRFCL_PUB,INDICATOR,CL_IRFCL_INDICATOR_PUB,TRUE,IRFCLDT2_IRFCL151_SM1MUT3M_IN_XDC,"Predetermined short-term net drains on foreign currency assets (nominal value), Foreign currency loans, securities and deposits, interest, More than 1 and up to 3 months, Inflows",NA
IRFCL,International Reserves and Foreign Currency Liquidity (IRFCL),DSD_IRFCL_PUB,INDICATOR,CL_IRFCL_INDICATOR_PUB,TRUE,IRFCLDT2_IRFCL151_SUTM_IN_EUR,"Predetermined short-term net drains on foreign currency assets (nominal value), Foreign currency loans, securities and deposits, interest, Up to 1 month, Inflows",NA
IRFCL,International Reserves and Foreign Currency Liquidity (IRFCL),DSD_IRFCL_PUB,INDICATOR,CL_IRFCL_INDICATOR_PUB,TRUE,IRFCLDT2_IRFCL151_SUTM_IN_USD,"Predetermined short-term net drains on foreign currency assets (nominal value), Foreign currency loans, securities and deposits, interest, Up to 1 month, Inflows",NA
IRFCL,International Reserves and Foreign Currency Liquidity (IRFCL),DSD_IRFCL_PUB,INDICATOR,CL_IRFCL_INDICATOR_PUB,TRUE,IRFCLDT2_IRFCL151_SUTM_IN_XDC,"Predetermined short-term net drains on foreign currency assets (nominal value), Foreign currency loans, securities and deposits, interest, Up to 1 month, Inflows",NA
IRFCL,International Reserves and Foreign Currency Liquidity (IRFCL),DSD_IRFCL_PUB,INDICATOR,CL_IRFCL_INDICATOR_PUB,TRUE,IRFCLDT2_IRFCL151_SM3MUTY_IN_EUR,"Predetermined short-term net drains on foreign currency assets (nominal value), Foreign currency loans, securities and deposits, interest, More than 3 months and up to 1 year, Inflows",NA
IRFCL,International Reserves and Foreign Currency Liquidity (IRFCL),DSD_IRFCL_PUB,INDICATOR,CL_IRFCL_INDICATOR_PUB,TRUE,IRFCLDT2_IRFCL151_SM3MUTY_IN_USD,"Predetermined short-term net drains on foreign currency assets (nominal value), Foreign currency loans, securities and deposits, interest, More than 3 months and up to 1 year, Inflows",NA
IRFCL,International Reserves and Foreign Currency Liquidity (IRFCL),DSD_IRFCL_PUB,INDICATOR,CL_IRFCL_INDICATOR_PUB,TRUE,IRFCLDT2_IRFCL151_SM3MUTY_IN_XDC,"Predetermined short-term net drains on foreign currency assets (nominal value), Foreign currency loans, securities and deposits, interest, More than 3 months and up to 1 year, Inflows",NA
IRFCL,International Reserves and Foreign Currency Liquidity (IRFCL),DSD_IRFCL_PUB,INDICATOR,CL_IRFCL_INDICATOR_PUB,TRUE,IRFCLDT2_IRFCL79_IN_EUR,"Predetermined short-term net drains on foreign currency assets (nominal value), Total foreign currency loans securities and deposits, interest, Inflows",NA
IRFCL,International Reserves and Foreign Currency Liquidity (IRFCL),DSD_IRFCL_PUB,INDICATOR,CL_IRFCL_INDICATOR_PUB,TRUE,IRFCLDT2_IRFCL79_IN_USD,"Predetermined short-term net drains on foreign currency assets (nominal value), Total foreign currency loans securities and deposits, interest, Inflows",NA
IRFCL,International Reserves and Foreign Currency Liquidity (IRFCL),DSD_IRFCL_PUB,INDICATOR,CL_IRFCL_INDICATOR_PUB,TRUE,IRFCLDT2_IRFCL79_IN_XDC,"Predetermined short-term net drains on foreign currency assets (nominal value), Total foreign currency loans securities and deposits, interest, Inflows",NA
IRFCL,International Reserves and Foreign Currency Liquidity (IRFCL),DSD_IRFCL_PUB,INDICATOR,CL_IRFCL_INDICATOR_PUB,TRUE,IRFCLDT2_IRFCL26_SM1MUT3M_IN_EUR,"Predetermined short-term net drains on foreign currency assets (nominal value), Foreign currency loans, securities and deposits, principal, More than 1 and up to 3 months, Inflows",NA
IRFCL,International Reserves and Foreign Currency Liquidity (IRFCL),DSD_IRFCL_PUB,INDICATOR,CL_IRFCL_INDICATOR_PUB,TRUE,IRFCLDT2_IRFCL26_SM1MUT3M_IN_USD,"Predetermined short-term net drains on foreign currency assets (nominal value), Foreign currency loans, securities and deposits, principal, More than 1 and up to 3 months, Inflows",NA
IRFCL,International Reserves and Foreign Currency Liquidity (IRFCL),DSD_IRFCL_PUB,INDICATOR,CL_IRFCL_INDICATOR_PUB,TRUE,IRFCLDT2_IRFCL26_SM1MUT3M_IN_XDC,"Predetermined short-term net drains on foreign currency assets (nominal value), Foreign currency loans, securities and deposits, principal, More than 1 and up to 3 months, Inflows",NA
IRFCL,International Reserves and Foreign Currency Liquidity (IRFCL),DSD_IRFCL_PUB,INDICATOR,CL_IRFCL_INDICATOR_PUB,TRUE,IRFCLDT2_IRFCL26_SUTM_IN_EUR,"Predetermined short-term net drains on foreign currency assets (nominal value), Foreign currency loans, securities and deposits, principal, Up to 1 month, Inflows",NA
IRFCL,International Reserves and Foreign Currency Liquidity (IRFCL),DSD_IRFCL_PUB,INDICATOR,CL_IRFCL_INDICATOR_PUB,TRUE,IRFCLDT2_IRFCL26_SUTM_IN_USD,"Predetermined short-term net drains on foreign currency assets (nominal value), Foreign currency loans, securities and deposits, principal, Up to 1 month, Inflows",NA
IRFCL,International Reserves and Foreign Currency Liquidity (IRFCL),DSD_IRFCL_PUB,INDICATOR,CL_IRFCL_INDICATOR_PUB,TRUE,IRFCLDT2_IRFCL26_SUTM_IN_XDC,"Predetermined short-term net drains on foreign currency assets (nominal value), Foreign currency loans, securities and deposits, principal, Up to 1 month, Inflows",NA
IRFCL,International Reserves and Foreign Currency Liquidity (IRFCL),DSD_IRFCL_PUB,INDICATOR,CL_IRFCL_INDICATOR_PUB,TRUE,IRFCLDT2_IRFCL26_SM3MUTY_IN_EUR,"Predetermined short-term net drains on foreign currency assets (nominal value), Foreign currency loans, securities and deposits, principal, More than 3 months and up to 1 year, Inflows",NA
IRFCL,International Reserves and Foreign Currency Liquidity (IRFCL),DSD_IRFCL_PUB,INDICATOR,CL_IRFCL_INDICATOR_PUB,TRUE,IRFCLDT2_IRFCL26_SM3MUTY_IN_USD,"Predetermined short-term net drains on foreign currency assets (nominal value), Foreign currency loans, securities and deposits, principal, More than 3 months and up to 1 year, Inflows",NA
IRFCL,International Reserves and Foreign Currency Liquidity (IRFCL),DSD_IRFCL_PUB,INDICATOR,CL_IRFCL_INDICATOR_PUB,TRUE,IRFCLDT2_IRFCL26_SM3MUTY_IN_XDC,"Predetermined short-term net drains on foreign currency assets (nominal value), Foreign currency loans, securities and deposits, principal, More than 3 months and up to 1 year, Inflows",NA
IRFCL,International Reserves and Foreign Currency Liquidity (IRFCL),DSD_IRFCL_PUB,INDICATOR,CL_IRFCL_INDICATOR_PUB,TRUE,IRFCLDT2_IRFCL80_IN_EUR,"Predetermined short-term net drains on foreign currency assets (nominal value), Total foreign currency loans securities and deposits, principal, Inflows",NA
IRFCL,International Reserves and Foreign Currency Liquidity (IRFCL),DSD_IRFCL_PUB,INDICATOR,CL_IRFCL_INDICATOR_PUB,TRUE,IRFCLDT2_IRFCL80_IN_USD,"Predetermined short-term net drains on foreign currency assets (nominal value), Total foreign currency loans securities and deposits, principal, Inflows",NA
IRFCL,International Reserves and Foreign Currency Liquidity (IRFCL),DSD_IRFCL_PUB,INDICATOR,CL_IRFCL_INDICATOR_PUB,TRUE,IRFCLDT2_IRFCL80_IN_XDC,"Predetermined short-term net drains on foreign currency assets (nominal value), Total foreign currency loans securities and deposits, principal, Inflows",NA
IRFCL,International Reserves and Foreign Currency Liquidity (IRFCL),DSD_IRFCL_PUB,INDICATOR,CL_IRFCL_INDICATOR_PUB,TRUE,IRFCLDT2_IRFCL151_SM1MUT3M_FO_EUR,"Predetermined short-term net drains on foreign currency assets (nominal value), Foreign currency loans, securities and deposits, interest, More than 1 and up to 3 months, Outflows (reserves template)",NA
IRFCL,International Reserves and Foreign Currency Liquidity (IRFCL),DSD_IRFCL_PUB,INDICATOR,CL_IRFCL_INDICATOR_PUB,TRUE,IRFCLDT2_IRFCL151_SM1MUT3M_FO_USD,"Predetermined short-term net drains on foreign currency assets (nominal value), Foreign currency loans, securities and deposits, interest, More than 1 and up to 3 months, Outflows (reserves template)",NA
IRFCL,International Reserves and Foreign Currency Liquidity (IRFCL),DSD_IRFCL_PUB,INDICATOR,CL_IRFCL_INDICATOR_PUB,TRUE,IRFCLDT2_IRFCL151_SM1MUT3M_FO_XDC,"Predetermined short-term net drains on foreign currency assets (nominal value), Foreign currency loans, securities and deposits, interest, More than 1 and up to 3 months, Outflows (reserves template)",NA
IRFCL,International Reserves and Foreign Currency Liquidity (IRFCL),DSD_IRFCL_PUB,INDICATOR,CL_IRFCL_INDICATOR_PUB,TRUE,IRFCLDT2_IRFCL151_SUTM_FO_EUR,"Predetermined short-term net drains on foreign currency assets (nominal value), Foreign currency loans, securities and deposits, interest, Up to 1 month, Outflows (reserves template)",NA
IRFCL,International Reserves and Foreign Currency Liquidity (IRFCL),DSD_IRFCL_PUB,INDICATOR,CL_IRFCL_INDICATOR_PUB,TRUE,IRFCLDT2_IRFCL151_SUTM_FO_USD,"Predetermined short-term net drains on foreign currency assets (nominal value), Foreign currency loans, securities and deposits, interest, Up to 1 month, Outflows (reserves template)",NA
IRFCL,International Reserves and Foreign Currency Liquidity (IRFCL),DSD_IRFCL_PUB,INDICATOR,CL_IRFCL_INDICATOR_PUB,TRUE,IRFCLDT2_IRFCL151_SUTM_FO_XDC,"Predetermined short-term net drains on foreign currency assets (nominal value), Foreign currency loans, securities and deposits, interest, Up to 1 month, Outflows (reserves template)",NA
IRFCL,International Reserves and Foreign Currency Liquidity (IRFCL),DSD_IRFCL_PUB,INDICATOR,CL_IRFCL_INDICATOR_PUB,TRUE,IRFCLDT2_IRFCL151_SM3MUTY_FO_EUR,"Predetermined short-term net drains on foreign currency assets (nominal value), Foreign currency loans, securities and deposits, interest, More than 3 months and up to 1 year, Outflows (reserves template)",NA
IRFCL,International Reserves and Foreign Currency Liquidity (IRFCL),DSD_IRFCL_PUB,INDICATOR,CL_IRFCL_INDICATOR_PUB,TRUE,IRFCLDT2_IRFCL151_SM3MUTY_FO_USD,"Predetermined short-term net drains on foreign currency assets (nominal value), Foreign currency loans, securities and deposits, interest, More than 3 months and up to 1 year, Outflows (reserves template)",NA
IRFCL,International Reserves and Foreign Currency Liquidity (IRFCL),DSD_IRFCL_PUB,INDICATOR,CL_IRFCL_INDICATOR_PUB,TRUE,IRFCLDT2_IRFCL151_SM3MUTY_FO_XDC,"Predetermined short-term net drains on foreign currency assets (nominal value), Foreign currency loans, securities and deposits, interest, More than 3 months and up to 1 year, Outflows (reserves template)",NA
IRFCL,International Reserves and Foreign Currency Liquidity (IRFCL),DSD_IRFCL_PUB,INDICATOR,CL_IRFCL_INDICATOR_PUB,TRUE,IRFCLDT2_IRFCL79_FO_EUR,"Predetermined short-term net drains on foreign currency assets (nominal value), Total foreign currency loans securities and deposits, interest, Outflows (reserves template)",NA
IRFCL,International Reserves and Foreign Currency Liquidity (IRFCL),DSD_IRFCL_PUB,INDICATOR,CL_IRFCL_INDICATOR_PUB,TRUE,IRFCLDT2_IRFCL79_FO_USD,"Predetermined short-term net drains on foreign currency assets (nominal value), Total foreign currency loans securities and deposits, interest, Outflows (reserves template)",NA
IRFCL,International Reserves and Foreign Currency Liquidity (IRFCL),DSD_IRFCL_PUB,INDICATOR,CL_IRFCL_INDICATOR_PUB,TRUE,IRFCLDT2_IRFCL79_FO_XDC,"Predetermined short-term net drains on foreign currency assets (nominal value), Total foreign currency loans securities and deposits, interest, Outflows (reserves template)",NA
IRFCL,International Reserves and Foreign Currency Liquidity (IRFCL),DSD_IRFCL_PUB,INDICATOR,CL_IRFCL_INDICATOR_PUB,TRUE,IRFCLDT2_IRFCL26_SM1MUT3M_FO_EUR,"Predetermined short-term net drains on foreign currency assets (nominal value), Foreign currency loans, securities and deposits, principal, More than 1 and up to 3 months, Outflows (reserves template)",NA
IRFCL,International Reserves and Foreign Currency Liquidity (IRFCL),DSD_IRFCL_PUB,INDICATOR,CL_IRFCL_INDICATOR_PUB,TRUE,IRFCLDT2_IRFCL26_SM1MUT3M_FO_USD,"Predetermined short-term net drains on foreign currency assets (nominal value), Foreign currency loans, securities and deposits, principal, More than 1 and up to 3 months, Outflows (reserves template)",NA
IRFCL,International Reserves and Foreign Currency Liquidity (IRFCL),DSD_IRFCL_PUB,INDICATOR,CL_IRFCL_INDICATOR_PUB,TRUE,IRFCLDT2_IRFCL26_SM1MUT3M_FO_XDC,"Predetermined short-term net drains on foreign currency assets (nominal value), Foreign currency loans, securities and deposits, principal, More than 1 and up to 3 months, Outflows (reserves template)",NA
IRFCL,International Reserves and Foreign Currency Liquidity (IRFCL),DSD_IRFCL_PUB,INDICATOR,CL_IRFCL_INDICATOR_PUB,TRUE,IRFCLDT2_IRFCL26_SUTM_FO_EUR,"Predetermined short-term net drains on foreign currency assets (nominal value), Foreign currency loans, securities and deposits, principal, Up to 1 month, Outflows (reserves template)",NA
IRFCL,International Reserves and Foreign Currency Liquidity (IRFCL),DSD_IRFCL_PUB,INDICATOR,CL_IRFCL_INDICATOR_PUB,TRUE,IRFCLDT2_IRFCL26_SUTM_FO_USD,"Predetermined short-term net drains on foreign currency assets (nominal value), Foreign currency loans, securities and deposits, principal, Up to 1 month, Outflows (reserves template)",NA
IRFCL,International Reserves and Foreign Currency Liquidity (IRFCL),DSD_IRFCL_PUB,INDICATOR,CL_IRFCL_INDICATOR_PUB,TRUE,IRFCLDT2_IRFCL26_SUTM_FO_XDC,"Predetermined short-term net drains on foreign currency assets (nominal value), Foreign currency loans, securities and deposits, principal, Up to 1 month, Outflows (reserves template)",NA
IRFCL,International Reserves and Foreign Currency Liquidity (IRFCL),DSD_IRFCL_PUB,INDICATOR,CL_IRFCL_INDICATOR_PUB,TRUE,IRFCLDT2_IRFCL26_SM3MUTY_FO_EUR,"Predetermined short-term net drains on foreign currency assets (nominal value), Foreign currency loans, securities and deposits, principal, More than 3 months and up to 1 year, Outflows (reserves template)",NA
IRFCL,International Reserves and Foreign Currency Liquidity (IRFCL),DSD_IRFCL_PUB,INDICATOR,CL_IRFCL_INDICATOR_PUB,TRUE,IRFCLDT2_IRFCL26_SM3MUTY_FO_USD,"Predetermined short-term net drains on foreign currency assets (nominal value), Foreign currency loans, securities and deposits, principal, More than 3 months and up to 1 year, Outflows (reserves template)",NA
IRFCL,International Reserves and Foreign Currency Liquidity (IRFCL),DSD_IRFCL_PUB,INDICATOR,CL_IRFCL_INDICATOR_PUB,TRUE,IRFCLDT2_IRFCL26_SM3MUTY_FO_XDC,"Predetermined short-term net drains on foreign currency assets (nominal value), Foreign currency loans, securities and deposits, principal, More than 3 months and up to 1 year, Outflows (reserves template)",NA
IRFCL,International Reserves and Foreign Currency Liquidity (IRFCL),DSD_IRFCL_PUB,INDICATOR,CL_IRFCL_INDICATOR_PUB,TRUE,IRFCLDT2_IRFCL80_FO_EUR,"Predetermined short-term net drains on foreign currency assets (nominal value), Total foreign currency loans securities and deposits, principal, Outflows (reserves template)",NA
IRFCL,International Reserves and Foreign Currency Liquidity (IRFCL),DSD_IRFCL_PUB,INDICATOR,CL_IRFCL_INDICATOR_PUB,TRUE,IRFCLDT2_IRFCL80_FO_USD,"Predetermined short-term net drains on foreign currency assets (nominal value), Total foreign currency loans securities and deposits, principal, Outflows (reserves template)",NA
IRFCL,International Reserves and Foreign Currency Liquidity (IRFCL),DSD_IRFCL_PUB,INDICATOR,CL_IRFCL_INDICATOR_PUB,TRUE,IRFCLDT2_IRFCL80_FO_XDC,"Predetermined short-term net drains on foreign currency assets (nominal value), Total foreign currency loans securities and deposits, principal, Outflows (reserves template)",NA
IRFCL,International Reserves and Foreign Currency Liquidity (IRFCL),DSD_IRFCL_PUB,INDICATOR,CL_IRFCL_INDICATOR_PUB,TRUE,IRFCLDT2_IRFCL45_SM1MUT3M_EUR,"Predetermined short-term net drains on foreign currency assets (nominal value), Other predetermined short term net drains on foreign currency assets, More than 1 and up to 3 months",NA
IRFCL,International Reserves and Foreign Currency Liquidity (IRFCL),DSD_IRFCL_PUB,INDICATOR,CL_IRFCL_INDICATOR_PUB,TRUE,IRFCLDT2_IRFCL45_SM1MUT3M_USD,"Predetermined short-term net drains on foreign currency assets (nominal value), Other predetermined short term net drains on foreign currency assets, More than 1 and up to 3 months",NA
IRFCL,International Reserves and Foreign Currency Liquidity (IRFCL),DSD_IRFCL_PUB,INDICATOR,CL_IRFCL_INDICATOR_PUB,TRUE,IRFCLDT2_IRFCL45_SM1MUT3M_XDC,"Predetermined short-term net drains on foreign currency assets (nominal value), Other predetermined short term net drains on foreign currency assets, More than 1 and up to 3 months",NA
IRFCL,International Reserves and Foreign Currency Liquidity (IRFCL),DSD_IRFCL_PUB,INDICATOR,CL_IRFCL_INDICATOR_PUB,TRUE,IRFCLDT2_IRFCL45_SUTM_EUR,"Predetermined short-term net drains on foreign currency assets (nominal value), Other predetermined short term net drains on foreign currency assets, Up to 1 month",NA
IRFCL,International Reserves and Foreign Currency Liquidity (IRFCL),DSD_IRFCL_PUB,INDICATOR,CL_IRFCL_INDICATOR_PUB,TRUE,IRFCLDT2_IRFCL45_SUTM_USD,"Predetermined short-term net drains on foreign currency assets (nominal value), Other predetermined short term net drains on foreign currency assets, Up to 1 month",NA
IRFCL,International Reserves and Foreign Currency Liquidity (IRFCL),DSD_IRFCL_PUB,INDICATOR,CL_IRFCL_INDICATOR_PUB,TRUE,IRFCLDT2_IRFCL45_SUTM_XDC,"Predetermined short-term net drains on foreign currency assets (nominal value), Other predetermined short term net drains on foreign currency assets, Up to 1 month",NA
IRFCL,International Reserves and Foreign Currency Liquidity (IRFCL),DSD_IRFCL_PUB,INDICATOR,CL_IRFCL_INDICATOR_PUB,TRUE,IRFCLDT2_IRFCL45_SM3MUTY_EUR,"Predetermined short-term net drains on foreign currency assets (nominal value), Other predetermined short term net drains on foreign currency assets, More than 3 months and up to 1 year",NA
IRFCL,International Reserves and Foreign Currency Liquidity (IRFCL),DSD_IRFCL_PUB,INDICATOR,CL_IRFCL_INDICATOR_PUB,TRUE,IRFCLDT2_IRFCL45_SM3MUTY_USD,"Predetermined short-term net drains on foreign currency assets (nominal value), Other predetermined short term net drains on foreign currency assets, More than 3 months and up to 1 year",NA
IRFCL,International Reserves and Foreign Currency Liquidity (IRFCL),DSD_IRFCL_PUB,INDICATOR,CL_IRFCL_INDICATOR_PUB,TRUE,IRFCLDT2_IRFCL45_SM3MUTY_XDC,"Predetermined short-term net drains on foreign currency assets (nominal value), Other predetermined short term net drains on foreign currency assets, More than 3 months and up to 1 year",NA
IRFCL,International Reserves and Foreign Currency Liquidity (IRFCL),DSD_IRFCL_PUB,INDICATOR,CL_IRFCL_INDICATOR_PUB,TRUE,IRFCLDT2_IRFCL85_EUR,"Predetermined short-term net drains on foreign currency assets (nominal value), Total other predetermined short term net drains on foreign currency assets",NA
IRFCL,International Reserves and Foreign Currency Liquidity (IRFCL),DSD_IRFCL_PUB,INDICATOR,CL_IRFCL_INDICATOR_PUB,TRUE,IRFCLDT2_IRFCL85_USD,"Predetermined short-term net drains on foreign currency assets (nominal value), Total other predetermined short term net drains on foreign currency assets",NA
IRFCL,International Reserves and Foreign Currency Liquidity (IRFCL),DSD_IRFCL_PUB,INDICATOR,CL_IRFCL_INDICATOR_PUB,TRUE,IRFCLDT2_IRFCL85_XDC,"Predetermined short-term net drains on foreign currency assets (nominal value), Total other predetermined short term net drains on foreign currency assets",NA
IRFCL,International Reserves and Foreign Currency Liquidity (IRFCL),DSD_IRFCL_PUB,INDICATOR,CL_IRFCL_INDICATOR_PUB,TRUE,IRFCLDT2_IRFCL50_SM1MUT3M_IN_EUR,"Predetermined short-term net drains on foreign currency assets (nominal value), Other predetermined short term net drains on foreign currency assets, trade credit, More than 1 and up to 3 months, Inflows",NA
IRFCL,International Reserves and Foreign Currency Liquidity (IRFCL),DSD_IRFCL_PUB,INDICATOR,CL_IRFCL_INDICATOR_PUB,TRUE,IRFCLDT2_IRFCL50_SM1MUT3M_IN_USD,"Predetermined short-term net drains on foreign currency assets (nominal value), Other predetermined short term net drains on foreign currency assets, trade credit, More than 1 and up to 3 months, Inflows",NA
IRFCL,International Reserves and Foreign Currency Liquidity (IRFCL),DSD_IRFCL_PUB,INDICATOR,CL_IRFCL_INDICATOR_PUB,TRUE,IRFCLDT2_IRFCL50_SM1MUT3M_IN_XDC,"Predetermined short-term net drains on foreign currency assets (nominal value), Other predetermined short term net drains on foreign currency assets, trade credit, More than 1 and up to 3 months, Inflows",NA
IRFCL,International Reserves and Foreign Currency Liquidity (IRFCL),DSD_IRFCL_PUB,INDICATOR,CL_IRFCL_INDICATOR_PUB,TRUE,IRFCLDT2_IRFCL50_SUTM_IN_EUR,"Predetermined short-term net drains on foreign currency assets (nominal value), Other predetermined short term net drains on foreign currency assets, trade credit, Up to 1 month, Inflows",NA
IRFCL,International Reserves and Foreign Currency Liquidity (IRFCL),DSD_IRFCL_PUB,INDICATOR,CL_IRFCL_INDICATOR_PUB,TRUE,IRFCLDT2_IRFCL50_SUTM_IN_USD,"Predetermined short-term net drains on foreign currency assets (nominal value), Other predetermined short term net drains on foreign currency assets, trade credit, Up to 1 month, Inflows",NA
IRFCL,International Reserves and Foreign Currency Liquidity (IRFCL),DSD_IRFCL_PUB,INDICATOR,CL_IRFCL_INDICATOR_PUB,TRUE,IRFCLDT2_IRFCL50_SUTM_IN_XDC,"Predetermined short-term net drains on foreign currency assets (nominal value), Other predetermined short term net drains on foreign currency assets, trade credit, Up to 1 month, Inflows",NA
IRFCL,International Reserves and Foreign Currency Liquidity (IRFCL),DSD_IRFCL_PUB,INDICATOR,CL_IRFCL_INDICATOR_PUB,TRUE,IRFCLDT2_IRFCL50_SM3MUTY_IN_EUR,"Predetermined short-term net drains on foreign currency assets (nominal value), Other predetermined short term net drains on foreign currency assets, trade credit, More than 3 months and up to 1 year, Inflows",NA
IRFCL,International Reserves and Foreign Currency Liquidity (IRFCL),DSD_IRFCL_PUB,INDICATOR,CL_IRFCL_INDICATOR_PUB,TRUE,IRFCLDT2_IRFCL50_SM3MUTY_IN_USD,"Predetermined short-term net drains on foreign currency assets (nominal value), Other predetermined short term net drains on foreign currency assets, trade credit, More than 3 months and up to 1 year, Inflows",NA
IRFCL,International Reserves and Foreign Currency Liquidity (IRFCL),DSD_IRFCL_PUB,INDICATOR,CL_IRFCL_INDICATOR_PUB,TRUE,IRFCLDT2_IRFCL50_SM3MUTY_IN_XDC,"Predetermined short-term net drains on foreign currency assets (nominal value), Other predetermined short term net drains on foreign currency assets, trade credit, More than 3 months and up to 1 year, Inflows",NA
IRFCL,International Reserves and Foreign Currency Liquidity (IRFCL),DSD_IRFCL_PUB,INDICATOR,CL_IRFCL_INDICATOR_PUB,TRUE,IRFCLDT2_IRFCL50T_IN_EUR,"Predetermined short-term net drains on foreign currency assets (nominal value), Total other predetermined short term net drains on foreign currency assets, trade credit, Inflows",NA
IRFCL,International Reserves and Foreign Currency Liquidity (IRFCL),DSD_IRFCL_PUB,INDICATOR,CL_IRFCL_INDICATOR_PUB,TRUE,IRFCLDT2_IRFCL50T_IN_USD,"Predetermined short-term net drains on foreign currency assets (nominal value), Total other predetermined short term net drains on foreign currency assets, trade credit, Inflows",NA
IRFCL,International Reserves and Foreign Currency Liquidity (IRFCL),DSD_IRFCL_PUB,INDICATOR,CL_IRFCL_INDICATOR_PUB,TRUE,IRFCLDT2_IRFCL50T_IN_XDC,"Predetermined short-term net drains on foreign currency assets (nominal value), Total other predetermined short term net drains on foreign currency assets, trade credit, Inflows",NA
IRFCL,International Reserves and Foreign Currency Liquidity (IRFCL),DSD_IRFCL_PUB,INDICATOR,CL_IRFCL_INDICATOR_PUB,TRUE,IRFCLDT2_IRFCL47_SM1MUT3M_EUR,"Predetermined short-term net drains on foreign currency assets (nominal value), Other predetermined short term net drains on foreign currency assets, other accounts receivable, More than 1 and up to 3 months",NA
IRFCL,International Reserves and Foreign Currency Liquidity (IRFCL),DSD_IRFCL_PUB,INDICATOR,CL_IRFCL_INDICATOR_PUB,TRUE,IRFCLDT2_IRFCL47_SM1MUT3M_USD,"Predetermined short-term net drains on foreign currency assets (nominal value), Other predetermined short term net drains on foreign currency assets, other accounts receivable, More than 1 and up to 3 months",NA
IRFCL,International Reserves and Foreign Currency Liquidity (IRFCL),DSD_IRFCL_PUB,INDICATOR,CL_IRFCL_INDICATOR_PUB,TRUE,IRFCLDT2_IRFCL47_SM1MUT3M_XDC,"Predetermined short-term net drains on foreign currency assets (nominal value), Other predetermined short term net drains on foreign currency assets, other accounts receivable, More than 1 and up to 3 months",NA
IRFCL,International Reserves and Foreign Currency Liquidity (IRFCL),DSD_IRFCL_PUB,INDICATOR,CL_IRFCL_INDICATOR_PUB,TRUE,IRFCLDT2_IRFCL47_SUTM_IN_EUR,"Predetermined short-term net drains on foreign currency assets (nominal value), Other predetermined short term net drains on foreign currency assets, other accounts receivable, Up to 1 month, Inflows",NA
IRFCL,International Reserves and Foreign Currency Liquidity (IRFCL),DSD_IRFCL_PUB,INDICATOR,CL_IRFCL_INDICATOR_PUB,TRUE,IRFCLDT2_IRFCL47_SUTM_IN_USD,"Predetermined short-term net drains on foreign currency assets (nominal value), Other predetermined short term net drains on foreign currency assets, other accounts receivable, Up to 1 month, Inflows",NA
IRFCL,International Reserves and Foreign Currency Liquidity (IRFCL),DSD_IRFCL_PUB,INDICATOR,CL_IRFCL_INDICATOR_PUB,TRUE,IRFCLDT2_IRFCL47_SUTM_IN_XDC,"Predetermined short-term net drains on foreign currency assets (nominal value), Other predetermined short term net drains on foreign currency assets, other accounts receivable, Up to 1 month, Inflows",NA
IRFCL,International Reserves and Foreign Currency Liquidity (IRFCL),DSD_IRFCL_PUB,INDICATOR,CL_IRFCL_INDICATOR_PUB,TRUE,IRFCLDT2_IRFCL47_SM3MUTY_IN_EUR,"Predetermined short-term net drains on foreign currency assets (nominal value), Other predetermined short term net drains on foreign currency assets, other accounts receivable, More than 3 months and up to 1 year, Inflows",NA
IRFCL,International Reserves and Foreign Currency Liquidity (IRFCL),DSD_IRFCL_PUB,INDICATOR,CL_IRFCL_INDICATOR_PUB,TRUE,IRFCLDT2_IRFCL47_SM3MUTY_IN_USD,"Predetermined short-term net drains on foreign currency assets (nominal value), Other predetermined short term net drains on foreign currency assets, other accounts receivable, More than 3 months and up to 1 year, Inflows",NA
IRFCL,International Reserves and Foreign Currency Liquidity (IRFCL),DSD_IRFCL_PUB,INDICATOR,CL_IRFCL_INDICATOR_PUB,TRUE,IRFCLDT2_IRFCL47_SM3MUTY_IN_XDC,"Predetermined short-term net drains on foreign currency assets (nominal value), Other predetermined short term net drains on foreign currency assets, other accounts receivable, More than 3 months and up to 1 year, Inflows",NA
IRFCL,International Reserves and Foreign Currency Liquidity (IRFCL),DSD_IRFCL_PUB,INDICATOR,CL_IRFCL_INDICATOR_PUB,TRUE,IRFCLDT2_IRFCL47T_IN_EUR,"Predetermined short-term net drains on foreign currency assets (nominal value), Total other predetermined short term net drains on foreign currency assets, other accounts receivable, Inflows",NA
IRFCL,International Reserves and Foreign Currency Liquidity (IRFCL),DSD_IRFCL_PUB,INDICATOR,CL_IRFCL_INDICATOR_PUB,TRUE,IRFCLDT2_IRFCL47T_IN_USD,"Predetermined short-term net drains on foreign currency assets (nominal value), Total other predetermined short term net drains on foreign currency assets, other accounts receivable, Inflows",NA
IRFCL,International Reserves and Foreign Currency Liquidity (IRFCL),DSD_IRFCL_PUB,INDICATOR,CL_IRFCL_INDICATOR_PUB,TRUE,IRFCLDT2_IRFCL47T_IN_XDC,"Predetermined short-term net drains on foreign currency assets (nominal value), Total other predetermined short term net drains on foreign currency assets, other accounts receivable, Inflows",NA
IRFCL,International Reserves and Foreign Currency Liquidity (IRFCL),DSD_IRFCL_PUB,INDICATOR,CL_IRFCL_INDICATOR_PUB,TRUE,IRFCLDT2_IRFCL49_SM1MUT3M_IN_EUR,"Predetermined short-term net drains on foreign currency assets (nominal value), Other predetermined short term net drains on foreign currency assets, related to reverse repos, More than 1 and up to 3 months, Inflows",NA
IRFCL,International Reserves and Foreign Currency Liquidity (IRFCL),DSD_IRFCL_PUB,INDICATOR,CL_IRFCL_INDICATOR_PUB,TRUE,IRFCLDT2_IRFCL49_SM1MUT3M_IN_USD,"Predetermined short-term net drains on foreign currency assets (nominal value), Other predetermined short term net drains on foreign currency assets, related to reverse repos, More than 1 and up to 3 months, Inflows",NA
IRFCL,International Reserves and Foreign Currency Liquidity (IRFCL),DSD_IRFCL_PUB,INDICATOR,CL_IRFCL_INDICATOR_PUB,TRUE,IRFCLDT2_IRFCL49_SM1MUT3M_IN_XDC,"Predetermined short-term net drains on foreign currency assets (nominal value), Other predetermined short term net drains on foreign currency assets, related to reverse repos, More than 1 and up to 3 months, Inflows",NA
IRFCL,International Reserves and Foreign Currency Liquidity (IRFCL),DSD_IRFCL_PUB,INDICATOR,CL_IRFCL_INDICATOR_PUB,TRUE,IRFCLDT2_IRFCL49_SUTM_IN_EUR,"Predetermined short-term net drains on foreign currency assets (nominal value), Other predetermined short term net drains on foreign currency assets, related to reverse repos, Up to 1 month, Inflows",NA
IRFCL,International Reserves and Foreign Currency Liquidity (IRFCL),DSD_IRFCL_PUB,INDICATOR,CL_IRFCL_INDICATOR_PUB,TRUE,IRFCLDT2_IRFCL49_SUTM_IN_USD,"Predetermined short-term net drains on foreign currency assets (nominal value), Other predetermined short term net drains on foreign currency assets, related to reverse repos, Up to 1 month, Inflows",NA
IRFCL,International Reserves and Foreign Currency Liquidity (IRFCL),DSD_IRFCL_PUB,INDICATOR,CL_IRFCL_INDICATOR_PUB,TRUE,IRFCLDT2_IRFCL49_SUTM_IN_XDC,"Predetermined short-term net drains on foreign currency assets (nominal value), Other predetermined short term net drains on foreign currency assets, related to reverse repos, Up to 1 month, Inflows",NA
IRFCL,International Reserves and Foreign Currency Liquidity (IRFCL),DSD_IRFCL_PUB,INDICATOR,CL_IRFCL_INDICATOR_PUB,TRUE,IRFCLDT2_IRFCL49_SM3MUTY_IN_EUR,"Predetermined short-term net drains on foreign currency assets (nominal value), Other predetermined short term net drains on foreign currency assets, related to reverse repos, More than 3 months and up to 1 year, Inflows",NA
IRFCL,International Reserves and Foreign Currency Liquidity (IRFCL),DSD_IRFCL_PUB,INDICATOR,CL_IRFCL_INDICATOR_PUB,TRUE,IRFCLDT2_IRFCL49_SM3MUTY_IN_USD,"Predetermined short-term net drains on foreign currency assets (nominal value), Other predetermined short term net drains on foreign currency assets, related to reverse repos, More than 3 months and up to 1 year, Inflows",NA
IRFCL,International Reserves and Foreign Currency Liquidity (IRFCL),DSD_IRFCL_PUB,INDICATOR,CL_IRFCL_INDICATOR_PUB,TRUE,IRFCLDT2_IRFCL49_SM3MUTY_IN_XDC,"Predetermined short-term net drains on foreign currency assets (nominal value), Other predetermined short term net drains on foreign currency assets, related to reverse repos, More than 3 months and up to 1 year, Inflows",NA
IRFCL,International Reserves and Foreign Currency Liquidity (IRFCL),DSD_IRFCL_PUB,INDICATOR,CL_IRFCL_INDICATOR_PUB,TRUE,IRFCLDT2_IRFCL49T_IN_EUR,"Predetermined short-term net drains on foreign currency assets (nominal value), Total other predetermined short term net drains on foreign currency assets, related to reverse repos, Inflows",NA
IRFCL,International Reserves and Foreign Currency Liquidity (IRFCL),DSD_IRFCL_PUB,INDICATOR,CL_IRFCL_INDICATOR_PUB,TRUE,IRFCLDT2_IRFCL49T_IN_USD,"Predetermined short-term net drains on foreign currency assets (nominal value), Total other predetermined short term net drains on foreign currency assets, related to reverse repos, Inflows",NA
IRFCL,International Reserves and Foreign Currency Liquidity (IRFCL),DSD_IRFCL_PUB,INDICATOR,CL_IRFCL_INDICATOR_PUB,TRUE,IRFCLDT2_IRFCL49T_IN_XDC,"Predetermined short-term net drains on foreign currency assets (nominal value), Total other predetermined short term net drains on foreign currency assets, related to reverse repos, Inflows",NA
IRFCL,International Reserves and Foreign Currency Liquidity (IRFCL),DSD_IRFCL_PUB,INDICATOR,CL_IRFCL_INDICATOR_PUB,TRUE,IRFCLDT2_IRFCL50_SM1MUT3M_FO_EUR,"Predetermined short-term net drains on foreign currency assets (nominal value), Other predetermined short term net drains on foreign currency assets, trade credit, More than 1 and up to 3 months, Outflows (reserves template)",NA
IRFCL,International Reserves and Foreign Currency Liquidity (IRFCL),DSD_IRFCL_PUB,INDICATOR,CL_IRFCL_INDICATOR_PUB,TRUE,IRFCLDT2_IRFCL50_SM1MUT3M_FO_USD,"Predetermined short-term net drains on foreign currency assets (nominal value), Other predetermined short term net drains on foreign currency assets, trade credit, More than 1 and up to 3 months, Outflows (reserves template)",NA
IRFCL,International Reserves and Foreign Currency Liquidity (IRFCL),DSD_IRFCL_PUB,INDICATOR,CL_IRFCL_INDICATOR_PUB,TRUE,IRFCLDT2_IRFCL50_SM1MUT3M_FO_XDC,"Predetermined short-term net drains on foreign currency assets (nominal value), Other predetermined short term net drains on foreign currency assets, trade credit, More than 1 and up to 3 months, Outflows (reserves template)",NA
IRFCL,International Reserves and Foreign Currency Liquidity (IRFCL),DSD_IRFCL_PUB,INDICATOR,CL_IRFCL_INDICATOR_PUB,TRUE,IRFCLDT2_IRFCL50_SUTM_FO_EUR,"Predetermined short-term net drains on foreign currency assets (nominal value), Other predetermined short term net drains on foreign currency assets, trade credit, Up to 1 month, Outflows (reserves template)",NA
IRFCL,International Reserves and Foreign Currency Liquidity (IRFCL),DSD_IRFCL_PUB,INDICATOR,CL_IRFCL_INDICATOR_PUB,TRUE,IRFCLDT2_IRFCL50_SUTM_FO_USD,"Predetermined short-term net drains on foreign currency assets (nominal value), Other predetermined short term net drains on foreign currency assets, trade credit, Up to 1 month, Outflows (reserves template)",NA
IRFCL,International Reserves and Foreign Currency Liquidity (IRFCL),DSD_IRFCL_PUB,INDICATOR,CL_IRFCL_INDICATOR_PUB,TRUE,IRFCLDT2_IRFCL50_SUTM_FO_XDC,"Predetermined short-term net drains on foreign currency assets (nominal value), Other predetermined short term net drains on foreign currency assets, trade credit, Up to 1 month, Outflows (reserves template)",NA
IRFCL,International Reserves and Foreign Currency Liquidity (IRFCL),DSD_IRFCL_PUB,INDICATOR,CL_IRFCL_INDICATOR_PUB,TRUE,IRFCLDT2_IRFCL50_SM3MUTY_FO_EUR,"Predetermined short-term net drains on foreign currency assets (nominal value), Other predetermined short term net drains on foreign currency assets, trade credit, More than 3 months and up to 1 year, Outflows (reserves template)",NA
IRFCL,International Reserves and Foreign Currency Liquidity (IRFCL),DSD_IRFCL_PUB,INDICATOR,CL_IRFCL_INDICATOR_PUB,TRUE,IRFCLDT2_IRFCL50_SM3MUTY_FO_USD,"Predetermined short-term net drains on foreign currency assets (nominal value), Other predetermined short term net drains on foreign currency assets, trade credit, More than 3 months and up to 1 year, Outflows (reserves template)",NA
IRFCL,International Reserves and Foreign Currency Liquidity (IRFCL),DSD_IRFCL_PUB,INDICATOR,CL_IRFCL_INDICATOR_PUB,TRUE,IRFCLDT2_IRFCL50_SM3MUTY_FO_XDC,"Predetermined short-term net drains on foreign currency assets (nominal value), Other predetermined short term net drains on foreign currency assets, trade credit, More than 3 months and up to 1 year, Outflows (reserves template)",NA
IRFCL,International Reserves and Foreign Currency Liquidity (IRFCL),DSD_IRFCL_PUB,INDICATOR,CL_IRFCL_INDICATOR_PUB,TRUE,IRFCLDT2_IRFCL50T_FO_EUR,"Predetermined short-term net drains on foreign currency assets (nominal value), Total other predetermined short term net drains on foreign currency assets, trade credit, Outflows (reserves template)",NA
IRFCL,International Reserves and Foreign Currency Liquidity (IRFCL),DSD_IRFCL_PUB,INDICATOR,CL_IRFCL_INDICATOR_PUB,TRUE,IRFCLDT2_IRFCL50T_FO_USD,"Predetermined short-term net drains on foreign currency assets (nominal value), Total other predetermined short term net drains on foreign currency assets, trade credit, Outflows (reserves template)",NA
IRFCL,International Reserves and Foreign Currency Liquidity (IRFCL),DSD_IRFCL_PUB,INDICATOR,CL_IRFCL_INDICATOR_PUB,TRUE,IRFCLDT2_IRFCL50T_FO_XDC,"Predetermined short-term net drains on foreign currency assets (nominal value), Total other predetermined short term net drains on foreign currency assets, trade credit, Outflows (reserves template)",NA
IRFCL,International Reserves and Foreign Currency Liquidity (IRFCL),DSD_IRFCL_PUB,INDICATOR,CL_IRFCL_INDICATOR_PUB,TRUE,IRFCLDT2_IRFCL46_SM1MUT3M_FO_EUR,"Predetermined short-term net drains on foreign currency assets (nominal value), Other predetermined short term net drains on foreign currency assets, other accounts payable, More than 1 and up to 3 months, Outflows (reserves template)",NA
IRFCL,International Reserves and Foreign Currency Liquidity (IRFCL),DSD_IRFCL_PUB,INDICATOR,CL_IRFCL_INDICATOR_PUB,TRUE,IRFCLDT2_IRFCL46_SM1MUT3M_FO_USD,"Predetermined short-term net drains on foreign currency assets (nominal value), Other predetermined short term net drains on foreign currency assets, other accounts payable, More than 1 and up to 3 months, Outflows (reserves template)",NA
IRFCL,International Reserves and Foreign Currency Liquidity (IRFCL),DSD_IRFCL_PUB,INDICATOR,CL_IRFCL_INDICATOR_PUB,TRUE,IRFCLDT2_IRFCL46_SM1MUT3M_FO_XDC,"Predetermined short-term net drains on foreign currency assets (nominal value), Other predetermined short term net drains on foreign currency assets, other accounts payable, More than 1 and up to 3 months, Outflows (reserves template)",NA
IRFCL,International Reserves and Foreign Currency Liquidity (IRFCL),DSD_IRFCL_PUB,INDICATOR,CL_IRFCL_INDICATOR_PUB,TRUE,IRFCLDT2_IRFCL46_SUTM_FO_EUR,"Predetermined short-term net drains on foreign currency assets (nominal value), Other predetermined short term net drains on foreign currency assets, other accounts payable, Up to 1 month, Outflows (reserves template)",NA
IRFCL,International Reserves and Foreign Currency Liquidity (IRFCL),DSD_IRFCL_PUB,INDICATOR,CL_IRFCL_INDICATOR_PUB,TRUE,IRFCLDT2_IRFCL46_SUTM_FO_USD,"Predetermined short-term net drains on foreign currency assets (nominal value), Other predetermined short term net drains on foreign currency assets, other accounts payable, Up to 1 month, Outflows (reserves template)",NA
IRFCL,International Reserves and Foreign Currency Liquidity (IRFCL),DSD_IRFCL_PUB,INDICATOR,CL_IRFCL_INDICATOR_PUB,TRUE,IRFCLDT2_IRFCL46_SUTM_FO_XDC,"Predetermined short-term net drains on foreign currency assets (nominal value), Other predetermined short term net drains on foreign currency assets, other accounts payable, Up to 1 month, Outflows (reserves template)",NA
IRFCL,International Reserves and Foreign Currency Liquidity (IRFCL),DSD_IRFCL_PUB,INDICATOR,CL_IRFCL_INDICATOR_PUB,TRUE,IRFCLDT2_IRFCL46_SM3MUTY_FO_EUR,"Predetermined short-term net drains on foreign currency assets (nominal value), Other predetermined short term net drains on foreign currency assets, other accounts payable, More than 3 months and up to 1 year, Outflows (reserves template)",NA
IRFCL,International Reserves and Foreign Currency Liquidity (IRFCL),DSD_IRFCL_PUB,INDICATOR,CL_IRFCL_INDICATOR_PUB,TRUE,IRFCLDT2_IRFCL46_SM3MUTY_FO_USD,"Predetermined short-term net drains on foreign currency assets (nominal value), Other predetermined short term net drains on foreign currency assets, other accounts payable, More than 3 months and up to 1 year, Outflows (reserves template)",NA
IRFCL,International Reserves and Foreign Currency Liquidity (IRFCL),DSD_IRFCL_PUB,INDICATOR,CL_IRFCL_INDICATOR_PUB,TRUE,IRFCLDT2_IRFCL46_SM3MUTY_FO_XDC,"Predetermined short-term net drains on foreign currency assets (nominal value), Other predetermined short term net drains on foreign currency assets, other accounts payable, More than 3 months and up to 1 year, Outflows (reserves template)",NA
IRFCL,International Reserves and Foreign Currency Liquidity (IRFCL),DSD_IRFCL_PUB,INDICATOR,CL_IRFCL_INDICATOR_PUB,TRUE,IRFCLDT2_IRFCL46T_FO_EUR,"Predetermined short-term net drains on foreign currency assets (nominal value), Total other predetermined short term net drains on foreign currency assets, other accounts payable, Outflows (reserves template)",NA
IRFCL,International Reserves and Foreign Currency Liquidity (IRFCL),DSD_IRFCL_PUB,INDICATOR,CL_IRFCL_INDICATOR_PUB,TRUE,IRFCLDT2_IRFCL46T_FO_USD,"Predetermined short-term net drains on foreign currency assets (nominal value), Total other predetermined short term net drains on foreign currency assets, other accounts payable, Outflows (reserves template)",NA
IRFCL,International Reserves and Foreign Currency Liquidity (IRFCL),DSD_IRFCL_PUB,INDICATOR,CL_IRFCL_INDICATOR_PUB,TRUE,IRFCLDT2_IRFCL46T_FO_XDC,"Predetermined short-term net drains on foreign currency assets (nominal value), Total other predetermined short term net drains on foreign currency assets, other accounts payable, Outflows (reserves template)",NA
IRFCL,International Reserves and Foreign Currency Liquidity (IRFCL),DSD_IRFCL_PUB,INDICATOR,CL_IRFCL_INDICATOR_PUB,TRUE,IRFCLDT2_IRFCL48_SM1MUT3M_FO_EUR,"Predetermined short-term net drains on foreign currency assets (nominal value), Other predetermined short term net drains on foreign currency assets, related to repos, More than 1 and up to 3 months, Outflows (reserves template)",NA
IRFCL,International Reserves and Foreign Currency Liquidity (IRFCL),DSD_IRFCL_PUB,INDICATOR,CL_IRFCL_INDICATOR_PUB,TRUE,IRFCLDT2_IRFCL48_SM1MUT3M_FO_USD,"Predetermined short-term net drains on foreign currency assets (nominal value), Other predetermined short term net drains on foreign currency assets, related to repos, More than 1 and up to 3 months, Outflows (reserves template)",NA
IRFCL,International Reserves and Foreign Currency Liquidity (IRFCL),DSD_IRFCL_PUB,INDICATOR,CL_IRFCL_INDICATOR_PUB,TRUE,IRFCLDT2_IRFCL48_SM1MUT3M_FO_XDC,"Predetermined short-term net drains on foreign currency assets (nominal value), Other predetermined short term net drains on foreign currency assets, related to repos, More than 1 and up to 3 months, Outflows (reserves template)",NA
IRFCL,International Reserves and Foreign Currency Liquidity (IRFCL),DSD_IRFCL_PUB,INDICATOR,CL_IRFCL_INDICATOR_PUB,TRUE,IRFCLDT2_IRFCL48_SUTM_FO_EUR,"Predetermined short-term net drains on foreign currency assets (nominal value), Other predetermined short term net drains on foreign currency assets, related to repos, Up to 1 month, Outflows (reserves template)",NA
IRFCL,International Reserves and Foreign Currency Liquidity (IRFCL),DSD_IRFCL_PUB,INDICATOR,CL_IRFCL_INDICATOR_PUB,TRUE,IRFCLDT2_IRFCL48_SUTM_FO_USD,"Predetermined short-term net drains on foreign currency assets (nominal value), Other predetermined short term net drains on foreign currency assets, related to repos, Up to 1 month, Outflows (reserves template)",NA
IRFCL,International Reserves and Foreign Currency Liquidity (IRFCL),DSD_IRFCL_PUB,INDICATOR,CL_IRFCL_INDICATOR_PUB,TRUE,IRFCLDT2_IRFCL48_SUTM_FO_XDC,"Predetermined short-term net drains on foreign currency assets (nominal value), Other predetermined short term net drains on foreign currency assets, related to repos, Up to 1 month, Outflows (reserves template)",NA
IRFCL,International Reserves and Foreign Currency Liquidity (IRFCL),DSD_IRFCL_PUB,INDICATOR,CL_IRFCL_INDICATOR_PUB,TRUE,IRFCLDT2_IRFCL48_SM3MUTY_FO_EUR,"Predetermined short-term net drains on foreign currency assets (nominal value), Other predetermined short term net drains on foreign currency assets, related to repos, More than 3 months and up to 1 year, Outflows (reserves template)",NA
IRFCL,International Reserves and Foreign Currency Liquidity (IRFCL),DSD_IRFCL_PUB,INDICATOR,CL_IRFCL_INDICATOR_PUB,TRUE,IRFCLDT2_IRFCL48_SM3MUTY_FO_USD,"Predetermined short-term net drains on foreign currency assets (nominal value), Other predetermined short term net drains on foreign currency assets, related to repos, More than 3 months and up to 1 year, Outflows (reserves template)",NA
IRFCL,International Reserves and Foreign Currency Liquidity (IRFCL),DSD_IRFCL_PUB,INDICATOR,CL_IRFCL_INDICATOR_PUB,TRUE,IRFCLDT2_IRFCL48_SM3MUTY_FO_XDC,"Predetermined short-term net drains on foreign currency assets (nominal value), Other predetermined short term net drains on foreign currency assets, related to repos, More than 3 months and up to 1 year, Outflows (reserves template)",NA
IRFCL,International Reserves and Foreign Currency Liquidity (IRFCL),DSD_IRFCL_PUB,INDICATOR,CL_IRFCL_INDICATOR_PUB,TRUE,IRFCLDT2_IRFCL48T_FO_EUR,"Predetermined short-term net drains on foreign currency assets (nominal value), Total other predetermined short term net drains on foreign currency assets, related to repos, Outflows (reserves template)",NA
IRFCL,International Reserves and Foreign Currency Liquidity (IRFCL),DSD_IRFCL_PUB,INDICATOR,CL_IRFCL_INDICATOR_PUB,TRUE,IRFCLDT2_IRFCL48T_FO_USD,"Predetermined short-term net drains on foreign currency assets (nominal value), Total other predetermined short term net drains on foreign currency assets, related to repos, Outflows (reserves template)",NA
IRFCL,International Reserves and Foreign Currency Liquidity (IRFCL),DSD_IRFCL_PUB,INDICATOR,CL_IRFCL_INDICATOR_PUB,TRUE,IRFCLDT2_IRFCL48T_FO_XDC,"Predetermined short-term net drains on foreign currency assets (nominal value), Total other predetermined short term net drains on foreign currency assets, related to repos, Outflows (reserves template)",NA
IRFCL,International Reserves and Foreign Currency Liquidity (IRFCL),DSD_IRFCL_PUB,SECTOR,CL_SECTOR,FALSE,S1A,Affiliated entities,NA
IRFCL,International Reserves and Foreign Currency Liquidity (IRFCL),DSD_IRFCL_PUB,SECTOR,CL_SECTOR,FALSE,S1G,All resident sectors excluding financial intermediaries (CDIS),NA
IRFCL,International Reserves and Foreign Currency Liquidity (IRFCL),DSD_IRFCL_PUB,SECTOR,CL_SECTOR,FALSE,S1ZV,All sectors other than households and NPISH,NA
IRFCL,International Reserves and Foreign Currency Liquidity (IRFCL),DSD_IRFCL_PUB,SECTOR,CL_SECTOR,FALSE,BANK,"Deposit-taking corporations, except the central bank",NA
IRFCL,International Reserves and Foreign Currency Liquidity (IRFCL),DSD_IRFCL_PUB,SECTOR,CL_SECTOR,FALSE,S12A,Banks and other financial institutions headquartered in the reporting country or currency area,NA
IRFCL,International Reserves and Foreign Currency Liquidity (IRFCL),DSD_IRFCL_PUB,SECTOR,CL_SECTOR,FALSE,S12B,Banks and other financial institutions headquartered outside the reporting country or currency area,NA
IRFCL,International Reserves and Foreign Currency Liquidity (IRFCL),DSD_IRFCL_PUB,SECTOR,CL_SECTOR,FALSE,S122A,Banks headquartered in the reporting country or currency area,NA
IRFCL,International Reserves and Foreign Currency Liquidity (IRFCL),DSD_IRFCL_PUB,SECTOR,CL_SECTOR,FALSE,S122B,Banks headquartered outside the reporting country or currency area,NA
IRFCL,International Reserves and Foreign Currency Liquidity (IRFCL),DSD_IRFCL_PUB,SECTOR,CL_SECTOR,FALSE,S12L3,Bond funds,NA
IRFCL,International Reserves and Foreign Currency Liquidity (IRFCL),DSD_IRFCL_PUB,SECTOR,CL_SECTOR,FALSE,S1311B,Budgetary central government,NA
IRFCL,International Reserves and Foreign Currency Liquidity (IRFCL),DSD_IRFCL_PUB,SECTOR,CL_SECTOR,FALSE,S13111,"Budgetary units, central government",NA
IRFCL,International Reserves and Foreign Currency Liquidity (IRFCL),DSD_IRFCL_PUB,SECTOR,CL_SECTOR,FALSE,S127,Captive financial institutions and money lenders,NA
IRFCL,International Reserves and Foreign Currency Liquidity (IRFCL),DSD_IRFCL_PUB,SECTOR,CL_SECTOR,FALSE,S127U,Captive financial institutions and money lenders (sub-sector not identified),NA
IRFCL,International Reserves and Foreign Currency Liquidity (IRFCL),DSD_IRFCL_PUB,SECTOR,CL_SECTOR,FALSE,S13L,Central and state government excluding social security,NA
IRFCL,International Reserves and Foreign Currency Liquidity (IRFCL),DSD_IRFCL_PUB,SECTOR,CL_SECTOR,FALSE,S121,Central bank,NA
IRFCL,International Reserves and Foreign Currency Liquidity (IRFCL),DSD_IRFCL_PUB,SECTOR,CL_SECTOR,FALSE,S1KK,Central banks and general government,NA
IRFCL,International Reserves and Foreign Currency Liquidity (IRFCL),DSD_IRFCL_PUB,SECTOR,CL_SECTOR,FALSE,S125E1,"Central clearing counterparties, which are part of other OFIs",NA
IRFCL,International Reserves and Foreign Currency Liquidity (IRFCL),DSD_IRFCL_PUB,SECTOR,CL_SECTOR,FALSE,S1311MIXED,Central government,NA
IRFCL,International Reserves and Foreign Currency Liquidity (IRFCL),DSD_IRFCL_PUB,SECTOR,CL_SECTOR,FALSE,S1311,Central government excluding social security,NA
IRFCL,International Reserves and Foreign Currency Liquidity (IRFCL),DSD_IRFCL_PUB,SECTOR,CL_SECTOR,FALSE,S1321,Central government including social security,NA
IRFCL,International Reserves and Foreign Currency Liquidity (IRFCL),DSD_IRFCL_PUB,SECTOR,CL_SECTOR,FALSE,S1331,Central government non profit institutions,NA
IRFCL,International Reserves and Foreign Currency Liquidity (IRFCL),DSD_IRFCL_PUB,SECTOR,CL_SECTOR,FALSE,S124B3,Closed-end bond funds,NA
IRFCL,International Reserves and Foreign Currency Liquidity (IRFCL),DSD_IRFCL_PUB,SECTOR,CL_SECTOR,FALSE,S124B2,Closed-end equity funds,NA
IRFCL,International Reserves and Foreign Currency Liquidity (IRFCL),DSD_IRFCL_PUB,SECTOR,CL_SECTOR,FALSE,S124B5,Closed-end hedge funds,NA
IRFCL,International Reserves and Foreign Currency Liquidity (IRFCL),DSD_IRFCL_PUB,SECTOR,CL_SECTOR,FALSE,S124B4,Closed-end mixed funds,NA
IRFCL,International Reserves and Foreign Currency Liquidity (IRFCL),DSD_IRFCL_PUB,SECTOR,CL_SECTOR,FALSE,S124B,Closed-end non MMFs,NA
IRFCL,International Reserves and Foreign Currency Liquidity (IRFCL),DSD_IRFCL_PUB,SECTOR,CL_SECTOR,FALSE,S124B1,Closed-end real estate funds,NA
IRFCL,International Reserves and Foreign Currency Liquidity (IRFCL),DSD_IRFCL_PUB,SECTOR,CL_SECTOR,FALSE,COMBANK,"Deposit-taking corporations, except the central bank",NA
IRFCL,International Reserves and Foreign Currency Liquidity (IRFCL),DSD_IRFCL_PUB,SECTOR,CL_SECTOR,FALSE,S128D,Composite life and non-life insurance corporations excluding reinsurance corporations,NA
IRFCL,International Reserves and Foreign Currency Liquidity (IRFCL),DSD_IRFCL_PUB,SECTOR,CL_SECTOR,FALSE,S123A,Constant net asset value (NAV) MMFs,NA
IRFCL,International Reserves and Foreign Currency Liquidity (IRFCL),DSD_IRFCL_PUB,SECTOR,CL_SECTOR,FALSE,S1272,Corporate groups captive financial entities,NA
IRFCL,International Reserves and Foreign Currency Liquidity (IRFCL),DSD_IRFCL_PUB,SECTOR,CL_SECTOR,FALSE,S1K,Corporations,NA
IRFCL,International Reserves and Foreign Currency Liquidity (IRFCL),DSD_IRFCL_PUB,SECTOR,CL_SECTOR,FALSE,S122C,Money Lenders,NA
IRFCL,International Reserves and Foreign Currency Liquidity (IRFCL),DSD_IRFCL_PUB,SECTOR,CL_SECTOR,FALSE,CUCC,Credit unions and credit cooperatives,NA
IRFCL,International Reserves and Foreign Currency Liquidity (IRFCL),DSD_IRFCL_PUB,SECTOR,CL_SECTOR,FALSE,S129A,Defined benefit funds,NA
IRFCL,International Reserves and Foreign Currency Liquidity (IRFCL),DSD_IRFCL_PUB,SECTOR,CL_SECTOR,FALSE,S129B,Defined contribution funds,NA
IRFCL,International Reserves and Foreign Currency Liquidity (IRFCL),DSD_IRFCL_PUB,SECTOR,CL_SECTOR,FALSE,S12CFSI,Deposit takers,NA
IRFCL,International Reserves and Foreign Currency Liquidity (IRFCL),DSD_IRFCL_PUB,SECTOR,CL_SECTOR,FALSE,S12C,Deposit taking corporations,NA
IRFCL,International Reserves and Foreign Currency Liquidity (IRFCL),DSD_IRFCL_PUB,SECTOR,CL_SECTOR,FALSE,S122,"Deposit taking corporations, except the Central Bank",NA
IRFCL,International Reserves and Foreign Currency Liquidity (IRFCL),DSD_IRFCL_PUB,SECTOR,CL_SECTOR,FALSE,S122U,"Deposit taking corporations, except the Central Bank (sub-sector not identified)",NA
IRFCL,International Reserves and Foreign Currency Liquidity (IRFCL),DSD_IRFCL_PUB,SECTOR,CL_SECTOR,FALSE,DTMFI,Deposit taking microfinance institutions,NA
IRFCL,International Reserves and Foreign Currency Liquidity (IRFCL),DSD_IRFCL_PUB,SECTOR,CL_SECTOR,FALSE,DCORP,Depository corporations,NA
IRFCL,International Reserves and Foreign Currency Liquidity (IRFCL),DSD_IRFCL_PUB,SECTOR,CL_SECTOR,FALSE,S12COSEC,Deposit-taking corporations and other sectors,NA
IRFCL,International Reserves and Foreign Currency Liquidity (IRFCL),DSD_IRFCL_PUB,SECTOR,CL_SECTOR,FALSE,S122Z,Deposit-taking corporations except the central bank and excluding electronic money institutions principally engaged in financial intermediation,NA
IRFCL,International Reserves and Foreign Currency Liquidity (IRFCL),DSD_IRFCL_PUB,SECTOR,CL_SECTOR,FALSE,DD,Domestic debtor,NA
IRFCL,International Reserves and Foreign Currency Liquidity (IRFCL),DSD_IRFCL_PUB,SECTOR,CL_SECTOR,FALSE,S12DO,Domestically controlled financial corporations,NA
IRFCL,International Reserves and Foreign Currency Liquidity (IRFCL),DSD_IRFCL_PUB,SECTOR,CL_SECTOR,FALSE,S11DO,Domestically controlled non-financial corporations,NA
IRFCL,International Reserves and Foreign Currency Liquidity (IRFCL),DSD_IRFCL_PUB,SECTOR,CL_SECTOR,FALSE,S12E,Electronic money institutions,NA
IRFCL,International Reserves and Foreign Currency Liquidity (IRFCL),DSD_IRFCL_PUB,SECTOR,CL_SECTOR,FALSE,S11E,Electronic money non-financial corporations,NA
IRFCL,International Reserves and Foreign Currency Liquidity (IRFCL),DSD_IRFCL_PUB,SECTOR,CL_SECTOR,FALSE,S143,Employees,NA
IRFCL,International Reserves and Foreign Currency Liquidity (IRFCL),DSD_IRFCL_PUB,SECTOR,CL_SECTOR,FALSE,S141,Employers,NA
IRFCL,International Reserves and Foreign Currency Liquidity (IRFCL),DSD_IRFCL_PUB,SECTOR,CL_SECTOR,FALSE,S12L2,Equity funds,NA
IRFCL,International Reserves and Foreign Currency Liquidity (IRFCL),DSD_IRFCL_PUB,SECTOR,CL_SECTOR,FALSE,S1315,European institutions and bodies (EU accounts),NA
IRFCL,International Reserves and Foreign Currency Liquidity (IRFCL),DSD_IRFCL_PUB,SECTOR,CL_SECTOR,FALSE,EC,External creditors,NA
IRFCL,International Reserves and Foreign Currency Liquidity (IRFCL),DSD_IRFCL_PUB,SECTOR,CL_SECTOR,FALSE,S13112,Extrabudgetary central government,NA
IRFCL,International Reserves and Foreign Currency Liquidity (IRFCL),DSD_IRFCL_PUB,SECTOR,CL_SECTOR,FALSE,S126,Financial auxiliaries,NA
IRFCL,International Reserves and Foreign Currency Liquidity (IRFCL),DSD_IRFCL_PUB,SECTOR,CL_SECTOR,FALSE,S126U,Financial auxiliaries (sub-sector not identified),NA
IRFCL,International Reserves and Foreign Currency Liquidity (IRFCL),DSD_IRFCL_PUB,SECTOR,CL_SECTOR,FALSE,S12,Financial corporations,NA
IRFCL,International Reserves and Foreign Currency Liquidity (IRFCL),DSD_IRFCL_PUB,SECTOR,CL_SECTOR,FALSE,S125B,Financial corporations engaged in lending,NA
IRFCL,International Reserves and Foreign Currency Liquidity (IRFCL),DSD_IRFCL_PUB,SECTOR,CL_SECTOR,FALSE,S12D,Financial corporations other than central banks,NA
IRFCL,International Reserves and Foreign Currency Liquidity (IRFCL),DSD_IRFCL_PUB,SECTOR,CL_SECTOR,FALSE,S12V,Financial corporations other than central banks and credit institutions,NA
IRFCL,International Reserves and Foreign Currency Liquidity (IRFCL),DSD_IRFCL_PUB,SECTOR,CL_SECTOR,FALSE,S12M,Financial corporations other than MFIs,NA
IRFCL,International Reserves and Foreign Currency Liquidity (IRFCL),DSD_IRFCL_PUB,SECTOR,CL_SECTOR,FALSE,S12U,Financial corporations other than the central bank,NA
IRFCL,International Reserves and Foreign Currency Liquidity (IRFCL),DSD_IRFCL_PUB,SECTOR,CL_SECTOR,FALSE,S1W,"Financial corporations, nonfinancial corporations, households, and NPISHs",NA
IRFCL,International Reserves and Foreign Currency Liquidity (IRFCL),DSD_IRFCL_PUB,SECTOR,CL_SECTOR,FALSE,S12SP,"Financial corporations, SPEs",NA
IRFCL,International Reserves and Foreign Currency Liquidity (IRFCL),DSD_IRFCL_PUB,SECTOR,CL_SECTOR,FALSE,S1F,Financial intermediaries (CDIS),NA
IRFCL,International Reserves and Foreign Currency Liquidity (IRFCL),DSD_IRFCL_PUB,SECTOR,CL_SECTOR,FALSE,S125A,Financial vehicle corporations engaged in securitisation,NA
IRFCL,International Reserves and Foreign Currency Liquidity (IRFCL),DSD_IRFCL_PUB,SECTOR,CL_SECTOR,FALSE,S15003,Foreign controlled,NA
IRFCL,International Reserves and Foreign Currency Liquidity (IRFCL),DSD_IRFCL_PUB,SECTOR,CL_SECTOR,FALSE,S12703,Foreign controlled captive financial institutions and money lenders,NA
IRFCL,International Reserves and Foreign Currency Liquidity (IRFCL),DSD_IRFCL_PUB,SECTOR,CL_SECTOR,FALSE,S12203,"Foreign controlled deposit taking corporations, except the Central Bank",NA
IRFCL,International Reserves and Foreign Currency Liquidity (IRFCL),DSD_IRFCL_PUB,SECTOR,CL_SECTOR,FALSE,S12603,Foreign controlled financial auxiliaries,NA
IRFCL,International Reserves and Foreign Currency Liquidity (IRFCL),DSD_IRFCL_PUB,SECTOR,CL_SECTOR,FALSE,S12003,Foreign controlled financial corporations,NA
IRFCL,International Reserves and Foreign Currency Liquidity (IRFCL),DSD_IRFCL_PUB,SECTOR,CL_SECTOR,FALSE,S12803,Foreign controlled insurance corporations,NA
IRFCL,International Reserves and Foreign Currency Liquidity (IRFCL),DSD_IRFCL_PUB,SECTOR,CL_SECTOR,FALSE,S12303,Foreign controlled money market funds,NA
IRFCL,International Reserves and Foreign Currency Liquidity (IRFCL),DSD_IRFCL_PUB,SECTOR,CL_SECTOR,FALSE,S12403,Foreign controlled non MMF investment funds,NA
IRFCL,International Reserves and Foreign Currency Liquidity (IRFCL),DSD_IRFCL_PUB,SECTOR,CL_SECTOR,FALSE,S11003,Foreign controlled non-financial corporations,NA
IRFCL,International Reserves and Foreign Currency Liquidity (IRFCL),DSD_IRFCL_PUB,SECTOR,CL_SECTOR,FALSE,S12503,"Foreign controlled other financial intermediaries, except insurance corporations and pension funds",NA
IRFCL,International Reserves and Foreign Currency Liquidity (IRFCL),DSD_IRFCL_PUB,SECTOR,CL_SECTOR,FALSE,S12903,Foreign controlled pension funds,NA
IRFCL,International Reserves and Foreign Currency Liquidity (IRFCL),DSD_IRFCL_PUB,SECTOR,CL_SECTOR,FALSE,S1272A,Foreign owned SPE-type captives,NA
IRFCL,International Reserves and Foreign Currency Liquidity (IRFCL),DSD_IRFCL_PUB,SECTOR,CL_SECTOR,FALSE,S13,General government,NA
IRFCL,International Reserves and Foreign Currency Liquidity (IRFCL),DSD_IRFCL_PUB,SECTOR,CL_SECTOR,FALSE,SZY,General government and institutions financed by the European Union (EU) budget (including the European Development Fund (EDF)),NA
IRFCL,International Reserves and Foreign Currency Liquidity (IRFCL),DSD_IRFCL_PUB,SECTOR,CL_SECTOR,FALSE,SZV,General government and institutions of the European Union (ESA GFS concept),NA
IRFCL,International Reserves and Foreign Currency Liquidity (IRFCL),DSD_IRFCL_PUB,SECTOR,CL_SECTOR,FALSE,S131,General government excluding social security,NA
IRFCL,International Reserves and Foreign Currency Liquidity (IRFCL),DSD_IRFCL_PUB,SECTOR,CL_SECTOR,FALSE,S134,General government involved in monetary policy operations,NA
IRFCL,International Reserves and Foreign Currency Liquidity (IRFCL),DSD_IRFCL_PUB,SECTOR,CL_SECTOR,FALSE,S133,General government non profit institutions,NA
IRFCL,International Reserves and Foreign Currency Liquidity (IRFCL),DSD_IRFCL_PUB,SECTOR,CL_SECTOR,FALSE,S13O,"General government, except central government",NA
IRFCL,International Reserves and Foreign Currency Liquidity (IRFCL),DSD_IRFCL_PUB,SECTOR,CL_SECTOR,FALSE,S13R,"General government, except local government",NA
IRFCL,International Reserves and Foreign Currency Liquidity (IRFCL),DSD_IRFCL_PUB,SECTOR,CL_SECTOR,FALSE,S13T,"General government, except social security funds",NA
IRFCL,International Reserves and Foreign Currency Liquidity (IRFCL),DSD_IRFCL_PUB,SECTOR,CL_SECTOR,FALSE,S13P,"General government, except state government",NA
IRFCL,International Reserves and Foreign Currency Liquidity (IRFCL),DSD_IRFCL_PUB,SECTOR,CL_SECTOR,FALSE,S1L,"General government, households and non profit institutions serving households",NA
IRFCL,International Reserves and Foreign Currency Liquidity (IRFCL),DSD_IRFCL_PUB,SECTOR,CL_SECTOR,FALSE,GOL,"Government, various levels",NA
IRFCL,International Reserves and Foreign Currency Liquidity (IRFCL),DSD_IRFCL_PUB,SECTOR,CL_SECTOR,FALSE,S126B,Head offices of financial corporations,NA
IRFCL,International Reserves and Foreign Currency Liquidity (IRFCL),DSD_IRFCL_PUB,SECTOR,CL_SECTOR,FALSE,S11B,Head offices of non-financial corporations,NA
IRFCL,International Reserves and Foreign Currency Liquidity (IRFCL),DSD_IRFCL_PUB,SECTOR,CL_SECTOR,FALSE,S12L5,Hedge funds,NA
IRFCL,International Reserves and Foreign Currency Liquidity (IRFCL),DSD_IRFCL_PUB,SECTOR,CL_SECTOR,FALSE,S127A,Holding companies,NA
IRFCL,International Reserves and Foreign Currency Liquidity (IRFCL),DSD_IRFCL_PUB,SECTOR,CL_SECTOR,FALSE,S14,Households,NA
IRFCL,International Reserves and Foreign Currency Liquidity (IRFCL),DSD_IRFCL_PUB,SECTOR,CL_SECTOR,FALSE,S1M,Households and non profit institutions serving households (NPISH),NA
IRFCL,International Reserves and Foreign Currency Liquidity (IRFCL),DSD_IRFCL_PUB,SECTOR,CL_SECTOR,FALSE,SZX,Institutions financed by the European Union (EU) budget (including the European Development Fund (EDF)),NA
IRFCL,International Reserves and Foreign Currency Liquidity (IRFCL),DSD_IRFCL_PUB,SECTOR,CL_SECTOR,FALSE,SZU,Institutions of the European Union (ESA GFS concept),NA
IRFCL,International Reserves and Foreign Currency Liquidity (IRFCL),DSD_IRFCL_PUB,SECTOR,CL_SECTOR,FALSE,S128,Insurance corporations,NA
IRFCL,International Reserves and Foreign Currency Liquidity (IRFCL),DSD_IRFCL_PUB,SECTOR,CL_SECTOR,FALSE,S128U,Insurance corporations (sub-sector not identified),NA
IRFCL,International Reserves and Foreign Currency Liquidity (IRFCL),DSD_IRFCL_PUB,SECTOR,CL_SECTOR,FALSE,S12Q,Insurance corporations and Pension Funds,NA
IRFCL,International Reserves and Foreign Currency Liquidity (IRFCL),DSD_IRFCL_PUB,SECTOR,CL_SECTOR,FALSE,IO,International organizations,NA
IRFCL,International Reserves and Foreign Currency Liquidity (IRFCL),DSD_IRFCL_PUB,SECTOR,CL_SECTOR,FALSE,S12L,Investment funds (MMFs and non-MMFs),NA
IRFCL,International Reserves and Foreign Currency Liquidity (IRFCL),DSD_IRFCL_PUB,SECTOR,CL_SECTOR,FALSE,S1H,Issuer headquartered in the reporting country or currency area,NA
IRFCL,International Reserves and Foreign Currency Liquidity (IRFCL),DSD_IRFCL_PUB,SECTOR,CL_SECTOR,FALSE,S1281,Life insurance corporations,NA
IRFCL,International Reserves and Foreign Currency Liquidity (IRFCL),DSD_IRFCL_PUB,SECTOR,CL_SECTOR,FALSE,S128B,Life insurance corporations excluding reinsurance corporations,NA
IRFCL,International Reserves and Foreign Currency Liquidity (IRFCL),DSD_IRFCL_PUB,SECTOR,CL_SECTOR,FALSE,S1313,Local government excluding social security,NA
IRFCL,International Reserves and Foreign Currency Liquidity (IRFCL),DSD_IRFCL_PUB,SECTOR,CL_SECTOR,FALSE,S1323,Local government including social security,NA
IRFCL,International Reserves and Foreign Currency Liquidity (IRFCL),DSD_IRFCL_PUB,SECTOR,CL_SECTOR,FALSE,S1333,Local government non-profit institutions,NA
IRFCL,International Reserves and Foreign Currency Liquidity (IRFCL),DSD_IRFCL_PUB,SECTOR,CL_SECTOR,FALSE,S13131,"Local government, budgetary units",NA
IRFCL,International Reserves and Foreign Currency Liquidity (IRFCL),DSD_IRFCL_PUB,SECTOR,CL_SECTOR,FALSE,S13132,"Local government, extra-budgetary units",NA
IRFCL,International Reserves and Foreign Currency Liquidity (IRFCL),DSD_IRFCL_PUB,SECTOR,CL_SECTOR,FALSE,MFI,All Microfinance institutions,NA
IRFCL,International Reserves and Foreign Currency Liquidity (IRFCL),DSD_IRFCL_PUB,SECTOR,CL_SECTOR,FALSE,S12L4,Mixed funds,NA
IRFCL,International Reserves and Foreign Currency Liquidity (IRFCL),DSD_IRFCL_PUB,SECTOR,CL_SECTOR,FALSE,MMA,Mobile money service provider,NA
IRFCL,International Reserves and Foreign Currency Liquidity (IRFCL),DSD_IRFCL_PUB,SECTOR,CL_SECTOR,FALSE,S1X,Monetary authorities,NA
IRFCL,International Reserves and Foreign Currency Liquidity (IRFCL),DSD_IRFCL_PUB,SECTOR,CL_SECTOR,FALSE,S1XA,Monetary authorities and international organizations,NA
IRFCL,International Reserves and Foreign Currency Liquidity (IRFCL),DSD_IRFCL_PUB,SECTOR,CL_SECTOR,FALSE,S12K,Monetary financial institutions (MFI),NA
IRFCL,International Reserves and Foreign Currency Liquidity (IRFCL),DSD_IRFCL_PUB,SECTOR,CL_SECTOR,FALSE,S12KU,Monetary financial institutions (sub-sector not identified),NA
IRFCL,International Reserves and Foreign Currency Liquidity (IRFCL),DSD_IRFCL_PUB,SECTOR,CL_SECTOR,FALSE,S12T,Monetary financial institutions other than central bank,NA
IRFCL,International Reserves and Foreign Currency Liquidity (IRFCL),DSD_IRFCL_PUB,SECTOR,CL_SECTOR,FALSE,S123,Money market funds,NA
IRFCL,International Reserves and Foreign Currency Liquidity (IRFCL),DSD_IRFCL_PUB,SECTOR,CL_SECTOR,FALSE,S123U,Money market funds (sub-sector not identified),NA
IRFCL,International Reserves and Foreign Currency Liquidity (IRFCL),DSD_IRFCL_PUB,SECTOR,CL_SECTOR,FALSE,S15002,National private,NA
IRFCL,International Reserves and Foreign Currency Liquidity (IRFCL),DSD_IRFCL_PUB,SECTOR,CL_SECTOR,FALSE,S12702,National private captive financial institutions and money lenders,NA
IRFCL,International Reserves and Foreign Currency Liquidity (IRFCL),DSD_IRFCL_PUB,SECTOR,CL_SECTOR,FALSE,S12202,"National private deposit taking corporations, except the Central Bank",NA
IRFCL,International Reserves and Foreign Currency Liquidity (IRFCL),DSD_IRFCL_PUB,SECTOR,CL_SECTOR,FALSE,S1ZT,National private financial and non-financial corporations,NA
IRFCL,International Reserves and Foreign Currency Liquidity (IRFCL),DSD_IRFCL_PUB,SECTOR,CL_SECTOR,FALSE,S12602,National private financial auxiliaries,NA
IRFCL,International Reserves and Foreign Currency Liquidity (IRFCL),DSD_IRFCL_PUB,SECTOR,CL_SECTOR,FALSE,S12002,National private financial corporations,NA
IRFCL,International Reserves and Foreign Currency Liquidity (IRFCL),DSD_IRFCL_PUB,SECTOR,CL_SECTOR,FALSE,S120021,National private financial corporations which are part of domestic multinationals,NA
IRFCL,International Reserves and Foreign Currency Liquidity (IRFCL),DSD_IRFCL_PUB,SECTOR,CL_SECTOR,FALSE,S12802,National private insurance corporations,NA
IRFCL,International Reserves and Foreign Currency Liquidity (IRFCL),DSD_IRFCL_PUB,SECTOR,CL_SECTOR,FALSE,S12302,National private money market funds,NA
IRFCL,International Reserves and Foreign Currency Liquidity (IRFCL),DSD_IRFCL_PUB,SECTOR,CL_SECTOR,FALSE,S12402,National private non MMF investment funds,NA
IRFCL,International Reserves and Foreign Currency Liquidity (IRFCL),DSD_IRFCL_PUB,SECTOR,CL_SECTOR,FALSE,S11002,National private non-financial corporations,NA
IRFCL,International Reserves and Foreign Currency Liquidity (IRFCL),DSD_IRFCL_PUB,SECTOR,CL_SECTOR,FALSE,S110021,"National private non-financial corporations, which are part of domestic multinationals",NA
IRFCL,International Reserves and Foreign Currency Liquidity (IRFCL),DSD_IRFCL_PUB,SECTOR,CL_SECTOR,FALSE,S12502,"National private other financial intermediaries, except insurance corporations and pension funds",NA
IRFCL,International Reserves and Foreign Currency Liquidity (IRFCL),DSD_IRFCL_PUB,SECTOR,CL_SECTOR,FALSE,S12902,National private pension funds,NA
IRFCL,International Reserves and Foreign Currency Liquidity (IRFCL),DSD_IRFCL_PUB,SECTOR,CL_SECTOR,FALSE,S1V,"Non financial corporations, households and NPISH",NA
IRFCL,International Reserves and Foreign Currency Liquidity (IRFCL),DSD_IRFCL_PUB,SECTOR,CL_SECTOR,FALSE,S1U,"Non financial sectors, except central government",NA
IRFCL,International Reserves and Foreign Currency Liquidity (IRFCL),DSD_IRFCL_PUB,SECTOR,CL_SECTOR,FALSE,S1R,"Non financial sectors, except households",NA
IRFCL,International Reserves and Foreign Currency Liquidity (IRFCL),DSD_IRFCL_PUB,SECTOR,CL_SECTOR,FALSE,S124,Non MMF investment funds,NA
IRFCL,International Reserves and Foreign Currency Liquidity (IRFCL),DSD_IRFCL_PUB,SECTOR,CL_SECTOR,FALSE,S124U,Non MMF investment funds (sub-sector not identified),NA
IRFCL,International Reserves and Foreign Currency Liquidity (IRFCL),DSD_IRFCL_PUB,SECTOR,CL_SECTOR,FALSE,S15,Non profit institutions serving households,NA
IRFCL,International Reserves and Foreign Currency Liquidity (IRFCL),DSD_IRFCL_PUB,SECTOR,CL_SECTOR,FALSE,NDTMFI,Non-deposit taking microfinance institutions,NA
IRFCL,International Reserves and Foreign Currency Liquidity (IRFCL),DSD_IRFCL_PUB,SECTOR,CL_SECTOR,FALSE,S11,Non-financial corporations,NA
IRFCL,International Reserves and Foreign Currency Liquidity (IRFCL),DSD_IRFCL_PUB,SECTOR,CL_SECTOR,FALSE,S11U,Non-financial corporations (sub-sector not identified),NA
IRFCL,International Reserves and Foreign Currency Liquidity (IRFCL),DSD_IRFCL_PUB,SECTOR,CL_SECTOR,FALSE,S1T,Non-financial corporations and general government,NA
IRFCL,International Reserves and Foreign Currency Liquidity (IRFCL),DSD_IRFCL_PUB,SECTOR,CL_SECTOR,FALSE,S1S,"Non-financial corporations, general government and households and NPISH",NA
IRFCL,International Reserves and Foreign Currency Liquidity (IRFCL),DSD_IRFCL_PUB,SECTOR,CL_SECTOR,FALSE,S1SSP,"Non-financial corporations, SPEs",NA
IRFCL,International Reserves and Foreign Currency Liquidity (IRFCL),DSD_IRFCL_PUB,SECTOR,CL_SECTOR,FALSE,S1282,Non-life insurance corporations,NA
IRFCL,International Reserves and Foreign Currency Liquidity (IRFCL),DSD_IRFCL_PUB,SECTOR,CL_SECTOR,FALSE,S128C,Non-life insurance corporations excluding reinsurance corporations,NA
IRFCL,International Reserves and Foreign Currency Liquidity (IRFCL),DSD_IRFCL_PUB,SECTOR,CL_SECTOR,FALSE,S124A3,Non-MMFs open end funds - bond funds,NA
IRFCL,International Reserves and Foreign Currency Liquidity (IRFCL),DSD_IRFCL_PUB,SECTOR,CL_SECTOR,FALSE,S124A2,Non-MMFs open end funds - equity funds,NA
IRFCL,International Reserves and Foreign Currency Liquidity (IRFCL),DSD_IRFCL_PUB,SECTOR,CL_SECTOR,FALSE,S124A5,Non-MMFs open end funds - hedge funds,NA
IRFCL,International Reserves and Foreign Currency Liquidity (IRFCL),DSD_IRFCL_PUB,SECTOR,CL_SECTOR,FALSE,S124A4,Non-MMFs open end funds - mixed or balanced funds,NA
IRFCL,International Reserves and Foreign Currency Liquidity (IRFCL),DSD_IRFCL_PUB,SECTOR,CL_SECTOR,FALSE,S124A1,Non-MMFs open end funds - real estate funds,NA
IRFCL,International Reserves and Foreign Currency Liquidity (IRFCL),DSD_IRFCL_PUB,SECTOR,CL_SECTOR,FALSE,S1B,Not affiliates,NA
IRFCL,International Reserves and Foreign Currency Liquidity (IRFCL),DSD_IRFCL_PUB,SECTOR,CL_SECTOR,FALSE,_Z,Not applicable,NA
IRFCL,International Reserves and Foreign Currency Liquidity (IRFCL),DSD_IRFCL_PUB,SECTOR,CL_SECTOR,FALSE,S1N,Not sectorised,NA
IRFCL,International Reserves and Foreign Currency Liquidity (IRFCL),DSD_IRFCL_PUB,SECTOR,CL_SECTOR,FALSE,S12LO3,Open-end bond funds,NA
IRFCL,International Reserves and Foreign Currency Liquidity (IRFCL),DSD_IRFCL_PUB,SECTOR,CL_SECTOR,FALSE,S12LO2,Open-end equity funds,NA
IRFCL,International Reserves and Foreign Currency Liquidity (IRFCL),DSD_IRFCL_PUB,SECTOR,CL_SECTOR,FALSE,S12LO5,Open-end hedge funds,NA
IRFCL,International Reserves and Foreign Currency Liquidity (IRFCL),DSD_IRFCL_PUB,SECTOR,CL_SECTOR,FALSE,S12LO,Open-end investment funds,NA
IRFCL,International Reserves and Foreign Currency Liquidity (IRFCL),DSD_IRFCL_PUB,SECTOR,CL_SECTOR,FALSE,S12LO4,Open-end mixed funds,NA
IRFCL,International Reserves and Foreign Currency Liquidity (IRFCL),DSD_IRFCL_PUB,SECTOR,CL_SECTOR,FALSE,S124A,Open-end non MMFs,NA
IRFCL,International Reserves and Foreign Currency Liquidity (IRFCL),DSD_IRFCL_PUB,SECTOR,CL_SECTOR,FALSE,S12LO1,Open-end real estate funds,NA
IRFCL,International Reserves and Foreign Currency Liquidity (IRFCL),DSD_IRFCL_PUB,SECTOR,CL_SECTOR,FALSE,S1273,Other captive finance companies and money lenders,NA
IRFCL,International Reserves and Foreign Currency Liquidity (IRFCL),DSD_IRFCL_PUB,SECTOR,CL_SECTOR,FALSE,S124B9,Other closed-end non MMFs,NA
IRFCL,International Reserves and Foreign Currency Liquidity (IRFCL),DSD_IRFCL_PUB,SECTOR,CL_SECTOR,FALSE,ODT,Other deposit takers,NA
IRFCL,International Reserves and Foreign Currency Liquidity (IRFCL),DSD_IRFCL_PUB,SECTOR,CL_SECTOR,FALSE,ODCORP,Other depository corporations,NA
IRFCL,International Reserves and Foreign Currency Liquidity (IRFCL),DSD_IRFCL_PUB,SECTOR,CL_SECTOR,FALSE,S12R,Other financial corporations,NA
IRFCL,International Reserves and Foreign Currency Liquidity (IRFCL),DSD_IRFCL_PUB,SECTOR,CL_SECTOR,FALSE,S12P,"Other financial institutions (Financial corporations other than MFIs, insurance corporations and pension funds)",NA
IRFCL,International Reserves and Foreign Currency Liquidity (IRFCL),DSD_IRFCL_PUB,SECTOR,CL_SECTOR,FALSE,S12N,"Other financial institutions (Financial corporations other than MFIs, insurance corporations, pension funds and financial auxiliaries)",NA
IRFCL,International Reserves and Foreign Currency Liquidity (IRFCL),DSD_IRFCL_PUB,SECTOR,CL_SECTOR,FALSE,S12O,"Other financial institutions (Financial corporations other than MFIs, insurance corporations, pension funds and non MMFs Investment Funds)",NA
IRFCL,International Reserves and Foreign Currency Liquidity (IRFCL),DSD_IRFCL_PUB,SECTOR,CL_SECTOR,FALSE,S12PU,Other financial institutions (sub-sector not identified),NA
IRFCL,International Reserves and Foreign Currency Liquidity (IRFCL),DSD_IRFCL_PUB,SECTOR,CL_SECTOR,FALSE,S125,"Other financial intermediaries, except insurance corporations and pension funds",NA
IRFCL,International Reserves and Foreign Currency Liquidity (IRFCL),DSD_IRFCL_PUB,SECTOR,CL_SECTOR,FALSE,S125U,"Other financial intermediaries, except insurance corporations and pension funds (sub-sector not identified)",NA
IRFCL,International Reserves and Foreign Currency Liquidity (IRFCL),DSD_IRFCL_PUB,SECTOR,CL_SECTOR,FALSE,S125W,"Other financial intermediaries, excluding financial vehicle corporations engaged in securitizations",NA
IRFCL,International Reserves and Foreign Currency Liquidity (IRFCL),DSD_IRFCL_PUB,SECTOR,CL_SECTOR,FALSE,S12S,Other forms of institutional savings,NA
IRFCL,International Reserves and Foreign Currency Liquidity (IRFCL),DSD_IRFCL_PUB,SECTOR,CL_SECTOR,FALSE,S12L9,"Other funds (other than equity, bond, mixed, real estate and hedge funds)",NA
IRFCL,International Reserves and Foreign Currency Liquidity (IRFCL),DSD_IRFCL_PUB,SECTOR,CL_SECTOR,FALSE,S13U,Other general government,NA
IRFCL,International Reserves and Foreign Currency Liquidity (IRFCL),DSD_IRFCL_PUB,SECTOR,CL_SECTOR,FALSE,S1MU,Other households and non-profit institutions serving households (sub-sector not identified),NA
IRFCL,International Reserves and Foreign Currency Liquidity (IRFCL),DSD_IRFCL_PUB,SECTOR,CL_SECTOR,FALSE,S12QU,Other insurance corporations and pension funds (sub-sector not identified),NA
IRFCL,International Reserves and Foreign Currency Liquidity (IRFCL),DSD_IRFCL_PUB,SECTOR,CL_SECTOR,FALSE,S124A9,Other Non-MMFs open end funds,NA
IRFCL,International Reserves and Foreign Currency Liquidity (IRFCL),DSD_IRFCL_PUB,SECTOR,CL_SECTOR,FALSE,S125E,Other OFIs,NA
IRFCL,International Reserves and Foreign Currency Liquidity (IRFCL),DSD_IRFCL_PUB,SECTOR,CL_SECTOR,FALSE,S12LO9,Other open-end funds,NA
IRFCL,International Reserves and Foreign Currency Liquidity (IRFCL),DSD_IRFCL_PUB,SECTOR,CL_SECTOR,FALSE,S12R0P,Other private financial corporations,NA
IRFCL,International Reserves and Foreign Currency Liquidity (IRFCL),DSD_IRFCL_PUB,SECTOR,CL_SECTOR,FALSE,S12R01,Other public financial corporations,NA
IRFCL,International Reserves and Foreign Currency Liquidity (IRFCL),DSD_IRFCL_PUB,SECTOR,CL_SECTOR,FALSE,S11R01,Other public non-financial corporations,NA
IRFCL,International Reserves and Foreign Currency Liquidity (IRFCL),DSD_IRFCL_PUB,SECTOR,CL_SECTOR,FALSE,S1_Z,Other sectors,NA
IRFCL,International Reserves and Foreign Currency Liquidity (IRFCL),DSD_IRFCL_PUB,SECTOR,CL_SECTOR,FALSE,S1ZO,"Other sectors including non-financial corporations, money market funds, non-MMF investment funds, OFIs, insurance corporations, pension funds, general government or a central bank",NA
IRFCL,International Reserves and Foreign Currency Liquidity (IRFCL),DSD_IRFCL_PUB,SECTOR,CL_SECTOR,FALSE,S1ZK,Other sectors than central bank,NA
IRFCL,International Reserves and Foreign Currency Liquidity (IRFCL),DSD_IRFCL_PUB,SECTOR,CL_SECTOR,FALSE,S1ZL,Other sectors than central bank and general government,NA
IRFCL,International Reserves and Foreign Currency Liquidity (IRFCL),DSD_IRFCL_PUB,SECTOR,CL_SECTOR,FALSE,S1ZM,Other sectors than central government,NA
IRFCL,International Reserves and Foreign Currency Liquidity (IRFCL),DSD_IRFCL_PUB,SECTOR,CL_SECTOR,FALSE,S1ZR,Other sectors than financial corporations and general government,NA
IRFCL,International Reserves and Foreign Currency Liquidity (IRFCL),DSD_IRFCL_PUB,SECTOR,CL_SECTOR,FALSE,S1ZP,Other sectors than local government,NA
IRFCL,International Reserves and Foreign Currency Liquidity (IRFCL),DSD_IRFCL_PUB,SECTOR,CL_SECTOR,FALSE,S1Q,Other sectors than MFIs,NA
IRFCL,International Reserves and Foreign Currency Liquidity (IRFCL),DSD_IRFCL_PUB,SECTOR,CL_SECTOR,FALSE,S1O,Other sectors than MFIs and central government,NA
IRFCL,International Reserves and Foreign Currency Liquidity (IRFCL),DSD_IRFCL_PUB,SECTOR,CL_SECTOR,FALSE,S1P,Other sectors than MFIs and general government,NA
IRFCL,International Reserves and Foreign Currency Liquidity (IRFCL),DSD_IRFCL_PUB,SECTOR,CL_SECTOR,FALSE,S1Y,Other sectors than monetary authorities,NA
IRFCL,International Reserves and Foreign Currency Liquidity (IRFCL),DSD_IRFCL_PUB,SECTOR,CL_SECTOR,FALSE,S1ZQ,Other sectors than social security funds,NA
IRFCL,International Reserves and Foreign Currency Liquidity (IRFCL),DSD_IRFCL_PUB,SECTOR,CL_SECTOR,FALSE,S1ZN,Other sectors than state government,NA
IRFCL,International Reserves and Foreign Currency Liquidity (IRFCL),DSD_IRFCL_PUB,SECTOR,CL_SECTOR,FALSE,S11_S14_S15,"Other sectors: Non-financial corporations, Households, NPISHs",NA
IRFCL,International Reserves and Foreign Currency Liquidity (IRFCL),DSD_IRFCL_PUB,SECTOR,CL_SECTOR,FALSE,S1ZOTH,Other sectors: Other,NA
IRFCL,International Reserves and Foreign Currency Liquidity (IRFCL),DSD_IRFCL_PUB,SECTOR,CL_SECTOR,FALSE,SZP,"Other than general government, clearing and settlement organisations and other financial institutions",NA
IRFCL,International Reserves and Foreign Currency Liquidity (IRFCL),DSD_IRFCL_PUB,SECTOR,CL_SECTOR,FALSE,S142,Own account workers,NA
IRFCL,International Reserves and Foreign Currency Liquidity (IRFCL),DSD_IRFCL_PUB,SECTOR,CL_SECTOR,FALSE,S126C,Payment institutions,NA
IRFCL,International Reserves and Foreign Currency Liquidity (IRFCL),DSD_IRFCL_PUB,SECTOR,CL_SECTOR,FALSE,S129,Pension funds,NA
IRFCL,International Reserves and Foreign Currency Liquidity (IRFCL),DSD_IRFCL_PUB,SECTOR,CL_SECTOR,FALSE,S129U,Pension funds (sub-sector not identified),NA
IRFCL,International Reserves and Foreign Currency Liquidity (IRFCL),DSD_IRFCL_PUB,SECTOR,CL_SECTOR,FALSE,S11A,Post office giro,NA
IRFCL,International Reserves and Foreign Currency Liquidity (IRFCL),DSD_IRFCL_PUB,SECTOR,CL_SECTOR,FALSE,S1KP,Private corporations,NA
IRFCL,International Reserves and Foreign Currency Liquidity (IRFCL),DSD_IRFCL_PUB,SECTOR,CL_SECTOR,FALSE,S1220P,Private deposit-taking corporations,NA
IRFCL,International Reserves and Foreign Currency Liquidity (IRFCL),DSD_IRFCL_PUB,SECTOR,CL_SECTOR,FALSE,S1200P,Private financial corporations,NA
IRFCL,International Reserves and Foreign Currency Liquidity (IRFCL),DSD_IRFCL_PUB,SECTOR,CL_SECTOR,FALSE,S1100P,Private non-financial corporations,NA
IRFCL,International Reserves and Foreign Currency Liquidity (IRFCL),DSD_IRFCL_PUB,SECTOR,CL_SECTOR,FALSE,PS,Private sector,NA
IRFCL,International Reserves and Foreign Currency Liquidity (IRFCL),DSD_IRFCL_PUB,SECTOR,CL_SECTOR,FALSE,S12701,Public captive financial institutions and money lenders,NA
IRFCL,International Reserves and Foreign Currency Liquidity (IRFCL),DSD_IRFCL_PUB,SECTOR,CL_SECTOR,FALSE,S1K1,Public corporations,NA
IRFCL,International Reserves and Foreign Currency Liquidity (IRFCL),DSD_IRFCL_PUB,SECTOR,CL_SECTOR,FALSE,S12201,"Public deposit-taking corporations, except the central bank",NA
IRFCL,International Reserves and Foreign Currency Liquidity (IRFCL),DSD_IRFCL_PUB,SECTOR,CL_SECTOR,FALSE,S12601,Public financial auxiliaries,NA
IRFCL,International Reserves and Foreign Currency Liquidity (IRFCL),DSD_IRFCL_PUB,SECTOR,CL_SECTOR,FALSE,S12001,Public financial corporations,NA
IRFCL,International Reserves and Foreign Currency Liquidity (IRFCL),DSD_IRFCL_PUB,SECTOR,CL_SECTOR,FALSE,S12001SWF,Public financial corporations - sovereign wealth fund,NA
IRFCL,International Reserves and Foreign Currency Liquidity (IRFCL),DSD_IRFCL_PUB,SECTOR,CL_SECTOR,FALSE,S12001C,Public financial corporations controlled by central government,NA
IRFCL,International Reserves and Foreign Currency Liquidity (IRFCL),DSD_IRFCL_PUB,SECTOR,CL_SECTOR,FALSE,S120011,"Public financial corporations, which are part of domestic multinationals",NA
IRFCL,International Reserves and Foreign Currency Liquidity (IRFCL),DSD_IRFCL_PUB,SECTOR,CL_SECTOR,FALSE,S12801,Public insurance corporations,NA
IRFCL,International Reserves and Foreign Currency Liquidity (IRFCL),DSD_IRFCL_PUB,SECTOR,CL_SECTOR,FALSE,S12301,Public money market funds,NA
IRFCL,International Reserves and Foreign Currency Liquidity (IRFCL),DSD_IRFCL_PUB,SECTOR,CL_SECTOR,FALSE,S12401,Public non-MMF investment funds,NA
IRFCL,International Reserves and Foreign Currency Liquidity (IRFCL),DSD_IRFCL_PUB,SECTOR,CL_SECTOR,FALSE,S11001,Public non-financial corporations,NA
IRFCL,International Reserves and Foreign Currency Liquidity (IRFCL),DSD_IRFCL_PUB,SECTOR,CL_SECTOR,FALSE,S11001C,Public non-financial corporations controlled by central government,NA
IRFCL,International Reserves and Foreign Currency Liquidity (IRFCL),DSD_IRFCL_PUB,SECTOR,CL_SECTOR,FALSE,S11001NR,"Public non-financial corporations, natural resources",NA
IRFCL,International Reserves and Foreign Currency Liquidity (IRFCL),DSD_IRFCL_PUB,SECTOR,CL_SECTOR,FALSE,S110011,"Public non-financial corporations, which are part of domestic multinationals",NA
IRFCL,International Reserves and Foreign Currency Liquidity (IRFCL),DSD_IRFCL_PUB,SECTOR,CL_SECTOR,FALSE,S12501,"Public other financial intermediaries, except insurance corporations and pension funds",NA
IRFCL,International Reserves and Foreign Currency Liquidity (IRFCL),DSD_IRFCL_PUB,SECTOR,CL_SECTOR,FALSE,S12901,Public pension funds,NA
IRFCL,International Reserves and Foreign Currency Liquidity (IRFCL),DSD_IRFCL_PUB,SECTOR,CL_SECTOR,FALSE,PUPVT,Public private partnership,NA
IRFCL,International Reserves and Foreign Currency Liquidity (IRFCL),DSD_IRFCL_PUB,SECTOR,CL_SECTOR,FALSE,S1ZS,Public sector,NA
IRFCL,International Reserves and Foreign Currency Liquidity (IRFCL),DSD_IRFCL_PUB,SECTOR,CL_SECTOR,FALSE,S12L1,Real estate funds,NA
IRFCL,International Reserves and Foreign Currency Liquidity (IRFCL),DSD_IRFCL_PUB,SECTOR,CL_SECTOR,FALSE,REM,Real estate markets,NA
IRFCL,International Reserves and Foreign Currency Liquidity (IRFCL),DSD_IRFCL_PUB,SECTOR,CL_SECTOR,FALSE,S1443,Recipients of other transfers,NA
IRFCL,International Reserves and Foreign Currency Liquidity (IRFCL),DSD_IRFCL_PUB,SECTOR,CL_SECTOR,FALSE,S1442,Recipients of pensions,NA
IRFCL,International Reserves and Foreign Currency Liquidity (IRFCL),DSD_IRFCL_PUB,SECTOR,CL_SECTOR,FALSE,S144,Recipients of property and transfer income,NA
IRFCL,International Reserves and Foreign Currency Liquidity (IRFCL),DSD_IRFCL_PUB,SECTOR,CL_SECTOR,FALSE,S1441,Recipients of property income,NA
IRFCL,International Reserves and Foreign Currency Liquidity (IRFCL),DSD_IRFCL_PUB,SECTOR,CL_SECTOR,FALSE,S128A,Reinsurance corporations,NA
IRFCL,International Reserves and Foreign Currency Liquidity (IRFCL),DSD_IRFCL_PUB,SECTOR,CL_SECTOR,FALSE,FI,Resident financial intermediaries,NA
IRFCL,International Reserves and Foreign Currency Liquidity (IRFCL),DSD_IRFCL_PUB,SECTOR,CL_SECTOR,FALSE,S2,Rest of the world,NA
IRFCL,International Reserves and Foreign Currency Liquidity (IRFCL),DSD_IRFCL_PUB,SECTOR,CL_SECTOR,FALSE,S1ZU,"Sectors other than central bank, credit institutions, and general government",NA
IRFCL,International Reserves and Foreign Currency Liquidity (IRFCL),DSD_IRFCL_PUB,SECTOR,CL_SECTOR,FALSE,S1Z,Other Sectors (BPM6),NA
IRFCL,International Reserves and Foreign Currency Liquidity (IRFCL),DSD_IRFCL_PUB,SECTOR,CL_SECTOR,FALSE,S125C,Security and derivative dealers,NA
IRFCL,International Reserves and Foreign Currency Liquidity (IRFCL),DSD_IRFCL_PUB,SECTOR,CL_SECTOR,FALSE,S1314,Social security funds,NA
IRFCL,International Reserves and Foreign Currency Liquidity (IRFCL),DSD_IRFCL_PUB,SECTOR,CL_SECTOR,FALSE,S13141,"Social security funds, budgetary units",NA
IRFCL,International Reserves and Foreign Currency Liquidity (IRFCL),DSD_IRFCL_PUB,SECTOR,CL_SECTOR,FALSE,S13142,"Social security funds, extra-budgetary units",NA
IRFCL,International Reserves and Foreign Currency Liquidity (IRFCL),DSD_IRFCL_PUB,SECTOR,CL_SECTOR,FALSE,SPE,Special purpose entities,NA
IRFCL,International Reserves and Foreign Currency Liquidity (IRFCL),DSD_IRFCL_PUB,SECTOR,CL_SECTOR,FALSE,S125D,Specialized financial corporations,NA
IRFCL,International Reserves and Foreign Currency Liquidity (IRFCL),DSD_IRFCL_PUB,SECTOR,CL_SECTOR,FALSE,S13M,State and local government excluding social security,NA
IRFCL,International Reserves and Foreign Currency Liquidity (IRFCL),DSD_IRFCL_PUB,SECTOR,CL_SECTOR,FALSE,S1312,State government excluding social security,NA
IRFCL,International Reserves and Foreign Currency Liquidity (IRFCL),DSD_IRFCL_PUB,SECTOR,CL_SECTOR,FALSE,S1322,State government including social security,NA
IRFCL,International Reserves and Foreign Currency Liquidity (IRFCL),DSD_IRFCL_PUB,SECTOR,CL_SECTOR,FALSE,S1332,State government non-profit institutions,NA
IRFCL,International Reserves and Foreign Currency Liquidity (IRFCL),DSD_IRFCL_PUB,SECTOR,CL_SECTOR,FALSE,S13121,"State government, budgetary units",NA
IRFCL,International Reserves and Foreign Currency Liquidity (IRFCL),DSD_IRFCL_PUB,SECTOR,CL_SECTOR,FALSE,S13122,"State government, extra-budgetary units",NA
IRFCL,International Reserves and Foreign Currency Liquidity (IRFCL),DSD_IRFCL_PUB,SECTOR,CL_SECTOR,FALSE,S1,Total economy,NA
IRFCL,International Reserves and Foreign Currency Liquidity (IRFCL),DSD_IRFCL_PUB,SECTOR,CL_SECTOR,FALSE,S1SP,Total economy (including SPEs),NA
IRFCL,International Reserves and Foreign Currency Liquidity (IRFCL),DSD_IRFCL_PUB,SECTOR,CL_SECTOR,FALSE,S1271,"Trusts, estate and agency accounts",NA
IRFCL,International Reserves and Foreign Currency Liquidity (IRFCL),DSD_IRFCL_PUB,SECTOR,CL_SECTOR,FALSE,S123B,Variable NAV MMFs,NA
IRFCL,International Reserves and Foreign Currency Liquidity (IRFCL),DSD_IRFCL_PUB,SECTOR,CL_SECTOR,FALSE,SMES,Small and medium enterprises (SMEs),NA
IRFCL,International Reserves and Foreign Currency Liquidity (IRFCL),DSD_IRFCL_PUB,SECTOR,CL_SECTOR,FALSE,SIX,Non-financial corporations and households,NA
IRFCL,International Reserves and Foreign Currency Liquidity (IRFCL),DSD_IRFCL_PUB,SECTOR,CL_SECTOR,FALSE,OFM,Other financial institutions: mutual funds,NA
IRFCL,International Reserves and Foreign Currency Liquidity (IRFCL),DSD_IRFCL_PUB,SECTOR,CL_SECTOR,FALSE,ED,External debtors,NA
IRFCL,International Reserves and Foreign Currency Liquidity (IRFCL),DSD_IRFCL_PUB,SECTOR,CL_SECTOR,FALSE,DC,Domestic creditor,NA
IRFCL,International Reserves and Foreign Currency Liquidity (IRFCL),DSD_IRFCL_PUB,SECTOR,CL_SECTOR,FALSE,NRES,Nonresidents,NA
IRFCL,International Reserves and Foreign Currency Liquidity (IRFCL),DSD_IRFCL_PUB,SECTOR,CL_SECTOR,FALSE,S12XIOS,Financial corporations other than International Organizations,NA
IRFCL,International Reserves and Foreign Currency Liquidity (IRFCL),DSD_IRFCL_PUB,SECTOR,CL_SECTOR,FALSE,S12NEC,Financial corporations not elsewhere classified,NA
IRFCL,International Reserves and Foreign Currency Liquidity (IRFCL),DSD_IRFCL_PUB,SECTOR,CL_SECTOR,FALSE,S13MX,State and local government,NA
IRFCL,International Reserves and Foreign Currency Liquidity (IRFCL),DSD_IRFCL_PUB,SECTOR,CL_SECTOR,FALSE,OUTDCORP,Outside of depository corporations,NA
IRFCL,International Reserves and Foreign Currency Liquidity (IRFCL),DSD_IRFCL_PUB,SECTOR,CL_SECTOR,FALSE,OUTS12,Outside of financial corporations,NA
IRFCL,International Reserves and Foreign Currency Liquidity (IRFCL),DSD_IRFCL_PUB,SECTOR,CL_SECTOR,FALSE,S12RO,Other financial corporations: other,NA
IRFCL,International Reserves and Foreign Currency Liquidity (IRFCL),DSD_IRFCL_PUB,SECTOR,CL_SECTOR,FALSE,ODS,Other domestic sectors,NA
IRFCL,International Reserves and Foreign Currency Liquidity (IRFCL),DSD_IRFCL_PUB,SECTOR,CL_SECTOR,FALSE,SNG,Subnational government,NA
IRFCL,International Reserves and Foreign Currency Liquidity (IRFCL),DSD_IRFCL_PUB,SECTOR,CL_SECTOR,FALSE,S1312X,State government,NA
IRFCL,International Reserves and Foreign Currency Liquidity (IRFCL),DSD_IRFCL_PUB,SECTOR,CL_SECTOR,FALSE,S1313X,Local government,NA
IRFCL,International Reserves and Foreign Currency Liquidity (IRFCL),DSD_IRFCL_PUB,SECTOR,CL_SECTOR,FALSE,S13M1,State and Local Governments,NA
IRFCL,International Reserves and Foreign Currency Liquidity (IRFCL),DSD_IRFCL_PUB,SECTOR,CL_SECTOR,FALSE,S1311DC,Central Government (refers to the Depository Corporations),NA
IRFCL,International Reserves and Foreign Currency Liquidity (IRFCL),DSD_IRFCL_PUB,SECTOR,CL_SECTOR,FALSE,S11001DC,Public Non-financial Corporations (refers to the Depository Corporations),NA
IRFCL,International Reserves and Foreign Currency Liquidity (IRFCL),DSD_IRFCL_PUB,SECTOR,CL_SECTOR,FALSE,ORES,Other resident sectors,NA
IRFCL,International Reserves and Foreign Currency Liquidity (IRFCL),DSD_IRFCL_PUB,SECTOR,CL_SECTOR,FALSE,RES,Resident institutional sectors,NA
IRFCL,International Reserves and Foreign Currency Liquidity (IRFCL),DSD_IRFCL_PUB,SECTOR,CL_SECTOR,FALSE,S13M1DC,State and Local Government (refers to the Depository Corporations),NA
IRFCL,International Reserves and Foreign Currency Liquidity (IRFCL),DSD_IRFCL_PUB,SECTOR,CL_SECTOR,FALSE,RESS,Residents,NA
IRFCL,International Reserves and Foreign Currency Liquidity (IRFCL),DSD_IRFCL_PUB,SECTOR,CL_SECTOR,FALSE,ONRES,"Nonresidents, Other",NA
IRFCL,International Reserves and Foreign Currency Liquidity (IRFCL),DSD_IRFCL_PUB,SECTOR,CL_SECTOR,FALSE,S1312MIXED,State Government,NA
IRFCL,International Reserves and Foreign Currency Liquidity (IRFCL),DSD_IRFCL_PUB,SECTOR,CL_SECTOR,FALSE,C1313MIXED,Local Government,NA
IRFCL,International Reserves and Foreign Currency Liquidity (IRFCL),DSD_IRFCL_PUB,SECTOR,CL_SECTOR,FALSE,S1313MIXED,Local Government,NA
IRFCL,International Reserves and Foreign Currency Liquidity (IRFCL),DSD_IRFCL_PUB,SECTOR,CL_SECTOR,FALSE,S1XS1311,Monetary Authorities and Central Government excluding Social Security,NA
IRFCL,International Reserves and Foreign Currency Liquidity (IRFCL),DSD_IRFCL_PUB,FREQ,CL_FREQ,FALSE,A,Annual,NA
IRFCL,International Reserves and Foreign Currency Liquidity (IRFCL),DSD_IRFCL_PUB,FREQ,CL_FREQ,FALSE,D,Daily,NA
IRFCL,International Reserves and Foreign Currency Liquidity (IRFCL),DSD_IRFCL_PUB,FREQ,CL_FREQ,FALSE,M,Monthly,NA
IRFCL,International Reserves and Foreign Currency Liquidity (IRFCL),DSD_IRFCL_PUB,FREQ,CL_FREQ,FALSE,Q,Quarterly,NA
IRFCL,International Reserves and Foreign Currency Liquidity (IRFCL),DSD_IRFCL_PUB,FREQ,CL_FREQ,FALSE,S,"Half-yearly, semester",NA
IRFCL,International Reserves and Foreign Currency Liquidity (IRFCL),DSD_IRFCL_PUB,FREQ,CL_FREQ,FALSE,W,Weekly,NA
IRFCL,International Reserves and Foreign Currency Liquidity (IRFCL),DSD_IRFCL_PUB,FREQ,CL_FREQ,FALSE,A2,Biennial,NA
IRFCL,International Reserves and Foreign Currency Liquidity (IRFCL),DSD_IRFCL_PUB,FREQ,CL_FREQ,FALSE,A3,Triennial,NA
IRFCL,International Reserves and Foreign Currency Liquidity (IRFCL),DSD_IRFCL_PUB,FREQ,CL_FREQ,FALSE,A4,Quadrennial,NA
IRFCL,International Reserves and Foreign Currency Liquidity (IRFCL),DSD_IRFCL_PUB,FREQ,CL_FREQ,FALSE,A5,Quinquennial,NA
IRFCL,International Reserves and Foreign Currency Liquidity (IRFCL),DSD_IRFCL_PUB,FREQ,CL_FREQ,FALSE,A10,Decennial,NA
IRFCL,International Reserves and Foreign Currency Liquidity (IRFCL),DSD_IRFCL_PUB,FREQ,CL_FREQ,FALSE,A20,Bidecennial,NA
IRFCL,International Reserves and Foreign Currency Liquidity (IRFCL),DSD_IRFCL_PUB,FREQ,CL_FREQ,FALSE,A30,Tridecennial,NA
IRFCL,International Reserves and Foreign Currency Liquidity (IRFCL),DSD_IRFCL_PUB,FREQ,CL_FREQ,FALSE,A_3,Three times a year,NA
IRFCL,International Reserves and Foreign Currency Liquidity (IRFCL),DSD_IRFCL_PUB,FREQ,CL_FREQ,FALSE,M2,Bimonthly,NA
IRFCL,International Reserves and Foreign Currency Liquidity (IRFCL),DSD_IRFCL_PUB,FREQ,CL_FREQ,FALSE,M_2,Semimonthly,NA
IRFCL,International Reserves and Foreign Currency Liquidity (IRFCL),DSD_IRFCL_PUB,FREQ,CL_FREQ,FALSE,M_3,Three times a month,NA
IRFCL,International Reserves and Foreign Currency Liquidity (IRFCL),DSD_IRFCL_PUB,FREQ,CL_FREQ,FALSE,W2,Biweekly,NA
IRFCL,International Reserves and Foreign Currency Liquidity (IRFCL),DSD_IRFCL_PUB,FREQ,CL_FREQ,FALSE,W3,Triweekly,NA
IRFCL,International Reserves and Foreign Currency Liquidity (IRFCL),DSD_IRFCL_PUB,FREQ,CL_FREQ,FALSE,W4,Four-weekly,NA
IRFCL,International Reserves and Foreign Currency Liquidity (IRFCL),DSD_IRFCL_PUB,FREQ,CL_FREQ,FALSE,W_2,Semiweekly,NA
IRFCL,International Reserves and Foreign Currency Liquidity (IRFCL),DSD_IRFCL_PUB,FREQ,CL_FREQ,FALSE,W_3,Three times a week,NA
IRFCL,International Reserves and Foreign Currency Liquidity (IRFCL),DSD_IRFCL_PUB,FREQ,CL_FREQ,FALSE,D_2,Twice a day,NA
IRFCL,International Reserves and Foreign Currency Liquidity (IRFCL),DSD_IRFCL_PUB,FREQ,CL_FREQ,FALSE,H,Hourly,NA
IRFCL,International Reserves and Foreign Currency Liquidity (IRFCL),DSD_IRFCL_PUB,FREQ,CL_FREQ,FALSE,H2,Bihourly,NA
IRFCL,International Reserves and Foreign Currency Liquidity (IRFCL),DSD_IRFCL_PUB,FREQ,CL_FREQ,FALSE,H3,Trihourly,NA
IRFCL,International Reserves and Foreign Currency Liquidity (IRFCL),DSD_IRFCL_PUB,FREQ,CL_FREQ,FALSE,B,Daily – business week,NA
IRFCL,International Reserves and Foreign Currency Liquidity (IRFCL),DSD_IRFCL_PUB,FREQ,CL_FREQ,FALSE,N,Minutely,NA
IRFCL,International Reserves and Foreign Currency Liquidity (IRFCL),DSD_IRFCL_PUB,FREQ,CL_FREQ,FALSE,I,Irregular,NA
IRFCL,International Reserves and Foreign Currency Liquidity (IRFCL),DSD_IRFCL_PUB,FREQ,CL_FREQ,FALSE,OA,Occasional annual,NA
IRFCL,International Reserves and Foreign Currency Liquidity (IRFCL),DSD_IRFCL_PUB,FREQ,CL_FREQ,FALSE,OM,Occasional monthly,NA
IRFCL,International Reserves and Foreign Currency Liquidity (IRFCL),DSD_IRFCL_PUB,FREQ,CL_FREQ,FALSE,_O,Other,NA
IRFCL,International Reserves and Foreign Currency Liquidity (IRFCL),DSD_IRFCL_PUB,FREQ,CL_FREQ,FALSE,_U,Unspecified,NA
IRFCL,International Reserves and Foreign Currency Liquidity (IRFCL),DSD_IRFCL_PUB,FREQ,CL_FREQ,FALSE,_Z,Not applicable,NA
