flow_id,flow_name,dsd_ref,concept_ref,codelist_id,indicator_candidate,code,code_name,parent_code
WEO,World Economic Outlook (WEO),DSD_WEO,INDICATOR,CL_WEO_INDICATOR,TRUE,LUR,Unemployment rate,NA
WEO,World Economic Outlook (WEO),DSD_WEO,INDICATOR,CL_WEO_INDICATOR,TRUE,PCOALSA,"Coal, South Africa, Export price, US dollars per metric tonne",NA
WEO,World Economic Outlook (WEO),DSD_WEO,INDICATOR,CL_WEO_INDICATOR,TRUE,DSP,"External debt: total debt service, amortization, US dollar",NA
WEO,World Economic Outlook (WEO),DSD_WEO,INDICATOR,CL_WEO_INDICATOR,TRUE,DSI,"External debt: total debt service, interest, US dollar",NA
WEO,World Economic Outlook (WEO),DSD_WEO,INDICATOR,CL_WEO_INDICATOR,TRUE,DSP_NGDPD,"External debt: total debt service, amortization, Percent of GDP",NA
WEO,World Economic Outlook (WEO),DSD_WEO,INDICATOR,CL_WEO_INDICATOR,TRUE,BX,"Exports of goods and services, US dollar",NA
WEO,World Economic Outlook (WEO),DSD_WEO,INDICATOR,CL_WEO_INDICATOR,TRUE,BM,"Imports of goods and services, US dollar",NA
WEO,World Economic Outlook (WEO),DSD_WEO,INDICATOR,CL_WEO_INDICATOR,TRUE,DS,"External debt: total debt service, US dollar",NA
WEO,World Economic Outlook (WEO),DSD_WEO,INDICATOR,CL_WEO_INDICATOR,TRUE,TTPCH,"Terms of trade of goods and services, percent change",NA
WEO,World Economic Outlook (WEO),DSD_WEO,INDICATOR,CL_WEO_INDICATOR,TRUE,DSI_NGDPD,"External debt: total debt service, interest, Percent of GDP",NA
WEO,World Economic Outlook (WEO),DSD_WEO,INDICATOR,CL_WEO_INDICATOR,TRUE,NGDP_RPCHMK,"Gross domestic product (GDP), Constant prices, Percent",NA
WEO,World Economic Outlook (WEO),DSD_WEO,INDICATOR,CL_WEO_INDICATOR,TRUE,NGDPD,"Gross domestic product (GDP), Current prices, US dollar",NA
WEO,World Economic Outlook (WEO),DSD_WEO,INDICATOR,CL_WEO_INDICATOR,TRUE,PTEA,"Tea, Kenyan, Unit prices, US cents per kilogram",NA
WEO,World Economic Outlook (WEO),DSD_WEO,INDICATOR,CL_WEO_INDICATOR,TRUE,DS_NGDPD,"External debt: total debt service, Percent of GDP",NA
WEO,World Economic Outlook (WEO),DSD_WEO,INDICATOR,CL_WEO_INDICATOR,TRUE,D,"External debt, US dollar",NA
WEO,World Economic Outlook (WEO),DSD_WEO,INDICATOR,CL_WEO_INDICATOR,TRUE,NGDP_D,"Gross domestic product (GDP), Price deflator, Index",NA
WEO,World Economic Outlook (WEO),DSD_WEO,INDICATOR,CL_WEO_INDICATOR,TRUE,NGDP_RPCH,"Gross domestic product (GDP), Constant prices, Percent change",NA
WEO,World Economic Outlook (WEO),DSD_WEO,INDICATOR,CL_WEO_INDICATOR,TRUE,TTTPCH,"Terms of trade of goods, percent change",NA
WEO,World Economic Outlook (WEO),DSD_WEO,INDICATOR,CL_WEO_INDICATOR,TRUE,NGDP_R,"Gross domestic product (GDP), Constant prices, Domestic currency",NA
WEO,World Economic Outlook (WEO),DSD_WEO,INDICATOR,CL_WEO_INDICATOR,TRUE,NGDP,"Gross domestic product (GDP), Current prices, Domestic currency",NA
WEO,World Economic Outlook (WEO),DSD_WEO,INDICATOR,CL_WEO_INDICATOR,TRUE,NGSD_NGDP,"Gross national savings, Percent of GDP",NA
WEO,World Economic Outlook (WEO),DSD_WEO,INDICATOR,CL_WEO_INDICATOR,TRUE,PSUNO,"Sunflower oil, Export price, US dollars per metric tonne",NA
WEO,World Economic Outlook (WEO),DSD_WEO,INDICATOR,CL_WEO_INDICATOR,TRUE,PNGASEU,"Natural gas, EU, Unit prices, US dollars per million metric British thermal units of gas",NA
WEO,World Economic Outlook (WEO),DSD_WEO,INDICATOR,CL_WEO_INDICATOR,TRUE,PZINC,"Zinc, Unit prices, US dollars per metric tonne",NA
WEO,World Economic Outlook (WEO),DSD_WEO,INDICATOR,CL_WEO_INDICATOR,TRUE,PPPSH,"Gross domestic product (GDP), Purchasing power parity (PPP) international dollar, percent of world GDP, Percent, ICP benchmarks 2017-2021",NA
WEO,World Economic Outlook (WEO),DSD_WEO,INDICATOR,CL_WEO_INDICATOR,TRUE,D_NGDPD,"External debt, Percent of GDP",NA
WEO,World Economic Outlook (WEO),DSD_WEO,INDICATOR,CL_WEO_INDICATOR,TRUE,PPPPC,"Gross domestic product (GDP), Per capita, purchasing power parity (PPP) international dollar, ICP benchmarks 2017-2021",NA
WEO,World Economic Outlook (WEO),DSD_WEO,INDICATOR,CL_WEO_INDICATOR,TRUE,PPPGDP,"Gross domestic product (GDP), Current prices, Purchasing power parity (PPP) international dollar, ICP benchmarks 2017-2021",NA
WEO,World Economic Outlook (WEO),DSD_WEO,INDICATOR,CL_WEO_INDICATOR,TRUE,DSP_BX,"External debt: total debt service, amortization, Percent of exports of goods and services",NA
WEO,World Economic Outlook (WEO),DSD_WEO,INDICATOR,CL_WEO_INDICATOR,TRUE,PPORK,"Swine, Unit prices, US cents per pound",NA
WEO,World Economic Outlook (WEO),DSD_WEO,INDICATOR,CL_WEO_INDICATOR,TRUE,PSAWMAL,"Hard sawnwood, Dark Red Meranti, Unit prices, US dollars per cubic meter",NA
WEO,World Economic Outlook (WEO),DSD_WEO,INDICATOR,CL_WEO_INDICATOR,TRUE,PORANG,"Orange, Import price, US dollars per metric tonne",NA
WEO,World Economic Outlook (WEO),DSD_WEO,INDICATOR,CL_WEO_INDICATOR,TRUE,PTIN,"Tin, Unit prices, US dollars per metric tonne",NA
WEO,World Economic Outlook (WEO),DSD_WEO,INDICATOR,CL_WEO_INDICATOR,TRUE,PPOULT,"Poultry, Unit prices, US cents per pound",NA
WEO,World Economic Outlook (WEO),DSD_WEO,INDICATOR,CL_WEO_INDICATOR,TRUE,DSI_BX,"External debt: total debt service, interest, Percent of exports of goods and services",NA
WEO,World Economic Outlook (WEO),DSD_WEO,INDICATOR,CL_WEO_INDICATOR,TRUE,NGDPDPC,"Gross domestic product (GDP), Current prices, Per capita, US dollar",NA
WEO,World Economic Outlook (WEO),DSD_WEO,INDICATOR,CL_WEO_INDICATOR,TRUE,PSAWORE,"Soft sawnwood, Export price, US dollars per cubic meter",NA
WEO,World Economic Outlook (WEO),DSD_WEO,INDICATOR,CL_WEO_INDICATOR,TRUE,PROIL,"Rapeseed oil, Unit prices, US dollars per metric tonne",NA
WEO,World Economic Outlook (WEO),DSD_WEO,INDICATOR,CL_WEO_INDICATOR,TRUE,PLAMB,"Lamb, Unit prices, US cents per pound",NA
WEO,World Economic Outlook (WEO),DSD_WEO,INDICATOR,CL_WEO_INDICATOR,TRUE,PBARL,"Barley, Unit prices, US dollars per metric tonne",NA
WEO,World Economic Outlook (WEO),DSD_WEO,INDICATOR,CL_WEO_INDICATOR,TRUE,PLOGORE,"Soft logs, Export price, US dollars per cubic meter",NA
WEO,World Economic Outlook (WEO),DSD_WEO,INDICATOR,CL_WEO_INDICATOR,TRUE,GGR_NGDP,"Revenue, General government, Percent of GDP",NA
WEO,World Economic Outlook (WEO),DSD_WEO,INDICATOR,CL_WEO_INDICATOR,TRUE,TRADEPCH,"Trade of goods and services, Volume, Percent change",NA
WEO,World Economic Outlook (WEO),DSD_WEO,INDICATOR,CL_WEO_INDICATOR,TRUE,PALUM,"Aluminum, Unit prices, US dollars per metric tonne",NA
WEO,World Economic Outlook (WEO),DSD_WEO,INDICATOR,CL_WEO_INDICATOR,TRUE,PLOGSK,"Hard logs, import price Japan, Import price, US dollars per cubic meter",NA
WEO,World Economic Outlook (WEO),DSD_WEO,INDICATOR,CL_WEO_INDICATOR,TRUE,PWOOLC,"Wool, coarse, Unit prices, US cents per kilogram",NA
WEO,World Economic Outlook (WEO),DSD_WEO,INDICATOR,CL_WEO_INDICATOR,TRUE,GGXWDN_NGDP,"Net debt, General government, Percent of GDP",NA
WEO,World Economic Outlook (WEO),DSD_WEO,INDICATOR,CL_WEO_INDICATOR,TRUE,PFISH,"Fishmeal, Unit prices, US dollars per metric tonne",NA
WEO,World Economic Outlook (WEO),DSD_WEO,INDICATOR,CL_WEO_INDICATOR,TRUE,NGDPRPC,"Gross domestic product (GDP), Constant prices, Per capita, Domestic currency",NA
WEO,World Economic Outlook (WEO),DSD_WEO,INDICATOR,CL_WEO_INDICATOR,TRUE,PNGASJP,"LNG, Asia, Unit prices, US dollars per million metric British thermal units of gas",NA
WEO,World Economic Outlook (WEO),DSD_WEO,INDICATOR,CL_WEO_INDICATOR,TRUE,LE,"Employed persons, Persons for countries / Index for country groups",NA
WEO,World Economic Outlook (WEO),DSD_WEO,INDICATOR,CL_WEO_INDICATOR,TRUE,NGDPPC,"Gross domestic product (GDP), Current prices, Per capita, Domestic currency",NA
WEO,World Economic Outlook (WEO),DSD_WEO,INDICATOR,CL_WEO_INDICATOR,TRUE,GGR,"Revenue, General government, Domestic currency",NA
WEO,World Economic Outlook (WEO),DSD_WEO,INDICATOR,CL_WEO_INDICATOR,TRUE,PWOOLF,"Wool, fine, Unit prices, US cents per kilogram",NA
WEO,World Economic Outlook (WEO),DSD_WEO,INDICATOR,CL_WEO_INDICATOR,TRUE,PCOFFOTM,"Coffee, other mild Arabica, Unit prices, US cents per pound",NA
WEO,World Economic Outlook (WEO),DSD_WEO,INDICATOR,CL_WEO_INDICATOR,TRUE,PNICK,"Nickel, Unit prices, US dollars per metric tonne",NA
WEO,World Economic Outlook (WEO),DSD_WEO,INDICATOR,CL_WEO_INDICATOR,TRUE,BCA,"Current account balance (credit less debit), US dollar",NA
WEO,World Economic Outlook (WEO),DSD_WEO,INDICATOR,CL_WEO_INDICATOR,TRUE,PBANSOP,"Bananas, Unit prices, US dollars per metric tonne",NA
WEO,World Economic Outlook (WEO),DSD_WEO,INDICATOR,CL_WEO_INDICATOR,TRUE,PRICENPQ,"Rice, Thailand, Unit prices, US dollars per metric tonne",NA
WEO,World Economic Outlook (WEO),DSD_WEO,INDICATOR,CL_WEO_INDICATOR,TRUE,DS_BX,"External debt: total debt service, Percent of exports of goods and services",NA
WEO,World Economic Outlook (WEO),DSD_WEO,INDICATOR,CL_WEO_INDICATOR,TRUE,PCOFFROB,"Coffee, Robustas, Unit prices, US cents per pound",NA
WEO,World Economic Outlook (WEO),DSD_WEO,INDICATOR,CL_WEO_INDICATOR,TRUE,PSALM,"Fish, Export price, US dollars per kilogram",NA
WEO,World Economic Outlook (WEO),DSD_WEO,INDICATOR,CL_WEO_INDICATOR,TRUE,PSUGAUSA,"Sugar, No. 16, US, Import price, US cents per pound",NA
WEO,World Economic Outlook (WEO),DSD_WEO,INDICATOR,CL_WEO_INDICATOR,TRUE,GGXWDG_NGDP,"Gross debt, General government, Percent of GDP",NA
WEO,World Economic Outlook (WEO),DSD_WEO,INDICATOR,CL_WEO_INDICATOR,TRUE,PCOPP,"Copper, Unit prices, US dollars per metric tonne",NA
WEO,World Economic Outlook (WEO),DSD_WEO,INDICATOR,CL_WEO_INDICATOR,TRUE,PLEAD,"Lead, Unit prices, US dollars per metric tonne",NA
WEO,World Economic Outlook (WEO),DSD_WEO,INDICATOR,CL_WEO_INDICATOR,TRUE,PBEEF,"Beef, Import price, US cents per pound",NA
WEO,World Economic Outlook (WEO),DSD_WEO,INDICATOR,CL_WEO_INDICATOR,TRUE,BF,"Financial account balance (assets less liabilities), US dollar",NA
WEO,World Economic Outlook (WEO),DSD_WEO,INDICATOR,CL_WEO_INDICATOR,TRUE,PURAN,"Uranium, Unit prices, US dollars per pound",NA
WEO,World Economic Outlook (WEO),DSD_WEO,INDICATOR,CL_WEO_INDICATOR,TRUE,BCA_NGDPD,"Current account balance (credit less debit), Percent of GDP",NA
WEO,World Economic Outlook (WEO),DSD_WEO,INDICATOR,CL_WEO_INDICATOR,TRUE,PHIDE,"Hides, Unit prices, US cents per pound",NA
WEO,World Economic Outlook (WEO),DSD_WEO,INDICATOR,CL_WEO_INDICATOR,TRUE,PGNUTS,"Groundnuts, Unit prices, US dollars per metric tonne",NA
WEO,World Economic Outlook (WEO),DSD_WEO,INDICATOR,CL_WEO_INDICATOR,TRUE,GGSB,"Structural balance, General government, Domestic currency",NA
WEO,World Economic Outlook (WEO),DSD_WEO,INDICATOR,CL_WEO_INDICATOR,TRUE,BFP,"Portfolio investment, Net (assets minus liabilities), US dollar",NA
WEO,World Economic Outlook (WEO),DSD_WEO,INDICATOR,CL_WEO_INDICATOR,TRUE,GGX_NGDP,"Expenditure, General government, Percent of GDP",NA
WEO,World Economic Outlook (WEO),DSD_WEO,INDICATOR,CL_WEO_INDICATOR,TRUE,GGXWDG,"Gross debt, General government, Domestic currency",NA
WEO,World Economic Outlook (WEO),DSD_WEO,INDICATOR,CL_WEO_INDICATOR,TRUE,GGXWDN,"Net debt, General government, Domestic currency",NA
WEO,World Economic Outlook (WEO),DSD_WEO,INDICATOR,CL_WEO_INDICATOR,TRUE,NGDP_FY,"Gross domestic product (GDP), Current prices, Fiscal year, Domestic currency",NA
WEO,World Economic Outlook (WEO),DSD_WEO,INDICATOR,CL_WEO_INDICATOR,TRUE,GGX,"Expenditure, General government, Domestic currency",NA
WEO,World Economic Outlook (WEO),DSD_WEO,INDICATOR,CL_WEO_INDICATOR,TRUE,PRUBB,"Rubber, Unit prices, US cents per pound",NA
WEO,World Economic Outlook (WEO),DSD_WEO,INDICATOR,CL_WEO_INDICATOR,TRUE,PWHEAMT,"Wheat, Unit prices, US dollars per metric tonne",NA
WEO,World Economic Outlook (WEO),DSD_WEO,INDICATOR,CL_WEO_INDICATOR,TRUE,PMAIZMT,"Corn, Unit prices, US dollars per metric tonne",NA
WEO,World Economic Outlook (WEO),DSD_WEO,INDICATOR,CL_WEO_INDICATOR,TRUE,GGSB_NPGDP,"Structural balance, General government, Percent",NA
WEO,World Economic Outlook (WEO),DSD_WEO,INDICATOR,CL_WEO_INDICATOR,TRUE,POLVOIL,"Olive oil, Unit prices, US dollars per metric tonne",NA
WEO,World Economic Outlook (WEO),DSD_WEO,INDICATOR,CL_WEO_INDICATOR,TRUE,PIORECR,"Iron ore, Unit prices, US dollars per metric tonne",NA
WEO,World Economic Outlook (WEO),DSD_WEO,INDICATOR,CL_WEO_INDICATOR,TRUE,D_BX,"External debt, Percent of exports of goods and services",NA
WEO,World Economic Outlook (WEO),DSD_WEO,INDICATOR,CL_WEO_INDICATOR,TRUE,BFD,"Direct investment, Net (assets minus liabilities), US dollar",NA
WEO,World Economic Outlook (WEO),DSD_WEO,INDICATOR,CL_WEO_INDICATOR,TRUE,TX_RPCH,"Exports of goods and services, Volume, Free on board (FOB), Percent change",NA
WEO,World Economic Outlook (WEO),DSD_WEO,INDICATOR,CL_WEO_INDICATOR,TRUE,PCOCO,"Cocoa, Unit prices, US dollars per metric tonne",NA
WEO,World Economic Outlook (WEO),DSD_WEO,INDICATOR,CL_WEO_INDICATOR,TRUE,BFO,"Other investment, Net (assets minus liabilities), US dollar",NA
WEO,World Economic Outlook (WEO),DSD_WEO,INDICATOR,CL_WEO_INDICATOR,TRUE,PPOIL,"Palm oil, Unit prices, US dollars per metric tonne",NA
WEO,World Economic Outlook (WEO),DSD_WEO,INDICATOR,CL_WEO_INDICATOR,TRUE,NGDPRPPPPC,"Gross domestic product (GDP), Constant prices, Per capita, purchasing power parity (PPP) international dollar, ICP benchmark 2021",NA
WEO,World Economic Outlook (WEO),DSD_WEO,INDICATOR,CL_WEO_INDICATOR,TRUE,PRAWMW,"Agricultural raw materials, Commodity price index",NA
WEO,World Economic Outlook (WEO),DSD_WEO,INDICATOR,CL_WEO_INDICATOR,TRUE,PSMEA,"Soybean meal, Unit prices, US dollars per metric tonne",NA
WEO,World Economic Outlook (WEO),DSD_WEO,INDICATOR,CL_WEO_INDICATOR,TRUE,PCOTTIND,"Cotton, Unit prices, US cents per pound",NA
WEO,World Economic Outlook (WEO),DSD_WEO,INDICATOR,CL_WEO_INDICATOR,TRUE,PCOALAU,"Coal, Australia, Unit prices, US dollars per metric tonne",NA
WEO,World Economic Outlook (WEO),DSD_WEO,INDICATOR,CL_WEO_INDICATOR,TRUE,PNGASUS,"Natural Gas, US Henry Hub Gas, Unit prices, US dollars per metric tonne",NA
WEO,World Economic Outlook (WEO),DSD_WEO,INDICATOR,CL_WEO_INDICATOR,TRUE,TXGM_D,"Exports of manufactures, Price deflator, Free on board (FOB), Index",NA
WEO,World Economic Outlook (WEO),DSD_WEO,INDICATOR,CL_WEO_INDICATOR,TRUE,TM_RPCH,"Imports of goods and services, Volume, Cost insurance freight (CIF), Percent change",NA
WEO,World Economic Outlook (WEO),DSD_WEO,INDICATOR,CL_WEO_INDICATOR,TRUE,PSOIL,"Soybeans oil, Unit prices, US dollars per metric tonne",NA
WEO,World Economic Outlook (WEO),DSD_WEO,INDICATOR,CL_WEO_INDICATOR,TRUE,PSUGAISA,"Sugar, No. 11, World, Unit prices, US cents per pound",NA
WEO,World Economic Outlook (WEO),DSD_WEO,INDICATOR,CL_WEO_INDICATOR,TRUE,BFF,"Financial derivatives and employee stock options, Net (assets minus liabilities), US dollar",NA
WEO,World Economic Outlook (WEO),DSD_WEO,INDICATOR,CL_WEO_INDICATOR,TRUE,NGAP_NPGDP,"Output gap, Percent of potential GDP",NA
WEO,World Economic Outlook (WEO),DSD_WEO,INDICATOR,CL_WEO_INDICATOR,TRUE,PSOYB,"Soybeans, Unit prices, US dollars per metric tonne",NA
WEO,World Economic Outlook (WEO),DSD_WEO,INDICATOR,CL_WEO_INDICATOR,TRUE,PINDUW,"Industrial materials, Commodity price index",NA
WEO,World Economic Outlook (WEO),DSD_WEO,INDICATOR,CL_WEO_INDICATOR,TRUE,GGXCNL,"Net lending (+) / net borrowing (-), General government, Domestic currency",NA
WEO,World Economic Outlook (WEO),DSD_WEO,INDICATOR,CL_WEO_INDICATOR,TRUE,BFRA,"Change in reserve assets, Net (assets minus liabilities), US dollar",NA
WEO,World Economic Outlook (WEO),DSD_WEO,INDICATOR,CL_WEO_INDICATOR,TRUE,TXGM_DPCH,"Exports of manufactures, Price deflator, Free on board (FOB), Percent change",NA
WEO,World Economic Outlook (WEO),DSD_WEO,INDICATOR,CL_WEO_INDICATOR,TRUE,POILBRE,"Brent crude, Unit prices, US dollars per barrel",NA
WEO,World Economic Outlook (WEO),DSD_WEO,INDICATOR,CL_WEO_INDICATOR,TRUE,PSHRI,"Shrimp, Unit prices, US dollars per kilogram",NA
WEO,World Economic Outlook (WEO),DSD_WEO,INDICATOR,CL_WEO_INDICATOR,TRUE,GGXCNL_NGDP,"Net lending (+) / net borrowing (-), General government, Percent of GDP",NA
WEO,World Economic Outlook (WEO),DSD_WEO,INDICATOR,CL_WEO_INDICATOR,TRUE,PCOALW,"Coal, Commodity price index",NA
WEO,World Economic Outlook (WEO),DSD_WEO,INDICATOR,CL_WEO_INDICATOR,TRUE,PBEVEW,"Beverages, Commodity price index",NA
WEO,World Economic Outlook (WEO),DSD_WEO,INDICATOR,CL_WEO_INDICATOR,TRUE,PWOOLW,"Wool, Commodity price index",NA
WEO,World Economic Outlook (WEO),DSD_WEO,INDICATOR,CL_WEO_INDICATOR,TRUE,POILDUB,"Dubai crude, Unit prices, US dollars per barrel",NA
WEO,World Economic Outlook (WEO),DSD_WEO,INDICATOR,CL_WEO_INDICATOR,TRUE,POILWTI,"WTI crude, Unit prices, US dollars per barrel",NA
WEO,World Economic Outlook (WEO),DSD_WEO,INDICATOR,CL_WEO_INDICATOR,TRUE,PCOFFW,"Coffee, Commodity price index",NA
WEO,World Economic Outlook (WEO),DSD_WEO,INDICATOR,CL_WEO_INDICATOR,TRUE,PCPI,"All Items, Consumer price index (CPI), Period average",NA
WEO,World Economic Outlook (WEO),DSD_WEO,INDICATOR,CL_WEO_INDICATOR,TRUE,PSEAFW,"Seafood, Commodity price index",NA
WEO,World Economic Outlook (WEO),DSD_WEO,INDICATOR,CL_WEO_INDICATOR,TRUE,PTIMBW,"Timber, Commodity price index",NA
WEO,World Economic Outlook (WEO),DSD_WEO,INDICATOR,CL_WEO_INDICATOR,TRUE,GGXONLB_NGDP,"Primary net lending (+) / net borrowing (-), General government, Percent of GDP",NA
WEO,World Economic Outlook (WEO),DSD_WEO,INDICATOR,CL_WEO_INDICATOR,TRUE,PSUGAW,"Sugar, Commodity price index",NA
WEO,World Economic Outlook (WEO),DSD_WEO,INDICATOR,CL_WEO_INDICATOR,TRUE,POILAPSP,"APSP crude oil, Unit prices, US dollars per barrel",NA
WEO,World Economic Outlook (WEO),DSD_WEO,INDICATOR,CL_WEO_INDICATOR,TRUE,PCEREW,"Cereal, Commodity price index",NA
WEO,World Economic Outlook (WEO),DSD_WEO,INDICATOR,CL_WEO_INDICATOR,TRUE,PALLFNFW,"All commodities, Commodity price index",NA
WEO,World Economic Outlook (WEO),DSD_WEO,INDICATOR,CL_WEO_INDICATOR,TRUE,PCPIE,"All Items, Consumer price index (CPI), End-of-period (EoP)",NA
WEO,World Economic Outlook (WEO),DSD_WEO,INDICATOR,CL_WEO_INDICATOR,TRUE,GGXONLB,"Primary net lending (+) / net borrowing (-), General government, Domestic currency",NA
WEO,World Economic Outlook (WEO),DSD_WEO,INDICATOR,CL_WEO_INDICATOR,TRUE,TXG_RPCH,"Exports of goods, Volume, Free on board (FOB), Percent change",NA
WEO,World Economic Outlook (WEO),DSD_WEO,INDICATOR,CL_WEO_INDICATOR,TRUE,TMG_RPCH,"Imports of goods, Volume, Cost insurance freight (CIF), Percent change",NA
WEO,World Economic Outlook (WEO),DSD_WEO,INDICATOR,CL_WEO_INDICATOR,TRUE,PSOFTW,"Softwood, Commodity price index",NA
WEO,World Economic Outlook (WEO),DSD_WEO,INDICATOR,CL_WEO_INDICATOR,TRUE,PHARDW,"Hardwood, Commodity price index",NA
WEO,World Economic Outlook (WEO),DSD_WEO,INDICATOR,CL_WEO_INDICATOR,TRUE,PCPIPCH,"All Items, Consumer price index (CPI), Period average, percent change",NA
WEO,World Economic Outlook (WEO),DSD_WEO,INDICATOR,CL_WEO_INDICATOR,TRUE,PMEATW,"Meat, Commodity price index",NA
WEO,World Economic Outlook (WEO),DSD_WEO,INDICATOR,CL_WEO_INDICATOR,TRUE,PFANDBW,"Food and beverage, Commodity price index",NA
WEO,World Economic Outlook (WEO),DSD_WEO,INDICATOR,CL_WEO_INDICATOR,TRUE,PCPIEPCH,"All Items, Consumer price index (CPI), End-of-period (EoP), percent change",NA
WEO,World Economic Outlook (WEO),DSD_WEO,INDICATOR,CL_WEO_INDICATOR,TRUE,PNFUELW,"Non-fuel, Commodity price index",NA
WEO,World Economic Outlook (WEO),DSD_WEO,INDICATOR,CL_WEO_INDICATOR,TRUE,PNRGW,"Energy, Commodity price index",NA
WEO,World Economic Outlook (WEO),DSD_WEO,INDICATOR,CL_WEO_INDICATOR,TRUE,LP,"Population, Persons for countries / Index for country groups",NA
WEO,World Economic Outlook (WEO),DSD_WEO,INDICATOR,CL_WEO_INDICATOR,TRUE,PNGASW,"Natural gas, Commodity price index",NA
WEO,World Economic Outlook (WEO),DSD_WEO,INDICATOR,CL_WEO_INDICATOR,TRUE,PPPEX,"Rate, Domestic currency per international dollar in PPP terms, ICP benchmarks 2017-2021",NA
WEO,World Economic Outlook (WEO),DSD_WEO,INDICATOR,CL_WEO_INDICATOR,TRUE,PFOODW,"Food, Commodity price index",NA
WEO,World Economic Outlook (WEO),DSD_WEO,INDICATOR,CL_WEO_INDICATOR,TRUE,PMETAW,"Metal, Commodity price index",NA
WEO,World Economic Outlook (WEO),DSD_WEO,INDICATOR,CL_WEO_INDICATOR,TRUE,POILAPSPW,"APSP crude oil, Commodity price index",NA
WEO,World Economic Outlook (WEO),DSD_WEO,INDICATOR,CL_WEO_INDICATOR,TRUE,NID_NGDP,"Gross capital formation, Percent of GDP",NA
WEO,World Economic Outlook (WEO),DSD_WEO,INDICATOR,CL_WEO_INDICATOR,TRUE,PVOILW,"Vegetable oil, Commodity price index",NA
CPI,Consumer Price Index (CPI),DSD_CPI,INDEX_TYPE,CL_INDEX_TYPE,TRUE,BSI,Bank stock index,NA
CPI,Consumer Price Index (CPI),DSD_CPI,INDEX_TYPE,CL_INDEX_TYPE,TRUE,CCPI,Core consumer price index (CPI),NA
CPI,Consumer Price Index (CPI),DSD_CPI,INDEX_TYPE,CL_INDEX_TYPE,TRUE,CCPISVN,Core consumer price index (CCPI) (SVN),NA
CPI,Consumer Price Index (CPI),DSD_CPI,INDEX_TYPE,CL_INDEX_TYPE,TRUE,CECO,"Commodity price index, energy, crude oil (petroleum)",NA
CPI,Consumer Price Index (CPI),DSD_CPI,INDEX_TYPE,CL_INDEX_TYPE,TRUE,CEMPI,Commodity net export price index,NA
CPI,Consumer Price Index (CPI),DSD_CPI,INDEX_TYPE,CL_INDEX_TYPE,TRUE,CEPI,Commodity export price index,NA
CPI,Consumer Price Index (CPI),DSD_CPI,INDEX_TYPE,CL_INDEX_TYPE,TRUE,CHICPIF,Core HICP inflation forecast,NA
CPI,Consumer Price Index (CPI),DSD_CPI,INDEX_TYPE,CL_INDEX_TYPE,TRUE,CMPI,Commodity import price index,NA
CPI,Consumer Price Index (CPI),DSD_CPI,INDEX_TYPE,CL_INDEX_TYPE,TRUE,CPCE,Core PCE Price Index,NA
CPI,Consumer Price Index (CPI),DSD_CPI,INDEX_TYPE,CL_INDEX_TYPE,TRUE,CPI,Consumer price index (CPI),NA
CPI,Consumer Price Index (CPI),DSD_CPI,INDEX_TYPE,CL_INDEX_TYPE,TRUE,CPIR,Relative consumer price index (CPI),NA
CPI,Consumer Price Index (CPI),DSD_CPI,INDEX_TYPE,CL_INDEX_TYPE,TRUE,CPIU,Consumer price index (Urban),NA
CPI,Consumer Price Index (CPI),DSD_CPI,INDEX_TYPE,CL_INDEX_TYPE,TRUE,CPIX,Commodity price index,NA
CPI,Consumer Price Index (CPI),DSD_CPI,INDEX_TYPE,CL_INDEX_TYPE,TRUE,D,Deflator,NA
CPI,Consumer Price Index (CPI),DSD_CPI,INDEX_TYPE,CL_INDEX_TYPE,TRUE,DMN_EMP_CR_SQSCLD,Flexible exchange market pressure index,NA
CPI,Consumer Price Index (CPI),DSD_CPI,INDEX_TYPE,CL_INDEX_TYPE,TRUE,EPI,Export price index (XPI),NA
CPI,Consumer Price Index (CPI),DSD_CPI,INDEX_TYPE,CL_INDEX_TYPE,TRUE,FSI,Financial stress indicators,NA
CPI,Consumer Price Index (CPI),DSD_CPI,INDEX_TYPE,CL_INDEX_TYPE,TRUE,HFIDX,Herfindahl index,NA
CPI,Consumer Price Index (CPI),DSD_CPI,INDEX_TYPE,CL_INDEX_TYPE,TRUE,HICP,Harmonised index of consumer prices (HICP),NA
CPI,Consumer Price Index (CPI),DSD_CPI,INDEX_TYPE,CL_INDEX_TYPE,TRUE,IPIX,Industrial production index (IPI),NA
CPI,Consumer Price Index (CPI),DSD_CPI,INDEX_TYPE,CL_INDEX_TYPE,TRUE,L,Chain linked volume,NA
CPI,Consumer Price Index (CPI),DSD_CPI,INDEX_TYPE,CL_INDEX_TYPE,TRUE,LR,Chain linked volume (rebased),NA
CPI,Consumer Price Index (CPI),DSD_CPI,INDEX_TYPE,CL_INDEX_TYPE,TRUE,MPI,Import price index,NA
CPI,Consumer Price Index (CPI),DSD_CPI,INDEX_TYPE,CL_INDEX_TYPE,TRUE,NEER,Nominal effective exchange rate (NEER),NA
CPI,Consumer Price Index (CPI),DSD_CPI,INDEX_TYPE,CL_INDEX_TYPE,TRUE,PD,Price deflator,NA
CPI,Consumer Price Index (CPI),DSD_CPI,INDEX_TYPE,CL_INDEX_TYPE,TRUE,PPI,Producer price index (PPI),NA
CPI,Consumer Price Index (CPI),DSD_CPI,INDEX_TYPE,CL_INDEX_TYPE,TRUE,REER,Real effective exchange rate (REER),NA
CPI,Consumer Price Index (CPI),DSD_CPI,INDEX_TYPE,CL_INDEX_TYPE,TRUE,RSI,Retail sales index,NA
CPI,Consumer Price Index (CPI),DSD_CPI,INDEX_TYPE,CL_INDEX_TYPE,TRUE,SQRMSCINC_RET_SQSCLD,Financial price index,NA
CPI,Consumer Price Index (CPI),DSD_CPI,INDEX_TYPE,CL_INDEX_TYPE,TRUE,STKRET,Stock returns,NA
CPI,Consumer Price Index (CPI),DSD_CPI,INDEX_TYPE,CL_INDEX_TYPE,TRUE,THEIL,Theil index,NA
CPI,Consumer Price Index (CPI),DSD_CPI,INDEX_TYPE,CL_INDEX_TYPE,TRUE,TT,Terms of trade (TOT),NA
CPI,Consumer Price Index (CPI),DSD_CPI,INDEX_TYPE,CL_INDEX_TYPE,TRUE,VI,Volume index,NA
CPI,Consumer Price Index (CPI),DSD_CPI,INDEX_TYPE,CL_INDEX_TYPE,TRUE,WPI,Wholesale price index (WPI),NA
CPI,Consumer Price Index (CPI),DSD_CPI,INDEX_TYPE,CL_INDEX_TYPE,TRUE,PDE,Price deflator (Eurostat),NA
CPI,Consumer Price Index (CPI),DSD_CPI,INDEX_TYPE,CL_INDEX_TYPE,TRUE,UVD,Unit value deflator,NA
CPI,Consumer Price Index (CPI),DSD_CPI,INDEX_TYPE,CL_INDEX_TYPE,TRUE,REER_ASM,REER % ASM,NA
CPI,Consumer Price Index (CPI),DSD_CPI,INDEX_TYPE,CL_INDEX_TYPE,TRUE,CPPI,Core producer price index (Core PPI),NA
CPI,Consumer Price Index (CPI),DSD_CPI,INDEX_TYPE,CL_INDEX_TYPE,TRUE,PMI,Purchasing managers index (PMI),NA
CPI,Consumer Price Index (CPI),DSD_CPI,INDEX_TYPE,CL_INDEX_TYPE,TRUE,HIPP,Harmonised index of producer prices (HIPP),NA
CPI,Consumer Price Index (CPI),DSD_CPI,INDEX_TYPE,CL_INDEX_TYPE,TRUE,FMSCI,Morgan Stanley MSCI stock price index,NA
CPI,Consumer Price Index (CPI),DSD_CPI,INDEX_TYPE,CL_INDEX_TYPE,TRUE,TTG,Terms of trade (TOT) Goods,NA
CPI,Consumer Price Index (CPI),DSD_CPI,INDEX_TYPE,CL_INDEX_TYPE,TRUE,PD_EUR,Price deflator (EUR),NA
CPI,Consumer Price Index (CPI),DSD_CPI,INDEX_TYPE,CL_INDEX_TYPE,TRUE,PD_USD,Price deflator (USD),NA
CPI,Consumer Price Index (CPI),DSD_CPI,INDEX_TYPE,CL_INDEX_TYPE,TRUE,PD_XDR,Price deflator (SDR),NA
CPI,Consumer Price Index (CPI),DSD_CPI,INDEX_TYPE,CL_INDEX_TYPE,TRUE,PIX,Production index,NA
CPI,Consumer Price Index (CPI),DSD_CPI,INDEX_TYPE,CL_INDEX_TYPE,TRUE,CCPIXFEN,Core inflation excluding food and energy,NA
CPI,Consumer Price Index (CPI),DSD_CPI,INDEX_TYPE,CL_INDEX_TYPE,TRUE,PCPIHACO,Core inflation including housing,NA
CPI,Consumer Price Index (CPI),DSD_CPI,INDEX_TYPE,CL_INDEX_TYPE,TRUE,CPISRP,Consumer price index (CPI) common reference period,NA
CPI,Consumer Price Index (CPI),DSD_CPI,COICOP_1999,CL_COICOP_1999,TRUE,_T,All Items,NA
CPI,Consumer Price Index (CPI),DSD_CPI,COICOP_1999,CL_COICOP_1999,TRUE,CP01,Food and non-alcoholic beverages,NA
CPI,Consumer Price Index (CPI),DSD_CPI,COICOP_1999,CL_COICOP_1999,TRUE,CP02,"Alcoholic beverages, tobacco and narcotics",NA
CPI,Consumer Price Index (CPI),DSD_CPI,COICOP_1999,CL_COICOP_1999,TRUE,CP03,Clothing and footwear,NA
CPI,Consumer Price Index (CPI),DSD_CPI,COICOP_1999,CL_COICOP_1999,TRUE,CP04,"Housing, water, electricity, gas and other fuels",NA
CPI,Consumer Price Index (CPI),DSD_CPI,COICOP_1999,CL_COICOP_1999,TRUE,CP05,"Furnishings, household equipment and routine household maintenance",NA
CPI,Consumer Price Index (CPI),DSD_CPI,COICOP_1999,CL_COICOP_1999,TRUE,CP06,Health,NA
CPI,Consumer Price Index (CPI),DSD_CPI,COICOP_1999,CL_COICOP_1999,TRUE,CP07,Transport,NA
CPI,Consumer Price Index (CPI),DSD_CPI,COICOP_1999,CL_COICOP_1999,TRUE,CP08,Communication,NA
CPI,Consumer Price Index (CPI),DSD_CPI,COICOP_1999,CL_COICOP_1999,TRUE,CP09,Recreation and culture,NA
CPI,Consumer Price Index (CPI),DSD_CPI,COICOP_1999,CL_COICOP_1999,TRUE,CP10,Education,NA
CPI,Consumer Price Index (CPI),DSD_CPI,COICOP_1999,CL_COICOP_1999,TRUE,CP11,Restaurants and hotels,NA
CPI,Consumer Price Index (CPI),DSD_CPI,COICOP_1999,CL_COICOP_1999,TRUE,CP12,Miscellaneous goods and services,NA
CPI,Consumer Price Index (CPI),DSD_CPI,COICOP_1999,CL_COICOP_1999,TRUE,CP13,Individual consumption expenditure of non-profit institutions serving households (NPISHs),NA
CPI,Consumer Price Index (CPI),DSD_CPI,COICOP_1999,CL_COICOP_1999,TRUE,CP14,Individual consumption expenditure of general government,NA
CPI,Consumer Price Index (CPI),DSD_CPI,TYPE_OF_TRANSFORMATION,CL_CPI_TYPE_OF_TRANSFORMATION,TRUE,IX,Index,NA
CPI,Consumer Price Index (CPI),DSD_CPI,TYPE_OF_TRANSFORMATION,CL_CPI_TYPE_OF_TRANSFORMATION,TRUE,POP_PCH_PA_PT,"Period average, Period-over-period percent change",NA
CPI,Consumer Price Index (CPI),DSD_CPI,TYPE_OF_TRANSFORMATION,CL_CPI_TYPE_OF_TRANSFORMATION,TRUE,YOY_PCH_PA_PT,"Period average, Year-over-year (YOY) percent change",NA
CPI,Consumer Price Index (CPI),DSD_CPI,TYPE_OF_TRANSFORMATION,CL_CPI_TYPE_OF_TRANSFORMATION,TRUE,WGT,Weight,NA
CPI,Consumer Price Index (CPI),DSD_CPI,TYPE_OF_TRANSFORMATION,CL_CPI_TYPE_OF_TRANSFORMATION,TRUE,WGT_PT,"Weight, Percent",NA
CPI,Consumer Price Index (CPI),DSD_CPI,TYPE_OF_TRANSFORMATION,CL_CPI_TYPE_OF_TRANSFORMATION,TRUE,SRP_IX,"Standard reference period (2010=100), Index",NA
CPI,Consumer Price Index (CPI),DSD_CPI,TYPE_OF_TRANSFORMATION,CL_CPI_TYPE_OF_TRANSFORMATION,TRUE,SRP_POP_PCH_PA_PT,"Standard reference period (2010=100), Period average, Period-over-period percent change",NA
CPI,Consumer Price Index (CPI),DSD_CPI,TYPE_OF_TRANSFORMATION,CL_CPI_TYPE_OF_TRANSFORMATION,TRUE,SRP_YOY_PCH_PA_PT,"Standard reference period (2010=100), Period average, Year-over-year (YOY) percent change",NA
ER,Exchange Rates (ER),DSD_ER_PUB,INDICATOR,CL_ER_INDICATOR_PUB,TRUE,ECU_XDC,ECU per domestic currency,NA
ER,Exchange Rates (ER),DSD_ER_PUB,INDICATOR,CL_ER_INDICATOR_PUB,TRUE,EUR_XDC,Euros per domestic currency,NA
ER,Exchange Rates (ER),DSD_ER_PUB,INDICATOR,CL_ER_INDICATOR_PUB,TRUE,XDC_ECU,Domestic currency per ECU,NA
ER,Exchange Rates (ER),DSD_ER_PUB,INDICATOR,CL_ER_INDICATOR_PUB,TRUE,XDC_EUR,Domestic currency per Euro,NA
ER,Exchange Rates (ER),DSD_ER_PUB,INDICATOR,CL_ER_INDICATOR_PUB,TRUE,XDC_XDR,Domestic currency per SDR,NA
ER,Exchange Rates (ER),DSD_ER_PUB,INDICATOR,CL_ER_INDICATOR_PUB,TRUE,XDC_USD,Domestic currency per US Dollar,NA
ER,Exchange Rates (ER),DSD_ER_PUB,INDICATOR,CL_ER_INDICATOR_PUB,TRUE,XDR_XDC,SDR per domestic currency,NA
ER,Exchange Rates (ER),DSD_ER_PUB,INDICATOR,CL_ER_INDICATOR_PUB,TRUE,XDR_USD,SDR per US Dollar,NA
ER,Exchange Rates (ER),DSD_ER_PUB,INDICATOR,CL_ER_INDICATOR_PUB,TRUE,USD_XDC,US Dollar per domestic currency,NA
ER,Exchange Rates (ER),DSD_ER_PUB,INDICATOR,CL_ER_INDICATOR_PUB,TRUE,USD_XDR,US Dollar per SDR,NA
ER,Exchange Rates (ER),DSD_ER_PUB,TYPE_OF_TRANSFORMATION,CL_ER_TYPE_OF_TRANSFORMATION,TRUE,EOP_RT,End-of-period (EoP),NA
ER,Exchange Rates (ER),DSD_ER_PUB,TYPE_OF_TRANSFORMATION,CL_ER_TYPE_OF_TRANSFORMATION,TRUE,PA_RT,Period average,NA
MFS_IR,"Monetary and Financial Statistics (MFS), Interest Rate",DSD_MFS_IR,IR_INDICATOR,CL_MFS_IR_INDICATOR,TRUE,MFS147_RT_PT_A_PT,"Government securities: Treasury bills, bond equivalent, Rate, Percent per annum",NA
MFS_IR,"Monetary and Financial Statistics (MFS), Interest Rate",DSD_MFS_IR,IR_INDICATOR,CL_MFS_IR_INDICATOR,TRUE,MFS171_RT_PT_A_PT,"Refinancing Rate, Percent per annum",NA
MFS_IR,"Monetary and Financial Statistics (MFS), Interest Rate",DSD_MFS_IR,IR_INDICATOR,CL_MFS_IR_INDICATOR,TRUE,FISDR_RT_PT_A_PT,"SDR interest Rate, Percent per annum",NA
MFS_IR,"Monetary and Financial Statistics (MFS), Interest Rate",DSD_MFS_IR,IR_INDICATOR,CL_MFS_IR_INDICATOR,TRUE,HENBL_NB_S11_FC_RT_PT_A_PT,"Harmonized Euro area rates: Loans, New Business, Non-financial corporations, Foreign Currency, Rate, Percent per annum",NA
MFS_IR,"Monetary and Financial Statistics (MFS), Interest Rate",DSD_MFS_IR,IR_INDICATOR,CL_MFS_IR_INDICATOR,TRUE,HENBD_NB_S11_FC_RT_PT_A_PT,"Harmonized Euro area rates: Deposits, New Business, Non-financial corporations, Foreign Currency, Rate, Percent per annum",NA
MFS_IR,"Monetary and Financial Statistics (MFS), Interest Rate",DSD_MFS_IR,IR_INDICATOR,CL_MFS_IR_INDICATOR,TRUE,LIBOR_OVNGT_RT_PT_A_PT,"London interbank offered rate (LIBOR), Overnight Rate, Percent per annum",NA
MFS_IR,"Monetary and Financial Statistics (MFS), Interest Rate",DSD_MFS_IR,IR_INDICATOR,CL_MFS_IR_INDICATOR,TRUE,HENBL_NB_S14_FC_RT_PT_A_PT,"Harmonized Euro area rates: Loans, New Business, Households, Foreign Currency, Rate, Percent per annum",NA
MFS_IR,"Monetary and Financial Statistics (MFS), Interest Rate",DSD_MFS_IR,IR_INDICATOR,CL_MFS_IR_INDICATOR,TRUE,MFS130_RT_PT_A_PT,"Average cost of funds, Rate, Percent per annum",NA
MFS_IR,"Monetary and Financial Statistics (MFS), Interest Rate",DSD_MFS_IR,IR_INDICATOR,CL_MFS_IR_INDICATOR,TRUE,HENBD_NB_S14_FC_RT_PT_A_PT,"Harmonized Euro area rates: Deposits, New Business, Households, Foreign Currency, Rate, Percent per annum",NA
MFS_IR,"Monetary and Financial Statistics (MFS), Interest Rate",DSD_MFS_IR,IR_INDICATOR,CL_MFS_IR_INDICATOR,TRUE,HENBL_NB_S11_XDC_RT_PT_A_PT,"Harmonized Euro area rates: Loans, New Business, Non-financial corporations, Domestic currency, Rate, Percent per annum",NA
MFS_IR,"Monetary and Financial Statistics (MFS), Interest Rate",DSD_MFS_IR,IR_INDICATOR,CL_MFS_IR_INDICATOR,TRUE,FIRR_RT_PT_A_PT,"Rate of renumeration, Rate, Percent per annum",NA
MFS_IR,"Monetary and Financial Statistics (MFS), Interest Rate",DSD_MFS_IR,IR_INDICATOR,CL_MFS_IR_INDICATOR,TRUE,HEOADR_OA_S11_RT_PT_A_PT,"Harmonized Euro Area Rates: Deposits, Repos, Outstanding Amounts, Non-financial corporations, Rate, Percent per annum",NA
MFS_IR,"Monetary and Financial Statistics (MFS), Interest Rate",DSD_MFS_IR,IR_INDICATOR,CL_MFS_IR_INDICATOR,TRUE,HENBD_NB_S11_XDC_RT_PT_A_PT,"Harmonized Euro area rates: Deposits, New Business, Non-financial corporations, Domestic currency, Rate, Percent per annum",NA
MFS_IR,"Monetary and Financial Statistics (MFS), Interest Rate",DSD_MFS_IR,IR_INDICATOR,CL_MFS_IR_INDICATOR,TRUE,HRNBLNFCOBO_STO1_NB_S11_RT_PT_A_PT,"Harmonized Euro area rates: Loans other than bank overdrafts, Over EUR 1 Million, Floating rate, Up to 1 year New Business, Non-financial corporations, Rate, Percent per annum",NA
MFS_IR,"Monetary and Financial Statistics (MFS), Interest Rate",DSD_MFS_IR,IR_INDICATOR,CL_MFS_IR_INDICATOR,TRUE,HENBL_NB_S14_XDC_RT_PT_A_PT,"Harmonized Euro area rates: Loans, New Business, Households, Domestic currency, Rate, Percent per annum",NA
MFS_IR,"Monetary and Financial Statistics (MFS), Interest Rate",DSD_MFS_IR,IR_INDICATOR,CL_MFS_IR_INDICATOR,TRUE,IRTBILL_FC_RT_PT_A_PT,"Treasury bills, Foreign Currency, Rate, Percent per annum",NA
MFS_IR,"Monetary and Financial Statistics (MFS), Interest Rate",DSD_MFS_IR,IR_INDICATOR,CL_MFS_IR_INDICATOR,TRUE,S13BONDS_S_RT_PT_A_PT,"Government bonds yields, Short-term Rate, Percent per annum",NA
MFS_IR,"Monetary and Financial Statistics (MFS), Interest Rate",DSD_MFS_IR,IR_INDICATOR,CL_MFS_IR_INDICATOR,TRUE,S13BONDSML_RT_PT_A_PT,"Government bonds yields medium and long term, Rate, Percent per annum",NA
MFS_IR,"Monetary and Financial Statistics (MFS), Interest Rate",DSD_MFS_IR,IR_INDICATOR,CL_MFS_IR_INDICATOR,TRUE,HENBD_LT2_OA_S11_RT_PT_A_PT,"Harmonized Euro area rates: Deposits, Up to 2 years Outstanding Amounts, Non-financial corporations, Rate, Percent per annum",NA
MFS_IR,"Monetary and Financial Statistics (MFS), Interest Rate",DSD_MFS_IR,IR_INDICATOR,CL_MFS_IR_INDICATOR,TRUE,HENBD_NB_S14_XDC_RT_PT_A_PT,"Harmonized Euro area rates: Deposits, New Business, Households, Domestic currency, Rate, Percent per annum",NA
MFS_IR,"Monetary and Financial Statistics (MFS), Interest Rate",DSD_MFS_IR,IR_INDICATOR,CL_MFS_IR_INDICATOR,TRUE,HERLOBO1EUR_S3TO1_NB_S11_RT_PT_A_PT,"Harmonized Euro area rates: Loans other than bank overdrafts, Over EUR 1 Million, Over 3 months and up to 1 Year New Business, Non-financial corporations, Rate, Percent per annum",NA
MFS_IR,"Monetary and Financial Statistics (MFS), Interest Rate",DSD_MFS_IR,IR_INDICATOR,CL_MFS_IR_INDICATOR,TRUE,HENBD_STO1_NB_S11_RT_PT_A_PT,"Harmonized Euro area rates: Deposits, Up to 1 year New Business, Non-financial corporations, Rate, Percent per annum",NA
MFS_IR,"Monetary and Financial Statistics (MFS), Interest Rate",DSD_MFS_IR,IR_INDICATOR,CL_MFS_IR_INDICATOR,TRUE,MFS151_STO1_NB_S14_RT_PT_A_PT,"Harmonized Euro area rates, New business: Deposits agreed maturity, Up to 1 year New Business, Households, Rate, Percent per annum",NA
MFS_IR,"Monetary and Financial Statistics (MFS), Interest Rate",DSD_MFS_IR,IR_INDICATOR,CL_MFS_IR_INDICATOR,TRUE,MFS162_USD_RT_PT_A_PT,"Lending rate, US dollar, Rate, Percent per annum",NA
MFS_IR,"Monetary and Financial Statistics (MFS), Interest Rate",DSD_MFS_IR,IR_INDICATOR,CL_MFS_IR_INDICATOR,TRUE,GSTBILY_L_RT_PT_A_PT,"Government securities: Treasury bills yields, Long-term Rate, Percent per annum",NA
MFS_IR,"Monetary and Financial Statistics (MFS), Interest Rate",DSD_MFS_IR,IR_INDICATOR,CL_MFS_IR_INDICATOR,TRUE,LIBOR_S1_RT_PT_A_PT,"London interbank offered rate (LIBOR), 1 Year Rate, Percent per annum",NA
MFS_IR,"Monetary and Financial Statistics (MFS), Interest Rate",DSD_MFS_IR,IR_INDICATOR,CL_MFS_IR_INDICATOR,TRUE,MFS135_USD_RT_PT_A_PT,"Deposit rate, US dollar, Rate, Percent per annum",NA
MFS_IR,"Monetary and Financial Statistics (MFS), Interest Rate",DSD_MFS_IR,IR_INDICATOR,CL_MFS_IR_INDICATOR,TRUE,LIBOR_S1M_RT_PT_A_PT,"London interbank offered rate (LIBOR), 1 Month Rate, Percent per annum",NA
MFS_IR,"Monetary and Financial Statistics (MFS), Interest Rate",DSD_MFS_IR,IR_INDICATOR,CL_MFS_IR_INDICATOR,TRUE,S13BONDS_RT_PT_A_PT,"Government bonds yields, Rate, Percent per annum",NA
MFS_IR,"Monetary and Financial Statistics (MFS), Interest Rate",DSD_MFS_IR,IR_INDICATOR,CL_MFS_IR_INDICATOR,TRUE,LIBOR_S6M_RT_PT_A_PT,"London interbank offered rate (LIBOR), 6 Months Rate, Percent per annum",NA
MFS_IR,"Monetary and Financial Statistics (MFS), Interest Rate",DSD_MFS_IR,IR_INDICATOR,CL_MFS_IR_INDICATOR,TRUE,MFS162_EUR_RT_PT_A_PT,"Lending rate, Euro, Rate, Percent per annum",NA
MFS_IR,"Monetary and Financial Statistics (MFS), Interest Rate",DSD_MFS_IR,IR_INDICATOR,CL_MFS_IR_INDICATOR,TRUE,MFS141_RT_PT_A_PT,"Eurosystem deposit facility Rate, Percent per annum",NA
MFS_IR,"Monetary and Financial Statistics (MFS), Interest Rate",DSD_MFS_IR,IR_INDICATOR,CL_MFS_IR_INDICATOR,TRUE,MFS173_RT_PT_A_PT,"Reverse repurchase agreement Rate, Percent per annum",NA
MFS_IR,"Monetary and Financial Statistics (MFS), Interest Rate",DSD_MFS_IR,IR_INDICATOR,CL_MFS_IR_INDICATOR,TRUE,HENBL_STO1_OA_S11_RT_PT_A_PT,"Harmonized Euro area rates: Loans, Up to 1 year Outstanding Amounts, Non-financial corporations, Rate, Percent per annum",NA
MFS_IR,"Monetary and Financial Statistics (MFS), Interest Rate",DSD_MFS_IR,IR_INDICATOR,CL_MFS_IR_INDICATOR,TRUE,MFS135_EUR_RT_PT_A_PT,"Deposit rate, Euro, Rate, Percent per annum",NA
MFS_IR,"Monetary and Financial Statistics (MFS), Interest Rate",DSD_MFS_IR,IR_INDICATOR,CL_MFS_IR_INDICATOR,TRUE,S13BONDS_SMT_RT_PT_A_PT,"Government bonds yields, Short to medium term Rate, Percent per annum",NA
MFS_IR,"Monetary and Financial Statistics (MFS), Interest Rate",DSD_MFS_IR,IR_INDICATOR,CL_MFS_IR_INDICATOR,TRUE,MFS1903_RT_PT_A_PT,"Central bank borrowing facility, Rate, Percent per annum",NA
MFS_IR,"Monetary and Financial Statistics (MFS), Interest Rate",DSD_MFS_IR,IR_INDICATOR,CL_MFS_IR_INDICATOR,TRUE,MFS2123_OY5_NB_HP_S14_RT_PT_A_PT,"Harmonized Euro area rates, New Business: Loans, House Purchase, households, Over 5 years New Business, House purchase, Households, Rate, Percent per annum",NA
MFS_IR,"Monetary and Financial Statistics (MFS), Interest Rate",DSD_MFS_IR,IR_INDICATOR,CL_MFS_IR_INDICATOR,TRUE,HENBL_NB_CFR_S14_RT_PT_A_PT,"Harmonized Euro area rates: Loans, New Business, Consumption floating rate, Households, Rate, Percent per annum",NA
MFS_IR,"Monetary and Financial Statistics (MFS), Interest Rate",DSD_MFS_IR,IR_INDICATOR,CL_MFS_IR_INDICATOR,TRUE,GSTBILY_S3M_RT_PT_A_PT,"Government securities: Treasury bills yields, 3 Months Rate, Percent per annum",NA
MFS_IR,"Monetary and Financial Statistics (MFS), Interest Rate",DSD_MFS_IR,IR_INDICATOR,CL_MFS_IR_INDICATOR,TRUE,MFS161_RT_PT_A_PT,"Key repurchase agreement Rate, Percent per annum",NA
MFS_IR,"Monetary and Financial Statistics (MFS), Interest Rate",DSD_MFS_IR,IR_INDICATOR,CL_MFS_IR_INDICATOR,TRUE,MFS174_FC_RT_PT_A_PT,"Savings rate, Foreign Currency, Rate, Percent per annum",NA
MFS_IR,"Monetary and Financial Statistics (MFS), Interest Rate",DSD_MFS_IR,IR_INDICATOR,CL_MFS_IR_INDICATOR,TRUE,LEDR_S3M_RT_PT_A_PT,"London Eurodollar deposit rate, 3 Months Rate, Percent per annum",NA
MFS_IR,"Monetary and Financial Statistics (MFS), Interest Rate",DSD_MFS_IR,IR_INDICATOR,CL_MFS_IR_INDICATOR,TRUE,MFS162_FC_RT_PT_A_PT,"Lending rate, Foreign Currency, Rate, Percent per annum",NA
MFS_IR,"Monetary and Financial Statistics (MFS), Interest Rate",DSD_MFS_IR,IR_INDICATOR,CL_MFS_IR_INDICATOR,TRUE,HEOADAM_LT2_OA_S14_RT_PT_A_PT,"Harmonized Euro area rates: Deposits agreed maturity, Up to 2 years Outstanding Amounts, Households, Rate, Percent per annum",NA
MFS_IR,"Monetary and Financial Statistics (MFS), Interest Rate",DSD_MFS_IR,IR_INDICATOR,CL_MFS_IR_INDICATOR,TRUE,GSTBILY_RT_PT_A_PT,"Government securities: Treasury bills yields, Rate, Percent per annum",NA
MFS_IR,"Monetary and Financial Statistics (MFS), Interest Rate",DSD_MFS_IR,IR_INDICATOR,CL_MFS_IR_INDICATOR,TRUE,MFS172_RT_PT_A_PT,"Repurchase agreement Rate, Percent per annum",NA
MFS_IR,"Monetary and Financial Statistics (MFS), Interest Rate",DSD_MFS_IR,IR_INDICATOR,CL_MFS_IR_INDICATOR,TRUE,MMRT_FC_RT_PT_A_PT,"Money market rate, Foreign Currency, Rate, Percent per annum",NA
MFS_IR,"Monetary and Financial Statistics (MFS), Interest Rate",DSD_MFS_IR,IR_INDICATOR,CL_MFS_IR_INDICATOR,TRUE,GBYMIN_RT_PT_A_PT,"Government bond yields, minimum, Rate, Percent per annum",NA
MFS_IR,"Monetary and Financial Statistics (MFS), Interest Rate",DSD_MFS_IR,IR_INDICATOR,CL_MFS_IR_INDICATOR,TRUE,DISR_FC_RT_PT_A_PT,"Discount rate, Foreign Currency, Rate, Percent per annum",NA
MFS_IR,"Monetary and Financial Statistics (MFS), Interest Rate",DSD_MFS_IR,IR_INDICATOR,CL_MFS_IR_INDICATOR,TRUE,HENBL_OY5_NB_HP_S14_RT_PT_A_PT,"Harmonized Euro area rates: Loans, Over 5 years New Business, House purchase, Households, Rate, Percent per annum",NA
MFS_IR,"Monetary and Financial Statistics (MFS), Interest Rate",DSD_MFS_IR,IR_INDICATOR,CL_MFS_IR_INDICATOR,TRUE,MFS135_FC_RT_PT_A_PT,"Deposit rate, Foreign Currency, Rate, Percent per annum",NA
MFS_IR,"Monetary and Financial Statistics (MFS), Interest Rate",DSD_MFS_IR,IR_INDICATOR,CL_MFS_IR_INDICATOR,TRUE,MFS166_RT_PT_A_PT,"Monetary policy-related, Rate, Percent per annum",NA
MFS_IR,"Monetary and Financial Statistics (MFS), Interest Rate",DSD_MFS_IR,IR_INDICATOR,CL_MFS_IR_INDICATOR,TRUE,MFS1905_RT_PT_A_PT,"Certificates of deposit, Rate, Percent per annum",NA
MFS_IR,"Monetary and Financial Statistics (MFS), Interest Rate",DSD_MFS_IR,IR_INDICATOR,CL_MFS_IR_INDICATOR,TRUE,MFS1904_RT_PT_A_PT,"Central bank certificates, Rate, Percent per annum",NA
MFS_IR,"Monetary and Financial Statistics (MFS), Interest Rate",DSD_MFS_IR,IR_INDICATOR,CL_MFS_IR_INDICATOR,TRUE,MFS162_OVNGT_RT_PT_A_PT,"Lending rate, Overnight Rate, Percent per annum",NA
MFS_IR,"Monetary and Financial Statistics (MFS), Interest Rate",DSD_MFS_IR,IR_INDICATOR,CL_MFS_IR_INDICATOR,TRUE,MFS134_RT_PT_A_PT,"Corporate paper Rate, Percent per annum",NA
MFS_IR,"Monetary and Financial Statistics (MFS), Interest Rate",DSD_MFS_IR,IR_INDICATOR,CL_MFS_IR_INDICATOR,TRUE,HEANBLCCO_STO1_OA_S14_RT_PT_A_PT,"Harmonized Euro Area rates: Loans, consumer credit and other, Up to 1 year Outstanding Amounts, Households, Rate, Percent per annum",NA
MFS_IR,"Monetary and Financial Statistics (MFS), Interest Rate",DSD_MFS_IR,IR_INDICATOR,CL_MFS_IR_INDICATOR,TRUE,MMRT_RT_PT_A_PT,"Money market Rate, Percent per annum",NA
MFS_IR,"Monetary and Financial Statistics (MFS), Interest Rate",DSD_MFS_IR,IR_INDICATOR,CL_MFS_IR_INDICATOR,TRUE,S13BOND_RT_PT_A_PT,"Government bonds, Rate, Percent per annum",NA
MFS_IR,"Monetary and Financial Statistics (MFS), Interest Rate",DSD_MFS_IR,IR_INDICATOR,CL_MFS_IR_INDICATOR,TRUE,MFS135_OVNGT_RT_PT_A_PT,"Deposit rate, Overnight Rate, Percent per annum",NA
MFS_IR,"Monetary and Financial Statistics (MFS), Interest Rate",DSD_MFS_IR,IR_INDICATOR,CL_MFS_IR_INDICATOR,TRUE,MFS1934_RT_PT_A_PT,"Money market rate, maximum, Rate, Percent per annum",NA
MFS_IR,"Monetary and Financial Statistics (MFS), Interest Rate",DSD_MFS_IR,IR_INDICATOR,CL_MFS_IR_INDICATOR,TRUE,MFS1935_RT_PT_A_PT,"Money market rate, minimum, Rate, Percent per annum",NA
MFS_IR,"Monetary and Financial Statistics (MFS), Interest Rate",DSD_MFS_IR,IR_INDICATOR,CL_MFS_IR_INDICATOR,TRUE,IRTBILL_RT_PT_A_PT,"Treasury bills, Rate, Percent per annum",NA
MFS_IR,"Monetary and Financial Statistics (MFS), Interest Rate",DSD_MFS_IR,IR_INDICATOR,CL_MFS_IR_INDICATOR,TRUE,MFS162_RT_PT_A_PT,"Lending Rate, Percent per annum",NA
MFS_IR,"Monetary and Financial Statistics (MFS), Interest Rate",DSD_MFS_IR,IR_INDICATOR,CL_MFS_IR_INDICATOR,TRUE,MFS174_RT_PT_A_PT,"Savings Rate, Percent per annum",NA
MFS_IR,"Monetary and Financial Statistics (MFS), Interest Rate",DSD_MFS_IR,IR_INDICATOR,CL_MFS_IR_INDICATOR,TRUE,IBRT_S3M_RT_PT_A_PT,"Interbank rate, 3 Months Rate, Percent per annum",NA
MFS_IR,"Monetary and Financial Statistics (MFS), Interest Rate",DSD_MFS_IR,IR_INDICATOR,CL_MFS_IR_INDICATOR,TRUE,DISR_RT_PT_A_PT,"Discount Rate, Percent per annum",NA
MFS_IR,"Monetary and Financial Statistics (MFS), Interest Rate",DSD_MFS_IR,IR_INDICATOR,CL_MFS_IR_INDICATOR,TRUE,MFS135_RT_PT_A_PT,"Deposit Rate, Percent per annum",NA
MFS_IR,"Monetary and Financial Statistics (MFS), Interest Rate",DSD_MFS_IR,IR_INDICATOR,CL_MFS_IR_INDICATOR,TRUE,UKR_NBOURRN_RT_PT_A_PT,"Ukraine National Definition, Refinancing Rate, Rate, Percent per annum",NA
MFS_IR,"Monetary and Financial Statistics (MFS), Interest Rate",DSD_MFS_IR,IR_INDICATOR,CL_MFS_IR_INDICATOR,TRUE,UKR_ORTBILRN_RT_PT_A_PT,"Ukraine Other Rates, Treasury Bills, Rate, Percent per annum",NA
MFS_IR,"Monetary and Financial Statistics (MFS), Interest Rate",DSD_MFS_IR,IR_INDICATOR,CL_MFS_IR_INDICATOR,TRUE,UKR_PIO1_1997E_IX_1997E_IX_IX,"Ukraine Pets Index Oct 1, 1997 Eom, Index",NA
IMTS,International Trade in Goods (by partner country) (IMTS),DSD_IMTS,INDICATOR,CL_IMTS_INDICATOR,TRUE,XG_FOB_USD,"Exports of goods, Free on board (FOB), US dollar",NA
IMTS,International Trade in Goods (by partner country) (IMTS),DSD_IMTS,INDICATOR,CL_IMTS_INDICATOR,TRUE,MG_FOB_USD,"Imports of goods, Free on board (FOB), US dollar",NA
IMTS,International Trade in Goods (by partner country) (IMTS),DSD_IMTS,INDICATOR,CL_IMTS_INDICATOR,TRUE,MG_CIF_USD,"Imports of goods, Cost insurance freight (CIF), US dollar",NA
IMTS,International Trade in Goods (by partner country) (IMTS),DSD_IMTS,INDICATOR,CL_IMTS_INDICATOR,TRUE,TBG_USD,"Trade balance goods, US dollar",NA
IMTS,International Trade in Goods (by partner country) (IMTS),DSD_IMTS,COUNTERPART_COUNTRY,CL_IMTS_COUNTRY,TRUE,TX799,Africa not specified,NA
IMTS,International Trade in Goods (by partner country) (IMTS),DSD_IMTS,COUNTERPART_COUNTRY,CL_IMTS_COUNTRY,TRUE,TX598,Asia not specified,NA
IMTS,International Trade in Goods (by partner country) (IMTS),DSD_IMTS,COUNTERPART_COUNTRY,CL_IMTS_COUNTRY,TRUE,TX126,Belgium-Luxembourg,NA
IMTS,International Trade in Goods (by partner country) (IMTS),DSD_IMTS,COUNTERPART_COUNTRY,CL_IMTS_COUNTRY,TRUE,TX898,Countries & Areas not specified,NA
IMTS,International Trade in Goods (by partner country) (IMTS),DSD_IMTS,COUNTERPART_COUNTRY,CL_IMTS_COUNTRY,TRUE,TX884,Europe not specified,NA
IMTS,International Trade in Goods (by partner country) (IMTS),DSD_IMTS,COUNTERPART_COUNTRY,CL_IMTS_COUNTRY,TRUE,TX554,"Malaysia, West",NA
IMTS,International Trade in Goods (by partner country) (IMTS),DSD_IMTS,COUNTERPART_COUNTRY,CL_IMTS_COUNTRY,TRUE,TX489,Middle East and Central Asia not specified,NA
IMTS,International Trade in Goods (by partner country) (IMTS),DSD_IMTS,COUNTERPART_COUNTRY,CL_IMTS_COUNTRY,TRUE,TX198,South African Common Customs Area (SACCA),NA
IMTS,International Trade in Goods (by partner country) (IMTS),DSD_IMTS,COUNTERPART_COUNTRY,CL_IMTS_COUNTRY,TRUE,TX899,Special Categories,NA
IMTS,International Trade in Goods (by partner country) (IMTS),DSD_IMTS,COUNTERPART_COUNTRY,CL_IMTS_COUNTRY,TRUE,TX399,Western Hemisphere not specified,NA
IMTS,International Trade in Goods (by partner country) (IMTS),DSD_IMTS,COUNTERPART_COUNTRY,CL_IMTS_COUNTRY,TRUE,GX605,Africa,NA
IMTS,International Trade in Goods (by partner country) (IMTS),DSD_IMTS,COUNTERPART_COUNTRY,CL_IMTS_COUNTRY,TRUE,GX901,CIS,NA
IMTS,International Trade in Goods (by partner country) (IMTS),DSD_IMTS,COUNTERPART_COUNTRY,CL_IMTS_COUNTRY,TRUE,GX170,Europe,NA
IMTS,International Trade in Goods (by partner country) (IMTS),DSD_IMTS,COUNTERPART_COUNTRY,CL_IMTS_COUNTRY,TRUE,GX405,Middle East,NA
IMTS,International Trade in Goods (by partner country) (IMTS),DSD_IMTS,COUNTERPART_COUNTRY,CL_IMTS_COUNTRY,TRUE,GX440,"Middle East, North Africa, Afghanistan, and Pakistan",NA
IMTS,International Trade in Goods (by partner country) (IMTS),DSD_IMTS,COUNTERPART_COUNTRY,CL_IMTS_COUNTRY,TRUE,TX910,Other Countries n.i.e.,NA
IMTS,International Trade in Goods (by partner country) (IMTS),DSD_IMTS,COUNTERPART_COUNTRY,CL_IMTS_COUNTRY,TRUE,AFG,"Afghanistan, Islamic Republic of",NA
IMTS,International Trade in Goods (by partner country) (IMTS),DSD_IMTS,COUNTERPART_COUNTRY,CL_IMTS_COUNTRY,TRUE,ALB,Albania,NA
IMTS,International Trade in Goods (by partner country) (IMTS),DSD_IMTS,COUNTERPART_COUNTRY,CL_IMTS_COUNTRY,TRUE,DZA,Algeria,NA
IMTS,International Trade in Goods (by partner country) (IMTS),DSD_IMTS,COUNTERPART_COUNTRY,CL_IMTS_COUNTRY,TRUE,ASM,American Samoa,NA
IMTS,International Trade in Goods (by partner country) (IMTS),DSD_IMTS,COUNTERPART_COUNTRY,CL_IMTS_COUNTRY,TRUE,AND,"Andorra, Principality of",NA
IMTS,International Trade in Goods (by partner country) (IMTS),DSD_IMTS,COUNTERPART_COUNTRY,CL_IMTS_COUNTRY,TRUE,AGO,Angola,NA
IMTS,International Trade in Goods (by partner country) (IMTS),DSD_IMTS,COUNTERPART_COUNTRY,CL_IMTS_COUNTRY,TRUE,AIA,"Anguilla, United Kingdom-British Overseas Territory",NA
IMTS,International Trade in Goods (by partner country) (IMTS),DSD_IMTS,COUNTERPART_COUNTRY,CL_IMTS_COUNTRY,TRUE,ATG,Antigua and Barbuda,NA
IMTS,International Trade in Goods (by partner country) (IMTS),DSD_IMTS,COUNTERPART_COUNTRY,CL_IMTS_COUNTRY,TRUE,ARG,Argentina,NA
IMTS,International Trade in Goods (by partner country) (IMTS),DSD_IMTS,COUNTERPART_COUNTRY,CL_IMTS_COUNTRY,TRUE,ARM,"Armenia, Republic of",NA
IMTS,International Trade in Goods (by partner country) (IMTS),DSD_IMTS,COUNTERPART_COUNTRY,CL_IMTS_COUNTRY,TRUE,ABW,"Aruba, Kingdom of the Netherlands",NA
IMTS,International Trade in Goods (by partner country) (IMTS),DSD_IMTS,COUNTERPART_COUNTRY,CL_IMTS_COUNTRY,TRUE,AUS,Australia,NA
IMTS,International Trade in Goods (by partner country) (IMTS),DSD_IMTS,COUNTERPART_COUNTRY,CL_IMTS_COUNTRY,TRUE,AUT,Austria,NA
IMTS,International Trade in Goods (by partner country) (IMTS),DSD_IMTS,COUNTERPART_COUNTRY,CL_IMTS_COUNTRY,TRUE,AZE,"Azerbaijan, Republic of",NA
IMTS,International Trade in Goods (by partner country) (IMTS),DSD_IMTS,COUNTERPART_COUNTRY,CL_IMTS_COUNTRY,TRUE,BHS,"Bahamas, The",NA
IMTS,International Trade in Goods (by partner country) (IMTS),DSD_IMTS,COUNTERPART_COUNTRY,CL_IMTS_COUNTRY,TRUE,BHR,"Bahrain, Kingdom of",NA
IMTS,International Trade in Goods (by partner country) (IMTS),DSD_IMTS,COUNTERPART_COUNTRY,CL_IMTS_COUNTRY,TRUE,BGD,Bangladesh,NA
IMTS,International Trade in Goods (by partner country) (IMTS),DSD_IMTS,COUNTERPART_COUNTRY,CL_IMTS_COUNTRY,TRUE,BRB,Barbados,NA
IMTS,International Trade in Goods (by partner country) (IMTS),DSD_IMTS,COUNTERPART_COUNTRY,CL_IMTS_COUNTRY,TRUE,BLR,"Belarus, Republic of",NA
IMTS,International Trade in Goods (by partner country) (IMTS),DSD_IMTS,COUNTERPART_COUNTRY,CL_IMTS_COUNTRY,TRUE,BEL,Belgium,NA
IMTS,International Trade in Goods (by partner country) (IMTS),DSD_IMTS,COUNTERPART_COUNTRY,CL_IMTS_COUNTRY,TRUE,BLZ,Belize,NA
IMTS,International Trade in Goods (by partner country) (IMTS),DSD_IMTS,COUNTERPART_COUNTRY,CL_IMTS_COUNTRY,TRUE,BEN,Benin,NA
IMTS,International Trade in Goods (by partner country) (IMTS),DSD_IMTS,COUNTERPART_COUNTRY,CL_IMTS_COUNTRY,TRUE,BMU,Bermuda,NA
IMTS,International Trade in Goods (by partner country) (IMTS),DSD_IMTS,COUNTERPART_COUNTRY,CL_IMTS_COUNTRY,TRUE,BTN,Bhutan,NA
IMTS,International Trade in Goods (by partner country) (IMTS),DSD_IMTS,COUNTERPART_COUNTRY,CL_IMTS_COUNTRY,TRUE,BOL,Bolivia,NA
IMTS,International Trade in Goods (by partner country) (IMTS),DSD_IMTS,COUNTERPART_COUNTRY,CL_IMTS_COUNTRY,TRUE,BIH,Bosnia and Herzegovina,NA
IMTS,International Trade in Goods (by partner country) (IMTS),DSD_IMTS,COUNTERPART_COUNTRY,CL_IMTS_COUNTRY,TRUE,BWA,Botswana,NA
IMTS,International Trade in Goods (by partner country) (IMTS),DSD_IMTS,COUNTERPART_COUNTRY,CL_IMTS_COUNTRY,TRUE,BRA,Brazil,NA
IMTS,International Trade in Goods (by partner country) (IMTS),DSD_IMTS,COUNTERPART_COUNTRY,CL_IMTS_COUNTRY,TRUE,VGB,British Virgin Islands,NA
IMTS,International Trade in Goods (by partner country) (IMTS),DSD_IMTS,COUNTERPART_COUNTRY,CL_IMTS_COUNTRY,TRUE,BRN,Brunei Darussalam,NA
IMTS,International Trade in Goods (by partner country) (IMTS),DSD_IMTS,COUNTERPART_COUNTRY,CL_IMTS_COUNTRY,TRUE,BGR,Bulgaria,NA
IMTS,International Trade in Goods (by partner country) (IMTS),DSD_IMTS,COUNTERPART_COUNTRY,CL_IMTS_COUNTRY,TRUE,BFA,Burkina Faso,NA
IMTS,International Trade in Goods (by partner country) (IMTS),DSD_IMTS,COUNTERPART_COUNTRY,CL_IMTS_COUNTRY,TRUE,BDI,Burundi,NA
IMTS,International Trade in Goods (by partner country) (IMTS),DSD_IMTS,COUNTERPART_COUNTRY,CL_IMTS_COUNTRY,TRUE,CPV,Cabo Verde,NA
IMTS,International Trade in Goods (by partner country) (IMTS),DSD_IMTS,COUNTERPART_COUNTRY,CL_IMTS_COUNTRY,TRUE,KHM,Cambodia,NA
IMTS,International Trade in Goods (by partner country) (IMTS),DSD_IMTS,COUNTERPART_COUNTRY,CL_IMTS_COUNTRY,TRUE,CMR,Cameroon,NA
IMTS,International Trade in Goods (by partner country) (IMTS),DSD_IMTS,COUNTERPART_COUNTRY,CL_IMTS_COUNTRY,TRUE,CAN,Canada,NA
IMTS,International Trade in Goods (by partner country) (IMTS),DSD_IMTS,COUNTERPART_COUNTRY,CL_IMTS_COUNTRY,TRUE,CYM,Cayman Islands,NA
IMTS,International Trade in Goods (by partner country) (IMTS),DSD_IMTS,COUNTERPART_COUNTRY,CL_IMTS_COUNTRY,TRUE,CAF,Central African Republic,NA
IMTS,International Trade in Goods (by partner country) (IMTS),DSD_IMTS,COUNTERPART_COUNTRY,CL_IMTS_COUNTRY,TRUE,TCD,Chad,NA
IMTS,International Trade in Goods (by partner country) (IMTS),DSD_IMTS,COUNTERPART_COUNTRY,CL_IMTS_COUNTRY,TRUE,CHL,Chile,NA
IMTS,International Trade in Goods (by partner country) (IMTS),DSD_IMTS,COUNTERPART_COUNTRY,CL_IMTS_COUNTRY,TRUE,CHN,"China, People's Republic of",NA
IMTS,International Trade in Goods (by partner country) (IMTS),DSD_IMTS,COUNTERPART_COUNTRY,CL_IMTS_COUNTRY,TRUE,COL,Colombia,NA
IMTS,International Trade in Goods (by partner country) (IMTS),DSD_IMTS,COUNTERPART_COUNTRY,CL_IMTS_COUNTRY,TRUE,COM,"Comoros, Union of the",NA
IMTS,International Trade in Goods (by partner country) (IMTS),DSD_IMTS,COUNTERPART_COUNTRY,CL_IMTS_COUNTRY,TRUE,COD,"Congo, Democratic Republic of the",NA
IMTS,International Trade in Goods (by partner country) (IMTS),DSD_IMTS,COUNTERPART_COUNTRY,CL_IMTS_COUNTRY,TRUE,COG,"Congo, Republic of",NA
IMTS,International Trade in Goods (by partner country) (IMTS),DSD_IMTS,COUNTERPART_COUNTRY,CL_IMTS_COUNTRY,TRUE,COK,Cook Islands,NA
IMTS,International Trade in Goods (by partner country) (IMTS),DSD_IMTS,COUNTERPART_COUNTRY,CL_IMTS_COUNTRY,TRUE,CRI,Costa Rica,NA
IMTS,International Trade in Goods (by partner country) (IMTS),DSD_IMTS,COUNTERPART_COUNTRY,CL_IMTS_COUNTRY,TRUE,HRV,"Croatia, Republic of",NA
IMTS,International Trade in Goods (by partner country) (IMTS),DSD_IMTS,COUNTERPART_COUNTRY,CL_IMTS_COUNTRY,TRUE,CUB,Cuba,NA
IMTS,International Trade in Goods (by partner country) (IMTS),DSD_IMTS,COUNTERPART_COUNTRY,CL_IMTS_COUNTRY,TRUE,CUW,"Curaçao, Kingdom of the Netherlands",NA
IMTS,International Trade in Goods (by partner country) (IMTS),DSD_IMTS,COUNTERPART_COUNTRY,CL_IMTS_COUNTRY,TRUE,CYP,Cyprus,NA
IMTS,International Trade in Goods (by partner country) (IMTS),DSD_IMTS,COUNTERPART_COUNTRY,CL_IMTS_COUNTRY,TRUE,CZE,Czech Republic,NA
IMTS,International Trade in Goods (by partner country) (IMTS),DSD_IMTS,COUNTERPART_COUNTRY,CL_IMTS_COUNTRY,TRUE,CIV,Côte d'Ivoire,NA
IMTS,International Trade in Goods (by partner country) (IMTS),DSD_IMTS,COUNTERPART_COUNTRY,CL_IMTS_COUNTRY,TRUE,DNK,Denmark,NA
IMTS,International Trade in Goods (by partner country) (IMTS),DSD_IMTS,COUNTERPART_COUNTRY,CL_IMTS_COUNTRY,TRUE,DJI,Djibouti,NA
IMTS,International Trade in Goods (by partner country) (IMTS),DSD_IMTS,COUNTERPART_COUNTRY,CL_IMTS_COUNTRY,TRUE,DMA,Dominica,NA
IMTS,International Trade in Goods (by partner country) (IMTS),DSD_IMTS,COUNTERPART_COUNTRY,CL_IMTS_COUNTRY,TRUE,DOM,Dominican Republic,NA
IMTS,International Trade in Goods (by partner country) (IMTS),DSD_IMTS,COUNTERPART_COUNTRY,CL_IMTS_COUNTRY,TRUE,ECU,Ecuador,NA
IMTS,International Trade in Goods (by partner country) (IMTS),DSD_IMTS,COUNTERPART_COUNTRY,CL_IMTS_COUNTRY,TRUE,EGY,"Egypt, Arab Republic of",NA
IMTS,International Trade in Goods (by partner country) (IMTS),DSD_IMTS,COUNTERPART_COUNTRY,CL_IMTS_COUNTRY,TRUE,SLV,El Salvador,NA
IMTS,International Trade in Goods (by partner country) (IMTS),DSD_IMTS,COUNTERPART_COUNTRY,CL_IMTS_COUNTRY,TRUE,GNQ,"Equatorial Guinea, Republic of",NA
IMTS,International Trade in Goods (by partner country) (IMTS),DSD_IMTS,COUNTERPART_COUNTRY,CL_IMTS_COUNTRY,TRUE,ERI,"Eritrea, The State of",NA
IMTS,International Trade in Goods (by partner country) (IMTS),DSD_IMTS,COUNTERPART_COUNTRY,CL_IMTS_COUNTRY,TRUE,EST,"Estonia, Republic of",NA
IMTS,International Trade in Goods (by partner country) (IMTS),DSD_IMTS,COUNTERPART_COUNTRY,CL_IMTS_COUNTRY,TRUE,SWZ,"Eswatini, Kingdom of",NA
IMTS,International Trade in Goods (by partner country) (IMTS),DSD_IMTS,COUNTERPART_COUNTRY,CL_IMTS_COUNTRY,TRUE,ETH,"Ethiopia, The Federal Democratic Republic of",NA
IMTS,International Trade in Goods (by partner country) (IMTS),DSD_IMTS,COUNTERPART_COUNTRY,CL_IMTS_COUNTRY,TRUE,FLK,Falkland Islands (Malvinas),NA
IMTS,International Trade in Goods (by partner country) (IMTS),DSD_IMTS,COUNTERPART_COUNTRY,CL_IMTS_COUNTRY,TRUE,FRO,Faroe Islands,NA
IMTS,International Trade in Goods (by partner country) (IMTS),DSD_IMTS,COUNTERPART_COUNTRY,CL_IMTS_COUNTRY,TRUE,FJI,"Fiji, Republic of",NA
IMTS,International Trade in Goods (by partner country) (IMTS),DSD_IMTS,COUNTERPART_COUNTRY,CL_IMTS_COUNTRY,TRUE,FIN,Finland,NA
IMTS,International Trade in Goods (by partner country) (IMTS),DSD_IMTS,COUNTERPART_COUNTRY,CL_IMTS_COUNTRY,TRUE,FRA,France,NA
IMTS,International Trade in Goods (by partner country) (IMTS),DSD_IMTS,COUNTERPART_COUNTRY,CL_IMTS_COUNTRY,TRUE,GUF,French Guiana,NA
IMTS,International Trade in Goods (by partner country) (IMTS),DSD_IMTS,COUNTERPART_COUNTRY,CL_IMTS_COUNTRY,TRUE,PYF,French Polynesia,NA
IMTS,International Trade in Goods (by partner country) (IMTS),DSD_IMTS,COUNTERPART_COUNTRY,CL_IMTS_COUNTRY,TRUE,GAB,Gabon,NA
IMTS,International Trade in Goods (by partner country) (IMTS),DSD_IMTS,COUNTERPART_COUNTRY,CL_IMTS_COUNTRY,TRUE,GMB,"Gambia, The",NA
IMTS,International Trade in Goods (by partner country) (IMTS),DSD_IMTS,COUNTERPART_COUNTRY,CL_IMTS_COUNTRY,TRUE,GEO,Georgia,NA
IMTS,International Trade in Goods (by partner country) (IMTS),DSD_IMTS,COUNTERPART_COUNTRY,CL_IMTS_COUNTRY,TRUE,DEU,Germany,NA
IMTS,International Trade in Goods (by partner country) (IMTS),DSD_IMTS,COUNTERPART_COUNTRY,CL_IMTS_COUNTRY,TRUE,GHA,Ghana,NA
IMTS,International Trade in Goods (by partner country) (IMTS),DSD_IMTS,COUNTERPART_COUNTRY,CL_IMTS_COUNTRY,TRUE,GIB,Gibraltar,NA
IMTS,International Trade in Goods (by partner country) (IMTS),DSD_IMTS,COUNTERPART_COUNTRY,CL_IMTS_COUNTRY,TRUE,GRC,Greece,NA
IMTS,International Trade in Goods (by partner country) (IMTS),DSD_IMTS,COUNTERPART_COUNTRY,CL_IMTS_COUNTRY,TRUE,GRL,Greenland,NA
IMTS,International Trade in Goods (by partner country) (IMTS),DSD_IMTS,COUNTERPART_COUNTRY,CL_IMTS_COUNTRY,TRUE,GRD,Grenada,NA
IMTS,International Trade in Goods (by partner country) (IMTS),DSD_IMTS,COUNTERPART_COUNTRY,CL_IMTS_COUNTRY,TRUE,GLP,Guadeloupe,NA
IMTS,International Trade in Goods (by partner country) (IMTS),DSD_IMTS,COUNTERPART_COUNTRY,CL_IMTS_COUNTRY,TRUE,GUM,Guam,NA
IMTS,International Trade in Goods (by partner country) (IMTS),DSD_IMTS,COUNTERPART_COUNTRY,CL_IMTS_COUNTRY,TRUE,GTM,Guatemala,NA
IMTS,International Trade in Goods (by partner country) (IMTS),DSD_IMTS,COUNTERPART_COUNTRY,CL_IMTS_COUNTRY,TRUE,GGY,Guernsey,NA
IMTS,International Trade in Goods (by partner country) (IMTS),DSD_IMTS,COUNTERPART_COUNTRY,CL_IMTS_COUNTRY,TRUE,GIN,Guinea,NA
IMTS,International Trade in Goods (by partner country) (IMTS),DSD_IMTS,COUNTERPART_COUNTRY,CL_IMTS_COUNTRY,TRUE,GNB,Guinea-Bissau,NA
IMTS,International Trade in Goods (by partner country) (IMTS),DSD_IMTS,COUNTERPART_COUNTRY,CL_IMTS_COUNTRY,TRUE,GUY,Guyana,NA
IMTS,International Trade in Goods (by partner country) (IMTS),DSD_IMTS,COUNTERPART_COUNTRY,CL_IMTS_COUNTRY,TRUE,HTI,Haiti,NA
IMTS,International Trade in Goods (by partner country) (IMTS),DSD_IMTS,COUNTERPART_COUNTRY,CL_IMTS_COUNTRY,TRUE,VAT,Holy See,NA
IMTS,International Trade in Goods (by partner country) (IMTS),DSD_IMTS,COUNTERPART_COUNTRY,CL_IMTS_COUNTRY,TRUE,HND,Honduras,NA
IMTS,International Trade in Goods (by partner country) (IMTS),DSD_IMTS,COUNTERPART_COUNTRY,CL_IMTS_COUNTRY,TRUE,HKG,"Hong Kong Special Administrative Region, People's Republic of China",NA
IMTS,International Trade in Goods (by partner country) (IMTS),DSD_IMTS,COUNTERPART_COUNTRY,CL_IMTS_COUNTRY,TRUE,HUN,Hungary,NA
IMTS,International Trade in Goods (by partner country) (IMTS),DSD_IMTS,COUNTERPART_COUNTRY,CL_IMTS_COUNTRY,TRUE,ISL,Iceland,NA
IMTS,International Trade in Goods (by partner country) (IMTS),DSD_IMTS,COUNTERPART_COUNTRY,CL_IMTS_COUNTRY,TRUE,IND,India,NA
IMTS,International Trade in Goods (by partner country) (IMTS),DSD_IMTS,COUNTERPART_COUNTRY,CL_IMTS_COUNTRY,TRUE,IDN,Indonesia,NA
IMTS,International Trade in Goods (by partner country) (IMTS),DSD_IMTS,COUNTERPART_COUNTRY,CL_IMTS_COUNTRY,TRUE,IRN,"Iran, Islamic Republic of",NA
IMTS,International Trade in Goods (by partner country) (IMTS),DSD_IMTS,COUNTERPART_COUNTRY,CL_IMTS_COUNTRY,TRUE,IRQ,Iraq,NA
IMTS,International Trade in Goods (by partner country) (IMTS),DSD_IMTS,COUNTERPART_COUNTRY,CL_IMTS_COUNTRY,TRUE,IRL,Ireland,NA
IMTS,International Trade in Goods (by partner country) (IMTS),DSD_IMTS,COUNTERPART_COUNTRY,CL_IMTS_COUNTRY,TRUE,IMN,Isle of Man,NA
IMTS,International Trade in Goods (by partner country) (IMTS),DSD_IMTS,COUNTERPART_COUNTRY,CL_IMTS_COUNTRY,TRUE,ISR,Israel,NA
IMTS,International Trade in Goods (by partner country) (IMTS),DSD_IMTS,COUNTERPART_COUNTRY,CL_IMTS_COUNTRY,TRUE,ITA,Italy,NA
IMTS,International Trade in Goods (by partner country) (IMTS),DSD_IMTS,COUNTERPART_COUNTRY,CL_IMTS_COUNTRY,TRUE,JAM,Jamaica,NA
IMTS,International Trade in Goods (by partner country) (IMTS),DSD_IMTS,COUNTERPART_COUNTRY,CL_IMTS_COUNTRY,TRUE,JPN,Japan,NA
IMTS,International Trade in Goods (by partner country) (IMTS),DSD_IMTS,COUNTERPART_COUNTRY,CL_IMTS_COUNTRY,TRUE,JEY,Jersey,NA
IMTS,International Trade in Goods (by partner country) (IMTS),DSD_IMTS,COUNTERPART_COUNTRY,CL_IMTS_COUNTRY,TRUE,JOR,Jordan,NA
IMTS,International Trade in Goods (by partner country) (IMTS),DSD_IMTS,COUNTERPART_COUNTRY,CL_IMTS_COUNTRY,TRUE,KAZ,"Kazakhstan, Republic of",NA
IMTS,International Trade in Goods (by partner country) (IMTS),DSD_IMTS,COUNTERPART_COUNTRY,CL_IMTS_COUNTRY,TRUE,KEN,Kenya,NA
IMTS,International Trade in Goods (by partner country) (IMTS),DSD_IMTS,COUNTERPART_COUNTRY,CL_IMTS_COUNTRY,TRUE,KIR,Kiribati,NA
IMTS,International Trade in Goods (by partner country) (IMTS),DSD_IMTS,COUNTERPART_COUNTRY,CL_IMTS_COUNTRY,TRUE,PRK,"Korea, Democratic People's Republic of",NA
IMTS,International Trade in Goods (by partner country) (IMTS),DSD_IMTS,COUNTERPART_COUNTRY,CL_IMTS_COUNTRY,TRUE,KOR,"Korea, Republic of",NA
IMTS,International Trade in Goods (by partner country) (IMTS),DSD_IMTS,COUNTERPART_COUNTRY,CL_IMTS_COUNTRY,TRUE,KOS,"Kosovo, Republic of",NA
IMTS,International Trade in Goods (by partner country) (IMTS),DSD_IMTS,COUNTERPART_COUNTRY,CL_IMTS_COUNTRY,TRUE,KWT,Kuwait,NA
IMTS,International Trade in Goods (by partner country) (IMTS),DSD_IMTS,COUNTERPART_COUNTRY,CL_IMTS_COUNTRY,TRUE,KGZ,Kyrgyz Republic,NA
IMTS,International Trade in Goods (by partner country) (IMTS),DSD_IMTS,COUNTERPART_COUNTRY,CL_IMTS_COUNTRY,TRUE,LAO,Lao People's Democratic Republic,NA
IMTS,International Trade in Goods (by partner country) (IMTS),DSD_IMTS,COUNTERPART_COUNTRY,CL_IMTS_COUNTRY,TRUE,LVA,"Latvia, Republic of",NA
IMTS,International Trade in Goods (by partner country) (IMTS),DSD_IMTS,COUNTERPART_COUNTRY,CL_IMTS_COUNTRY,TRUE,LBN,Lebanon,NA
IMTS,International Trade in Goods (by partner country) (IMTS),DSD_IMTS,COUNTERPART_COUNTRY,CL_IMTS_COUNTRY,TRUE,LSO,"Lesotho, Kingdom of",NA
IMTS,International Trade in Goods (by partner country) (IMTS),DSD_IMTS,COUNTERPART_COUNTRY,CL_IMTS_COUNTRY,TRUE,LBR,Liberia,NA
IMTS,International Trade in Goods (by partner country) (IMTS),DSD_IMTS,COUNTERPART_COUNTRY,CL_IMTS_COUNTRY,TRUE,LBY,Libya,NA
IMTS,International Trade in Goods (by partner country) (IMTS),DSD_IMTS,COUNTERPART_COUNTRY,CL_IMTS_COUNTRY,TRUE,LIE,"Liechtenstein, Principality of",NA
IMTS,International Trade in Goods (by partner country) (IMTS),DSD_IMTS,COUNTERPART_COUNTRY,CL_IMTS_COUNTRY,TRUE,LTU,"Lithuania, Republic of",NA
IMTS,International Trade in Goods (by partner country) (IMTS),DSD_IMTS,COUNTERPART_COUNTRY,CL_IMTS_COUNTRY,TRUE,LUX,Luxembourg,NA
IMTS,International Trade in Goods (by partner country) (IMTS),DSD_IMTS,COUNTERPART_COUNTRY,CL_IMTS_COUNTRY,TRUE,MAC,"Macao Special Administrative Region, People's Republic of China",NA
IMTS,International Trade in Goods (by partner country) (IMTS),DSD_IMTS,COUNTERPART_COUNTRY,CL_IMTS_COUNTRY,TRUE,MDG,"Madagascar, Republic of",NA
IMTS,International Trade in Goods (by partner country) (IMTS),DSD_IMTS,COUNTERPART_COUNTRY,CL_IMTS_COUNTRY,TRUE,MWI,Malawi,NA
IMTS,International Trade in Goods (by partner country) (IMTS),DSD_IMTS,COUNTERPART_COUNTRY,CL_IMTS_COUNTRY,TRUE,MYS,Malaysia,NA
IMTS,International Trade in Goods (by partner country) (IMTS),DSD_IMTS,COUNTERPART_COUNTRY,CL_IMTS_COUNTRY,TRUE,MDV,Maldives,NA
IMTS,International Trade in Goods (by partner country) (IMTS),DSD_IMTS,COUNTERPART_COUNTRY,CL_IMTS_COUNTRY,TRUE,MLI,Mali,NA
IMTS,International Trade in Goods (by partner country) (IMTS),DSD_IMTS,COUNTERPART_COUNTRY,CL_IMTS_COUNTRY,TRUE,MLT,Malta,NA
IMTS,International Trade in Goods (by partner country) (IMTS),DSD_IMTS,COUNTERPART_COUNTRY,CL_IMTS_COUNTRY,TRUE,MHL,"Marshall Islands, Republic of the",NA
IMTS,International Trade in Goods (by partner country) (IMTS),DSD_IMTS,COUNTERPART_COUNTRY,CL_IMTS_COUNTRY,TRUE,MTQ,Martinique,NA
IMTS,International Trade in Goods (by partner country) (IMTS),DSD_IMTS,COUNTERPART_COUNTRY,CL_IMTS_COUNTRY,TRUE,MRT,"Mauritania, Islamic Republic of",NA
IMTS,International Trade in Goods (by partner country) (IMTS),DSD_IMTS,COUNTERPART_COUNTRY,CL_IMTS_COUNTRY,TRUE,MUS,Mauritius,NA
IMTS,International Trade in Goods (by partner country) (IMTS),DSD_IMTS,COUNTERPART_COUNTRY,CL_IMTS_COUNTRY,TRUE,MYT,Mayotte,NA
IMTS,International Trade in Goods (by partner country) (IMTS),DSD_IMTS,COUNTERPART_COUNTRY,CL_IMTS_COUNTRY,TRUE,MEX,Mexico,NA
IMTS,International Trade in Goods (by partner country) (IMTS),DSD_IMTS,COUNTERPART_COUNTRY,CL_IMTS_COUNTRY,TRUE,FSM,"Micronesia, Federated States of",NA
IMTS,International Trade in Goods (by partner country) (IMTS),DSD_IMTS,COUNTERPART_COUNTRY,CL_IMTS_COUNTRY,TRUE,MDA,"Moldova, Republic of",NA
IMTS,International Trade in Goods (by partner country) (IMTS),DSD_IMTS,COUNTERPART_COUNTRY,CL_IMTS_COUNTRY,TRUE,MCO,Monaco,NA
IMTS,International Trade in Goods (by partner country) (IMTS),DSD_IMTS,COUNTERPART_COUNTRY,CL_IMTS_COUNTRY,TRUE,MNG,Mongolia,NA
IMTS,International Trade in Goods (by partner country) (IMTS),DSD_IMTS,COUNTERPART_COUNTRY,CL_IMTS_COUNTRY,TRUE,MNE,Montenegro,NA
IMTS,International Trade in Goods (by partner country) (IMTS),DSD_IMTS,COUNTERPART_COUNTRY,CL_IMTS_COUNTRY,TRUE,MSR,"Montserrat, United Kingdom-British Overseas Territory",NA
IMTS,International Trade in Goods (by partner country) (IMTS),DSD_IMTS,COUNTERPART_COUNTRY,CL_IMTS_COUNTRY,TRUE,MAR,Morocco,NA
IMTS,International Trade in Goods (by partner country) (IMTS),DSD_IMTS,COUNTERPART_COUNTRY,CL_IMTS_COUNTRY,TRUE,MOZ,"Mozambique, Republic of",NA
IMTS,International Trade in Goods (by partner country) (IMTS),DSD_IMTS,COUNTERPART_COUNTRY,CL_IMTS_COUNTRY,TRUE,MMR,Myanmar,NA
IMTS,International Trade in Goods (by partner country) (IMTS),DSD_IMTS,COUNTERPART_COUNTRY,CL_IMTS_COUNTRY,TRUE,NAM,Namibia,NA
IMTS,International Trade in Goods (by partner country) (IMTS),DSD_IMTS,COUNTERPART_COUNTRY,CL_IMTS_COUNTRY,TRUE,NRU,"Nauru, Republic of",NA
IMTS,International Trade in Goods (by partner country) (IMTS),DSD_IMTS,COUNTERPART_COUNTRY,CL_IMTS_COUNTRY,TRUE,NPL,Nepal,NA
IMTS,International Trade in Goods (by partner country) (IMTS),DSD_IMTS,COUNTERPART_COUNTRY,CL_IMTS_COUNTRY,TRUE,NLD,"Netherlands, The",NA
IMTS,International Trade in Goods (by partner country) (IMTS),DSD_IMTS,COUNTERPART_COUNTRY,CL_IMTS_COUNTRY,TRUE,NCL,New Caledonia,NA
IMTS,International Trade in Goods (by partner country) (IMTS),DSD_IMTS,COUNTERPART_COUNTRY,CL_IMTS_COUNTRY,TRUE,NZL,New Zealand,NA
IMTS,International Trade in Goods (by partner country) (IMTS),DSD_IMTS,COUNTERPART_COUNTRY,CL_IMTS_COUNTRY,TRUE,NIC,Nicaragua,NA
IMTS,International Trade in Goods (by partner country) (IMTS),DSD_IMTS,COUNTERPART_COUNTRY,CL_IMTS_COUNTRY,TRUE,NER,Niger,NA
IMTS,International Trade in Goods (by partner country) (IMTS),DSD_IMTS,COUNTERPART_COUNTRY,CL_IMTS_COUNTRY,TRUE,NGA,Nigeria,NA
IMTS,International Trade in Goods (by partner country) (IMTS),DSD_IMTS,COUNTERPART_COUNTRY,CL_IMTS_COUNTRY,TRUE,NIU,Niue,NA
IMTS,International Trade in Goods (by partner country) (IMTS),DSD_IMTS,COUNTERPART_COUNTRY,CL_IMTS_COUNTRY,TRUE,NFK,Norfolk Island,NA
IMTS,International Trade in Goods (by partner country) (IMTS),DSD_IMTS,COUNTERPART_COUNTRY,CL_IMTS_COUNTRY,TRUE,MKD,"North Macedonia, Republic of",NA
IMTS,International Trade in Goods (by partner country) (IMTS),DSD_IMTS,COUNTERPART_COUNTRY,CL_IMTS_COUNTRY,TRUE,MNP,Northern Mariana Islands,NA
IMTS,International Trade in Goods (by partner country) (IMTS),DSD_IMTS,COUNTERPART_COUNTRY,CL_IMTS_COUNTRY,TRUE,NOR,Norway,NA
IMTS,International Trade in Goods (by partner country) (IMTS),DSD_IMTS,COUNTERPART_COUNTRY,CL_IMTS_COUNTRY,TRUE,OMN,Oman,NA
IMTS,International Trade in Goods (by partner country) (IMTS),DSD_IMTS,COUNTERPART_COUNTRY,CL_IMTS_COUNTRY,TRUE,PAK,Pakistan,NA
IMTS,International Trade in Goods (by partner country) (IMTS),DSD_IMTS,COUNTERPART_COUNTRY,CL_IMTS_COUNTRY,TRUE,PLW,"Palau, Republic of",NA
IMTS,International Trade in Goods (by partner country) (IMTS),DSD_IMTS,COUNTERPART_COUNTRY,CL_IMTS_COUNTRY,TRUE,PAN,Panama,NA
IMTS,International Trade in Goods (by partner country) (IMTS),DSD_IMTS,COUNTERPART_COUNTRY,CL_IMTS_COUNTRY,TRUE,PNG,Papua New Guinea,NA
IMTS,International Trade in Goods (by partner country) (IMTS),DSD_IMTS,COUNTERPART_COUNTRY,CL_IMTS_COUNTRY,TRUE,PRY,Paraguay,NA
IMTS,International Trade in Goods (by partner country) (IMTS),DSD_IMTS,COUNTERPART_COUNTRY,CL_IMTS_COUNTRY,TRUE,PER,Peru,NA
IMTS,International Trade in Goods (by partner country) (IMTS),DSD_IMTS,COUNTERPART_COUNTRY,CL_IMTS_COUNTRY,TRUE,PHL,Philippines,NA
IMTS,International Trade in Goods (by partner country) (IMTS),DSD_IMTS,COUNTERPART_COUNTRY,CL_IMTS_COUNTRY,TRUE,PCN,Pitcairn Islands,NA
IMTS,International Trade in Goods (by partner country) (IMTS),DSD_IMTS,COUNTERPART_COUNTRY,CL_IMTS_COUNTRY,TRUE,POL,"Poland, Republic of",NA
IMTS,International Trade in Goods (by partner country) (IMTS),DSD_IMTS,COUNTERPART_COUNTRY,CL_IMTS_COUNTRY,TRUE,PRT,Portugal,NA
IMTS,International Trade in Goods (by partner country) (IMTS),DSD_IMTS,COUNTERPART_COUNTRY,CL_IMTS_COUNTRY,TRUE,PRI,Puerto Rico,NA
IMTS,International Trade in Goods (by partner country) (IMTS),DSD_IMTS,COUNTERPART_COUNTRY,CL_IMTS_COUNTRY,TRUE,QAT,Qatar,NA
IMTS,International Trade in Goods (by partner country) (IMTS),DSD_IMTS,COUNTERPART_COUNTRY,CL_IMTS_COUNTRY,TRUE,ROU,Romania,NA
IMTS,International Trade in Goods (by partner country) (IMTS),DSD_IMTS,COUNTERPART_COUNTRY,CL_IMTS_COUNTRY,TRUE,RUS,Russian Federation,NA
IMTS,International Trade in Goods (by partner country) (IMTS),DSD_IMTS,COUNTERPART_COUNTRY,CL_IMTS_COUNTRY,TRUE,RWA,Rwanda,NA
IMTS,International Trade in Goods (by partner country) (IMTS),DSD_IMTS,COUNTERPART_COUNTRY,CL_IMTS_COUNTRY,TRUE,REU,Réunion,NA
IMTS,International Trade in Goods (by partner country) (IMTS),DSD_IMTS,COUNTERPART_COUNTRY,CL_IMTS_COUNTRY,TRUE,WSM,Samoa,NA
IMTS,International Trade in Goods (by partner country) (IMTS),DSD_IMTS,COUNTERPART_COUNTRY,CL_IMTS_COUNTRY,TRUE,SMR,"San Marino, Republic of",NA
IMTS,International Trade in Goods (by partner country) (IMTS),DSD_IMTS,COUNTERPART_COUNTRY,CL_IMTS_COUNTRY,TRUE,SAU,Saudi Arabia,NA
IMTS,International Trade in Goods (by partner country) (IMTS),DSD_IMTS,COUNTERPART_COUNTRY,CL_IMTS_COUNTRY,TRUE,SEN,Senegal,NA
IMTS,International Trade in Goods (by partner country) (IMTS),DSD_IMTS,COUNTERPART_COUNTRY,CL_IMTS_COUNTRY,TRUE,SRB,"Serbia, Republic of",NA
IMTS,International Trade in Goods (by partner country) (IMTS),DSD_IMTS,COUNTERPART_COUNTRY,CL_IMTS_COUNTRY,TRUE,SYC,Seychelles,NA
IMTS,International Trade in Goods (by partner country) (IMTS),DSD_IMTS,COUNTERPART_COUNTRY,CL_IMTS_COUNTRY,TRUE,SLE,Sierra Leone,NA
IMTS,International Trade in Goods (by partner country) (IMTS),DSD_IMTS,COUNTERPART_COUNTRY,CL_IMTS_COUNTRY,TRUE,SGP,Singapore,NA
IMTS,International Trade in Goods (by partner country) (IMTS),DSD_IMTS,COUNTERPART_COUNTRY,CL_IMTS_COUNTRY,TRUE,SXM,"Sint Maarten, Kingdom of the Netherlands",NA
IMTS,International Trade in Goods (by partner country) (IMTS),DSD_IMTS,COUNTERPART_COUNTRY,CL_IMTS_COUNTRY,TRUE,SVK,Slovak Republic,NA
IMTS,International Trade in Goods (by partner country) (IMTS),DSD_IMTS,COUNTERPART_COUNTRY,CL_IMTS_COUNTRY,TRUE,SVN,"Slovenia, Republic of",NA
IMTS,International Trade in Goods (by partner country) (IMTS),DSD_IMTS,COUNTERPART_COUNTRY,CL_IMTS_COUNTRY,TRUE,SLB,Solomon Islands,NA
IMTS,International Trade in Goods (by partner country) (IMTS),DSD_IMTS,COUNTERPART_COUNTRY,CL_IMTS_COUNTRY,TRUE,SOM,Somalia,NA
IMTS,International Trade in Goods (by partner country) (IMTS),DSD_IMTS,COUNTERPART_COUNTRY,CL_IMTS_COUNTRY,TRUE,ZAF,South Africa,NA
IMTS,International Trade in Goods (by partner country) (IMTS),DSD_IMTS,COUNTERPART_COUNTRY,CL_IMTS_COUNTRY,TRUE,SSD,"South Sudan, Republic of",NA
IMTS,International Trade in Goods (by partner country) (IMTS),DSD_IMTS,COUNTERPART_COUNTRY,CL_IMTS_COUNTRY,TRUE,ESP,Spain,NA
IMTS,International Trade in Goods (by partner country) (IMTS),DSD_IMTS,COUNTERPART_COUNTRY,CL_IMTS_COUNTRY,TRUE,LKA,Sri Lanka,NA
IMTS,International Trade in Goods (by partner country) (IMTS),DSD_IMTS,COUNTERPART_COUNTRY,CL_IMTS_COUNTRY,TRUE,SHN,St. Helena,NA
IMTS,International Trade in Goods (by partner country) (IMTS),DSD_IMTS,COUNTERPART_COUNTRY,CL_IMTS_COUNTRY,TRUE,KNA,St. Kitts and Nevis,NA
IMTS,International Trade in Goods (by partner country) (IMTS),DSD_IMTS,COUNTERPART_COUNTRY,CL_IMTS_COUNTRY,TRUE,LCA,St. Lucia,NA
IMTS,International Trade in Goods (by partner country) (IMTS),DSD_IMTS,COUNTERPART_COUNTRY,CL_IMTS_COUNTRY,TRUE,SPM,St. Pierre and Miquelon,NA
IMTS,International Trade in Goods (by partner country) (IMTS),DSD_IMTS,COUNTERPART_COUNTRY,CL_IMTS_COUNTRY,TRUE,VCT,St. Vincent and the Grenadines,NA
IMTS,International Trade in Goods (by partner country) (IMTS),DSD_IMTS,COUNTERPART_COUNTRY,CL_IMTS_COUNTRY,TRUE,SDN,Sudan,NA
IMTS,International Trade in Goods (by partner country) (IMTS),DSD_IMTS,COUNTERPART_COUNTRY,CL_IMTS_COUNTRY,TRUE,SUR,Suriname,NA
IMTS,International Trade in Goods (by partner country) (IMTS),DSD_IMTS,COUNTERPART_COUNTRY,CL_IMTS_COUNTRY,TRUE,SJM,Svalbard and Jan Mayen Islands,NA
IMTS,International Trade in Goods (by partner country) (IMTS),DSD_IMTS,COUNTERPART_COUNTRY,CL_IMTS_COUNTRY,TRUE,SWE,Sweden,NA
IMTS,International Trade in Goods (by partner country) (IMTS),DSD_IMTS,COUNTERPART_COUNTRY,CL_IMTS_COUNTRY,TRUE,CHE,Switzerland,NA
IMTS,International Trade in Goods (by partner country) (IMTS),DSD_IMTS,COUNTERPART_COUNTRY,CL_IMTS_COUNTRY,TRUE,SYR,Syrian Arab Republic,NA
IMTS,International Trade in Goods (by partner country) (IMTS),DSD_IMTS,COUNTERPART_COUNTRY,CL_IMTS_COUNTRY,TRUE,STP,"São Tomé and Príncipe, Democratic Republic of",NA
IMTS,International Trade in Goods (by partner country) (IMTS),DSD_IMTS,COUNTERPART_COUNTRY,CL_IMTS_COUNTRY,TRUE,TWN,Taiwan Province of China,NA
IMTS,International Trade in Goods (by partner country) (IMTS),DSD_IMTS,COUNTERPART_COUNTRY,CL_IMTS_COUNTRY,TRUE,TJK,"Tajikistan, Republic of",NA
IMTS,International Trade in Goods (by partner country) (IMTS),DSD_IMTS,COUNTERPART_COUNTRY,CL_IMTS_COUNTRY,TRUE,TZA,"Tanzania, United Republic of",NA
IMTS,International Trade in Goods (by partner country) (IMTS),DSD_IMTS,COUNTERPART_COUNTRY,CL_IMTS_COUNTRY,TRUE,THA,Thailand,NA
IMTS,International Trade in Goods (by partner country) (IMTS),DSD_IMTS,COUNTERPART_COUNTRY,CL_IMTS_COUNTRY,TRUE,TLS,"Timor-Leste, Democratic Republic of",NA
IMTS,International Trade in Goods (by partner country) (IMTS),DSD_IMTS,COUNTERPART_COUNTRY,CL_IMTS_COUNTRY,TRUE,TGO,Togo,NA
IMTS,International Trade in Goods (by partner country) (IMTS),DSD_IMTS,COUNTERPART_COUNTRY,CL_IMTS_COUNTRY,TRUE,TKL,Tokelau,NA
IMTS,International Trade in Goods (by partner country) (IMTS),DSD_IMTS,COUNTERPART_COUNTRY,CL_IMTS_COUNTRY,TRUE,TON,Tonga,NA
IMTS,International Trade in Goods (by partner country) (IMTS),DSD_IMTS,COUNTERPART_COUNTRY,CL_IMTS_COUNTRY,TRUE,TTO,Trinidad and Tobago,NA
IMTS,International Trade in Goods (by partner country) (IMTS),DSD_IMTS,COUNTERPART_COUNTRY,CL_IMTS_COUNTRY,TRUE,TUN,Tunisia,NA
IMTS,International Trade in Goods (by partner country) (IMTS),DSD_IMTS,COUNTERPART_COUNTRY,CL_IMTS_COUNTRY,TRUE,TKM,Turkmenistan,NA
IMTS,International Trade in Goods (by partner country) (IMTS),DSD_IMTS,COUNTERPART_COUNTRY,CL_IMTS_COUNTRY,TRUE,TCA,Turks and Caicos Islands,NA
IMTS,International Trade in Goods (by partner country) (IMTS),DSD_IMTS,COUNTERPART_COUNTRY,CL_IMTS_COUNTRY,TRUE,TUV,Tuvalu,NA
IMTS,International Trade in Goods (by partner country) (IMTS),DSD_IMTS,COUNTERPART_COUNTRY,CL_IMTS_COUNTRY,TRUE,TUR,"Türkiye, Republic of",NA
IMTS,International Trade in Goods (by partner country) (IMTS),DSD_IMTS,COUNTERPART_COUNTRY,CL_IMTS_COUNTRY,TRUE,UGA,Uganda,NA
IMTS,International Trade in Goods (by partner country) (IMTS),DSD_IMTS,COUNTERPART_COUNTRY,CL_IMTS_COUNTRY,TRUE,UKR,Ukraine,NA
IMTS,International Trade in Goods (by partner country) (IMTS),DSD_IMTS,COUNTERPART_COUNTRY,CL_IMTS_COUNTRY,TRUE,ARE,United Arab Emirates,NA
IMTS,International Trade in Goods (by partner country) (IMTS),DSD_IMTS,COUNTERPART_COUNTRY,CL_IMTS_COUNTRY,TRUE,GBR,United Kingdom,NA
IMTS,International Trade in Goods (by partner country) (IMTS),DSD_IMTS,COUNTERPART_COUNTRY,CL_IMTS_COUNTRY,TRUE,USA,United States,NA
IMTS,International Trade in Goods (by partner country) (IMTS),DSD_IMTS,COUNTERPART_COUNTRY,CL_IMTS_COUNTRY,TRUE,VIR,United States Virgin Islands,NA
IMTS,International Trade in Goods (by partner country) (IMTS),DSD_IMTS,COUNTERPART_COUNTRY,CL_IMTS_COUNTRY,TRUE,URY,Uruguay,NA
IMTS,International Trade in Goods (by partner country) (IMTS),DSD_IMTS,COUNTERPART_COUNTRY,CL_IMTS_COUNTRY,TRUE,UZB,"Uzbekistan, Republic of",NA
IMTS,International Trade in Goods (by partner country) (IMTS),DSD_IMTS,COUNTERPART_COUNTRY,CL_IMTS_COUNTRY,TRUE,VUT,Vanuatu,NA
IMTS,International Trade in Goods (by partner country) (IMTS),DSD_IMTS,COUNTERPART_COUNTRY,CL_IMTS_COUNTRY,TRUE,VEN,"Venezuela, República Bolivariana de",NA
IMTS,International Trade in Goods (by partner country) (IMTS),DSD_IMTS,COUNTERPART_COUNTRY,CL_IMTS_COUNTRY,TRUE,VNM,Vietnam,NA
IMTS,International Trade in Goods (by partner country) (IMTS),DSD_IMTS,COUNTERPART_COUNTRY,CL_IMTS_COUNTRY,TRUE,WLF,Wallis and Futuna Islands,NA
IMTS,International Trade in Goods (by partner country) (IMTS),DSD_IMTS,COUNTERPART_COUNTRY,CL_IMTS_COUNTRY,TRUE,WBG,West Bank and Gaza,NA
IMTS,International Trade in Goods (by partner country) (IMTS),DSD_IMTS,COUNTERPART_COUNTRY,CL_IMTS_COUNTRY,TRUE,YEM,"Yemen, Republic of",NA
IMTS,International Trade in Goods (by partner country) (IMTS),DSD_IMTS,COUNTERPART_COUNTRY,CL_IMTS_COUNTRY,TRUE,ZMB,Zambia,NA
IMTS,International Trade in Goods (by partner country) (IMTS),DSD_IMTS,COUNTERPART_COUNTRY,CL_IMTS_COUNTRY,TRUE,ZWE,Zimbabwe,NA
IMTS,International Trade in Goods (by partner country) (IMTS),DSD_IMTS,COUNTERPART_COUNTRY,CL_IMTS_COUNTRY,TRUE,ALA,Åland Islands,NA
IMTS,International Trade in Goods (by partner country) (IMTS),DSD_IMTS,COUNTERPART_COUNTRY,CL_IMTS_COUNTRY,TRUE,BES,"Bonaire, Saint Eustatius and Saba",NA
IMTS,International Trade in Goods (by partner country) (IMTS),DSD_IMTS,COUNTERPART_COUNTRY,CL_IMTS_COUNTRY,TRUE,ATF,French Southern Territories,NA
IMTS,International Trade in Goods (by partner country) (IMTS),DSD_IMTS,COUNTERPART_COUNTRY,CL_IMTS_COUNTRY,TRUE,CWX,Curaçao and Sint Maarten,NA
IMTS,International Trade in Goods (by partner country) (IMTS),DSD_IMTS,COUNTERPART_COUNTRY,CL_IMTS_COUNTRY,TRUE,CSK,Czechoslovakia,NA
IMTS,International Trade in Goods (by partner country) (IMTS),DSD_IMTS,COUNTERPART_COUNTRY,CL_IMTS_COUNTRY,TRUE,DDR,German Democratic Republic,NA
IMTS,International Trade in Goods (by partner country) (IMTS),DSD_IMTS,COUNTERPART_COUNTRY,CL_IMTS_COUNTRY,TRUE,ANT,Netherlands Antilles,NA
IMTS,International Trade in Goods (by partner country) (IMTS),DSD_IMTS,COUNTERPART_COUNTRY,CL_IMTS_COUNTRY,TRUE,VDR,"Vietnam, Democratic Republic of",NA
IMTS,International Trade in Goods (by partner country) (IMTS),DSD_IMTS,COUNTERPART_COUNTRY,CL_IMTS_COUNTRY,TRUE,SCG,Serbia and Montenegro,NA
IMTS,International Trade in Goods (by partner country) (IMTS),DSD_IMTS,COUNTERPART_COUNTRY,CL_IMTS_COUNTRY,TRUE,SUN,Union of Soviet Socialist Republics (USSR),NA
IMTS,International Trade in Goods (by partner country) (IMTS),DSD_IMTS,COUNTERPART_COUNTRY,CL_IMTS_COUNTRY,TRUE,YAR,Yemen Arab Republic,NA
IMTS,International Trade in Goods (by partner country) (IMTS),DSD_IMTS,COUNTERPART_COUNTRY,CL_IMTS_COUNTRY,TRUE,YMD,"Yemen, People's Democratic Republic of",NA
IMTS,International Trade in Goods (by partner country) (IMTS),DSD_IMTS,COUNTERPART_COUNTRY,CL_IMTS_COUNTRY,TRUE,YUG,"Yugoslavia, Socialist Federal Republic of",NA
IMTS,International Trade in Goods (by partner country) (IMTS),DSD_IMTS,COUNTERPART_COUNTRY,CL_IMTS_COUNTRY,TRUE,U019,Americas,NA
IMTS,International Trade in Goods (by partner country) (IMTS),DSD_IMTS,COUNTERPART_COUNTRY,CL_IMTS_COUNTRY,TRUE,U015,Northern Africa,NA
IMTS,International Trade in Goods (by partner country) (IMTS),DSD_IMTS,COUNTERPART_COUNTRY,CL_IMTS_COUNTRY,TRUE,U202,Sub-Saharan Africa,NA
IMTS,International Trade in Goods (by partner country) (IMTS),DSD_IMTS,COUNTERPART_COUNTRY,CL_IMTS_COUNTRY,TRUE,U002,Africa,NA
IMTS,International Trade in Goods (by partner country) (IMTS),DSD_IMTS,COUNTERPART_COUNTRY,CL_IMTS_COUNTRY,TRUE,U142,Asia,NA
IMTS,International Trade in Goods (by partner country) (IMTS),DSD_IMTS,COUNTERPART_COUNTRY,CL_IMTS_COUNTRY,TRUE,U053,Australia and New Zealand,NA
IMTS,International Trade in Goods (by partner country) (IMTS),DSD_IMTS,COUNTERPART_COUNTRY,CL_IMTS_COUNTRY,TRUE,U029,Caribbean,NA
IMTS,International Trade in Goods (by partner country) (IMTS),DSD_IMTS,COUNTERPART_COUNTRY,CL_IMTS_COUNTRY,TRUE,U013,Central America,NA
IMTS,International Trade in Goods (by partner country) (IMTS),DSD_IMTS,COUNTERPART_COUNTRY,CL_IMTS_COUNTRY,TRUE,U143,Central Asia,NA
IMTS,International Trade in Goods (by partner country) (IMTS),DSD_IMTS,COUNTERPART_COUNTRY,CL_IMTS_COUNTRY,TRUE,U014,Eastern Africa,NA
IMTS,International Trade in Goods (by partner country) (IMTS),DSD_IMTS,COUNTERPART_COUNTRY,CL_IMTS_COUNTRY,TRUE,U030,Eastern Asia,NA
IMTS,International Trade in Goods (by partner country) (IMTS),DSD_IMTS,COUNTERPART_COUNTRY,CL_IMTS_COUNTRY,TRUE,U151,Eastern Europe,NA
IMTS,International Trade in Goods (by partner country) (IMTS),DSD_IMTS,COUNTERPART_COUNTRY,CL_IMTS_COUNTRY,TRUE,U150,Europe,NA
IMTS,International Trade in Goods (by partner country) (IMTS),DSD_IMTS,COUNTERPART_COUNTRY,CL_IMTS_COUNTRY,TRUE,U054,Melanesia,NA
IMTS,International Trade in Goods (by partner country) (IMTS),DSD_IMTS,COUNTERPART_COUNTRY,CL_IMTS_COUNTRY,TRUE,U057,Micronesia,NA
IMTS,International Trade in Goods (by partner country) (IMTS),DSD_IMTS,COUNTERPART_COUNTRY,CL_IMTS_COUNTRY,TRUE,U017,Middle Africa,NA
IMTS,International Trade in Goods (by partner country) (IMTS),DSD_IMTS,COUNTERPART_COUNTRY,CL_IMTS_COUNTRY,TRUE,U154,Northern Europe,NA
IMTS,International Trade in Goods (by partner country) (IMTS),DSD_IMTS,COUNTERPART_COUNTRY,CL_IMTS_COUNTRY,TRUE,U009,Oceania,NA
IMTS,International Trade in Goods (by partner country) (IMTS),DSD_IMTS,COUNTERPART_COUNTRY,CL_IMTS_COUNTRY,TRUE,U061,Polynesia,NA
IMTS,International Trade in Goods (by partner country) (IMTS),DSD_IMTS,COUNTERPART_COUNTRY,CL_IMTS_COUNTRY,TRUE,U005,South America,NA
IMTS,International Trade in Goods (by partner country) (IMTS),DSD_IMTS,COUNTERPART_COUNTRY,CL_IMTS_COUNTRY,TRUE,U035,South-eastern Asia,NA
IMTS,International Trade in Goods (by partner country) (IMTS),DSD_IMTS,COUNTERPART_COUNTRY,CL_IMTS_COUNTRY,TRUE,U018,Southern Africa,NA
IMTS,International Trade in Goods (by partner country) (IMTS),DSD_IMTS,COUNTERPART_COUNTRY,CL_IMTS_COUNTRY,TRUE,U034,Southern Asia,NA
IMTS,International Trade in Goods (by partner country) (IMTS),DSD_IMTS,COUNTERPART_COUNTRY,CL_IMTS_COUNTRY,TRUE,U039,Southern Europe,NA
IMTS,International Trade in Goods (by partner country) (IMTS),DSD_IMTS,COUNTERPART_COUNTRY,CL_IMTS_COUNTRY,TRUE,U011,Western Africa,NA
IMTS,International Trade in Goods (by partner country) (IMTS),DSD_IMTS,COUNTERPART_COUNTRY,CL_IMTS_COUNTRY,TRUE,U145,Western Asia,NA
IMTS,International Trade in Goods (by partner country) (IMTS),DSD_IMTS,COUNTERPART_COUNTRY,CL_IMTS_COUNTRY,TRUE,U155,Western Europe,NA
IMTS,International Trade in Goods (by partner country) (IMTS),DSD_IMTS,COUNTERPART_COUNTRY,CL_IMTS_COUNTRY,TRUE,G202,Advanced Asia,NA
IMTS,International Trade in Goods (by partner country) (IMTS),DSD_IMTS,COUNTERPART_COUNTRY,CL_IMTS_COUNTRY,TRUE,G110,Advanced Economies,NA
IMTS,International Trade in Goods (by partner country) (IMTS),DSD_IMTS,COUNTERPART_COUNTRY,CL_IMTS_COUNTRY,TRUE,G906,Advanced Europe,NA
IMTS,International Trade in Goods (by partner country) (IMTS),DSD_IMTS,COUNTERPART_COUNTRY,CL_IMTS_COUNTRY,TRUE,G510,ASEAN-5,NA
IMTS,International Trade in Goods (by partner country) (IMTS),DSD_IMTS,COUNTERPART_COUNTRY,CL_IMTS_COUNTRY,TRUE,G940,Caucasus and Central Asia (CCA),NA
IMTS,International Trade in Goods (by partner country) (IMTS),DSD_IMTS,COUNTERPART_COUNTRY,CL_IMTS_COUNTRY,TRUE,G758,Central African Economic and Monetary Community (CEMAC),NA
IMTS,International Trade in Goods (by partner country) (IMTS),DSD_IMTS,COUNTERPART_COUNTRY,CL_IMTS_COUNTRY,TRUE,G609,CFA franc zone,NA
IMTS,International Trade in Goods (by partner country) (IMTS),DSD_IMTS,COUNTERPART_COUNTRY,CL_IMTS_COUNTRY,TRUE,G619,East African Community (EAC),NA
IMTS,International Trade in Goods (by partner country) (IMTS),DSD_IMTS,COUNTERPART_COUNTRY,CL_IMTS_COUNTRY,TRUE,G309,Eastern Caribbean Currency Union (ECCU),NA
IMTS,International Trade in Goods (by partner country) (IMTS),DSD_IMTS,COUNTERPART_COUNTRY,CL_IMTS_COUNTRY,TRUE,G776,Economic Community of West African States (ECOWAS),NA
IMTS,International Trade in Goods (by partner country) (IMTS),DSD_IMTS,COUNTERPART_COUNTRY,CL_IMTS_COUNTRY,TRUE,G209,EMDEs by External Financing: Net Creditors,NA
IMTS,International Trade in Goods (by partner country) (IMTS),DSD_IMTS,COUNTERPART_COUNTRY,CL_IMTS_COUNTRY,TRUE,G606,EMDEs by External Financing: Net Debtors,NA
IMTS,International Trade in Goods (by partner country) (IMTS),DSD_IMTS,COUNTERPART_COUNTRY,CL_IMTS_COUNTRY,TRUE,G087,EMDEs by External Financing: Net Debtors with Arrears and/or Reschedulings,NA
IMTS,International Trade in Goods (by partner country) (IMTS),DSD_IMTS,COUNTERPART_COUNTRY,CL_IMTS_COUNTRY,TRUE,G216,EMDEs by Source of Export Earnings: Diversified,NA
IMTS,International Trade in Goods (by partner country) (IMTS),DSD_IMTS,COUNTERPART_COUNTRY,CL_IMTS_COUNTRY,TRUE,G080,EMDEs by Source of Export Earnings: Fuel,NA
IMTS,International Trade in Goods (by partner country) (IMTS),DSD_IMTS,COUNTERPART_COUNTRY,CL_IMTS_COUNTRY,TRUE,G083,EMDEs by Source of Export Earnings: Manufactures,NA
IMTS,International Trade in Goods (by partner country) (IMTS),DSD_IMTS,COUNTERPART_COUNTRY,CL_IMTS_COUNTRY,TRUE,G092,EMDEs by Source of Export Earnings: Nonfuel,NA
IMTS,International Trade in Goods (by partner country) (IMTS),DSD_IMTS,COUNTERPART_COUNTRY,CL_IMTS_COUNTRY,TRUE,G089,EMDEs by Source of Export Earnings: Primary Products (excluding Fuel),NA
IMTS,International Trade in Goods (by partner country) (IMTS),DSD_IMTS,COUNTERPART_COUNTRY,CL_IMTS_COUNTRY,TRUE,G084,"EMDEs by Source of Export Earnings: Services (including Income, Transfers)",NA
IMTS,International Trade in Goods (by partner country) (IMTS),DSD_IMTS,COUNTERPART_COUNTRY,CL_IMTS_COUNTRY,TRUE,G505,Emerging and Developing Asia,NA
IMTS,International Trade in Goods (by partner country) (IMTS),DSD_IMTS,COUNTERPART_COUNTRY,CL_IMTS_COUNTRY,TRUE,G903,Emerging and Developing Europe,NA
IMTS,International Trade in Goods (by partner country) (IMTS),DSD_IMTS,COUNTERPART_COUNTRY,CL_IMTS_COUNTRY,TRUE,G1515,Emerging Asia,NA
IMTS,International Trade in Goods (by partner country) (IMTS),DSD_IMTS,COUNTERPART_COUNTRY,CL_IMTS_COUNTRY,TRUE,G200,Emerging Market and Developing Economies,NA
IMTS,International Trade in Goods (by partner country) (IMTS),DSD_IMTS,COUNTERPART_COUNTRY,CL_IMTS_COUNTRY,TRUE,G1201,Emerging Market and Middle-Income Economies,NA
IMTS,International Trade in Goods (by partner country) (IMTS),DSD_IMTS,COUNTERPART_COUNTRY,CL_IMTS_COUNTRY,TRUE,G995,Euro Area (EA) – aggregate of member states,NA
IMTS,International Trade in Goods (by partner country) (IMTS),DSD_IMTS,COUNTERPART_COUNTRY,CL_IMTS_COUNTRY,TRUE,G998,European Union (EU),NA
IMTS,International Trade in Goods (by partner country) (IMTS),DSD_IMTS,COUNTERPART_COUNTRY,CL_IMTS_COUNTRY,TRUE,G715,Fragile and Conflict-affected States (FCS),NA
IMTS,International Trade in Goods (by partner country) (IMTS),DSD_IMTS,COUNTERPART_COUNTRY,CL_IMTS_COUNTRY,TRUE,G120,G20,NA
IMTS,International Trade in Goods (by partner country) (IMTS),DSD_IMTS,COUNTERPART_COUNTRY,CL_IMTS_COUNTRY,TRUE,G119,G7,NA
IMTS,International Trade in Goods (by partner country) (IMTS),DSD_IMTS,COUNTERPART_COUNTRY,CL_IMTS_COUNTRY,TRUE,G450,Gulf Cooperation Council (GCC),NA
IMTS,International Trade in Goods (by partner country) (IMTS),DSD_IMTS,COUNTERPART_COUNTRY,CL_IMTS_COUNTRY,TRUE,G711,Heavily Indebted Poor Countries (HIPC),NA
IMTS,International Trade in Goods (by partner country) (IMTS),DSD_IMTS,COUNTERPART_COUNTRY,CL_IMTS_COUNTRY,TRUE,G205,Latin America and the Caribbean (LAC),NA
IMTS,International Trade in Goods (by partner country) (IMTS),DSD_IMTS,COUNTERPART_COUNTRY,CL_IMTS_COUNTRY,TRUE,G201,Low-Income Developing Countries (LIDC),NA
IMTS,International Trade in Goods (by partner country) (IMTS),DSD_IMTS,COUNTERPART_COUNTRY,CL_IMTS_COUNTRY,TRUE,G400,Middle East and Central Asia,NA
IMTS,International Trade in Goods (by partner country) (IMTS),DSD_IMTS,COUNTERPART_COUNTRY,CL_IMTS_COUNTRY,TRUE,G401,Middle East and Central Asia: Oil Exporters,NA
IMTS,International Trade in Goods (by partner country) (IMTS),DSD_IMTS,COUNTERPART_COUNTRY,CL_IMTS_COUNTRY,TRUE,G402,Middle East and Central Asia: Oil Importers,NA
IMTS,International Trade in Goods (by partner country) (IMTS),DSD_IMTS,COUNTERPART_COUNTRY,CL_IMTS_COUNTRY,TRUE,G406,Middle East and North Africa (MENA),NA
IMTS,International Trade in Goods (by partner country) (IMTS),DSD_IMTS,COUNTERPART_COUNTRY,CL_IMTS_COUNTRY,TRUE,G92031,North America,NA
IMTS,International Trade in Goods (by partner country) (IMTS),DSD_IMTS,COUNTERPART_COUNTRY,CL_IMTS_COUNTRY,TRUE,G757,Southern African Customs Union (SACU),NA
IMTS,International Trade in Goods (by partner country) (IMTS),DSD_IMTS,COUNTERPART_COUNTRY,CL_IMTS_COUNTRY,TRUE,G603,Sub-Saharan Africa (SSA),NA
IMTS,International Trade in Goods (by partner country) (IMTS),DSD_IMTS,COUNTERPART_COUNTRY,CL_IMTS_COUNTRY,TRUE,G1627,Sub-Saharan Africa (SSA): Low-Income,NA
IMTS,International Trade in Goods (by partner country) (IMTS),DSD_IMTS,COUNTERPART_COUNTRY,CL_IMTS_COUNTRY,TRUE,G1626,Sub-Saharan Africa (SSA): Middle-Income,NA
IMTS,International Trade in Goods (by partner country) (IMTS),DSD_IMTS,COUNTERPART_COUNTRY,CL_IMTS_COUNTRY,TRUE,G1614,Sub-Saharan Africa (SSA): Oil Exporters,NA
IMTS,International Trade in Goods (by partner country) (IMTS),DSD_IMTS,COUNTERPART_COUNTRY,CL_IMTS_COUNTRY,TRUE,G759,West African Economic and Monetary Union (WAEMU),NA
IMTS,International Trade in Goods (by partner country) (IMTS),DSD_IMTS,COUNTERPART_COUNTRY,CL_IMTS_COUNTRY,TRUE,G001,World,NA
IMTS,International Trade in Goods (by partner country) (IMTS),DSD_IMTS,COUNTERPART_COUNTRY,CL_IMTS_COUNTRY,TRUE,G163,Euro Area (EA),NA
IMTS,International Trade in Goods (by partner country) (IMTS),DSD_IMTS,COUNTERPART_COUNTRY,CL_IMTS_COUNTRY,TRUE,GASEAN,ASEAN,NA
IMTS,International Trade in Goods (by partner country) (IMTS),DSD_IMTS,COUNTERPART_COUNTRY,CL_IMTS_COUNTRY,TRUE,G765,Southern African Development Community (SADC),NA
IMTS,International Trade in Goods (by partner country) (IMTS),DSD_IMTS,COUNTERPART_COUNTRY,CL_IMTS_COUNTRY,TRUE,G760,Common Market for Eastern and Southern Africa (COMESA),NA
IMTS,International Trade in Goods (by partner country) (IMTS),DSD_IMTS,COUNTERPART_COUNTRY,CL_IMTS_COUNTRY,TRUE,G129,Benelux,NA
IMTS,International Trade in Goods (by partner country) (IMTS),DSD_IMTS,COUNTERPART_COUNTRY,CL_IMTS_COUNTRY,TRUE,BLM,Saint Barthelemy,NA
IMTS,International Trade in Goods (by partner country) (IMTS),DSD_IMTS,COUNTERPART_COUNTRY,CL_IMTS_COUNTRY,TRUE,MAF,Saint Martin,NA
IMTS,International Trade in Goods (by partner country) (IMTS),DSD_IMTS,COUNTERPART_COUNTRY,CL_IMTS_COUNTRY,TRUE,SGS,South Georgia and the South Sandwich Islands,NA
IMTS,International Trade in Goods (by partner country) (IMTS),DSD_IMTS,COUNTERPART_COUNTRY,CL_IMTS_COUNTRY,TRUE,CXR,Christmas Island,NA
IMTS,International Trade in Goods (by partner country) (IMTS),DSD_IMTS,COUNTERPART_COUNTRY,CL_IMTS_COUNTRY,TRUE,CCK,Cocos Islands,NA
IMTS,International Trade in Goods (by partner country) (IMTS),DSD_IMTS,COUNTERPART_COUNTRY,CL_IMTS_COUNTRY,TRUE,ESH,Western Sahara,NA
IMTS,International Trade in Goods (by partner country) (IMTS),DSD_IMTS,COUNTERPART_COUNTRY,CL_IMTS_COUNTRY,TRUE,BVT,Bouvet Island,NA
IMTS,International Trade in Goods (by partner country) (IMTS),DSD_IMTS,COUNTERPART_COUNTRY,CL_IMTS_COUNTRY,TRUE,IOT,British Indian Ocean Territory,NA
IMTS,International Trade in Goods (by partner country) (IMTS),DSD_IMTS,COUNTERPART_COUNTRY,CL_IMTS_COUNTRY,TRUE,HMD,Heard Island and McDonald Islands,NA
IMTS,International Trade in Goods (by partner country) (IMTS),DSD_IMTS,COUNTERPART_COUNTRY,CL_IMTS_COUNTRY,TRUE,UMI,United States Minor Outlying Islands,NA
IMTS,International Trade in Goods (by partner country) (IMTS),DSD_IMTS,COUNTERPART_COUNTRY,CL_IMTS_COUNTRY,TRUE,GSAC,Southern African Customs Union (SACU),NA
IRFCL,International Reserves and Foreign Currency Liquidity (IRFCL),DSD_IRFCL_PUB,INDICATOR,CL_IRFCL_INDICATOR_PUB,TRUE,IRFCLDT1_FR4OTH_EUR,"Official Reserve Assets and Other Foreign Currency Assets (approximate market value), Other reserve assets",NA
IRFCL,International Reserves and Foreign Currency Liquidity (IRFCL),DSD_IRFCL_PUB,INDICATOR,CL_IRFCL_INDICATOR_PUB,TRUE,IRFCLDT1_FR4OTH_USD,"Official Reserve Assets and Other Foreign Currency Assets (approximate market value), Other reserve assets",NA
IRFCL,International Reserves and Foreign Currency Liquidity (IRFCL),DSD_IRFCL_PUB,INDICATOR,CL_IRFCL_INDICATOR_PUB,TRUE,IRFCLDT1_FR4OTH_XDC,"Official Reserve Assets and Other Foreign Currency Assets (approximate market value), Other reserve assets",NA
IRFCL,International Reserves and Foreign Currency Liquidity (IRFCL),DSD_IRFCL_PUB,INDICATOR,CL_IRFCL_INDICATOR_PUB,TRUE,IRFCLDT3_T_EUR,"Contingent short-term net drains on foreign currency assets (nominal value), Total",NA
IRFCL,International Reserves and Foreign Currency Liquidity (IRFCL),DSD_IRFCL_PUB,INDICATOR,CL_IRFCL_INDICATOR_PUB,TRUE,IRFCLDT3_T_USD,"Contingent short-term net drains on foreign currency assets (nominal value), Total",NA
IRFCL,International Reserves and Foreign Currency Liquidity (IRFCL),DSD_IRFCL_PUB,INDICATOR,CL_IRFCL_INDICATOR_PUB,TRUE,IRFCLDT3_T_XDC,"Contingent short-term net drains on foreign currency assets (nominal value), Total",NA
IRFCL,International Reserves and Foreign Currency Liquidity (IRFCL),DSD_IRFCL_PUB,INDICATOR,CL_IRFCL_INDICATOR_PUB,TRUE,IRFCLDT3_IRFCL95_SM1MUT3M_PB_EUR,"Contingent short-term net drains on foreign currency assets (nominal value), Undrawn unconditional credit lines, More than 1 and up to 3 months, Provided by",NA
IRFCL,International Reserves and Foreign Currency Liquidity (IRFCL),DSD_IRFCL_PUB,INDICATOR,CL_IRFCL_INDICATOR_PUB,TRUE,IRFCLDT3_IRFCL95_SM1MUT3M_PB_USD,"Contingent short-term net drains on foreign currency assets (nominal value), Undrawn unconditional credit lines, More than 1 and up to 3 months, Provided by",NA
IRFCL,International Reserves and Foreign Currency Liquidity (IRFCL),DSD_IRFCL_PUB,INDICATOR,CL_IRFCL_INDICATOR_PUB,TRUE,IRFCLDT3_IRFCL95_SM1MUT3M_PB_XDC,"Contingent short-term net drains on foreign currency assets (nominal value), Undrawn unconditional credit lines, More than 1 and up to 3 months, Provided by",NA
IRFCL,International Reserves and Foreign Currency Liquidity (IRFCL),DSD_IRFCL_PUB,INDICATOR,CL_IRFCL_INDICATOR_PUB,TRUE,IRFCLDT3_IRFCL95_SUTM_PB_EUR,"Contingent short-term net drains on foreign currency assets (nominal value), Undrawn unconditional credit lines, Up to 1 month, Provided by",NA
IRFCL,International Reserves and Foreign Currency Liquidity (IRFCL),DSD_IRFCL_PUB,INDICATOR,CL_IRFCL_INDICATOR_PUB,TRUE,IRFCLDT3_IRFCL95_SUTM_PB_USD,"Contingent short-term net drains on foreign currency assets (nominal value), Undrawn unconditional credit lines, Up to 1 month, Provided by",NA
IRFCL,International Reserves and Foreign Currency Liquidity (IRFCL),DSD_IRFCL_PUB,INDICATOR,CL_IRFCL_INDICATOR_PUB,TRUE,IRFCLDT3_IRFCL95_SUTM_PB_XDC,"Contingent short-term net drains on foreign currency assets (nominal value), Undrawn unconditional credit lines, Up to 1 month, Provided by",NA
IRFCL,International Reserves and Foreign Currency Liquidity (IRFCL),DSD_IRFCL_PUB,INDICATOR,CL_IRFCL_INDICATOR_PUB,TRUE,IRFCLDT3_IRFCL95_SM3MUTY_PB_EUR,"Contingent short-term net drains on foreign currency assets (nominal value), Undrawn unconditional credit lines, More than 3 months and up to 1 year, Provided by",NA
IRFCL,International Reserves and Foreign Currency Liquidity (IRFCL),DSD_IRFCL_PUB,INDICATOR,CL_IRFCL_INDICATOR_PUB,TRUE,IRFCLDT3_IRFCL95_SM3MUTY_PB_USD,"Contingent short-term net drains on foreign currency assets (nominal value), Undrawn unconditional credit lines, More than 3 months and up to 1 year, Provided by",NA
IRFCL,International Reserves and Foreign Currency Liquidity (IRFCL),DSD_IRFCL_PUB,INDICATOR,CL_IRFCL_INDICATOR_PUB,TRUE,IRFCLDT3_IRFCL95_SM3MUTY_PB_XDC,"Contingent short-term net drains on foreign currency assets (nominal value), Undrawn unconditional credit lines, More than 3 months and up to 1 year, Provided by",NA
IRFCL,International Reserves and Foreign Currency Liquidity (IRFCL),DSD_IRFCL_PUB,INDICATOR,CL_IRFCL_INDICATOR_PUB,TRUE,IRFCLDT3_IRFCL95T_PB_EUR,"Contingent short-term net drains on foreign currency assets (nominal value), Total undrawn unconditional credit lines, Provided by",NA
IRFCL,International Reserves and Foreign Currency Liquidity (IRFCL),DSD_IRFCL_PUB,INDICATOR,CL_IRFCL_INDICATOR_PUB,TRUE,IRFCLDT3_IRFCL95T_PB_USD,"Contingent short-term net drains on foreign currency assets (nominal value), Total undrawn unconditional credit lines, Provided by",NA
IRFCL,International Reserves and Foreign Currency Liquidity (IRFCL),DSD_IRFCL_PUB,INDICATOR,CL_IRFCL_INDICATOR_PUB,TRUE,IRFCLDT3_IRFCL95T_PB_XDC,"Contingent short-term net drains on foreign currency assets (nominal value), Total undrawn unconditional credit lines, Provided by",NA
IRFCL,International Reserves and Foreign Currency Liquidity (IRFCL),DSD_IRFCL_PUB,INDICATOR,CL_IRFCL_INDICATOR_PUB,TRUE,IRFCLDT3_IRFCL95_SM1MUT3M_PB_TONS1XA_EUR,"Contingent short-term net drains on foreign currency assets (nominal value), Undrawn unconditional credit lines, More than 1 and up to 3 months, Provided by, Other National Monetary authorities and international organizations",NA
IRFCL,International Reserves and Foreign Currency Liquidity (IRFCL),DSD_IRFCL_PUB,INDICATOR,CL_IRFCL_INDICATOR_PUB,TRUE,IRFCLDT3_IRFCL95_SM1MUT3M_PB_TONS1XA_USD,"Contingent short-term net drains on foreign currency assets (nominal value), Undrawn unconditional credit lines, More than 1 and up to 3 months, Provided by, Other National Monetary authorities and international organizations",NA
IRFCL,International Reserves and Foreign Currency Liquidity (IRFCL),DSD_IRFCL_PUB,INDICATOR,CL_IRFCL_INDICATOR_PUB,TRUE,IRFCLDT3_IRFCL95_SM1MUT3M_PB_TONS1XA_XDC,"Contingent short-term net drains on foreign currency assets (nominal value), Undrawn unconditional credit lines, More than 1 and up to 3 months, Provided by, Other National Monetary authorities and international organizations",NA
IRFCL,International Reserves and Foreign Currency Liquidity (IRFCL),DSD_IRFCL_PUB,INDICATOR,CL_IRFCL_INDICATOR_PUB,TRUE,IRFCLDT3_IRFCL95_SUTM_PB_TONS1XA_EUR,"Contingent short-term net drains on foreign currency assets (nominal value), Undrawn unconditional credit lines, Up to 1 month, Provided by, Other National Monetary authorities and international organizations",NA
IRFCL,International Reserves and Foreign Currency Liquidity (IRFCL),DSD_IRFCL_PUB,INDICATOR,CL_IRFCL_INDICATOR_PUB,TRUE,IRFCLDT3_IRFCL95_SUTM_PB_TONS1XA_USD,"Contingent short-term net drains on foreign currency assets (nominal value), Undrawn unconditional credit lines, Up to 1 month, Provided by, Other National Monetary authorities and international organizations",NA
IRFCL,International Reserves and Foreign Currency Liquidity (IRFCL),DSD_IRFCL_PUB,INDICATOR,CL_IRFCL_INDICATOR_PUB,TRUE,IRFCLDT3_IRFCL95_SUTM_PB_TONS1XA_XDC,"Contingent short-term net drains on foreign currency assets (nominal value), Undrawn unconditional credit lines, Up to 1 month, Provided by, Other National Monetary authorities and international organizations",NA
IRFCL,International Reserves and Foreign Currency Liquidity (IRFCL),DSD_IRFCL_PUB,INDICATOR,CL_IRFCL_INDICATOR_PUB,TRUE,IRFCLDT3_IRFCL95_SM3MUTY_PB_TONS1XA_EUR,"Contingent short-term net drains on foreign currency assets (nominal value), Undrawn unconditional credit lines, More than 3 months and up to 1 year, Provided by, Other National Monetary authorities and international organizations",NA
IRFCL,International Reserves and Foreign Currency Liquidity (IRFCL),DSD_IRFCL_PUB,INDICATOR,CL_IRFCL_INDICATOR_PUB,TRUE,IRFCLDT3_IRFCL95_SM3MUTY_PB_TONS1XA_USD,"Contingent short-term net drains on foreign currency assets (nominal value), Undrawn unconditional credit lines, More than 3 months and up to 1 year, Provided by, Other National Monetary authorities and international organizations",NA
IRFCL,International Reserves and Foreign Currency Liquidity (IRFCL),DSD_IRFCL_PUB,INDICATOR,CL_IRFCL_INDICATOR_PUB,TRUE,IRFCLDT3_IRFCL95_SM3MUTY_PB_TONS1XA_XDC,"Contingent short-term net drains on foreign currency assets (nominal value), Undrawn unconditional credit lines, More than 3 months and up to 1 year, Provided by, Other National Monetary authorities and international organizations",NA
IRFCL,International Reserves and Foreign Currency Liquidity (IRFCL),DSD_IRFCL_PUB,INDICATOR,CL_IRFCL_INDICATOR_PUB,TRUE,IRFCLDT3_IRFCL95T_PB_TONS1XA_EUR,"Contingent short-term net drains on foreign currency assets (nominal value), Total undrawn unconditional credit lines, Provided by, Other National Monetary authorities and international organizations",NA
IRFCL,International Reserves and Foreign Currency Liquidity (IRFCL),DSD_IRFCL_PUB,INDICATOR,CL_IRFCL_INDICATOR_PUB,TRUE,IRFCLDT3_IRFCL95T_PB_TONS1XA_USD,"Contingent short-term net drains on foreign currency assets (nominal value), Total undrawn unconditional credit lines, Provided by, Other National Monetary authorities and international organizations",NA
IRFCL,International Reserves and Foreign Currency Liquidity (IRFCL),DSD_IRFCL_PUB,INDICATOR,CL_IRFCL_INDICATOR_PUB,TRUE,IRFCLDT3_IRFCL95T_PB_TONS1XA_XDC,"Contingent short-term net drains on foreign currency assets (nominal value), Total undrawn unconditional credit lines, Provided by, Other National Monetary authorities and international organizations",NA
IRFCL,International Reserves and Foreign Currency Liquidity (IRFCL),DSD_IRFCL_PUB,INDICATOR,CL_IRFCL_INDICATOR_PUB,TRUE,IRFCLDT3_IRFCL95_SM1MUT3M_PB_BONS1XABIS_EUR,"Contingent short-term net drains on foreign currency assets (nominal value), Undrawn unconditional credit lines, More than 1 and up to 3 months, Provided by, Other National Monetary authorities and international organizations, BIS",NA
IRFCL,International Reserves and Foreign Currency Liquidity (IRFCL),DSD_IRFCL_PUB,INDICATOR,CL_IRFCL_INDICATOR_PUB,TRUE,IRFCLDT3_IRFCL95_SM1MUT3M_PB_BONS1XABIS_USD,"Contingent short-term net drains on foreign currency assets (nominal value), Undrawn unconditional credit lines, More than 1 and up to 3 months, Provided by, Other National Monetary authorities and international organizations, BIS",NA
IRFCL,International Reserves and Foreign Currency Liquidity (IRFCL),DSD_IRFCL_PUB,INDICATOR,CL_IRFCL_INDICATOR_PUB,TRUE,IRFCLDT3_IRFCL95_SM1MUT3M_PB_BONS1XABIS_XDC,"Contingent short-term net drains on foreign currency assets (nominal value), Undrawn unconditional credit lines, More than 1 and up to 3 months, Provided by, Other National Monetary authorities and international organizations, BIS",NA
IRFCL,International Reserves and Foreign Currency Liquidity (IRFCL),DSD_IRFCL_PUB,INDICATOR,CL_IRFCL_INDICATOR_PUB,TRUE,IRFCLDT3_IRFCL95_SUTM_PB_BONS1XABIS_EUR,"Contingent short-term net drains on foreign currency assets (nominal value), Undrawn unconditional credit lines, Up to 1 month, Provided by, Other National Monetary authorities and international organizations, BIS",NA
IRFCL,International Reserves and Foreign Currency Liquidity (IRFCL),DSD_IRFCL_PUB,INDICATOR,CL_IRFCL_INDICATOR_PUB,TRUE,IRFCLDT3_IRFCL95_SUTM_PB_BONS1XABIS_USD,"Contingent short-term net drains on foreign currency assets (nominal value), Undrawn unconditional credit lines, Up to 1 month, Provided by, Other National Monetary authorities and international organizations, BIS",NA
IRFCL,International Reserves and Foreign Currency Liquidity (IRFCL),DSD_IRFCL_PUB,INDICATOR,CL_IRFCL_INDICATOR_PUB,TRUE,IRFCLDT3_IRFCL95_SUTM_PB_BONS1XABIS_XDC,"Contingent short-term net drains on foreign currency assets (nominal value), Undrawn unconditional credit lines, Up to 1 month, Provided by, Other National Monetary authorities and international organizations, BIS",NA
IRFCL,International Reserves and Foreign Currency Liquidity (IRFCL),DSD_IRFCL_PUB,INDICATOR,CL_IRFCL_INDICATOR_PUB,TRUE,IRFCLDT3_IRFCL95_SM3MUTY_PB_BONS1XABIS_EUR,"Contingent short-term net drains on foreign currency assets (nominal value), Undrawn unconditional credit lines, More than 3 months and up to 1 year, Provided by, Other National Monetary authorities and international organizations, BIS",NA
IRFCL,International Reserves and Foreign Currency Liquidity (IRFCL),DSD_IRFCL_PUB,INDICATOR,CL_IRFCL_INDICATOR_PUB,TRUE,IRFCLDT3_IRFCL95_SM3MUTY_PB_BONS1XABIS_USD,"Contingent short-term net drains on foreign currency assets (nominal value), Undrawn unconditional credit lines, More than 3 months and up to 1 year, Provided by, Other National Monetary authorities and international organizations, BIS",NA
IRFCL,International Reserves and Foreign Currency Liquidity (IRFCL),DSD_IRFCL_PUB,INDICATOR,CL_IRFCL_INDICATOR_PUB,TRUE,IRFCLDT3_IRFCL95_SM3MUTY_PB_BONS1XABIS_XDC,"Contingent short-term net drains on foreign currency assets (nominal value), Undrawn unconditional credit lines, More than 3 months and up to 1 year, Provided by, Other National Monetary authorities and international organizations, BIS",NA
IRFCL,International Reserves and Foreign Currency Liquidity (IRFCL),DSD_IRFCL_PUB,INDICATOR,CL_IRFCL_INDICATOR_PUB,TRUE,IRFCLDT3_IRFCL95T_PB_BONS1XABIS_EUR,"Contingent short-term net drains on foreign currency assets (nominal value), Total undrawn unconditional credit lines, Provided by, Other National Monetary authorities and international organizations, BIS",NA
IRFCL,International Reserves and Foreign Currency Liquidity (IRFCL),DSD_IRFCL_PUB,INDICATOR,CL_IRFCL_INDICATOR_PUB,TRUE,IRFCLDT3_IRFCL95T_PB_BONS1XABIS_USD,"Contingent short-term net drains on foreign currency assets (nominal value), Total undrawn unconditional credit lines, Provided by, Other National Monetary authorities and international organizations, BIS",NA
IRFCL,International Reserves and Foreign Currency Liquidity (IRFCL),DSD_IRFCL_PUB,INDICATOR,CL_IRFCL_INDICATOR_PUB,TRUE,IRFCLDT3_IRFCL95T_PB_BONS1XABIS_XDC,"Contingent short-term net drains on foreign currency assets (nominal value), Total undrawn unconditional credit lines, Provided by, Other National Monetary authorities and international organizations, BIS",NA
IRFCL,International Reserves and Foreign Currency Liquidity (IRFCL),DSD_IRFCL_PUB,INDICATOR,CL_IRFCL_INDICATOR_PUB,TRUE,IRFCLDT3_IRFCL95_SM1MUT3M_PB_BONS1XAIMF_EUR,"Contingent short-term net drains on foreign currency assets (nominal value), Undrawn unconditional credit lines, More than 1 and up to 3 months, Provided by, Other National Monetary authorities and international organizations, IMF",NA
IRFCL,International Reserves and Foreign Currency Liquidity (IRFCL),DSD_IRFCL_PUB,INDICATOR,CL_IRFCL_INDICATOR_PUB,TRUE,IRFCLDT3_IRFCL95_SM1MUT3M_PB_BONS1XAIMF_USD,"Contingent short-term net drains on foreign currency assets (nominal value), Undrawn unconditional credit lines, More than 1 and up to 3 months, Provided by, Other National Monetary authorities and international organizations, IMF",NA
IRFCL,International Reserves and Foreign Currency Liquidity (IRFCL),DSD_IRFCL_PUB,INDICATOR,CL_IRFCL_INDICATOR_PUB,TRUE,IRFCLDT3_IRFCL95_SM1MUT3M_PB_BONS1XAIMF_XDC,"Contingent short-term net drains on foreign currency assets (nominal value), Undrawn unconditional credit lines, More than 1 and up to 3 months, Provided by, Other National Monetary authorities and international organizations, IMF",NA
IRFCL,International Reserves and Foreign Currency Liquidity (IRFCL),DSD_IRFCL_PUB,INDICATOR,CL_IRFCL_INDICATOR_PUB,TRUE,IRFCLDT3_IRFCL95_SUTM_PB_BONS1XAIMF_EUR,"Contingent short-term net drains on foreign currency assets (nominal value), Undrawn unconditional credit lines, Up to 1 month, Provided by, Other National Monetary authorities and international organizations, IMF",NA
IRFCL,International Reserves and Foreign Currency Liquidity (IRFCL),DSD_IRFCL_PUB,INDICATOR,CL_IRFCL_INDICATOR_PUB,TRUE,IRFCLDT3_IRFCL95_SUTM_PB_BONS1XAIMF_USD,"Contingent short-term net drains on foreign currency assets (nominal value), Undrawn unconditional credit lines, Up to 1 month, Provided by, Other National Monetary authorities and international organizations, IMF",NA
IRFCL,International Reserves and Foreign Currency Liquidity (IRFCL),DSD_IRFCL_PUB,INDICATOR,CL_IRFCL_INDICATOR_PUB,TRUE,IRFCLDT3_IRFCL95_SUTM_PB_BONS1XAIMF_XDC,"Contingent short-term net drains on foreign currency assets (nominal value), Undrawn unconditional credit lines, Up to 1 month, Provided by, Other National Monetary authorities and international organizations, IMF",NA
IRFCL,International Reserves and Foreign Currency Liquidity (IRFCL),DSD_IRFCL_PUB,INDICATOR,CL_IRFCL_INDICATOR_PUB,TRUE,IRFCLDT3_IRFCL95_SM3MUTY_PB_BONS1XAIMF_EUR,"Contingent short-term net drains on foreign currency assets (nominal value), Undrawn unconditional credit lines, More than 3 months and up to 1 year, Provided by, Other National Monetary authorities and international organizations, IMF",NA
IRFCL,International Reserves and Foreign Currency Liquidity (IRFCL),DSD_IRFCL_PUB,INDICATOR,CL_IRFCL_INDICATOR_PUB,TRUE,IRFCLDT3_IRFCL95_SM3MUTY_PB_BONS1XAIMF_USD,"Contingent short-term net drains on foreign currency assets (nominal value), Undrawn unconditional credit lines, More than 3 months and up to 1 year, Provided by, Other National Monetary authorities and international organizations, IMF",NA
IRFCL,International Reserves and Foreign Currency Liquidity (IRFCL),DSD_IRFCL_PUB,INDICATOR,CL_IRFCL_INDICATOR_PUB,TRUE,IRFCLDT3_IRFCL95_SM3MUTY_PB_BONS1XAIMF_XDC,"Contingent short-term net drains on foreign currency assets (nominal value), Undrawn unconditional credit lines, More than 3 months and up to 1 year, Provided by, Other National Monetary authorities and international organizations, IMF",NA
IRFCL,International Reserves and Foreign Currency Liquidity (IRFCL),DSD_IRFCL_PUB,INDICATOR,CL_IRFCL_INDICATOR_PUB,TRUE,IRFCLDT3_IRFCL95T_PB_BONS1XAIMF_EUR,"Contingent short-term net drains on foreign currency assets (nominal value), Total undrawn unconditional credit lines, Provided by, Other National Monetary authorities and international organizations, IMF",NA
IRFCL,International Reserves and Foreign Currency Liquidity (IRFCL),DSD_IRFCL_PUB,INDICATOR,CL_IRFCL_INDICATOR_PUB,TRUE,IRFCLDT3_IRFCL95T_PB_BONS1XAIMF_USD,"Contingent short-term net drains on foreign currency assets (nominal value), Total undrawn unconditional credit lines, Provided by, Other National Monetary authorities and international organizations, IMF",NA
IRFCL,International Reserves and Foreign Currency Liquidity (IRFCL),DSD_IRFCL_PUB,INDICATOR,CL_IRFCL_INDICATOR_PUB,TRUE,IRFCLDT3_IRFCL95T_PB_BONS1XAIMF_XDC,"Contingent short-term net drains on foreign currency assets (nominal value), Total undrawn unconditional credit lines, Provided by, Other National Monetary authorities and international organizations, IMF",NA
IRFCL,International Reserves and Foreign Currency Liquidity (IRFCL),DSD_IRFCL_PUB,INDICATOR,CL_IRFCL_INDICATOR_PUB,TRUE,IRFCLDT3_IRFCL95_SM1MUT3M_PB_BONS1XAOTH_EUR,"Contingent short-term net drains on foreign currency assets (nominal value), Undrawn unconditional credit lines, More than 1 and up to 3 months, Provided by, Other international monetary organizations",NA
IRFCL,International Reserves and Foreign Currency Liquidity (IRFCL),DSD_IRFCL_PUB,INDICATOR,CL_IRFCL_INDICATOR_PUB,TRUE,IRFCLDT3_IRFCL95_SM1MUT3M_PB_BONS1XAOTH_USD,"Contingent short-term net drains on foreign currency assets (nominal value), Undrawn unconditional credit lines, More than 1 and up to 3 months, Provided by, Other international monetary organizations",NA
IRFCL,International Reserves and Foreign Currency Liquidity (IRFCL),DSD_IRFCL_PUB,INDICATOR,CL_IRFCL_INDICATOR_PUB,TRUE,IRFCLDT3_IRFCL95_SM1MUT3M_PB_BONS1XAOTH_XDC,"Contingent short-term net drains on foreign currency assets (nominal value), Undrawn unconditional credit lines, More than 1 and up to 3 months, Provided by, Other international monetary organizations",NA
IRFCL,International Reserves and Foreign Currency Liquidity (IRFCL),DSD_IRFCL_PUB,INDICATOR,CL_IRFCL_INDICATOR_PUB,TRUE,IRFCLDT3_IRFCL95_SUTM_PB_BONS1XAOTH_EUR,"Contingent short-term net drains on foreign currency assets (nominal value), Undrawn unconditional credit lines, Up to 1 month, Provided by, Other international monetary organizations",NA
IRFCL,International Reserves and Foreign Currency Liquidity (IRFCL),DSD_IRFCL_PUB,INDICATOR,CL_IRFCL_INDICATOR_PUB,TRUE,IRFCLDT3_IRFCL95_SUTM_PB_BONS1XAOTH_USD,"Contingent short-term net drains on foreign currency assets (nominal value), Undrawn unconditional credit lines, Up to 1 month, Provided by, Other international monetary organizations",NA
IRFCL,International Reserves and Foreign Currency Liquidity (IRFCL),DSD_IRFCL_PUB,INDICATOR,CL_IRFCL_INDICATOR_PUB,TRUE,IRFCLDT3_IRFCL95_SUTM_PB_BONS1XAOTH_XDC,"Contingent short-term net drains on foreign currency assets (nominal value), Undrawn unconditional credit lines, Up to 1 month, Provided by, Other international monetary organizations",NA
IRFCL,International Reserves and Foreign Currency Liquidity (IRFCL),DSD_IRFCL_PUB,INDICATOR,CL_IRFCL_INDICATOR_PUB,TRUE,IRFCLDT3_IRFCL95_SM3MUTY_PB_BONS1XAOTH_EUR,"Contingent short-term net drains on foreign currency assets (nominal value), Undrawn unconditional credit lines, More than 3 months and up to 1 year, Provided by, Other international monetary organizations",NA
IRFCL,International Reserves and Foreign Currency Liquidity (IRFCL),DSD_IRFCL_PUB,INDICATOR,CL_IRFCL_INDICATOR_PUB,TRUE,IRFCLDT3_IRFCL95_SM3MUTY_PB_BONS1XAOTH_USD,"Contingent short-term net drains on foreign currency assets (nominal value), Undrawn unconditional credit lines, More than 3 months and up to 1 year, Provided by, Other international monetary organizations",NA
IRFCL,International Reserves and Foreign Currency Liquidity (IRFCL),DSD_IRFCL_PUB,INDICATOR,CL_IRFCL_INDICATOR_PUB,TRUE,IRFCLDT3_IRFCL95_SM3MUTY_PB_BONS1XAOTH_XDC,"Contingent short-term net drains on foreign currency assets (nominal value), Undrawn unconditional credit lines, More than 3 months and up to 1 year, Provided by, Other international monetary organizations",NA
IRFCL,International Reserves and Foreign Currency Liquidity (IRFCL),DSD_IRFCL_PUB,INDICATOR,CL_IRFCL_INDICATOR_PUB,TRUE,IRFCLDT3_IRFCL95T_PB_BONS1XAOTH_EUR,"Contingent short-term net drains on foreign currency assets (nominal value), Total undrawn unconditional credit lines, Provided by, Other international monetary organizations",NA
IRFCL,International Reserves and Foreign Currency Liquidity (IRFCL),DSD_IRFCL_PUB,INDICATOR,CL_IRFCL_INDICATOR_PUB,TRUE,IRFCLDT3_IRFCL95T_PB_BONS1XAOTH_USD,"Contingent short-term net drains on foreign currency assets (nominal value), Total undrawn unconditional credit lines, Provided by, Other international monetary organizations",NA
IRFCL,International Reserves and Foreign Currency Liquidity (IRFCL),DSD_IRFCL_PUB,INDICATOR,CL_IRFCL_INDICATOR_PUB,TRUE,IRFCLDT3_IRFCL95T_PB_BONS1XAOTH_XDC,"Contingent short-term net drains on foreign currency assets (nominal value), Total undrawn unconditional credit lines, Provided by, Other international monetary organizations",NA
IRFCL,International Reserves and Foreign Currency Liquidity (IRFCL),DSD_IRFCL_PUB,INDICATOR,CL_IRFCL_INDICATOR_PUB,TRUE,IRFCLDT3_IRFCL95_SM1MUT3M_PB_BONS1XAONA_EUR,"Contingent short-term net drains on foreign currency assets (nominal value), Undrawn unconditional credit lines, More than 1 and up to 3 months, Provided by, Other National Monetary authorities",NA
IRFCL,International Reserves and Foreign Currency Liquidity (IRFCL),DSD_IRFCL_PUB,INDICATOR,CL_IRFCL_INDICATOR_PUB,TRUE,IRFCLDT3_IRFCL95_SM1MUT3M_PB_BONS1XAONA_USD,"Contingent short-term net drains on foreign currency assets (nominal value), Undrawn unconditional credit lines, More than 1 and up to 3 months, Provided by, Other National Monetary authorities",NA
IRFCL,International Reserves and Foreign Currency Liquidity (IRFCL),DSD_IRFCL_PUB,INDICATOR,CL_IRFCL_INDICATOR_PUB,TRUE,IRFCLDT3_IRFCL95_SM1MUT3M_PB_BONS1XAONA_XDC,"Contingent short-term net drains on foreign currency assets (nominal value), Undrawn unconditional credit lines, More than 1 and up to 3 months, Provided by, Other National Monetary authorities",NA
IRFCL,International Reserves and Foreign Currency Liquidity (IRFCL),DSD_IRFCL_PUB,INDICATOR,CL_IRFCL_INDICATOR_PUB,TRUE,IRFCLDT3_IRFCL95_SUTM_PB_BONS1XAONA_EUR,"Contingent short-term net drains on foreign currency assets (nominal value), Undrawn unconditional credit lines, Up to 1 month, Provided by, Other National Monetary authorities",NA
IRFCL,International Reserves and Foreign Currency Liquidity (IRFCL),DSD_IRFCL_PUB,INDICATOR,CL_IRFCL_INDICATOR_PUB,TRUE,IRFCLDT3_IRFCL95_SUTM_PB_BONS1XAONA_USD,"Contingent short-term net drains on foreign currency assets (nominal value), Undrawn unconditional credit lines, Up to 1 month, Provided by, Other National Monetary authorities",NA
IRFCL,International Reserves and Foreign Currency Liquidity (IRFCL),DSD_IRFCL_PUB,INDICATOR,CL_IRFCL_INDICATOR_PUB,TRUE,IRFCLDT3_IRFCL95_SUTM_PB_BONS1XAONA_XDC,"Contingent short-term net drains on foreign currency assets (nominal value), Undrawn unconditional credit lines, Up to 1 month, Provided by, Other National Monetary authorities",NA
IRFCL,International Reserves and Foreign Currency Liquidity (IRFCL),DSD_IRFCL_PUB,INDICATOR,CL_IRFCL_INDICATOR_PUB,TRUE,IRFCLDT3_IRFCL95_SM3MUTY_PB_BONS1XAONA_EUR,"Contingent short-term net drains on foreign currency assets (nominal value), Undrawn unconditional credit lines, More than 3 months and up to 1 year, Provided by, Other National Monetary authorities",NA
IRFCL,International Reserves and Foreign Currency Liquidity (IRFCL),DSD_IRFCL_PUB,INDICATOR,CL_IRFCL_INDICATOR_PUB,TRUE,IRFCLDT3_IRFCL95_SM3MUTY_PB_BONS1XAONA_USD,"Contingent short-term net drains on foreign currency assets (nominal value), Undrawn unconditional credit lines, More than 3 months and up to 1 year, Provided by, Other National Monetary authorities",NA
IRFCL,International Reserves and Foreign Currency Liquidity (IRFCL),DSD_IRFCL_PUB,INDICATOR,CL_IRFCL_INDICATOR_PUB,TRUE,IRFCLDT3_IRFCL95_SM3MUTY_PB_BONS1XAONA_XDC,"Contingent short-term net drains on foreign currency assets (nominal value), Undrawn unconditional credit lines, More than 3 months and up to 1 year, Provided by, Other National Monetary authorities",NA
IRFCL,International Reserves and Foreign Currency Liquidity (IRFCL),DSD_IRFCL_PUB,INDICATOR,CL_IRFCL_INDICATOR_PUB,TRUE,IRFCLDT3_IRFCL95T_PB_BONS1XAONA_EUR,"Contingent short-term net drains on foreign currency assets (nominal value), Total undrawn unconditional credit lines, Provided by, Other National Monetary authorities",NA
IRFCL,International Reserves and Foreign Currency Liquidity (IRFCL),DSD_IRFCL_PUB,INDICATOR,CL_IRFCL_INDICATOR_PUB,TRUE,IRFCLDT3_IRFCL95T_PB_BONS1XAONA_USD,"Contingent short-term net drains on foreign currency assets (nominal value), Total undrawn unconditional credit lines, Provided by, Other National Monetary authorities",NA
IRFCL,International Reserves and Foreign Currency Liquidity (IRFCL),DSD_IRFCL_PUB,INDICATOR,CL_IRFCL_INDICATOR_PUB,TRUE,IRFCLDT3_IRFCL95T_PB_BONS1XAONA_XDC,"Contingent short-term net drains on foreign currency assets (nominal value), Total undrawn unconditional credit lines, Provided by, Other National Monetary authorities",NA
IRFCL,International Reserves and Foreign Currency Liquidity (IRFCL),DSD_IRFCL_PUB,INDICATOR,CL_IRFCL_INDICATOR_PUB,TRUE,IRFCLDT3_IRFCL95_SM1MUT3M_PB_BOFIORC_EUR,"Contingent short-term net drains on foreign currency assets (nominal value), Undrawn unconditional credit lines, More than 1 and up to 3 months, Provided by, banks and other financial institutions outside reporting country",NA
IRFCL,International Reserves and Foreign Currency Liquidity (IRFCL),DSD_IRFCL_PUB,INDICATOR,CL_IRFCL_INDICATOR_PUB,TRUE,IRFCLDT3_IRFCL95_SM1MUT3M_PB_BOFIORC_USD,"Contingent short-term net drains on foreign currency assets (nominal value), Undrawn unconditional credit lines, More than 1 and up to 3 months, Provided by, banks and other financial institutions outside reporting country",NA
IRFCL,International Reserves and Foreign Currency Liquidity (IRFCL),DSD_IRFCL_PUB,INDICATOR,CL_IRFCL_INDICATOR_PUB,TRUE,IRFCLDT3_IRFCL95_SM1MUT3M_PB_BOFIORC_XDC,"Contingent short-term net drains on foreign currency assets (nominal value), Undrawn unconditional credit lines, More than 1 and up to 3 months, Provided by, banks and other financial institutions outside reporting country",NA
IRFCL,International Reserves and Foreign Currency Liquidity (IRFCL),DSD_IRFCL_PUB,INDICATOR,CL_IRFCL_INDICATOR_PUB,TRUE,IRFCLDT3_IRFCL95_SUTM_PB_BOFIORC_EUR,"Contingent short-term net drains on foreign currency assets (nominal value), Undrawn unconditional credit lines, Up to 1 month, Provided by, banks and other financial institutions outside reporting country",NA
IRFCL,International Reserves and Foreign Currency Liquidity (IRFCL),DSD_IRFCL_PUB,INDICATOR,CL_IRFCL_INDICATOR_PUB,TRUE,IRFCLDT3_IRFCL95_SUTM_PB_BOFIORC_USD,"Contingent short-term net drains on foreign currency assets (nominal value), Undrawn unconditional credit lines, Up to 1 month, Provided by, banks and other financial institutions outside reporting country",NA
IRFCL,International Reserves and Foreign Currency Liquidity (IRFCL),DSD_IRFCL_PUB,INDICATOR,CL_IRFCL_INDICATOR_PUB,TRUE,IRFCLDT3_IRFCL95_SUTM_PB_BOFIORC_XDC,"Contingent short-term net drains on foreign currency assets (nominal value), Undrawn unconditional credit lines, Up to 1 month, Provided by, banks and other financial institutions outside reporting country",NA
IRFCL,International Reserves and Foreign Currency Liquidity (IRFCL),DSD_IRFCL_PUB,INDICATOR,CL_IRFCL_INDICATOR_PUB,TRUE,IRFCLDT3_IRFCL95_SM3MUTY_PB_BOFIORC_EUR,"Contingent short-term net drains on foreign currency assets (nominal value), Undrawn unconditional credit lines, More than 3 months and up to 1 year, Provided by, banks and other financial institutions outside reporting country",NA
IRFCL,International Reserves and Foreign Currency Liquidity (IRFCL),DSD_IRFCL_PUB,INDICATOR,CL_IRFCL_INDICATOR_PUB,TRUE,IRFCLDT3_IRFCL95_SM3MUTY_PB_BOFIORC_USD,"Contingent short-term net drains on foreign currency assets (nominal value), Undrawn unconditional credit lines, More than 3 months and up to 1 year, Provided by, banks and other financial institutions outside reporting country",NA
IRFCL,International Reserves and Foreign Currency Liquidity (IRFCL),DSD_IRFCL_PUB,INDICATOR,CL_IRFCL_INDICATOR_PUB,TRUE,IRFCLDT3_IRFCL95_SM3MUTY_PB_BOFIORC_XDC,"Contingent short-term net drains on foreign currency assets (nominal value), Undrawn unconditional credit lines, More than 3 months and up to 1 year, Provided by, banks and other financial institutions outside reporting country",NA
IRFCL,International Reserves and Foreign Currency Liquidity (IRFCL),DSD_IRFCL_PUB,INDICATOR,CL_IRFCL_INDICATOR_PUB,TRUE,IRFCLDT3_IRFCL95T_PB_BOFIORC_EUR,"Contingent short-term net drains on foreign currency assets (nominal value), Total undrawn unconditional credit lines, Provided by, banks and other financial institutions outside reporting country",NA
IRFCL,International Reserves and Foreign Currency Liquidity (IRFCL),DSD_IRFCL_PUB,INDICATOR,CL_IRFCL_INDICATOR_PUB,TRUE,IRFCLDT3_IRFCL95T_PB_BOFIORC_USD,"Contingent short-term net drains on foreign currency assets (nominal value), Total undrawn unconditional credit lines, Provided by, banks and other financial institutions outside reporting country",NA
IRFCL,International Reserves and Foreign Currency Liquidity (IRFCL),DSD_IRFCL_PUB,INDICATOR,CL_IRFCL_INDICATOR_PUB,TRUE,IRFCLDT3_IRFCL95T_PB_BOFIORC_XDC,"Contingent short-term net drains on foreign currency assets (nominal value), Total undrawn unconditional credit lines, Provided by, banks and other financial institutions outside reporting country",NA
IRFCL,International Reserves and Foreign Currency Liquidity (IRFCL),DSD_IRFCL_PUB,INDICATOR,CL_IRFCL_INDICATOR_PUB,TRUE,IRFCLDT3_IRFCL95_SM1MUT3M_PB_BOFIRC_EUR,"Contingent short-term net drains on foreign currency assets (nominal value), Undrawn unconditional credit lines, More than 1 and up to 3 months, Provided by, banks and other financial institutions in the reporting country",NA
IRFCL,International Reserves and Foreign Currency Liquidity (IRFCL),DSD_IRFCL_PUB,INDICATOR,CL_IRFCL_INDICATOR_PUB,TRUE,IRFCLDT3_IRFCL95_SM1MUT3M_PB_BOFIRC_USD,"Contingent short-term net drains on foreign currency assets (nominal value), Undrawn unconditional credit lines, More than 1 and up to 3 months, Provided by, banks and other financial institutions in the reporting country",NA
IRFCL,International Reserves and Foreign Currency Liquidity (IRFCL),DSD_IRFCL_PUB,INDICATOR,CL_IRFCL_INDICATOR_PUB,TRUE,IRFCLDT3_IRFCL95_SM1MUT3M_PB_BOFIRC_XDC,"Contingent short-term net drains on foreign currency assets (nominal value), Undrawn unconditional credit lines, More than 1 and up to 3 months, Provided by, banks and other financial institutions in the reporting country",NA
IRFCL,International Reserves and Foreign Currency Liquidity (IRFCL),DSD_IRFCL_PUB,INDICATOR,CL_IRFCL_INDICATOR_PUB,TRUE,IRFCLDT3_IRFCL95_SUTM_PB_BOFIRC_EUR,"Contingent short-term net drains on foreign currency assets (nominal value), Undrawn unconditional credit lines, Up to 1 month, Provided by, banks and other financial institutions in the reporting country",NA
IRFCL,International Reserves and Foreign Currency Liquidity (IRFCL),DSD_IRFCL_PUB,INDICATOR,CL_IRFCL_INDICATOR_PUB,TRUE,IRFCLDT3_IRFCL95_SUTM_PB_BOFIRC_USD,"Contingent short-term net drains on foreign currency assets (nominal value), Undrawn unconditional credit lines, Up to 1 month, Provided by, banks and other financial institutions in the reporting country",NA
IRFCL,International Reserves and Foreign Currency Liquidity (IRFCL),DSD_IRFCL_PUB,INDICATOR,CL_IRFCL_INDICATOR_PUB,TRUE,IRFCLDT3_IRFCL95_SUTM_PB_BOFIRC_XDC,"Contingent short-term net drains on foreign currency assets (nominal value), Undrawn unconditional credit lines, Up to 1 month, Provided by, banks and other financial institutions in the reporting country",NA
IRFCL,International Reserves and Foreign Currency Liquidity (IRFCL),DSD_IRFCL_PUB,INDICATOR,CL_IRFCL_INDICATOR_PUB,TRUE,IRFCLDT3_IRFCL95_SM3MUTY_PB_BOFIRC_EUR,"Contingent short-term net drains on foreign currency assets (nominal value), Undrawn unconditional credit lines, More than 3 months and up to 1 year, Provided by, banks and other financial institutions in the reporting country",NA
IRFCL,International Reserves and Foreign Currency Liquidity (IRFCL),DSD_IRFCL_PUB,INDICATOR,CL_IRFCL_INDICATOR_PUB,TRUE,IRFCLDT3_IRFCL95_SM3MUTY_PB_BOFIRC_USD,"Contingent short-term net drains on foreign currency assets (nominal value), Undrawn unconditional credit lines, More than 3 months and up to 1 year, Provided by, banks and other financial institutions in the reporting country",NA
IRFCL,International Reserves and Foreign Currency Liquidity (IRFCL),DSD_IRFCL_PUB,INDICATOR,CL_IRFCL_INDICATOR_PUB,TRUE,IRFCLDT3_IRFCL95_SM3MUTY_PB_BOFIRC_XDC,"Contingent short-term net drains on foreign currency assets (nominal value), Undrawn unconditional credit lines, More than 3 months and up to 1 year, Provided by, banks and other financial institutions in the reporting country",NA
IRFCL,International Reserves and Foreign Currency Liquidity (IRFCL),DSD_IRFCL_PUB,INDICATOR,CL_IRFCL_INDICATOR_PUB,TRUE,IRFCLDT3_IRFCL95T_PB_BOFIRC_EUR,"Contingent short-term net drains on foreign currency assets (nominal value), Total undrawn unconditional credit lines, Provided by, banks and other financial institutions in the reporting country",NA
IRFCL,International Reserves and Foreign Currency Liquidity (IRFCL),DSD_IRFCL_PUB,INDICATOR,CL_IRFCL_INDICATOR_PUB,TRUE,IRFCLDT3_IRFCL95T_PB_BOFIRC_USD,"Contingent short-term net drains on foreign currency assets (nominal value), Total undrawn unconditional credit lines, Provided by, banks and other financial institutions in the reporting country",NA
IRFCL,International Reserves and Foreign Currency Liquidity (IRFCL),DSD_IRFCL_PUB,INDICATOR,CL_IRFCL_INDICATOR_PUB,TRUE,IRFCLDT3_IRFCL95T_PB_BOFIRC_XDC,"Contingent short-term net drains on foreign currency assets (nominal value), Total undrawn unconditional credit lines, Provided by, banks and other financial institutions in the reporting country",NA
IRFCL,International Reserves and Foreign Currency Liquidity (IRFCL),DSD_IRFCL_PUB,INDICATOR,CL_IRFCL_INDICATOR_PUB,TRUE,IRFCLDT3_IRFCL95_SM1MUT3M_PT_EUR,"Contingent short-term net drains on foreign currency assets (nominal value), Undrawn unconditional credit lines, More than 1 and up to 3 months, Provided to",NA
IRFCL,International Reserves and Foreign Currency Liquidity (IRFCL),DSD_IRFCL_PUB,INDICATOR,CL_IRFCL_INDICATOR_PUB,TRUE,IRFCLDT3_IRFCL95_SM1MUT3M_PT_USD,"Contingent short-term net drains on foreign currency assets (nominal value), Undrawn unconditional credit lines, More than 1 and up to 3 months, Provided to",NA
IRFCL,International Reserves and Foreign Currency Liquidity (IRFCL),DSD_IRFCL_PUB,INDICATOR,CL_IRFCL_INDICATOR_PUB,TRUE,IRFCLDT3_IRFCL95_SM1MUT3M_PT_XDC,"Contingent short-term net drains on foreign currency assets (nominal value), Undrawn unconditional credit lines, More than 1 and up to 3 months, Provided to",NA
IRFCL,International Reserves and Foreign Currency Liquidity (IRFCL),DSD_IRFCL_PUB,INDICATOR,CL_IRFCL_INDICATOR_PUB,TRUE,IRFCLDT3_IRFCL95_SUTM_PT_EUR,"Contingent short-term net drains on foreign currency assets (nominal value), Undrawn unconditional credit lines, Up to 1 month, Provided to",NA
IRFCL,International Reserves and Foreign Currency Liquidity (IRFCL),DSD_IRFCL_PUB,INDICATOR,CL_IRFCL_INDICATOR_PUB,TRUE,IRFCLDT3_IRFCL95_SUTM_PT_USD,"Contingent short-term net drains on foreign currency assets (nominal value), Undrawn unconditional credit lines, Up to 1 month, Provided to",NA
IRFCL,International Reserves and Foreign Currency Liquidity (IRFCL),DSD_IRFCL_PUB,INDICATOR,CL_IRFCL_INDICATOR_PUB,TRUE,IRFCLDT3_IRFCL95_SUTM_PT_XDC,"Contingent short-term net drains on foreign currency assets (nominal value), Undrawn unconditional credit lines, Up to 1 month, Provided to",NA
IRFCL,International Reserves and Foreign Currency Liquidity (IRFCL),DSD_IRFCL_PUB,INDICATOR,CL_IRFCL_INDICATOR_PUB,TRUE,IRFCLDT3_IRFCL95_SM3MUTY_PT_EUR,"Contingent short-term net drains on foreign currency assets (nominal value), Undrawn unconditional credit lines, More than 3 months and up to 1 year, Provided to",NA
IRFCL,International Reserves and Foreign Currency Liquidity (IRFCL),DSD_IRFCL_PUB,INDICATOR,CL_IRFCL_INDICATOR_PUB,TRUE,IRFCLDT3_IRFCL95_SM3MUTY_PT_USD,"Contingent short-term net drains on foreign currency assets (nominal value), Undrawn unconditional credit lines, More than 3 months and up to 1 year, Provided to",NA
IRFCL,International Reserves and Foreign Currency Liquidity (IRFCL),DSD_IRFCL_PUB,INDICATOR,CL_IRFCL_INDICATOR_PUB,TRUE,IRFCLDT3_IRFCL95_SM3MUTY_PT_XDC,"Contingent short-term net drains on foreign currency assets (nominal value), Undrawn unconditional credit lines, More than 3 months and up to 1 year, Provided to",NA
IRFCL,International Reserves and Foreign Currency Liquidity (IRFCL),DSD_IRFCL_PUB,INDICATOR,CL_IRFCL_INDICATOR_PUB,TRUE,IRFCLDT3_IRFCL95T_PT_EUR,"Contingent short-term net drains on foreign currency assets (nominal value), Total undrawn unconditional credit lines, Provided to",NA
IRFCL,International Reserves and Foreign Currency Liquidity (IRFCL),DSD_IRFCL_PUB,INDICATOR,CL_IRFCL_INDICATOR_PUB,TRUE,IRFCLDT3_IRFCL95T_PT_USD,"Contingent short-term net drains on foreign currency assets (nominal value), Total undrawn unconditional credit lines, Provided to",NA
IRFCL,International Reserves and Foreign Currency Liquidity (IRFCL),DSD_IRFCL_PUB,INDICATOR,CL_IRFCL_INDICATOR_PUB,TRUE,IRFCLDT3_IRFCL95T_PT_XDC,"Contingent short-term net drains on foreign currency assets (nominal value), Total undrawn unconditional credit lines, Provided to",NA
IRFCL,International Reserves and Foreign Currency Liquidity (IRFCL),DSD_IRFCL_PUB,INDICATOR,CL_IRFCL_INDICATOR_PUB,TRUE,IRFCLDT3_IRFCL95_SM1MUT3M_PT_TONS1XA_EUR,"Contingent short-term net drains on foreign currency assets (nominal value), Undrawn unconditional credit lines, More than 1 and up to 3 months, Provided to, Other National Monetary authorities and international organizations",NA
IRFCL,International Reserves and Foreign Currency Liquidity (IRFCL),DSD_IRFCL_PUB,INDICATOR,CL_IRFCL_INDICATOR_PUB,TRUE,IRFCLDT3_IRFCL95_SM1MUT3M_PT_TONS1XA_USD,"Contingent short-term net drains on foreign currency assets (nominal value), Undrawn unconditional credit lines, More than 1 and up to 3 months, Provided to, Other National Monetary authorities and international organizations",NA
IRFCL,International Reserves and Foreign Currency Liquidity (IRFCL),DSD_IRFCL_PUB,INDICATOR,CL_IRFCL_INDICATOR_PUB,TRUE,IRFCLDT3_IRFCL95_SM1MUT3M_PT_TONS1XA_XDC,"Contingent short-term net drains on foreign currency assets (nominal value), Undrawn unconditional credit lines, More than 1 and up to 3 months, Provided to, Other National Monetary authorities and international organizations",NA
IRFCL,International Reserves and Foreign Currency Liquidity (IRFCL),DSD_IRFCL_PUB,INDICATOR,CL_IRFCL_INDICATOR_PUB,TRUE,IRFCLDT3_IRFCL95_SUTM_PT_TONS1XA_EUR,"Contingent short-term net drains on foreign currency assets (nominal value), Undrawn unconditional credit lines, Up to 1 month, Provided to, Other National Monetary authorities and international organizations",NA
IRFCL,International Reserves and Foreign Currency Liquidity (IRFCL),DSD_IRFCL_PUB,INDICATOR,CL_IRFCL_INDICATOR_PUB,TRUE,IRFCLDT3_IRFCL95_SUTM_PT_TONS1XA_USD,"Contingent short-term net drains on foreign currency assets (nominal value), Undrawn unconditional credit lines, Up to 1 month, Provided to, Other National Monetary authorities and international organizations",NA
IRFCL,International Reserves and Foreign Currency Liquidity (IRFCL),DSD_IRFCL_PUB,INDICATOR,CL_IRFCL_INDICATOR_PUB,TRUE,IRFCLDT3_IRFCL95_SUTM_PT_TONS1XA_XDC,"Contingent short-term net drains on foreign currency assets (nominal value), Undrawn unconditional credit lines, Up to 1 month, Provided to, Other National Monetary authorities and international organizations",NA
IRFCL,International Reserves and Foreign Currency Liquidity (IRFCL),DSD_IRFCL_PUB,INDICATOR,CL_IRFCL_INDICATOR_PUB,TRUE,IRFCLDT3_IRFCL95_SM3MUTY_PT_TONS1XA_EUR,"Contingent short-term net drains on foreign currency assets (nominal value), Undrawn unconditional credit lines, More than 3 months and up to 1 year, Provided to, Other National Monetary authorities and international organizations",NA
IRFCL,International Reserves and Foreign Currency Liquidity (IRFCL),DSD_IRFCL_PUB,INDICATOR,CL_IRFCL_INDICATOR_PUB,TRUE,IRFCLDT3_IRFCL95_SM3MUTY_PT_TONS1XA_USD,"Contingent short-term net drains on foreign currency assets (nominal value), Undrawn unconditional credit lines, More than 3 months and up to 1 year, Provided to, Other National Monetary authorities and international organizations",NA
IRFCL,International Reserves and Foreign Currency Liquidity (IRFCL),DSD_IRFCL_PUB,INDICATOR,CL_IRFCL_INDICATOR_PUB,TRUE,IRFCLDT3_IRFCL95_SM3MUTY_PT_TONS1XA_XDC,"Contingent short-term net drains on foreign currency assets (nominal value), Undrawn unconditional credit lines, More than 3 months and up to 1 year, Provided to, Other National Monetary authorities and international organizations",NA
IRFCL,International Reserves and Foreign Currency Liquidity (IRFCL),DSD_IRFCL_PUB,INDICATOR,CL_IRFCL_INDICATOR_PUB,TRUE,IRFCLDT3_IRFCL95T_PT_TONS1XA_EUR,"Contingent short-term net drains on foreign currency assets (nominal value), Total undrawn unconditional credit lines, Provided to, Other National Monetary authorities and international organizations",NA
IRFCL,International Reserves and Foreign Currency Liquidity (IRFCL),DSD_IRFCL_PUB,INDICATOR,CL_IRFCL_INDICATOR_PUB,TRUE,IRFCLDT3_IRFCL95T_PT_TONS1XA_USD,"Contingent short-term net drains on foreign currency assets (nominal value), Total undrawn unconditional credit lines, Provided to, Other National Monetary authorities and international organizations",NA
IRFCL,International Reserves and Foreign Currency Liquidity (IRFCL),DSD_IRFCL_PUB,INDICATOR,CL_IRFCL_INDICATOR_PUB,TRUE,IRFCLDT3_IRFCL95T_PT_TONS1XA_XDC,"Contingent short-term net drains on foreign currency assets (nominal value), Total undrawn unconditional credit lines, Provided to, Other National Monetary authorities and international organizations",NA
IRFCL,International Reserves and Foreign Currency Liquidity (IRFCL),DSD_IRFCL_PUB,INDICATOR,CL_IRFCL_INDICATOR_PUB,TRUE,IRFCLDT3_IRFCL95_SM1MUT3M_PT_TONS1XABIS_EUR,"Contingent short-term net drains on foreign currency assets (nominal value), Undrawn unconditional credit lines, More than 1 and up to 3 months, Provided to, Other National Monetary authorities and international organizations, BIS",NA
IRFCL,International Reserves and Foreign Currency Liquidity (IRFCL),DSD_IRFCL_PUB,INDICATOR,CL_IRFCL_INDICATOR_PUB,TRUE,IRFCLDT3_IRFCL95_SM1MUT3M_PT_TONS1XABIS_USD,"Contingent short-term net drains on foreign currency assets (nominal value), Undrawn unconditional credit lines, More than 1 and up to 3 months, Provided to, Other National Monetary authorities and international organizations, BIS",NA
IRFCL,International Reserves and Foreign Currency Liquidity (IRFCL),DSD_IRFCL_PUB,INDICATOR,CL_IRFCL_INDICATOR_PUB,TRUE,IRFCLDT3_IRFCL95_SM1MUT3M_PT_TONS1XABIS_XDC,"Contingent short-term net drains on foreign currency assets (nominal value), Undrawn unconditional credit lines, More than 1 and up to 3 months, Provided to, Other National Monetary authorities and international organizations, BIS",NA
IRFCL,International Reserves and Foreign Currency Liquidity (IRFCL),DSD_IRFCL_PUB,INDICATOR,CL_IRFCL_INDICATOR_PUB,TRUE,IRFCLDT3_IRFCL95_SUTM_PT_TONS1XABIS_EUR,"Contingent short-term net drains on foreign currency assets (nominal value), Undrawn unconditional credit lines, Up to 1 month, Provided to, Other National Monetary authorities and international organizations, BIS",NA
IRFCL,International Reserves and Foreign Currency Liquidity (IRFCL),DSD_IRFCL_PUB,INDICATOR,CL_IRFCL_INDICATOR_PUB,TRUE,IRFCLDT3_IRFCL95_SUTM_PT_TONS1XABIS_USD,"Contingent short-term net drains on foreign currency assets (nominal value), Undrawn unconditional credit lines, Up to 1 month, Provided to, Other National Monetary authorities and international organizations, BIS",NA
IRFCL,International Reserves and Foreign Currency Liquidity (IRFCL),DSD_IRFCL_PUB,INDICATOR,CL_IRFCL_INDICATOR_PUB,TRUE,IRFCLDT3_IRFCL95_SUTM_PT_TONS1XABIS_XDC,"Contingent short-term net drains on foreign currency assets (nominal value), Undrawn unconditional credit lines, Up to 1 month, Provided to, Other National Monetary authorities and international organizations, BIS",NA
IRFCL,International Reserves and Foreign Currency Liquidity (IRFCL),DSD_IRFCL_PUB,INDICATOR,CL_IRFCL_INDICATOR_PUB,TRUE,IRFCLDT3_IRFCL95_SM3MUTY_PT_TONS1XABIS_EUR,"Contingent short-term net drains on foreign currency assets (nominal value), Undrawn unconditional credit lines, More than 3 months and up to 1 year, Provided to, Other National Monetary authorities and international organizations, BIS",NA
IRFCL,International Reserves and Foreign Currency Liquidity (IRFCL),DSD_IRFCL_PUB,INDICATOR,CL_IRFCL_INDICATOR_PUB,TRUE,IRFCLDT3_IRFCL95_SM3MUTY_PT_TONS1XABIS_USD,"Contingent short-term net drains on foreign currency assets (nominal value), Undrawn unconditional credit lines, More than 3 months and up to 1 year, Provided to, Other National Monetary authorities and international organizations, BIS",NA
IRFCL,International Reserves and Foreign Currency Liquidity (IRFCL),DSD_IRFCL_PUB,INDICATOR,CL_IRFCL_INDICATOR_PUB,TRUE,IRFCLDT3_IRFCL95_SM3MUTY_PT_TONS1XABIS_XDC,"Contingent short-term net drains on foreign currency assets (nominal value), Undrawn unconditional credit lines, More than 3 months and up to 1 year, Provided to, Other National Monetary authorities and international organizations, BIS",NA
IRFCL,International Reserves and Foreign Currency Liquidity (IRFCL),DSD_IRFCL_PUB,INDICATOR,CL_IRFCL_INDICATOR_PUB,TRUE,IRFCLDT3_IRFCL95T_PT_TONS1XABIS_EUR,"Contingent short-term net drains on foreign currency assets (nominal value), Total undrawn unconditional credit lines, Provided to, Other National Monetary authorities and international organizations, BIS",NA
IRFCL,International Reserves and Foreign Currency Liquidity (IRFCL),DSD_IRFCL_PUB,INDICATOR,CL_IRFCL_INDICATOR_PUB,TRUE,IRFCLDT3_IRFCL95T_PT_TONS1XABIS_USD,"Contingent short-term net drains on foreign currency assets (nominal value), Total undrawn unconditional credit lines, Provided to, Other National Monetary authorities and international organizations, BIS",NA
IRFCL,International Reserves and Foreign Currency Liquidity (IRFCL),DSD_IRFCL_PUB,INDICATOR,CL_IRFCL_INDICATOR_PUB,TRUE,IRFCLDT3_IRFCL95T_PT_TONS1XABIS_XDC,"Contingent short-term net drains on foreign currency assets (nominal value), Total undrawn unconditional credit lines, Provided to, Other National Monetary authorities and international organizations, BIS",NA
IRFCL,International Reserves and Foreign Currency Liquidity (IRFCL),DSD_IRFCL_PUB,INDICATOR,CL_IRFCL_INDICATOR_PUB,TRUE,IRFCLDT3_IRFCL95_SM1MUT3M_PT_TONS1XAIMF_EUR,"Contingent short-term net drains on foreign currency assets (nominal value), Undrawn unconditional credit lines, More than 1 and up to 3 months, Provided to, Other National Monetary authorities and international organizations, IMF",NA
IRFCL,International Reserves and Foreign Currency Liquidity (IRFCL),DSD_IRFCL_PUB,INDICATOR,CL_IRFCL_INDICATOR_PUB,TRUE,IRFCLDT3_IRFCL95_SM1MUT3M_PT_TONS1XAIMF_USD,"Contingent short-term net drains on foreign currency assets (nominal value), Undrawn unconditional credit lines, More than 1 and up to 3 months, Provided to, Other National Monetary authorities and international organizations, IMF",NA
IRFCL,International Reserves and Foreign Currency Liquidity (IRFCL),DSD_IRFCL_PUB,INDICATOR,CL_IRFCL_INDICATOR_PUB,TRUE,IRFCLDT3_IRFCL95_SM1MUT3M_PT_TONS1XAIMF_XDC,"Contingent short-term net drains on foreign currency assets (nominal value), Undrawn unconditional credit lines, More than 1 and up to 3 months, Provided to, Other National Monetary authorities and international organizations, IMF",NA
IRFCL,International Reserves and Foreign Currency Liquidity (IRFCL),DSD_IRFCL_PUB,INDICATOR,CL_IRFCL_INDICATOR_PUB,TRUE,IRFCLDT3_IRFCL95_SUTM_PT_TONS1XAIMF_EUR,"Contingent short-term net drains on foreign currency assets (nominal value), Undrawn unconditional credit lines, Up to 1 month, Provided to, Other National Monetary authorities and international organizations, IMF",NA
IRFCL,International Reserves and Foreign Currency Liquidity (IRFCL),DSD_IRFCL_PUB,INDICATOR,CL_IRFCL_INDICATOR_PUB,TRUE,IRFCLDT3_IRFCL95_SUTM_PT_TONS1XAIMF_USD,"Contingent short-term net drains on foreign currency assets (nominal value), Undrawn unconditional credit lines, Up to 1 month, Provided to, Other National Monetary authorities and international organizations, IMF",NA
IRFCL,International Reserves and Foreign Currency Liquidity (IRFCL),DSD_IRFCL_PUB,INDICATOR,CL_IRFCL_INDICATOR_PUB,TRUE,IRFCLDT3_IRFCL95_SUTM_PT_TONS1XAIMF_XDC,"Contingent short-term net drains on foreign currency assets (nominal value), Undrawn unconditional credit lines, Up to 1 month, Provided to, Other National Monetary authorities and international organizations, IMF",NA
IRFCL,International Reserves and Foreign Currency Liquidity (IRFCL),DSD_IRFCL_PUB,INDICATOR,CL_IRFCL_INDICATOR_PUB,TRUE,IRFCLDT3_IRFCL95_SM3MUTY_PT_TONS1XAIMF_EUR,"Contingent short-term net drains on foreign currency assets (nominal value), Undrawn unconditional credit lines, More than 3 months and up to 1 year, Provided to, Other National Monetary authorities and international organizations, IMF",NA
IRFCL,International Reserves and Foreign Currency Liquidity (IRFCL),DSD_IRFCL_PUB,INDICATOR,CL_IRFCL_INDICATOR_PUB,TRUE,IRFCLDT3_IRFCL95_SM3MUTY_PT_TONS1XAIMF_USD,"Contingent short-term net drains on foreign currency assets (nominal value), Undrawn unconditional credit lines, More than 3 months and up to 1 year, Provided to, Other National Monetary authorities and international organizations, IMF",NA
IRFCL,International Reserves and Foreign Currency Liquidity (IRFCL),DSD_IRFCL_PUB,INDICATOR,CL_IRFCL_INDICATOR_PUB,TRUE,IRFCLDT3_IRFCL95_SM3MUTY_PT_TONS1XAIMF_XDC,"Contingent short-term net drains on foreign currency assets (nominal value), Undrawn unconditional credit lines, More than 3 months and up to 1 year, Provided to, Other National Monetary authorities and international organizations, IMF",NA
IRFCL,International Reserves and Foreign Currency Liquidity (IRFCL),DSD_IRFCL_PUB,INDICATOR,CL_IRFCL_INDICATOR_PUB,TRUE,IRFCLDT3_IRFCL95T_PT_TONS1XAIMF_EUR,"Contingent short-term net drains on foreign currency assets (nominal value), Total undrawn unconditional credit lines, Provided to, Other National Monetary authorities and international organizations, IMF",NA
IRFCL,International Reserves and Foreign Currency Liquidity (IRFCL),DSD_IRFCL_PUB,INDICATOR,CL_IRFCL_INDICATOR_PUB,TRUE,IRFCLDT3_IRFCL95T_PT_TONS1XAIMF_USD,"Contingent short-term net drains on foreign currency assets (nominal value), Total undrawn unconditional credit lines, Provided to, Other National Monetary authorities and international organizations, IMF",NA
IRFCL,International Reserves and Foreign Currency Liquidity (IRFCL),DSD_IRFCL_PUB,INDICATOR,CL_IRFCL_INDICATOR_PUB,TRUE,IRFCLDT3_IRFCL95T_PT_TONS1XAIMF_XDC,"Contingent short-term net drains on foreign currency assets (nominal value), Total undrawn unconditional credit lines, Provided to, Other National Monetary authorities and international organizations, IMF",NA
IRFCL,International Reserves and Foreign Currency Liquidity (IRFCL),DSD_IRFCL_PUB,INDICATOR,CL_IRFCL_INDICATOR_PUB,TRUE,IRFCLDT3_IRFCL95_SM1MUT3M_PT_TONS1XAOTH_EUR,"Contingent short-term net drains on foreign currency assets (nominal value), Undrawn unconditional credit lines, More than 1 and up to 3 months, Provided to, Other international monetary organizations",NA
IRFCL,International Reserves and Foreign Currency Liquidity (IRFCL),DSD_IRFCL_PUB,INDICATOR,CL_IRFCL_INDICATOR_PUB,TRUE,IRFCLDT3_IRFCL95_SM1MUT3M_PT_TONS1XAOTH_USD,"Contingent short-term net drains on foreign currency assets (nominal value), Undrawn unconditional credit lines, More than 1 and up to 3 months, Provided to, Other international monetary organizations",NA
IRFCL,International Reserves and Foreign Currency Liquidity (IRFCL),DSD_IRFCL_PUB,INDICATOR,CL_IRFCL_INDICATOR_PUB,TRUE,IRFCLDT3_IRFCL95_SM1MUT3M_PT_TONS1XAOTH_XDC,"Contingent short-term net drains on foreign currency assets (nominal value), Undrawn unconditional credit lines, More than 1 and up to 3 months, Provided to, Other international monetary organizations",NA
IRFCL,International Reserves and Foreign Currency Liquidity (IRFCL),DSD_IRFCL_PUB,INDICATOR,CL_IRFCL_INDICATOR_PUB,TRUE,IRFCLDT3_IRFCL95_SUTM_PT_TONS1XAOTH_EUR,"Contingent short-term net drains on foreign currency assets (nominal value), Undrawn unconditional credit lines, Up to 1 month, Provided to, Other international monetary organizations",NA
IRFCL,International Reserves and Foreign Currency Liquidity (IRFCL),DSD_IRFCL_PUB,INDICATOR,CL_IRFCL_INDICATOR_PUB,TRUE,IRFCLDT3_IRFCL95_SUTM_PT_TONS1XAOTH_USD,"Contingent short-term net drains on foreign currency assets (nominal value), Undrawn unconditional credit lines, Up to 1 month, Provided to, Other international monetary organizations",NA
IRFCL,International Reserves and Foreign Currency Liquidity (IRFCL),DSD_IRFCL_PUB,INDICATOR,CL_IRFCL_INDICATOR_PUB,TRUE,IRFCLDT3_IRFCL95_SUTM_PT_TONS1XAOTH_XDC,"Contingent short-term net drains on foreign currency assets (nominal value), Undrawn unconditional credit lines, Up to 1 month, Provided to, Other international monetary organizations",NA
IRFCL,International Reserves and Foreign Currency Liquidity (IRFCL),DSD_IRFCL_PUB,INDICATOR,CL_IRFCL_INDICATOR_PUB,TRUE,IRFCLDT3_IRFCL95_SM3MUTY_PT_TONS1XAOTH_EUR,"Contingent short-term net drains on foreign currency assets (nominal value), Undrawn unconditional credit lines, More than 3 months and up to 1 year, Provided to, Other international monetary organizations",NA
IRFCL,International Reserves and Foreign Currency Liquidity (IRFCL),DSD_IRFCL_PUB,INDICATOR,CL_IRFCL_INDICATOR_PUB,TRUE,IRFCLDT3_IRFCL95_SM3MUTY_PT_TONS1XAOTH_USD,"Contingent short-term net drains on foreign currency assets (nominal value), Undrawn unconditional credit lines, More than 3 months and up to 1 year, Provided to, Other international monetary organizations",NA
IRFCL,International Reserves and Foreign Currency Liquidity (IRFCL),DSD_IRFCL_PUB,INDICATOR,CL_IRFCL_INDICATOR_PUB,TRUE,IRFCLDT3_IRFCL95_SM3MUTY_PT_TONS1XAOTH_XDC,"Contingent short-term net drains on foreign currency assets (nominal value), Undrawn unconditional credit lines, More than 3 months and up to 1 year, Provided to, Other international monetary organizations",NA
IRFCL,International Reserves and Foreign Currency Liquidity (IRFCL),DSD_IRFCL_PUB,INDICATOR,CL_IRFCL_INDICATOR_PUB,TRUE,IRFCLDT3_IRFCL95T_PT_TONS1XAOTH_EUR,"Contingent short-term net drains on foreign currency assets (nominal value), Total undrawn unconditional credit lines, Provided to, Other international monetary organizations",NA
IRFCL,International Reserves and Foreign Currency Liquidity (IRFCL),DSD_IRFCL_PUB,INDICATOR,CL_IRFCL_INDICATOR_PUB,TRUE,IRFCLDT3_IRFCL95T_PT_TONS1XAOTH_USD,"Contingent short-term net drains on foreign currency assets (nominal value), Total undrawn unconditional credit lines, Provided to, Other international monetary organizations",NA
IRFCL,International Reserves and Foreign Currency Liquidity (IRFCL),DSD_IRFCL_PUB,INDICATOR,CL_IRFCL_INDICATOR_PUB,TRUE,IRFCLDT3_IRFCL95T_PT_TONS1XAOTH_XDC,"Contingent short-term net drains on foreign currency assets (nominal value), Total undrawn unconditional credit lines, Provided to, Other international monetary organizations",NA
IRFCL,International Reserves and Foreign Currency Liquidity (IRFCL),DSD_IRFCL_PUB,INDICATOR,CL_IRFCL_INDICATOR_PUB,TRUE,IRFCLDT3_IRFCL95_SM1MUT3M_PT_TONS1XAONA_EUR,"Contingent short-term net drains on foreign currency assets (nominal value), Undrawn unconditional credit lines, More than 1 and up to 3 months, Provided to, Other National Monetary",NA
IRFCL,International Reserves and Foreign Currency Liquidity (IRFCL),DSD_IRFCL_PUB,INDICATOR,CL_IRFCL_INDICATOR_PUB,TRUE,IRFCLDT3_IRFCL95_SM1MUT3M_PT_TONS1XAONA_USD,"Contingent short-term net drains on foreign currency assets (nominal value), Undrawn unconditional credit lines, More than 1 and up to 3 months, Provided to, Other National Monetary",NA
IRFCL,International Reserves and Foreign Currency Liquidity (IRFCL),DSD_IRFCL_PUB,INDICATOR,CL_IRFCL_INDICATOR_PUB,TRUE,IRFCLDT3_IRFCL95_SM1MUT3M_PT_TONS1XAONA_XDC,"Contingent short-term net drains on foreign currency assets (nominal value), Undrawn unconditional credit lines, More than 1 and up to 3 months, Provided to, Other National Monetary",NA
IRFCL,International Reserves and Foreign Currency Liquidity (IRFCL),DSD_IRFCL_PUB,INDICATOR,CL_IRFCL_INDICATOR_PUB,TRUE,IRFCLDT3_IRFCL95_SUTM_PT_TONS1XAONA_EUR,"Contingent short-term net drains on foreign currency assets (nominal value), Undrawn unconditional credit lines, Up to 1 month, Provided to, Other National Monetary",NA
IRFCL,International Reserves and Foreign Currency Liquidity (IRFCL),DSD_IRFCL_PUB,INDICATOR,CL_IRFCL_INDICATOR_PUB,TRUE,IRFCLDT3_IRFCL95_SUTM_PT_TONS1XAONA_USD,"Contingent short-term net drains on foreign currency assets (nominal value), Undrawn unconditional credit lines, Up to 1 month, Provided to, Other National Monetary",NA
IRFCL,International Reserves and Foreign Currency Liquidity (IRFCL),DSD_IRFCL_PUB,INDICATOR,CL_IRFCL_INDICATOR_PUB,TRUE,IRFCLDT3_IRFCL95_SUTM_PT_TONS1XAONA_XDC,"Contingent short-term net drains on foreign currency assets (nominal value), Undrawn unconditional credit lines, Up to 1 month, Provided to, Other National Monetary",NA
IRFCL,International Reserves and Foreign Currency Liquidity (IRFCL),DSD_IRFCL_PUB,INDICATOR,CL_IRFCL_INDICATOR_PUB,TRUE,IRFCLDT3_IRFCL95_SM3MUTY_PT_TONS1XAONA_EUR,"Contingent short-term net drains on foreign currency assets (nominal value), Undrawn unconditional credit lines, More than 3 months and up to 1 year, Provided to, Other National Monetary",NA
IRFCL,International Reserves and Foreign Currency Liquidity (IRFCL),DSD_IRFCL_PUB,INDICATOR,CL_IRFCL_INDICATOR_PUB,TRUE,IRFCLDT3_IRFCL95_SM3MUTY_PT_TONS1XAONA_USD,"Contingent short-term net drains on foreign currency assets (nominal value), Undrawn unconditional credit lines, More than 3 months and up to 1 year, Provided to, Other National Monetary",NA
IRFCL,International Reserves and Foreign Currency Liquidity (IRFCL),DSD_IRFCL_PUB,INDICATOR,CL_IRFCL_INDICATOR_PUB,TRUE,IRFCLDT3_IRFCL95_SM3MUTY_PT_TONS1XAONA_XDC,"Contingent short-term net drains on foreign currency assets (nominal value), Undrawn unconditional credit lines, More than 3 months and up to 1 year, Provided to, Other National Monetary",NA
IRFCL,International Reserves and Foreign Currency Liquidity (IRFCL),DSD_IRFCL_PUB,INDICATOR,CL_IRFCL_INDICATOR_PUB,TRUE,IRFCLDT3_IRFCL95T_PT_TONS1XAONA_EUR,"Contingent short-term net drains on foreign currency assets (nominal value), Total undrawn unconditional credit lines, Provided to, Other National Monetary",NA
IRFCL,International Reserves and Foreign Currency Liquidity (IRFCL),DSD_IRFCL_PUB,INDICATOR,CL_IRFCL_INDICATOR_PUB,TRUE,IRFCLDT3_IRFCL95T_PT_TONS1XAONA_USD,"Contingent short-term net drains on foreign currency assets (nominal value), Total undrawn unconditional credit lines, Provided to, Other National Monetary",NA
IRFCL,International Reserves and Foreign Currency Liquidity (IRFCL),DSD_IRFCL_PUB,INDICATOR,CL_IRFCL_INDICATOR_PUB,TRUE,IRFCLDT3_IRFCL95T_PT_TONS1XAONA_XDC,"Contingent short-term net drains on foreign currency assets (nominal value), Total undrawn unconditional credit lines, Provided to, Other National Monetary",NA
IRFCL,International Reserves and Foreign Currency Liquidity (IRFCL),DSD_IRFCL_PUB,INDICATOR,CL_IRFCL_INDICATOR_PUB,TRUE,IRFCLDT3_IRFCL95_SM1MUT3M_PT_BOFIORC_EUR,"Contingent short-term net drains on foreign currency assets (nominal value), Undrawn unconditional credit lines, More than 1 and up to 3 months, Provided to, banks and other financial institutions outside reporting country",NA
IRFCL,International Reserves and Foreign Currency Liquidity (IRFCL),DSD_IRFCL_PUB,INDICATOR,CL_IRFCL_INDICATOR_PUB,TRUE,IRFCLDT3_IRFCL95_SM1MUT3M_PT_BOFIORC_USD,"Contingent short-term net drains on foreign currency assets (nominal value), Undrawn unconditional credit lines, More than 1 and up to 3 months, Provided to, banks and other financial institutions outside reporting country",NA
IRFCL,International Reserves and Foreign Currency Liquidity (IRFCL),DSD_IRFCL_PUB,INDICATOR,CL_IRFCL_INDICATOR_PUB,TRUE,IRFCLDT3_IRFCL95_SM1MUT3M_PT_BOFIORC_XDC,"Contingent short-term net drains on foreign currency assets (nominal value), Undrawn unconditional credit lines, More than 1 and up to 3 months, Provided to, banks and other financial institutions outside reporting country",NA
IRFCL,International Reserves and Foreign Currency Liquidity (IRFCL),DSD_IRFCL_PUB,INDICATOR,CL_IRFCL_INDICATOR_PUB,TRUE,IRFCLDT3_IRFCL95_SUTM_PT_BOFIORC_EUR,"Contingent short-term net drains on foreign currency assets (nominal value), Undrawn unconditional credit lines, Up to 1 month, Provided to, banks and other financial institutions outside reporting country",NA
IRFCL,International Reserves and Foreign Currency Liquidity (IRFCL),DSD_IRFCL_PUB,INDICATOR,CL_IRFCL_INDICATOR_PUB,TRUE,IRFCLDT3_IRFCL95_SUTM_PT_BOFIORC_USD,"Contingent short-term net drains on foreign currency assets (nominal value), Undrawn unconditional credit lines, Up to 1 month, Provided to, banks and other financial institutions outside reporting country",NA
IRFCL,International Reserves and Foreign Currency Liquidity (IRFCL),DSD_IRFCL_PUB,INDICATOR,CL_IRFCL_INDICATOR_PUB,TRUE,IRFCLDT3_IRFCL95_SUTM_PT_BOFIORC_XDC,"Contingent short-term net drains on foreign currency assets (nominal value), Undrawn unconditional credit lines, Up to 1 month, Provided to, banks and other financial institutions outside reporting country",NA
IRFCL,International Reserves and Foreign Currency Liquidity (IRFCL),DSD_IRFCL_PUB,INDICATOR,CL_IRFCL_INDICATOR_PUB,TRUE,IRFCLDT3_IRFCL95_SM3MUTY_PT_BOFIORC_EUR,"Contingent short-term net drains on foreign currency assets (nominal value), Undrawn unconditional credit lines, More than 3 months and up to 1 year, Provided to, banks and other financial institutions outside reporting country",NA
IRFCL,International Reserves and Foreign Currency Liquidity (IRFCL),DSD_IRFCL_PUB,INDICATOR,CL_IRFCL_INDICATOR_PUB,TRUE,IRFCLDT3_IRFCL95_SM3MUTY_PT_BOFIORC_USD,"Contingent short-term net drains on foreign currency assets (nominal value), Undrawn unconditional credit lines, More than 3 months and up to 1 year, Provided to, banks and other financial institutions outside reporting country",NA
IRFCL,International Reserves and Foreign Currency Liquidity (IRFCL),DSD_IRFCL_PUB,INDICATOR,CL_IRFCL_INDICATOR_PUB,TRUE,IRFCLDT3_IRFCL95_SM3MUTY_PT_BOFIORC_XDC,"Contingent short-term net drains on foreign currency assets (nominal value), Undrawn unconditional credit lines, More than 3 months and up to 1 year, Provided to, banks and other financial institutions outside reporting country",NA
IRFCL,International Reserves and Foreign Currency Liquidity (IRFCL),DSD_IRFCL_PUB,INDICATOR,CL_IRFCL_INDICATOR_PUB,TRUE,IRFCLDT3_IRFCL95T_PT_BOFIORC_EUR,"Contingent short-term net drains on foreign currency assets (nominal value), Total undrawn unconditional credit lines, Provided to, banks and other financial institutions outside reporting country",NA
IRFCL,International Reserves and Foreign Currency Liquidity (IRFCL),DSD_IRFCL_PUB,INDICATOR,CL_IRFCL_INDICATOR_PUB,TRUE,IRFCLDT3_IRFCL95T_PT_BOFIORC_USD,"Contingent short-term net drains on foreign currency assets (nominal value), Total undrawn unconditional credit lines, Provided to, banks and other financial institutions outside reporting country",NA
IRFCL,International Reserves and Foreign Currency Liquidity (IRFCL),DSD_IRFCL_PUB,INDICATOR,CL_IRFCL_INDICATOR_PUB,TRUE,IRFCLDT3_IRFCL95T_PT_BOFIORC_XDC,"Contingent short-term net drains on foreign currency assets (nominal value), Total undrawn unconditional credit lines, Provided to, banks and other financial institutions outside reporting country",NA
IRFCL,International Reserves and Foreign Currency Liquidity (IRFCL),DSD_IRFCL_PUB,INDICATOR,CL_IRFCL_INDICATOR_PUB,TRUE,IRFCLDT3_IRFCL95_SM1MUT3M_PT_BOFIRC_EUR,"Contingent short-term net drains on foreign currency assets (nominal value), Undrawn unconditional credit lines, More than 1 and up to 3 months, Provided to, banks and other financial institutions in the reporting country",NA
IRFCL,International Reserves and Foreign Currency Liquidity (IRFCL),DSD_IRFCL_PUB,INDICATOR,CL_IRFCL_INDICATOR_PUB,TRUE,IRFCLDT3_IRFCL95_SM1MUT3M_PT_BOFIRC_USD,"Contingent short-term net drains on foreign currency assets (nominal value), Undrawn unconditional credit lines, More than 1 and up to 3 months, Provided to, banks and other financial institutions in the reporting country",NA
IRFCL,International Reserves and Foreign Currency Liquidity (IRFCL),DSD_IRFCL_PUB,INDICATOR,CL_IRFCL_INDICATOR_PUB,TRUE,IRFCLDT3_IRFCL95_SM1MUT3M_PT_BOFIRC_XDC,"Contingent short-term net drains on foreign currency assets (nominal value), Undrawn unconditional credit lines, More than 1 and up to 3 months, Provided to, banks and other financial institutions in the reporting country",NA
IRFCL,International Reserves and Foreign Currency Liquidity (IRFCL),DSD_IRFCL_PUB,INDICATOR,CL_IRFCL_INDICATOR_PUB,TRUE,IRFCLDT3_IRFCL95_SUTM_PT_BOFIRC_EUR,"Contingent short-term net drains on foreign currency assets (nominal value), Undrawn unconditional credit lines, Up to 1 month, Provided to, banks and other financial institutions in the reporting country",NA
IRFCL,International Reserves and Foreign Currency Liquidity (IRFCL),DSD_IRFCL_PUB,INDICATOR,CL_IRFCL_INDICATOR_PUB,TRUE,IRFCLDT3_IRFCL95_SUTM_PT_BOFIRC_USD,"Contingent short-term net drains on foreign currency assets (nominal value), Undrawn unconditional credit lines, Up to 1 month, Provided to, banks and other financial institutions in the reporting country",NA
IRFCL,International Reserves and Foreign Currency Liquidity (IRFCL),DSD_IRFCL_PUB,INDICATOR,CL_IRFCL_INDICATOR_PUB,TRUE,IRFCLDT3_IRFCL95_SUTM_PT_BOFIRC_XDC,"Contingent short-term net drains on foreign currency assets (nominal value), Undrawn unconditional credit lines, Up to 1 month, Provided to, banks and other financial institutions in the reporting country",NA
IRFCL,International Reserves and Foreign Currency Liquidity (IRFCL),DSD_IRFCL_PUB,INDICATOR,CL_IRFCL_INDICATOR_PUB,TRUE,IRFCLDT3_IRFCL95_SM3MUTY_PT_BOFIRC_EUR,"Contingent short-term net drains on foreign currency assets (nominal value), Undrawn unconditional credit lines, More than 3 months and up to 1 year, Provided to, banks and other financial institutions in the reporting country",NA
IRFCL,International Reserves and Foreign Currency Liquidity (IRFCL),DSD_IRFCL_PUB,INDICATOR,CL_IRFCL_INDICATOR_PUB,TRUE,IRFCLDT3_IRFCL95_SM3MUTY_PT_BOFIRC_USD,"Contingent short-term net drains on foreign currency assets (nominal value), Undrawn unconditional credit lines, More than 3 months and up to 1 year, Provided to, banks and other financial institutions in the reporting country",NA
IRFCL,International Reserves and Foreign Currency Liquidity (IRFCL),DSD_IRFCL_PUB,INDICATOR,CL_IRFCL_INDICATOR_PUB,TRUE,IRFCLDT3_IRFCL95_SM3MUTY_PT_BOFIRC_XDC,"Contingent short-term net drains on foreign currency assets (nominal value), Undrawn unconditional credit lines, More than 3 months and up to 1 year, Provided to, banks and other financial institutions in the reporting country",NA
IRFCL,International Reserves and Foreign Currency Liquidity (IRFCL),DSD_IRFCL_PUB,INDICATOR,CL_IRFCL_INDICATOR_PUB,TRUE,IRFCLDT3_IRFCL95T_PT_BOFIRC_EUR,"Contingent short-term net drains on foreign currency assets (nominal value), Total undrawn unconditional credit lines, Provided to, banks and other financial institutions in the reporting country",NA
IRFCL,International Reserves and Foreign Currency Liquidity (IRFCL),DSD_IRFCL_PUB,INDICATOR,CL_IRFCL_INDICATOR_PUB,TRUE,IRFCLDT3_IRFCL95T_PT_BOFIRC_USD,"Contingent short-term net drains on foreign currency assets (nominal value), Total undrawn unconditional credit lines, Provided to, banks and other financial institutions in the reporting country",NA
IRFCL,International Reserves and Foreign Currency Liquidity (IRFCL),DSD_IRFCL_PUB,INDICATOR,CL_IRFCL_INDICATOR_PUB,TRUE,IRFCLDT3_IRFCL95T_PT_BOFIRC_XDC,"Contingent short-term net drains on foreign currency assets (nominal value), Total undrawn unconditional credit lines, Provided to, banks and other financial institutions in the reporting country",NA
IRFCL,International Reserves and Foreign Currency Liquidity (IRFCL),DSD_IRFCL_PUB,INDICATOR,CL_IRFCL_INDICATOR_PUB,TRUE,IRFCLDT3_CL_SM1MUT3M_EUR,"Contingent short-term net drains on foreign currency assets (nominal value), Contingent liabilities, More than 1 and up to 3 months",NA
IRFCL,International Reserves and Foreign Currency Liquidity (IRFCL),DSD_IRFCL_PUB,INDICATOR,CL_IRFCL_INDICATOR_PUB,TRUE,IRFCLDT3_CL_SM1MUT3M_USD,"Contingent short-term net drains on foreign currency assets (nominal value), Contingent liabilities, More than 1 and up to 3 months",NA
IRFCL,International Reserves and Foreign Currency Liquidity (IRFCL),DSD_IRFCL_PUB,INDICATOR,CL_IRFCL_INDICATOR_PUB,TRUE,IRFCLDT3_CL_SM1MUT3M_XDC,"Contingent short-term net drains on foreign currency assets (nominal value), Contingent liabilities, More than 1 and up to 3 months",NA
IRFCL,International Reserves and Foreign Currency Liquidity (IRFCL),DSD_IRFCL_PUB,INDICATOR,CL_IRFCL_INDICATOR_PUB,TRUE,IRFCLDT3_SUTM_CL_EUR,"Contingent short-term net drains on foreign currency assets (nominal value), Up to 1 month, Contingent liabilities",NA
IRFCL,International Reserves and Foreign Currency Liquidity (IRFCL),DSD_IRFCL_PUB,INDICATOR,CL_IRFCL_INDICATOR_PUB,TRUE,IRFCLDT3_SUTM_CL_USD,"Contingent short-term net drains on foreign currency assets (nominal value), Up to 1 month, Contingent liabilities",NA
IRFCL,International Reserves and Foreign Currency Liquidity (IRFCL),DSD_IRFCL_PUB,INDICATOR,CL_IRFCL_INDICATOR_PUB,TRUE,IRFCLDT3_SUTM_CL_XDC,"Contingent short-term net drains on foreign currency assets (nominal value), Up to 1 month, Contingent liabilities",NA
IRFCL,International Reserves and Foreign Currency Liquidity (IRFCL),DSD_IRFCL_PUB,INDICATOR,CL_IRFCL_INDICATOR_PUB,TRUE,IRFCLDT3_CL_SM3MUTY_EUR,"Contingent short-term net drains on foreign currency assets (nominal value), Contingent liabilities, More than 3 months and up to 1 year",NA
IRFCL,International Reserves and Foreign Currency Liquidity (IRFCL),DSD_IRFCL_PUB,INDICATOR,CL_IRFCL_INDICATOR_PUB,TRUE,IRFCLDT3_CL_SM3MUTY_USD,"Contingent short-term net drains on foreign currency assets (nominal value), Contingent liabilities, More than 3 months and up to 1 year",NA
IRFCL,International Reserves and Foreign Currency Liquidity (IRFCL),DSD_IRFCL_PUB,INDICATOR,CL_IRFCL_INDICATOR_PUB,TRUE,IRFCLDT3_CL_SM3MUTY_XDC,"Contingent short-term net drains on foreign currency assets (nominal value), Contingent liabilities, More than 3 months and up to 1 year",NA
IRFCL,International Reserves and Foreign Currency Liquidity (IRFCL),DSD_IRFCL_PUB,INDICATOR,CL_IRFCL_INDICATOR_PUB,TRUE,IRFCLDT3_CL_EUR,"Contingent short-term net drains on foreign currency assets (nominal value), Contingent liabilities",NA
IRFCL,International Reserves and Foreign Currency Liquidity (IRFCL),DSD_IRFCL_PUB,INDICATOR,CL_IRFCL_INDICATOR_PUB,TRUE,IRFCLDT3_CL_USD,"Contingent short-term net drains on foreign currency assets (nominal value), Contingent liabilities",NA
IRFCL,International Reserves and Foreign Currency Liquidity (IRFCL),DSD_IRFCL_PUB,INDICATOR,CL_IRFCL_INDICATOR_PUB,TRUE,IRFCLDT3_CL_XDC,"Contingent short-term net drains on foreign currency assets (nominal value), Contingent liabilities",NA
IRFCL,International Reserves and Foreign Currency Liquidity (IRFCL),DSD_IRFCL_PUB,INDICATOR,CL_IRFCL_INDICATOR_PUB,TRUE,IRFCLDT3_IRFCL9_SM1MUT3M_CL_EUR,"Contingent short-term net drains on foreign currency assets (nominal value), Collateral guarantees on debt, More than 1 and up to 3 months, Contingent liabilities",NA
IRFCL,International Reserves and Foreign Currency Liquidity (IRFCL),DSD_IRFCL_PUB,INDICATOR,CL_IRFCL_INDICATOR_PUB,TRUE,IRFCLDT3_IRFCL9_SM1MUT3M_CL_USD,"Contingent short-term net drains on foreign currency assets (nominal value), Collateral guarantees on debt, More than 1 and up to 3 months, Contingent liabilities",NA
IRFCL,International Reserves and Foreign Currency Liquidity (IRFCL),DSD_IRFCL_PUB,INDICATOR,CL_IRFCL_INDICATOR_PUB,TRUE,IRFCLDT3_IRFCL9_SM1MUT3M_CL_XDC,"Contingent short-term net drains on foreign currency assets (nominal value), Collateral guarantees on debt, More than 1 and up to 3 months, Contingent liabilities",NA
IRFCL,International Reserves and Foreign Currency Liquidity (IRFCL),DSD_IRFCL_PUB,INDICATOR,CL_IRFCL_INDICATOR_PUB,TRUE,IRFCLDT3_IRFCL9_SD1Y_CL_EUR,"Contingent short-term net drains on foreign currency assets (nominal value), Collateral guarantees on debt, Falling due within 1 year, Contingent liabilities",NA
IRFCL,International Reserves and Foreign Currency Liquidity (IRFCL),DSD_IRFCL_PUB,INDICATOR,CL_IRFCL_INDICATOR_PUB,TRUE,IRFCLDT3_IRFCL9_SD1Y_CL_USD,"Contingent short-term net drains on foreign currency assets (nominal value), Collateral guarantees on debt, Falling due within 1 year, Contingent liabilities",NA
IRFCL,International Reserves and Foreign Currency Liquidity (IRFCL),DSD_IRFCL_PUB,INDICATOR,CL_IRFCL_INDICATOR_PUB,TRUE,IRFCLDT3_IRFCL9_SD1Y_CL_XDC,"Contingent short-term net drains on foreign currency assets (nominal value), Collateral guarantees on debt, Falling due within 1 year, Contingent liabilities",NA
IRFCL,International Reserves and Foreign Currency Liquidity (IRFCL),DSD_IRFCL_PUB,INDICATOR,CL_IRFCL_INDICATOR_PUB,TRUE,IRFCLDT3_IRFCL9_SM3MUTY_CL_EUR,"Contingent short-term net drains on foreign currency assets (nominal value), Collateral guarantees on debt, More than 3 months and up to 1 year, Contingent liabilities",NA
IRFCL,International Reserves and Foreign Currency Liquidity (IRFCL),DSD_IRFCL_PUB,INDICATOR,CL_IRFCL_INDICATOR_PUB,TRUE,IRFCLDT3_IRFCL9_SM3MUTY_CL_USD,"Contingent short-term net drains on foreign currency assets (nominal value), Collateral guarantees on debt, More than 3 months and up to 1 year, Contingent liabilities",NA
IRFCL,International Reserves and Foreign Currency Liquidity (IRFCL),DSD_IRFCL_PUB,INDICATOR,CL_IRFCL_INDICATOR_PUB,TRUE,IRFCLDT3_IRFCL9_SM3MUTY_CL_XDC,"Contingent short-term net drains on foreign currency assets (nominal value), Collateral guarantees on debt, More than 3 months and up to 1 year, Contingent liabilities",NA
IRFCL,International Reserves and Foreign Currency Liquidity (IRFCL),DSD_IRFCL_PUB,INDICATOR,CL_IRFCL_INDICATOR_PUB,TRUE,IRFCLDT3_IRFCL9T_SD1Y_CL_EUR,"Contingent short-term net drains on foreign currency assets (nominal value), Total collateral guarantees on debt, Falling due within 1 year, Contingent liabilities",NA
IRFCL,International Reserves and Foreign Currency Liquidity (IRFCL),DSD_IRFCL_PUB,INDICATOR,CL_IRFCL_INDICATOR_PUB,TRUE,IRFCLDT3_IRFCL9T_SD1Y_CL_USD,"Contingent short-term net drains on foreign currency assets (nominal value), Total collateral guarantees on debt, Falling due within 1 year, Contingent liabilities",NA
IRFCL,International Reserves and Foreign Currency Liquidity (IRFCL),DSD_IRFCL_PUB,INDICATOR,CL_IRFCL_INDICATOR_PUB,TRUE,IRFCLDT3_IRFCL9T_SD1Y_CL_XDC,"Contingent short-term net drains on foreign currency assets (nominal value), Total collateral guarantees on debt, Falling due within 1 year, Contingent liabilities",NA
IRFCL,International Reserves and Foreign Currency Liquidity (IRFCL),DSD_IRFCL_PUB,INDICATOR,CL_IRFCL_INDICATOR_PUB,TRUE,IRFCLDT3_SM1MUT3M_EUR,"Contingent short-term net drains on foreign currency assets (nominal value), More than 1 and up to 3 months",NA
IRFCL,International Reserves and Foreign Currency Liquidity (IRFCL),DSD_IRFCL_PUB,INDICATOR,CL_IRFCL_INDICATOR_PUB,TRUE,IRFCLDT3_SM1MUT3M_USD,"Contingent short-term net drains on foreign currency assets (nominal value), More than 1 and up to 3 months",NA
IRFCL,International Reserves and Foreign Currency Liquidity (IRFCL),DSD_IRFCL_PUB,INDICATOR,CL_IRFCL_INDICATOR_PUB,TRUE,IRFCLDT3_SM1MUT3M_XDC,"Contingent short-term net drains on foreign currency assets (nominal value), More than 1 and up to 3 months",NA
IRFCL,International Reserves and Foreign Currency Liquidity (IRFCL),DSD_IRFCL_PUB,INDICATOR,CL_IRFCL_INDICATOR_PUB,TRUE,IRFCLDT3_SUTM_EUR,"Contingent short-term net drains on foreign currency assets (nominal value), Up to 1 month",NA
IRFCL,International Reserves and Foreign Currency Liquidity (IRFCL),DSD_IRFCL_PUB,INDICATOR,CL_IRFCL_INDICATOR_PUB,TRUE,IRFCLDT3_SUTM_USD,"Contingent short-term net drains on foreign currency assets (nominal value), Up to 1 month",NA
IRFCL,International Reserves and Foreign Currency Liquidity (IRFCL),DSD_IRFCL_PUB,INDICATOR,CL_IRFCL_INDICATOR_PUB,TRUE,IRFCLDT3_SUTM_XDC,"Contingent short-term net drains on foreign currency assets (nominal value), Up to 1 month",NA
IRFCL,International Reserves and Foreign Currency Liquidity (IRFCL),DSD_IRFCL_PUB,INDICATOR,CL_IRFCL_INDICATOR_PUB,TRUE,IRFCLDT3_SM3MUTY_EUR,"Contingent short-term net drains on foreign currency assets (nominal value), More than 3 months and up to 1 year",NA
IRFCL,International Reserves and Foreign Currency Liquidity (IRFCL),DSD_IRFCL_PUB,INDICATOR,CL_IRFCL_INDICATOR_PUB,TRUE,IRFCLDT3_SM3MUTY_USD,"Contingent short-term net drains on foreign currency assets (nominal value), More than 3 months and up to 1 year",NA
IRFCL,International Reserves and Foreign Currency Liquidity (IRFCL),DSD_IRFCL_PUB,INDICATOR,CL_IRFCL_INDICATOR_PUB,TRUE,IRFCLDT3_SM3MUTY_XDC,"Contingent short-term net drains on foreign currency assets (nominal value), More than 3 months and up to 1 year",NA
IRFCL,International Reserves and Foreign Currency Liquidity (IRFCL),DSD_IRFCL_PUB,INDICATOR,CL_IRFCL_INDICATOR_PUB,TRUE,IRFCLDT3_OCL_EUR,"Contingent short-term net drains on foreign currency assets (nominal value), Other contingent liabilities",NA
IRFCL,International Reserves and Foreign Currency Liquidity (IRFCL),DSD_IRFCL_PUB,INDICATOR,CL_IRFCL_INDICATOR_PUB,TRUE,IRFCLDT3_OCL_USD,"Contingent short-term net drains on foreign currency assets (nominal value), Other contingent liabilities",NA
IRFCL,International Reserves and Foreign Currency Liquidity (IRFCL),DSD_IRFCL_PUB,INDICATOR,CL_IRFCL_INDICATOR_PUB,TRUE,IRFCLDT3_OCL_XDC,"Contingent short-term net drains on foreign currency assets (nominal value), Other contingent liabilities",NA
IRFCL,International Reserves and Foreign Currency Liquidity (IRFCL),DSD_IRFCL_PUB,INDICATOR,CL_IRFCL_INDICATOR_PUB,TRUE,IRFCLDT3_IRFCL5_SM1MUT3M_EC15_LP_EUR,"Contingent short-term net drains on foreign currency assets (nominal value), Options in foreign currencies vis a  vis the domestic currency, More than 1 and up to 3 months, In-the-money Options, At Current Exchange Rate, Long positions",NA
IRFCL,International Reserves and Foreign Currency Liquidity (IRFCL),DSD_IRFCL_PUB,INDICATOR,CL_IRFCL_INDICATOR_PUB,TRUE,IRFCLDT3_IRFCL5_SM1MUT3M_EC15_LP_USD,"Contingent short-term net drains on foreign currency assets (nominal value), Options in foreign currencies vis a  vis the domestic currency, More than 1 and up to 3 months, In-the-money Options, At Current Exchange Rate, Long positions",NA
IRFCL,International Reserves and Foreign Currency Liquidity (IRFCL),DSD_IRFCL_PUB,INDICATOR,CL_IRFCL_INDICATOR_PUB,TRUE,IRFCLDT3_IRFCL5_SM1MUT3M_EC15_LP_XDC,"Contingent short-term net drains on foreign currency assets (nominal value), Options in foreign currencies vis a  vis the domestic currency, More than 1 and up to 3 months, In-the-money Options, At Current Exchange Rate, Long positions",NA
IRFCL,International Reserves and Foreign Currency Liquidity (IRFCL),DSD_IRFCL_PUB,INDICATOR,CL_IRFCL_INDICATOR_PUB,TRUE,IRFCLDT3_IRFCL5_SUTM_EC15_LP_EUR,"Contingent short-term net drains on foreign currency assets (nominal value), Options in foreign currencies vis a  vis the domestic currency, Up to 1 month, In-the-money Options, At Current Exchange Rate, Long positions",NA
IRFCL,International Reserves and Foreign Currency Liquidity (IRFCL),DSD_IRFCL_PUB,INDICATOR,CL_IRFCL_INDICATOR_PUB,TRUE,IRFCLDT3_IRFCL5_SUTM_EC15_LP_USD,"Contingent short-term net drains on foreign currency assets (nominal value), Options in foreign currencies vis a  vis the domestic currency, Up to 1 month, In-the-money Options, At Current Exchange Rate, Long positions",NA
IRFCL,International Reserves and Foreign Currency Liquidity (IRFCL),DSD_IRFCL_PUB,INDICATOR,CL_IRFCL_INDICATOR_PUB,TRUE,IRFCLDT3_IRFCL5_SUTM_EC15_LP_XDC,"Contingent short-term net drains on foreign currency assets (nominal value), Options in foreign currencies vis a  vis the domestic currency, Up to 1 month, In-the-money Options, At Current Exchange Rate, Long positions",NA
IRFCL,International Reserves and Foreign Currency Liquidity (IRFCL),DSD_IRFCL_PUB,INDICATOR,CL_IRFCL_INDICATOR_PUB,TRUE,IRFCLDT3_IRFCL5_SM3MUTY_EC15_LP_EUR,"Contingent short-term net drains on foreign currency assets (nominal value), Options in foreign currencies vis a  vis the domestic currency, More than 3 months and up to 1 year, In-the-money Options, At Current Exchange Rate, Long positions",NA
IRFCL,International Reserves and Foreign Currency Liquidity (IRFCL),DSD_IRFCL_PUB,INDICATOR,CL_IRFCL_INDICATOR_PUB,TRUE,IRFCLDT3_IRFCL5_SM3MUTY_EC15_LP_USD,"Contingent short-term net drains on foreign currency assets (nominal value), Options in foreign currencies vis a  vis the domestic currency, More than 3 months and up to 1 year, In-the-money Options, At Current Exchange Rate, Long positions",NA
IRFCL,International Reserves and Foreign Currency Liquidity (IRFCL),DSD_IRFCL_PUB,INDICATOR,CL_IRFCL_INDICATOR_PUB,TRUE,IRFCLDT3_IRFCL5_SM3MUTY_EC15_LP_XDC,"Contingent short-term net drains on foreign currency assets (nominal value), Options in foreign currencies vis a  vis the domestic currency, More than 3 months and up to 1 year, In-the-money Options, At Current Exchange Rate, Long positions",NA
IRFCL,International Reserves and Foreign Currency Liquidity (IRFCL),DSD_IRFCL_PUB,INDICATOR,CL_IRFCL_INDICATOR_PUB,TRUE,IRFCLDT3_IRFCL5T_EC15_LP_EUR,"Contingent short-term net drains on foreign currency assets (nominal value), Total options in foreign currencies vis-a-vis the domestic currency, In-the-money Options, At Current Exchange Rate, Long positions",NA
IRFCL,International Reserves and Foreign Currency Liquidity (IRFCL),DSD_IRFCL_PUB,INDICATOR,CL_IRFCL_INDICATOR_PUB,TRUE,IRFCLDT3_IRFCL5T_EC15_LP_USD,"Contingent short-term net drains on foreign currency assets (nominal value), Total options in foreign currencies vis-a-vis the domestic currency, In-the-money Options, At Current Exchange Rate, Long positions",NA
IRFCL,International Reserves and Foreign Currency Liquidity (IRFCL),DSD_IRFCL_PUB,INDICATOR,CL_IRFCL_INDICATOR_PUB,TRUE,IRFCLDT3_IRFCL5T_EC15_LP_XDC,"Contingent short-term net drains on foreign currency assets (nominal value), Total options in foreign currencies vis-a-vis the domestic currency, In-the-money Options, At Current Exchange Rate, Long positions",NA
IRFCL,International Reserves and Foreign Currency Liquidity (IRFCL),DSD_IRFCL_PUB,INDICATOR,CL_IRFCL_INDICATOR_PUB,TRUE,IRFCLDT3_IRFCL5_SM1MUT3M_EC15_SHP_EUR,"Contingent short-term net drains on foreign currency assets (nominal value), Options in foreign currencies vis a  vis the domestic currency, More than 1 and up to 3 months, In-the-money Options, At Current Exchange Rate, Short positions",NA
IRFCL,International Reserves and Foreign Currency Liquidity (IRFCL),DSD_IRFCL_PUB,INDICATOR,CL_IRFCL_INDICATOR_PUB,TRUE,IRFCLDT3_IRFCL5_SM1MUT3M_EC15_SHP_USD,"Contingent short-term net drains on foreign currency assets (nominal value), Options in foreign currencies vis a  vis the domestic currency, More than 1 and up to 3 months, In-the-money Options, At Current Exchange Rate, Short positions",NA
IRFCL,International Reserves and Foreign Currency Liquidity (IRFCL),DSD_IRFCL_PUB,INDICATOR,CL_IRFCL_INDICATOR_PUB,TRUE,IRFCLDT3_IRFCL5_SM1MUT3M_EC15_SHP_XDC,"Contingent short-term net drains on foreign currency assets (nominal value), Options in foreign currencies vis a  vis the domestic currency, More than 1 and up to 3 months, In-the-money Options, At Current Exchange Rate, Short positions",NA
IRFCL,International Reserves and Foreign Currency Liquidity (IRFCL),DSD_IRFCL_PUB,INDICATOR,CL_IRFCL_INDICATOR_PUB,TRUE,IRFCLDT3_IRFCL5_SUTM_EC15_SHP_EUR,"Contingent short-term net drains on foreign currency assets (nominal value), Options in foreign currencies vis a  vis the domestic currency, Up to 1 month, In-the-money Options, At Current Exchange Rate, Short positions",NA
IRFCL,International Reserves and Foreign Currency Liquidity (IRFCL),DSD_IRFCL_PUB,INDICATOR,CL_IRFCL_INDICATOR_PUB,TRUE,IRFCLDT3_IRFCL5_SUTM_EC15_SHP_USD,"Contingent short-term net drains on foreign currency assets (nominal value), Options in foreign currencies vis a  vis the domestic currency, Up to 1 month, In-the-money Options, At Current Exchange Rate, Short positions",NA
IRFCL,International Reserves and Foreign Currency Liquidity (IRFCL),DSD_IRFCL_PUB,INDICATOR,CL_IRFCL_INDICATOR_PUB,TRUE,IRFCLDT3_IRFCL5_SUTM_EC15_SHP_XDC,"Contingent short-term net drains on foreign currency assets (nominal value), Options in foreign currencies vis a  vis the domestic currency, Up to 1 month, In-the-money Options, At Current Exchange Rate, Short positions",NA
IRFCL,International Reserves and Foreign Currency Liquidity (IRFCL),DSD_IRFCL_PUB,INDICATOR,CL_IRFCL_INDICATOR_PUB,TRUE,IRFCLDT3_IRFCL5_SM3MUTY_EC15_SHP_EUR,"Contingent short-term net drains on foreign currency assets (nominal value), Options in foreign currencies vis a  vis the domestic currency, More than 3 months and up to 1 year, In-the-money Options, At Current Exchange Rate, Short positions",NA
IRFCL,International Reserves and Foreign Currency Liquidity (IRFCL),DSD_IRFCL_PUB,INDICATOR,CL_IRFCL_INDICATOR_PUB,TRUE,IRFCLDT3_IRFCL5_SM3MUTY_EC15_SHP_USD,"Contingent short-term net drains on foreign currency assets (nominal value), Options in foreign currencies vis a  vis the domestic currency, More than 3 months and up to 1 year, In-the-money Options, At Current Exchange Rate, Short positions",NA
IRFCL,International Reserves and Foreign Currency Liquidity (IRFCL),DSD_IRFCL_PUB,INDICATOR,CL_IRFCL_INDICATOR_PUB,TRUE,IRFCLDT3_IRFCL5_SM3MUTY_EC15_SHP_XDC,"Contingent short-term net drains on foreign currency assets (nominal value), Options in foreign currencies vis a  vis the domestic currency, More than 3 months and up to 1 year, In-the-money Options, At Current Exchange Rate, Short positions",NA
IRFCL,International Reserves and Foreign Currency Liquidity (IRFCL),DSD_IRFCL_PUB,INDICATOR,CL_IRFCL_INDICATOR_PUB,TRUE,IRFCLDT3_IRFCL5T_EC15_SHP_EUR,"Contingent short-term net drains on foreign currency assets (nominal value), Total options in foreign currencies vis-a-vis the domestic currency, In-the-money Options, At Current Exchange Rate, Short positions",NA
IRFCL,International Reserves and Foreign Currency Liquidity (IRFCL),DSD_IRFCL_PUB,INDICATOR,CL_IRFCL_INDICATOR_PUB,TRUE,IRFCLDT3_IRFCL5T_EC15_SHP_USD,"Contingent short-term net drains on foreign currency assets (nominal value), Total options in foreign currencies vis-a-vis the domestic currency, In-the-money Options, At Current Exchange Rate, Short positions",NA
IRFCL,International Reserves and Foreign Currency Liquidity (IRFCL),DSD_IRFCL_PUB,INDICATOR,CL_IRFCL_INDICATOR_PUB,TRUE,IRFCLDT3_IRFCL5T_EC15_SHP_XDC,"Contingent short-term net drains on foreign currency assets (nominal value), Total options in foreign currencies vis-a-vis the domestic currency, In-the-money Options, At Current Exchange Rate, Short positions",NA
IRFCL,International Reserves and Foreign Currency Liquidity (IRFCL),DSD_IRFCL_PUB,INDICATOR,CL_IRFCL_INDICATOR_PUB,TRUE,IRFCLDT3_IRFCL5_SM1MUT3M_EC14_LP_EUR,"Contingent short-term net drains on foreign currency assets (nominal value), Options in foreign currencies vis a  vis the domestic currency, More than 1 and up to 3 months, In-the-money Options, + 5 % (Depreciation of 5%), Long positions",NA
IRFCL,International Reserves and Foreign Currency Liquidity (IRFCL),DSD_IRFCL_PUB,INDICATOR,CL_IRFCL_INDICATOR_PUB,TRUE,IRFCLDT3_IRFCL5_SM1MUT3M_EC14_LP_USD,"Contingent short-term net drains on foreign currency assets (nominal value), Options in foreign currencies vis a  vis the domestic currency, More than 1 and up to 3 months, In-the-money Options, + 5 % (Depreciation of 5%), Long positions",NA
IRFCL,International Reserves and Foreign Currency Liquidity (IRFCL),DSD_IRFCL_PUB,INDICATOR,CL_IRFCL_INDICATOR_PUB,TRUE,IRFCLDT3_IRFCL5_SM1MUT3M_EC14_LP_XDC,"Contingent short-term net drains on foreign currency assets (nominal value), Options in foreign currencies vis a  vis the domestic currency, More than 1 and up to 3 months, In-the-money Options, + 5 % (Depreciation of 5%), Long positions",NA
IRFCL,International Reserves and Foreign Currency Liquidity (IRFCL),DSD_IRFCL_PUB,INDICATOR,CL_IRFCL_INDICATOR_PUB,TRUE,IRFCLDT3_IRFCL5_SUTM_EC14_LP_EUR,"Contingent short-term net drains on foreign currency assets (nominal value), Options in foreign currencies vis a  vis the domestic currency, Up to 1 month, In-the-money Options, + 5 % (Depreciation of 5%), Long positions",NA
IRFCL,International Reserves and Foreign Currency Liquidity (IRFCL),DSD_IRFCL_PUB,INDICATOR,CL_IRFCL_INDICATOR_PUB,TRUE,IRFCLDT3_IRFCL5_SUTM_EC14_LP_USD,"Contingent short-term net drains on foreign currency assets (nominal value), Options in foreign currencies vis a  vis the domestic currency, Up to 1 month, In-the-money Options, + 5 % (Depreciation of 5%), Long positions",NA
IRFCL,International Reserves and Foreign Currency Liquidity (IRFCL),DSD_IRFCL_PUB,INDICATOR,CL_IRFCL_INDICATOR_PUB,TRUE,IRFCLDT3_IRFCL5_SUTM_EC14_LP_XDC,"Contingent short-term net drains on foreign currency assets (nominal value), Options in foreign currencies vis a  vis the domestic currency, Up to 1 month, In-the-money Options, + 5 % (Depreciation of 5%), Long positions",NA
IRFCL,International Reserves and Foreign Currency Liquidity (IRFCL),DSD_IRFCL_PUB,INDICATOR,CL_IRFCL_INDICATOR_PUB,TRUE,IRFCLDT3_IRFCL5_SM3MUTY_EC14_LP_EUR,"Contingent short-term net drains on foreign currency assets (nominal value), Options in foreign currencies vis a  vis the domestic currency, More than 3 months and up to 1 year, In-the-money Options, + 5 % (Depreciation of 5%), Long positions",NA
IRFCL,International Reserves and Foreign Currency Liquidity (IRFCL),DSD_IRFCL_PUB,INDICATOR,CL_IRFCL_INDICATOR_PUB,TRUE,IRFCLDT3_IRFCL5_SM3MUTY_EC14_LP_USD,"Contingent short-term net drains on foreign currency assets (nominal value), Options in foreign currencies vis a  vis the domestic currency, More than 3 months and up to 1 year, In-the-money Options, + 5 % (Depreciation of 5%), Long positions",NA
IRFCL,International Reserves and Foreign Currency Liquidity (IRFCL),DSD_IRFCL_PUB,INDICATOR,CL_IRFCL_INDICATOR_PUB,TRUE,IRFCLDT3_IRFCL5_SM3MUTY_EC14_LP_XDC,"Contingent short-term net drains on foreign currency assets (nominal value), Options in foreign currencies vis a  vis the domestic currency, More than 3 months and up to 1 year, In-the-money Options, + 5 % (Depreciation of 5%), Long positions",NA
IRFCL,International Reserves and Foreign Currency Liquidity (IRFCL),DSD_IRFCL_PUB,INDICATOR,CL_IRFCL_INDICATOR_PUB,TRUE,IRFCLDT3_IRFCL5T_EC14_LP_EUR,"Contingent short-term net drains on foreign currency assets (nominal value), Total options in foreign currencies vis-a-vis the domestic currency, In-the-money Options, + 5 % (Depreciation of 5%), Long positions",NA
IRFCL,International Reserves and Foreign Currency Liquidity (IRFCL),DSD_IRFCL_PUB,INDICATOR,CL_IRFCL_INDICATOR_PUB,TRUE,IRFCLDT3_IRFCL5T_EC14_LP_USD,"Contingent short-term net drains on foreign currency assets (nominal value), Total options in foreign currencies vis-a-vis the domestic currency, In-the-money Options, + 5 % (Depreciation of 5%), Long positions",NA
IRFCL,International Reserves and Foreign Currency Liquidity (IRFCL),DSD_IRFCL_PUB,INDICATOR,CL_IRFCL_INDICATOR_PUB,TRUE,IRFCLDT3_IRFCL5T_EC14_LP_XDC,"Contingent short-term net drains on foreign currency assets (nominal value), Total options in foreign currencies vis-a-vis the domestic currency, In-the-money Options, + 5 % (Depreciation of 5%), Long positions",NA
IRFCL,International Reserves and Foreign Currency Liquidity (IRFCL),DSD_IRFCL_PUB,INDICATOR,CL_IRFCL_INDICATOR_PUB,TRUE,IRFCLDT3_IRFCL5_SM1MUT3M_EC14_SHP_EUR,"Contingent short-term net drains on foreign currency assets (nominal value), Options in foreign currencies vis a  vis the domestic currency, More than 1 and up to 3 months, In-the-money Options, + 5 % (Depreciation of 5%), Short positions",NA
IRFCL,International Reserves and Foreign Currency Liquidity (IRFCL),DSD_IRFCL_PUB,INDICATOR,CL_IRFCL_INDICATOR_PUB,TRUE,IRFCLDT3_IRFCL5_SM1MUT3M_EC14_SHP_USD,"Contingent short-term net drains on foreign currency assets (nominal value), Options in foreign currencies vis a  vis the domestic currency, More than 1 and up to 3 months, In-the-money Options, + 5 % (Depreciation of 5%), Short positions",NA
IRFCL,International Reserves and Foreign Currency Liquidity (IRFCL),DSD_IRFCL_PUB,INDICATOR,CL_IRFCL_INDICATOR_PUB,TRUE,IRFCLDT3_IRFCL5_SM1MUT3M_EC14_SHP_XDC,"Contingent short-term net drains on foreign currency assets (nominal value), Options in foreign currencies vis a  vis the domestic currency, More than 1 and up to 3 months, In-the-money Options, + 5 % (Depreciation of 5%), Short positions",NA
IRFCL,International Reserves and Foreign Currency Liquidity (IRFCL),DSD_IRFCL_PUB,INDICATOR,CL_IRFCL_INDICATOR_PUB,TRUE,IRFCLDT3_IRFCL5_SUTM_EC14_SHP_EUR,"Contingent short-term net drains on foreign currency assets (nominal value), Options in foreign currencies vis a  vis the domestic currency, Up to 1 month, In-the-money Options, + 5 % (Depreciation of 5%), Short positions",NA
IRFCL,International Reserves and Foreign Currency Liquidity (IRFCL),DSD_IRFCL_PUB,INDICATOR,CL_IRFCL_INDICATOR_PUB,TRUE,IRFCLDT3_IRFCL5_SUTM_EC14_SHP_USD,"Contingent short-term net drains on foreign currency assets (nominal value), Options in foreign currencies vis a  vis the domestic currency, Up to 1 month, In-the-money Options, + 5 % (Depreciation of 5%), Short positions",NA
IRFCL,International Reserves and Foreign Currency Liquidity (IRFCL),DSD_IRFCL_PUB,INDICATOR,CL_IRFCL_INDICATOR_PUB,TRUE,IRFCLDT3_IRFCL5_SUTM_EC14_SHP_XDC,"Contingent short-term net drains on foreign currency assets (nominal value), Options in foreign currencies vis a  vis the domestic currency, Up to 1 month, In-the-money Options, + 5 % (Depreciation of 5%), Short positions",NA
IRFCL,International Reserves and Foreign Currency Liquidity (IRFCL),DSD_IRFCL_PUB,INDICATOR,CL_IRFCL_INDICATOR_PUB,TRUE,IRFCLDT3_IRFCL5_SM3MUTY_EC14_SHP_EUR,"Contingent short-term net drains on foreign currency assets (nominal value), Options in foreign currencies vis a  vis the domestic currency, More than 3 months and up to 1 year, In-the-money Options, + 5 % (Depreciation of 5%), Short positions",NA
IRFCL,International Reserves and Foreign Currency Liquidity (IRFCL),DSD_IRFCL_PUB,INDICATOR,CL_IRFCL_INDICATOR_PUB,TRUE,IRFCLDT3_IRFCL5_SM3MUTY_EC14_SHP_USD,"Contingent short-term net drains on foreign currency assets (nominal value), Options in foreign currencies vis a  vis the domestic currency, More than 3 months and up to 1 year, In-the-money Options, + 5 % (Depreciation of 5%), Short positions",NA
IRFCL,International Reserves and Foreign Currency Liquidity (IRFCL),DSD_IRFCL_PUB,INDICATOR,CL_IRFCL_INDICATOR_PUB,TRUE,IRFCLDT3_IRFCL5_SM3MUTY_EC14_SHP_XDC,"Contingent short-term net drains on foreign currency assets (nominal value), Options in foreign currencies vis a  vis the domestic currency, More than 3 months and up to 1 year, In-the-money Options, + 5 % (Depreciation of 5%), Short positions",NA
IRFCL,International Reserves and Foreign Currency Liquidity (IRFCL),DSD_IRFCL_PUB,INDICATOR,CL_IRFCL_INDICATOR_PUB,TRUE,IRFCLDT3_IRFCL5T_EC14_SHP_EUR,"Contingent short-term net drains on foreign currency assets (nominal value), Total options in foreign currencies vis-a-vis the domestic currency, In-the-money Options, + 5 % (Depreciation of 5%), Short positions",NA
IRFCL,International Reserves and Foreign Currency Liquidity (IRFCL),DSD_IRFCL_PUB,INDICATOR,CL_IRFCL_INDICATOR_PUB,TRUE,IRFCLDT3_IRFCL5T_EC14_SHP_USD,"Contingent short-term net drains on foreign currency assets (nominal value), Total options in foreign currencies vis-a-vis the domestic currency, In-the-money Options, + 5 % (Depreciation of 5%), Short positions",NA
IRFCL,International Reserves and Foreign Currency Liquidity (IRFCL),DSD_IRFCL_PUB,INDICATOR,CL_IRFCL_INDICATOR_PUB,TRUE,IRFCLDT3_IRFCL5T_EC14_SHP_XDC,"Contingent short-term net drains on foreign currency assets (nominal value), Total options in foreign currencies vis-a-vis the domestic currency, In-the-money Options, + 5 % (Depreciation of 5%), Short positions",NA
IRFCL,International Reserves and Foreign Currency Liquidity (IRFCL),DSD_IRFCL_PUB,INDICATOR,CL_IRFCL_INDICATOR_PUB,TRUE,IRFCLDT3_IRFCL5_SM1MUT3M_EC12_LP_EUR,"Contingent short-term net drains on foreign currency assets (nominal value), Options in foreign currencies vis a  vis the domestic currency, More than 1 and up to 3 months, In-the-money Options, - 5 % (Appreciation of 5%), Long positions",NA
IRFCL,International Reserves and Foreign Currency Liquidity (IRFCL),DSD_IRFCL_PUB,INDICATOR,CL_IRFCL_INDICATOR_PUB,TRUE,IRFCLDT3_IRFCL5_SM1MUT3M_EC12_LP_USD,"Contingent short-term net drains on foreign currency assets (nominal value), Options in foreign currencies vis a  vis the domestic currency, More than 1 and up to 3 months, In-the-money Options, - 5 % (Appreciation of 5%), Long positions",NA
IRFCL,International Reserves and Foreign Currency Liquidity (IRFCL),DSD_IRFCL_PUB,INDICATOR,CL_IRFCL_INDICATOR_PUB,TRUE,IRFCLDT3_IRFCL5_SM1MUT3M_EC12_LP_XDC,"Contingent short-term net drains on foreign currency assets (nominal value), Options in foreign currencies vis a  vis the domestic currency, More than 1 and up to 3 months, In-the-money Options, - 5 % (Appreciation of 5%), Long positions",NA
IRFCL,International Reserves and Foreign Currency Liquidity (IRFCL),DSD_IRFCL_PUB,INDICATOR,CL_IRFCL_INDICATOR_PUB,TRUE,IRFCLDT3_IRFCL5_SUTM_EC12_LP_EUR,"Contingent short-term net drains on foreign currency assets (nominal value), Options in foreign currencies vis a  vis the domestic currency, Up to 1 month, In-the-money Options, - 5 % (Appreciation of 5%), Long positions",NA
IRFCL,International Reserves and Foreign Currency Liquidity (IRFCL),DSD_IRFCL_PUB,INDICATOR,CL_IRFCL_INDICATOR_PUB,TRUE,IRFCLDT3_IRFCL5_SUTM_EC12_LP_USD,"Contingent short-term net drains on foreign currency assets (nominal value), Options in foreign currencies vis a  vis the domestic currency, Up to 1 month, In-the-money Options, - 5 % (Appreciation of 5%), Long positions",NA
IRFCL,International Reserves and Foreign Currency Liquidity (IRFCL),DSD_IRFCL_PUB,INDICATOR,CL_IRFCL_INDICATOR_PUB,TRUE,IRFCLDT3_IRFCL5_SUTM_EC12_LP_XDC,"Contingent short-term net drains on foreign currency assets (nominal value), Options in foreign currencies vis a  vis the domestic currency, Up to 1 month, In-the-money Options, - 5 % (Appreciation of 5%), Long positions",NA
IRFCL,International Reserves and Foreign Currency Liquidity (IRFCL),DSD_IRFCL_PUB,INDICATOR,CL_IRFCL_INDICATOR_PUB,TRUE,IRFCLDT3_IRFCL5_SM3MUTY_EC12_LP_EUR,"Contingent short-term net drains on foreign currency assets (nominal value), Options in foreign currencies vis a  vis the domestic currency, More than 3 months and up to 1 year, In-the-money Options, - 5 % (Appreciation of 5%), Long positions",NA
IRFCL,International Reserves and Foreign Currency Liquidity (IRFCL),DSD_IRFCL_PUB,INDICATOR,CL_IRFCL_INDICATOR_PUB,TRUE,IRFCLDT3_IRFCL5_SM3MUTY_EC12_LP_USD,"Contingent short-term net drains on foreign currency assets (nominal value), Options in foreign currencies vis a  vis the domestic currency, More than 3 months and up to 1 year, In-the-money Options, - 5 % (Appreciation of 5%), Long positions",NA
IRFCL,International Reserves and Foreign Currency Liquidity (IRFCL),DSD_IRFCL_PUB,INDICATOR,CL_IRFCL_INDICATOR_PUB,TRUE,IRFCLDT3_IRFCL5_SM3MUTY_EC12_LP_XDC,"Contingent short-term net drains on foreign currency assets (nominal value), Options in foreign currencies vis a  vis the domestic currency, More than 3 months and up to 1 year, In-the-money Options, - 5 % (Appreciation of 5%), Long positions",NA
IRFCL,International Reserves and Foreign Currency Liquidity (IRFCL),DSD_IRFCL_PUB,INDICATOR,CL_IRFCL_INDICATOR_PUB,TRUE,IRFCLDT3_IRFCL5T_EC12_LP_EUR,"Contingent short-term net drains on foreign currency assets (nominal value), Total options in foreign currencies vis-a-vis the domestic currency, In-the-money Options, - 5 % (Appreciation of 5%), Long positions",NA
IRFCL,International Reserves and Foreign Currency Liquidity (IRFCL),DSD_IRFCL_PUB,INDICATOR,CL_IRFCL_INDICATOR_PUB,TRUE,IRFCLDT3_IRFCL5T_EC12_LP_USD,"Contingent short-term net drains on foreign currency assets (nominal value), Total options in foreign currencies vis-a-vis the domestic currency, In-the-money Options, - 5 % (Appreciation of 5%), Long positions",NA
IRFCL,International Reserves and Foreign Currency Liquidity (IRFCL),DSD_IRFCL_PUB,INDICATOR,CL_IRFCL_INDICATOR_PUB,TRUE,IRFCLDT3_IRFCL5T_EC12_LP_XDC,"Contingent short-term net drains on foreign currency assets (nominal value), Total options in foreign currencies vis-a-vis the domestic currency, In-the-money Options, - 5 % (Appreciation of 5%), Long positions",NA
IRFCL,International Reserves and Foreign Currency Liquidity (IRFCL),DSD_IRFCL_PUB,INDICATOR,CL_IRFCL_INDICATOR_PUB,TRUE,IRFCLDT3_IRFCL5_SM1MUT3M_EC12_SHP_EUR,"Contingent short-term net drains on foreign currency assets (nominal value), Options in foreign currencies vis a  vis the domestic currency, More than 1 and up to 3 months, In-the-money Options, - 5 % (Appreciation of 5%), Short positions",NA
IRFCL,International Reserves and Foreign Currency Liquidity (IRFCL),DSD_IRFCL_PUB,INDICATOR,CL_IRFCL_INDICATOR_PUB,TRUE,IRFCLDT3_IRFCL5_SM1MUT3M_EC12_SHP_USD,"Contingent short-term net drains on foreign currency assets (nominal value), Options in foreign currencies vis a  vis the domestic currency, More than 1 and up to 3 months, In-the-money Options, - 5 % (Appreciation of 5%), Short positions",NA
IRFCL,International Reserves and Foreign Currency Liquidity (IRFCL),DSD_IRFCL_PUB,INDICATOR,CL_IRFCL_INDICATOR_PUB,TRUE,IRFCLDT3_IRFCL5_SM1MUT3M_EC12_SHP_XDC,"Contingent short-term net drains on foreign currency assets (nominal value), Options in foreign currencies vis a  vis the domestic currency, More than 1 and up to 3 months, In-the-money Options, - 5 % (Appreciation of 5%), Short positions",NA
IRFCL,International Reserves and Foreign Currency Liquidity (IRFCL),DSD_IRFCL_PUB,INDICATOR,CL_IRFCL_INDICATOR_PUB,TRUE,IRFCLDT3_IRFCL5_SUTM_EC12_SHP_EUR,"Contingent short-term net drains on foreign currency assets (nominal value), Options in foreign currencies vis a  vis the domestic currency, Up to 1 month, In-the-money Options, - 5 % (Appreciation of 5%), Short positions",NA
IRFCL,International Reserves and Foreign Currency Liquidity (IRFCL),DSD_IRFCL_PUB,INDICATOR,CL_IRFCL_INDICATOR_PUB,TRUE,IRFCLDT3_IRFCL5_SUTM_EC12_SHP_USD,"Contingent short-term net drains on foreign currency assets (nominal value), Options in foreign currencies vis a  vis the domestic currency, Up to 1 month, In-the-money Options, - 5 % (Appreciation of 5%), Short positions",NA
IRFCL,International Reserves and Foreign Currency Liquidity (IRFCL),DSD_IRFCL_PUB,INDICATOR,CL_IRFCL_INDICATOR_PUB,TRUE,IRFCLDT3_IRFCL5_SUTM_EC12_SHP_XDC,"Contingent short-term net drains on foreign currency assets (nominal value), Options in foreign currencies vis a  vis the domestic currency, Up to 1 month, In-the-money Options, - 5 % (Appreciation of 5%), Short positions",NA
IRFCL,International Reserves and Foreign Currency Liquidity (IRFCL),DSD_IRFCL_PUB,INDICATOR,CL_IRFCL_INDICATOR_PUB,TRUE,IRFCLDT3_IRFCL5_SM3MUTY_EC12_SHP_EUR,"Contingent short-term net drains on foreign currency assets (nominal value), Options in foreign currencies vis a  vis the domestic currency, More than 3 months and up to 1 year, In-the-money Options, - 5 % (Appreciation of 5%), Short positions",NA
IRFCL,International Reserves and Foreign Currency Liquidity (IRFCL),DSD_IRFCL_PUB,INDICATOR,CL_IRFCL_INDICATOR_PUB,TRUE,IRFCLDT3_IRFCL5_SM3MUTY_EC12_SHP_USD,"Contingent short-term net drains on foreign currency assets (nominal value), Options in foreign currencies vis a  vis the domestic currency, More than 3 months and up to 1 year, In-the-money Options, - 5 % (Appreciation of 5%), Short positions",NA
IRFCL,International Reserves and Foreign Currency Liquidity (IRFCL),DSD_IRFCL_PUB,INDICATOR,CL_IRFCL_INDICATOR_PUB,TRUE,IRFCLDT3_IRFCL5_SM3MUTY_EC12_SHP_XDC,"Contingent short-term net drains on foreign currency assets (nominal value), Options in foreign currencies vis a  vis the domestic currency, More than 3 months and up to 1 year, In-the-money Options, - 5 % (Appreciation of 5%), Short positions",NA
IRFCL,International Reserves and Foreign Currency Liquidity (IRFCL),DSD_IRFCL_PUB,INDICATOR,CL_IRFCL_INDICATOR_PUB,TRUE,IRFCLDT3_IRFCL5T_EC12_SHP_EUR,"Contingent short-term net drains on foreign currency assets (nominal value), Total options in foreign currencies vis-a-vis the domestic currency, In-the-money Options, - 5 % (Appreciation of 5%), Short positions",NA
IRFCL,International Reserves and Foreign Currency Liquidity (IRFCL),DSD_IRFCL_PUB,INDICATOR,CL_IRFCL_INDICATOR_PUB,TRUE,IRFCLDT3_IRFCL5T_EC12_SHP_USD,"Contingent short-term net drains on foreign currency assets (nominal value), Total options in foreign currencies vis-a-vis the domestic currency, In-the-money Options, - 5 % (Appreciation of 5%), Short positions",NA
IRFCL,International Reserves and Foreign Currency Liquidity (IRFCL),DSD_IRFCL_PUB,INDICATOR,CL_IRFCL_INDICATOR_PUB,TRUE,IRFCLDT3_IRFCL5T_EC12_SHP_XDC,"Contingent short-term net drains on foreign currency assets (nominal value), Total options in foreign currencies vis-a-vis the domestic currency, In-the-money Options, - 5 % (Appreciation of 5%), Short positions",NA
IRFCL,International Reserves and Foreign Currency Liquidity (IRFCL),DSD_IRFCL_PUB,INDICATOR,CL_IRFCL_INDICATOR_PUB,TRUE,IRFCLDT3_IRFCL5_SM1MUT3M_EC5_LP_EUR,"Contingent short-term net drains on foreign currency assets (nominal value), Options in foreign currencies vis a  vis the domestic currency, More than 1 and up to 3 months, In-the-money Options, +10 % (Depreciation of 10%), Long positions",NA
IRFCL,International Reserves and Foreign Currency Liquidity (IRFCL),DSD_IRFCL_PUB,INDICATOR,CL_IRFCL_INDICATOR_PUB,TRUE,IRFCLDT3_IRFCL5_SM1MUT3M_EC5_LP_USD,"Contingent short-term net drains on foreign currency assets (nominal value), Options in foreign currencies vis a  vis the domestic currency, More than 1 and up to 3 months, In-the-money Options, +10 % (Depreciation of 10%), Long positions",NA
IRFCL,International Reserves and Foreign Currency Liquidity (IRFCL),DSD_IRFCL_PUB,INDICATOR,CL_IRFCL_INDICATOR_PUB,TRUE,IRFCLDT3_IRFCL5_SM1MUT3M_EC5_LP_XDC,"Contingent short-term net drains on foreign currency assets (nominal value), Options in foreign currencies vis a  vis the domestic currency, More than 1 and up to 3 months, In-the-money Options, +10 % (Depreciation of 10%), Long positions",NA
IRFCL,International Reserves and Foreign Currency Liquidity (IRFCL),DSD_IRFCL_PUB,INDICATOR,CL_IRFCL_INDICATOR_PUB,TRUE,IRFCLDT3_IRFCL5_SUTM_EC5_LP_EUR,"Contingent short-term net drains on foreign currency assets (nominal value), Options in foreign currencies vis a  vis the domestic currency, Up to 1 month, In-the-money Options, +10 % (Depreciation of 10%), Long positions",NA
IRFCL,International Reserves and Foreign Currency Liquidity (IRFCL),DSD_IRFCL_PUB,INDICATOR,CL_IRFCL_INDICATOR_PUB,TRUE,IRFCLDT3_IRFCL5_SUTM_EC5_LP_USD,"Contingent short-term net drains on foreign currency assets (nominal value), Options in foreign currencies vis a  vis the domestic currency, Up to 1 month, In-the-money Options, +10 % (Depreciation of 10%), Long positions",NA
IRFCL,International Reserves and Foreign Currency Liquidity (IRFCL),DSD_IRFCL_PUB,INDICATOR,CL_IRFCL_INDICATOR_PUB,TRUE,IRFCLDT3_IRFCL5_SUTM_EC5_LP_XDC,"Contingent short-term net drains on foreign currency assets (nominal value), Options in foreign currencies vis a  vis the domestic currency, Up to 1 month, In-the-money Options, +10 % (Depreciation of 10%), Long positions",NA
IRFCL,International Reserves and Foreign Currency Liquidity (IRFCL),DSD_IRFCL_PUB,INDICATOR,CL_IRFCL_INDICATOR_PUB,TRUE,IRFCLDT3_IRFCL5_SM3MUTY_EC5_LP_EUR,"Contingent short-term net drains on foreign currency assets (nominal value), Options in foreign currencies vis a  vis the domestic currency, More than 3 months and up to 1 year, In-the-money Options, +10 % (Depreciation of 10%), Long positions",NA
IRFCL,International Reserves and Foreign Currency Liquidity (IRFCL),DSD_IRFCL_PUB,INDICATOR,CL_IRFCL_INDICATOR_PUB,TRUE,IRFCLDT3_IRFCL5_SM3MUTY_EC5_LP_USD,"Contingent short-term net drains on foreign currency assets (nominal value), Options in foreign currencies vis a  vis the domestic currency, More than 3 months and up to 1 year, In-the-money Options, +10 % (Depreciation of 10%), Long positions",NA
IRFCL,International Reserves and Foreign Currency Liquidity (IRFCL),DSD_IRFCL_PUB,INDICATOR,CL_IRFCL_INDICATOR_PUB,TRUE,IRFCLDT3_IRFCL5_SM3MUTY_EC5_LP_XDC,"Contingent short-term net drains on foreign currency assets (nominal value), Options in foreign currencies vis a  vis the domestic currency, More than 3 months and up to 1 year, In-the-money Options, +10 % (Depreciation of 10%), Long positions",NA
IRFCL,International Reserves and Foreign Currency Liquidity (IRFCL),DSD_IRFCL_PUB,INDICATOR,CL_IRFCL_INDICATOR_PUB,TRUE,IRFCLDT3_IRFCL5T_EC13_LP_EUR,"Contingent short-term net drains on foreign currency assets (nominal value), Total options in foreign currencies vis-a-vis the domestic currency, In-the-money Options, + 10 % (Depreciation of 10%), Long positions",NA
IRFCL,International Reserves and Foreign Currency Liquidity (IRFCL),DSD_IRFCL_PUB,INDICATOR,CL_IRFCL_INDICATOR_PUB,TRUE,IRFCLDT3_IRFCL5T_EC13_LP_USD,"Contingent short-term net drains on foreign currency assets (nominal value), Total options in foreign currencies vis-a-vis the domestic currency, In-the-money Options, + 10 % (Depreciation of 10%), Long positions",NA
IRFCL,International Reserves and Foreign Currency Liquidity (IRFCL),DSD_IRFCL_PUB,INDICATOR,CL_IRFCL_INDICATOR_PUB,TRUE,IRFCLDT3_IRFCL5T_EC13_LP_XDC,"Contingent short-term net drains on foreign currency assets (nominal value), Total options in foreign currencies vis-a-vis the domestic currency, In-the-money Options, + 10 % (Depreciation of 10%), Long positions",NA
IRFCL,International Reserves and Foreign Currency Liquidity (IRFCL),DSD_IRFCL_PUB,INDICATOR,CL_IRFCL_INDICATOR_PUB,TRUE,IRFCLDT3_IRFCL5_SM1MUT3M_EC5_SHP_EUR,"Contingent short-term net drains on foreign currency assets (nominal value), Options in foreign currencies vis a  vis the domestic currency, More than 1 and up to 3 months, In-the-money Options, +10 % (Depreciation of 10%), Short positions",NA
IRFCL,International Reserves and Foreign Currency Liquidity (IRFCL),DSD_IRFCL_PUB,INDICATOR,CL_IRFCL_INDICATOR_PUB,TRUE,IRFCLDT3_IRFCL5_SM1MUT3M_EC5_SHP_USD,"Contingent short-term net drains on foreign currency assets (nominal value), Options in foreign currencies vis a  vis the domestic currency, More than 1 and up to 3 months, In-the-money Options, +10 % (Depreciation of 10%), Short positions",NA
IRFCL,International Reserves and Foreign Currency Liquidity (IRFCL),DSD_IRFCL_PUB,INDICATOR,CL_IRFCL_INDICATOR_PUB,TRUE,IRFCLDT3_IRFCL5_SM1MUT3M_EC5_SHP_XDC,"Contingent short-term net drains on foreign currency assets (nominal value), Options in foreign currencies vis a  vis the domestic currency, More than 1 and up to 3 months, In-the-money Options, +10 % (Depreciation of 10%), Short positions",NA
IRFCL,International Reserves and Foreign Currency Liquidity (IRFCL),DSD_IRFCL_PUB,INDICATOR,CL_IRFCL_INDICATOR_PUB,TRUE,IRFCLDT3_IRFCL5_SUTM_EC5_SHP_EUR,"Contingent short-term net drains on foreign currency assets (nominal value), Options in foreign currencies vis a  vis the domestic currency, Up to 1 month, In-the-money Options, +10 % (Depreciation of 10%), Short positions",NA
IRFCL,International Reserves and Foreign Currency Liquidity (IRFCL),DSD_IRFCL_PUB,INDICATOR,CL_IRFCL_INDICATOR_PUB,TRUE,IRFCLDT3_IRFCL5_SUTM_EC5_SHP_USD,"Contingent short-term net drains on foreign currency assets (nominal value), Options in foreign currencies vis a  vis the domestic currency, Up to 1 month, In-the-money Options, +10 % (Depreciation of 10%), Short positions",NA
IRFCL,International Reserves and Foreign Currency Liquidity (IRFCL),DSD_IRFCL_PUB,INDICATOR,CL_IRFCL_INDICATOR_PUB,TRUE,IRFCLDT3_IRFCL5_SUTM_EC5_SHP_XDC,"Contingent short-term net drains on foreign currency assets (nominal value), Options in foreign currencies vis a  vis the domestic currency, Up to 1 month, In-the-money Options, +10 % (Depreciation of 10%), Short positions",NA
IRFCL,International Reserves and Foreign Currency Liquidity (IRFCL),DSD_IRFCL_PUB,INDICATOR,CL_IRFCL_INDICATOR_PUB,TRUE,IRFCLDT3_IRFCL5_SM3MUTY_EC5_SHP_EUR,"Contingent short-term net drains on foreign currency assets (nominal value), Options in foreign currencies vis a  vis the domestic currency, More than 3 months and up to 1 year, In-the-money Options, +10 % (Depreciation of 10%), Short positions",NA
IRFCL,International Reserves and Foreign Currency Liquidity (IRFCL),DSD_IRFCL_PUB,INDICATOR,CL_IRFCL_INDICATOR_PUB,TRUE,IRFCLDT3_IRFCL5_SM3MUTY_EC5_SHP_USD,"Contingent short-term net drains on foreign currency assets (nominal value), Options in foreign currencies vis a  vis the domestic currency, More than 3 months and up to 1 year, In-the-money Options, +10 % (Depreciation of 10%), Short positions",NA
IRFCL,International Reserves and Foreign Currency Liquidity (IRFCL),DSD_IRFCL_PUB,INDICATOR,CL_IRFCL_INDICATOR_PUB,TRUE,IRFCLDT3_IRFCL5_SM3MUTY_EC5_SHP_XDC,"Contingent short-term net drains on foreign currency assets (nominal value), Options in foreign currencies vis a  vis the domestic currency, More than 3 months and up to 1 year, In-the-money Options, +10 % (Depreciation of 10%), Short positions",NA
IRFCL,International Reserves and Foreign Currency Liquidity (IRFCL),DSD_IRFCL_PUB,INDICATOR,CL_IRFCL_INDICATOR_PUB,TRUE,IRFCLDT3_IRFCL5T_EC13_SHP_EUR,"Contingent short-term net drains on foreign currency assets (nominal value), Total options in foreign currencies vis-a-vis the domestic currency, In-the-money Options, + 10 % (Depreciation of 10%), Short positions",NA
IRFCL,International Reserves and Foreign Currency Liquidity (IRFCL),DSD_IRFCL_PUB,INDICATOR,CL_IRFCL_INDICATOR_PUB,TRUE,IRFCLDT3_IRFCL5T_EC13_SHP_USD,"Contingent short-term net drains on foreign currency assets (nominal value), Total options in foreign currencies vis-a-vis the domestic currency, In-the-money Options, + 10 % (Depreciation of 10%), Short positions",NA
IRFCL,International Reserves and Foreign Currency Liquidity (IRFCL),DSD_IRFCL_PUB,INDICATOR,CL_IRFCL_INDICATOR_PUB,TRUE,IRFCLDT3_IRFCL5T_EC13_SHP_XDC,"Contingent short-term net drains on foreign currency assets (nominal value), Total options in foreign currencies vis-a-vis the domestic currency, In-the-money Options, + 10 % (Depreciation of 10%), Short positions",NA
IRFCL,International Reserves and Foreign Currency Liquidity (IRFCL),DSD_IRFCL_PUB,INDICATOR,CL_IRFCL_INDICATOR_PUB,TRUE,IRFCLDT3_IRFCL5_SM1MUT3M_EC11_LP_EUR,"Contingent short-term net drains on foreign currency assets (nominal value), Options in foreign currencies vis a  vis the domestic currency, More than 1 and up to 3 months, In-the-money Options, - 10 % (Appreciation of 10%), Long positions",NA
IRFCL,International Reserves and Foreign Currency Liquidity (IRFCL),DSD_IRFCL_PUB,INDICATOR,CL_IRFCL_INDICATOR_PUB,TRUE,IRFCLDT3_IRFCL5_SM1MUT3M_EC11_LP_USD,"Contingent short-term net drains on foreign currency assets (nominal value), Options in foreign currencies vis a  vis the domestic currency, More than 1 and up to 3 months, In-the-money Options, - 10 % (Appreciation of 10%), Long positions",NA
IRFCL,International Reserves and Foreign Currency Liquidity (IRFCL),DSD_IRFCL_PUB,INDICATOR,CL_IRFCL_INDICATOR_PUB,TRUE,IRFCLDT3_IRFCL5_SM1MUT3M_EC11_LP_XDC,"Contingent short-term net drains on foreign currency assets (nominal value), Options in foreign currencies vis a  vis the domestic currency, More than 1 and up to 3 months, In-the-money Options, - 10 % (Appreciation of 10%), Long positions",NA
IRFCL,International Reserves and Foreign Currency Liquidity (IRFCL),DSD_IRFCL_PUB,INDICATOR,CL_IRFCL_INDICATOR_PUB,TRUE,IRFCLDT3_IRFCL5_SUTM_EC11_LP_EUR,"Contingent short-term net drains on foreign currency assets (nominal value), Options in foreign currencies vis a  vis the domestic currency, Up to 1 month, In-the-money Options, - 10 % (Appreciation of 10%), Long positions",NA
IRFCL,International Reserves and Foreign Currency Liquidity (IRFCL),DSD_IRFCL_PUB,INDICATOR,CL_IRFCL_INDICATOR_PUB,TRUE,IRFCLDT3_IRFCL5_SUTM_EC11_LP_USD,"Contingent short-term net drains on foreign currency assets (nominal value), Options in foreign currencies vis a  vis the domestic currency, Up to 1 month, In-the-money Options, - 10 % (Appreciation of 10%), Long positions",NA
IRFCL,International Reserves and Foreign Currency Liquidity (IRFCL),DSD_IRFCL_PUB,INDICATOR,CL_IRFCL_INDICATOR_PUB,TRUE,IRFCLDT3_IRFCL5_SUTM_EC11_LP_XDC,"Contingent short-term net drains on foreign currency assets (nominal value), Options in foreign currencies vis a  vis the domestic currency, Up to 1 month, In-the-money Options, - 10 % (Appreciation of 10%), Long positions",NA
IRFCL,International Reserves and Foreign Currency Liquidity (IRFCL),DSD_IRFCL_PUB,INDICATOR,CL_IRFCL_INDICATOR_PUB,TRUE,IRFCLDT3_IRFCL5_SM3MUTY_EC11_LP_EUR,"Contingent short-term net drains on foreign currency assets (nominal value), Options in foreign currencies vis a  vis the domestic currency, More than 3 months and up to 1 year, In-the-money Options, - 10 % (Appreciation of 10%), Long positions",NA
IRFCL,International Reserves and Foreign Currency Liquidity (IRFCL),DSD_IRFCL_PUB,INDICATOR,CL_IRFCL_INDICATOR_PUB,TRUE,IRFCLDT3_IRFCL5_SM3MUTY_EC11_LP_USD,"Contingent short-term net drains on foreign currency assets (nominal value), Options in foreign currencies vis a  vis the domestic currency, More than 3 months and up to 1 year, In-the-money Options, - 10 % (Appreciation of 10%), Long positions",NA
IRFCL,International Reserves and Foreign Currency Liquidity (IRFCL),DSD_IRFCL_PUB,INDICATOR,CL_IRFCL_INDICATOR_PUB,TRUE,IRFCLDT3_IRFCL5_SM3MUTY_EC11_LP_XDC,"Contingent short-term net drains on foreign currency assets (nominal value), Options in foreign currencies vis a  vis the domestic currency, More than 3 months and up to 1 year, In-the-money Options, - 10 % (Appreciation of 10%), Long positions",NA
IRFCL,International Reserves and Foreign Currency Liquidity (IRFCL),DSD_IRFCL_PUB,INDICATOR,CL_IRFCL_INDICATOR_PUB,TRUE,IRFCLDT3_IRFCL5T_EC11_LP_EUR,"Contingent short-term net drains on foreign currency assets (nominal value), Total options in foreign currencies vis-a-vis the domestic currency, In-the-money Options, - 10 % (Appreciation of 10%), Long positions",NA
IRFCL,International Reserves and Foreign Currency Liquidity (IRFCL),DSD_IRFCL_PUB,INDICATOR,CL_IRFCL_INDICATOR_PUB,TRUE,IRFCLDT3_IRFCL5T_EC11_LP_USD,"Contingent short-term net drains on foreign currency assets (nominal value), Total options in foreign currencies vis-a-vis the domestic currency, In-the-money Options, - 10 % (Appreciation of 10%), Long positions",NA
IRFCL,International Reserves and Foreign Currency Liquidity (IRFCL),DSD_IRFCL_PUB,INDICATOR,CL_IRFCL_INDICATOR_PUB,TRUE,IRFCLDT3_IRFCL5T_EC11_LP_XDC,"Contingent short-term net drains on foreign currency assets (nominal value), Total options in foreign currencies vis-a-vis the domestic currency, In-the-money Options, - 10 % (Appreciation of 10%), Long positions",NA
IRFCL,International Reserves and Foreign Currency Liquidity (IRFCL),DSD_IRFCL_PUB,INDICATOR,CL_IRFCL_INDICATOR_PUB,TRUE,IRFCLDT3_IRFCL5_SM1MUT3M_EC11_SHP_EUR,"Contingent short-term net drains on foreign currency assets (nominal value), Options in foreign currencies vis a  vis the domestic currency, More than 1 and up to 3 months, In-the-money Options, - 10 % (Appreciation of 10%), Short positions",NA
IRFCL,International Reserves and Foreign Currency Liquidity (IRFCL),DSD_IRFCL_PUB,INDICATOR,CL_IRFCL_INDICATOR_PUB,TRUE,IRFCLDT3_IRFCL5_SM1MUT3M_EC11_SHP_USD,"Contingent short-term net drains on foreign currency assets (nominal value), Options in foreign currencies vis a  vis the domestic currency, More than 1 and up to 3 months, In-the-money Options, - 10 % (Appreciation of 10%), Short positions",NA
IRFCL,International Reserves and Foreign Currency Liquidity (IRFCL),DSD_IRFCL_PUB,INDICATOR,CL_IRFCL_INDICATOR_PUB,TRUE,IRFCLDT3_IRFCL5_SM1MUT3M_EC11_SHP_XDC,"Contingent short-term net drains on foreign currency assets (nominal value), Options in foreign currencies vis a  vis the domestic currency, More than 1 and up to 3 months, In-the-money Options, - 10 % (Appreciation of 10%), Short positions",NA
IRFCL,International Reserves and Foreign Currency Liquidity (IRFCL),DSD_IRFCL_PUB,INDICATOR,CL_IRFCL_INDICATOR_PUB,TRUE,IRFCLDT3_IRFCL5_SUTM_EC11_SHP_EUR,"Contingent short-term net drains on foreign currency assets (nominal value), Options in foreign currencies vis a  vis the domestic currency, Up to 1 month, In-the-money Options, - 10 % (Appreciation of 10%), Short positions",NA
IRFCL,International Reserves and Foreign Currency Liquidity (IRFCL),DSD_IRFCL_PUB,INDICATOR,CL_IRFCL_INDICATOR_PUB,TRUE,IRFCLDT3_IRFCL5_SUTM_EC11_SHP_USD,"Contingent short-term net drains on foreign currency assets (nominal value), Options in foreign currencies vis a  vis the domestic currency, Up to 1 month, In-the-money Options, - 10 % (Appreciation of 10%), Short positions",NA
IRFCL,International Reserves and Foreign Currency Liquidity (IRFCL),DSD_IRFCL_PUB,INDICATOR,CL_IRFCL_INDICATOR_PUB,TRUE,IRFCLDT3_IRFCL5_SUTM_EC11_SHP_XDC,"Contingent short-term net drains on foreign currency assets (nominal value), Options in foreign currencies vis a  vis the domestic currency, Up to 1 month, In-the-money Options, - 10 % (Appreciation of 10%), Short positions",NA
IRFCL,International Reserves and Foreign Currency Liquidity (IRFCL),DSD_IRFCL_PUB,INDICATOR,CL_IRFCL_INDICATOR_PUB,TRUE,IRFCLDT3_IRFCL5_SM3MUTY_EC11_SHP_EUR,"Contingent short-term net drains on foreign currency assets (nominal value), Options in foreign currencies vis a  vis the domestic currency, More than 3 months and up to 1 year, In-the-money Options, - 10 % (Appreciation of 10%), Short positions",NA
IRFCL,International Reserves and Foreign Currency Liquidity (IRFCL),DSD_IRFCL_PUB,INDICATOR,CL_IRFCL_INDICATOR_PUB,TRUE,IRFCLDT3_IRFCL5_SM3MUTY_EC11_SHP_USD,"Contingent short-term net drains on foreign currency assets (nominal value), Options in foreign currencies vis a  vis the domestic currency, More than 3 months and up to 1 year, In-the-money Options, - 10 % (Appreciation of 10%), Short positions",NA
IRFCL,International Reserves and Foreign Currency Liquidity (IRFCL),DSD_IRFCL_PUB,INDICATOR,CL_IRFCL_INDICATOR_PUB,TRUE,IRFCLDT3_IRFCL5_SM3MUTY_EC11_SHP_XDC,"Contingent short-term net drains on foreign currency assets (nominal value), Options in foreign currencies vis a  vis the domestic currency, More than 3 months and up to 1 year, In-the-money Options, - 10 % (Appreciation of 10%), Short positions",NA
IRFCL,International Reserves and Foreign Currency Liquidity (IRFCL),DSD_IRFCL_PUB,INDICATOR,CL_IRFCL_INDICATOR_PUB,TRUE,IRFCLDT3_IRFCL5T_EC11_SHP_EUR,"Contingent short-term net drains on foreign currency assets (nominal value), Total options in foreign currencies vis-a-vis the domestic currency, In-the-money Options, - 10 % (Appreciation of 10%), Short positions",NA
IRFCL,International Reserves and Foreign Currency Liquidity (IRFCL),DSD_IRFCL_PUB,INDICATOR,CL_IRFCL_INDICATOR_PUB,TRUE,IRFCLDT3_IRFCL5T_EC11_SHP_USD,"Contingent short-term net drains on foreign currency assets (nominal value), Total options in foreign currencies vis-a-vis the domestic currency, In-the-money Options, - 10 % (Appreciation of 10%), Short positions",NA
IRFCL,International Reserves and Foreign Currency Liquidity (IRFCL),DSD_IRFCL_PUB,INDICATOR,CL_IRFCL_INDICATOR_PUB,TRUE,IRFCLDT3_IRFCL5T_EC11_SHP_XDC,"Contingent short-term net drains on foreign currency assets (nominal value), Total options in foreign currencies vis-a-vis the domestic currency, In-the-money Options, - 10 % (Appreciation of 10%), Short positions",NA
IRFCL,International Reserves and Foreign Currency Liquidity (IRFCL),DSD_IRFCL_PUB,INDICATOR,CL_IRFCL_INDICATOR_PUB,TRUE,IRFCLDT3_IRFCL5_SM1MUT3M_EC10_LP_EUR,"Contingent short-term net drains on foreign currency assets (nominal value), Options in foreign currencies vis a  vis the domestic currency, More than 1 and up to 3 months, In-the-money Options, Other, Long positions",NA
IRFCL,International Reserves and Foreign Currency Liquidity (IRFCL),DSD_IRFCL_PUB,INDICATOR,CL_IRFCL_INDICATOR_PUB,TRUE,IRFCLDT3_IRFCL5_SM1MUT3M_EC10_LP_USD,"Contingent short-term net drains on foreign currency assets (nominal value), Options in foreign currencies vis a  vis the domestic currency, More than 1 and up to 3 months, In-the-money Options, Other, Long positions",NA
IRFCL,International Reserves and Foreign Currency Liquidity (IRFCL),DSD_IRFCL_PUB,INDICATOR,CL_IRFCL_INDICATOR_PUB,TRUE,IRFCLDT3_IRFCL5_SM1MUT3M_EC10_LP_XDC,"Contingent short-term net drains on foreign currency assets (nominal value), Options in foreign currencies vis a  vis the domestic currency, More than 1 and up to 3 months, In-the-money Options, Other, Long positions",NA
IRFCL,International Reserves and Foreign Currency Liquidity (IRFCL),DSD_IRFCL_PUB,INDICATOR,CL_IRFCL_INDICATOR_PUB,TRUE,IRFCLDT3_IRFCL5_SUTM_EC10_LP_EUR,"Contingent short-term net drains on foreign currency assets (nominal value), Options in foreign currencies vis a  vis the domestic currency, Up to 1 month, In-the-money Options, Other, Long positions",NA
IRFCL,International Reserves and Foreign Currency Liquidity (IRFCL),DSD_IRFCL_PUB,INDICATOR,CL_IRFCL_INDICATOR_PUB,TRUE,IRFCLDT3_IRFCL5_SUTM_EC10_LP_USD,"Contingent short-term net drains on foreign currency assets (nominal value), Options in foreign currencies vis a  vis the domestic currency, Up to 1 month, In-the-money Options, Other, Long positions",NA
IRFCL,International Reserves and Foreign Currency Liquidity (IRFCL),DSD_IRFCL_PUB,INDICATOR,CL_IRFCL_INDICATOR_PUB,TRUE,IRFCLDT3_IRFCL5_SUTM_EC10_LP_XDC,"Contingent short-term net drains on foreign currency assets (nominal value), Options in foreign currencies vis a  vis the domestic currency, Up to 1 month, In-the-money Options, Other, Long positions",NA
IRFCL,International Reserves and Foreign Currency Liquidity (IRFCL),DSD_IRFCL_PUB,INDICATOR,CL_IRFCL_INDICATOR_PUB,TRUE,IRFCLDT3_IRFCL5_SM3MUTY_EC10_LP_EUR,"Contingent short-term net drains on foreign currency assets (nominal value), Options in foreign currencies vis a  vis the domestic currency, More than 3 months and up to 1 year, In-the-money Options, Other, Long positions",NA
IRFCL,International Reserves and Foreign Currency Liquidity (IRFCL),DSD_IRFCL_PUB,INDICATOR,CL_IRFCL_INDICATOR_PUB,TRUE,IRFCLDT3_IRFCL5_SM3MUTY_EC10_LP_USD,"Contingent short-term net drains on foreign currency assets (nominal value), Options in foreign currencies vis a  vis the domestic currency, More than 3 months and up to 1 year, In-the-money Options, Other, Long positions",NA
IRFCL,International Reserves and Foreign Currency Liquidity (IRFCL),DSD_IRFCL_PUB,INDICATOR,CL_IRFCL_INDICATOR_PUB,TRUE,IRFCLDT3_IRFCL5_SM3MUTY_EC10_LP_XDC,"Contingent short-term net drains on foreign currency assets (nominal value), Options in foreign currencies vis a  vis the domestic currency, More than 3 months and up to 1 year, In-the-money Options, Other, Long positions",NA
IRFCL,International Reserves and Foreign Currency Liquidity (IRFCL),DSD_IRFCL_PUB,INDICATOR,CL_IRFCL_INDICATOR_PUB,TRUE,IRFCLDT3_IRFCL5T_EC10_LP_EUR,"Contingent short-term net drains on foreign currency assets (nominal value), Total options in foreign currencies vis-a-vis the domestic currency, In-the-money Options, Other, Long positions",NA
IRFCL,International Reserves and Foreign Currency Liquidity (IRFCL),DSD_IRFCL_PUB,INDICATOR,CL_IRFCL_INDICATOR_PUB,TRUE,IRFCLDT3_IRFCL5T_EC10_LP_USD,"Contingent short-term net drains on foreign currency assets (nominal value), Total options in foreign currencies vis-a-vis the domestic currency, In-the-money Options, Other, Long positions",NA
IRFCL,International Reserves and Foreign Currency Liquidity (IRFCL),DSD_IRFCL_PUB,INDICATOR,CL_IRFCL_INDICATOR_PUB,TRUE,IRFCLDT3_IRFCL5T_EC10_LP_XDC,"Contingent short-term net drains on foreign currency assets (nominal value), Total options in foreign currencies vis-a-vis the domestic currency, In-the-money Options, Other, Long positions",NA
IRFCL,International Reserves and Foreign Currency Liquidity (IRFCL),DSD_IRFCL_PUB,INDICATOR,CL_IRFCL_INDICATOR_PUB,TRUE,IRFCLDT3_IRFCL5_SM1MUT3M_EC10_SHP_EUR,"Contingent short-term net drains on foreign currency assets (nominal value), Options in foreign currencies vis a  vis the domestic currency, More than 1 and up to 3 months, In-the-money Options, Other, Short positions",NA
IRFCL,International Reserves and Foreign Currency Liquidity (IRFCL),DSD_IRFCL_PUB,INDICATOR,CL_IRFCL_INDICATOR_PUB,TRUE,IRFCLDT3_IRFCL5_SM1MUT3M_EC10_SHP_USD,"Contingent short-term net drains on foreign currency assets (nominal value), Options in foreign currencies vis a  vis the domestic currency, More than 1 and up to 3 months, In-the-money Options, Other, Short positions",NA
IRFCL,International Reserves and Foreign Currency Liquidity (IRFCL),DSD_IRFCL_PUB,INDICATOR,CL_IRFCL_INDICATOR_PUB,TRUE,IRFCLDT3_IRFCL5_SM1MUT3M_EC10_SHP_XDC,"Contingent short-term net drains on foreign currency assets (nominal value), Options in foreign currencies vis a  vis the domestic currency, More than 1 and up to 3 months, In-the-money Options, Other, Short positions",NA
IRFCL,International Reserves and Foreign Currency Liquidity (IRFCL),DSD_IRFCL_PUB,INDICATOR,CL_IRFCL_INDICATOR_PUB,TRUE,IRFCLDT3_IRFCL5_SUTM_EC10_SHP_EUR,"Contingent short-term net drains on foreign currency assets (nominal value), Options in foreign currencies vis a  vis the domestic currency, Up to 1 month, In-the-money Options, Other, Short positions",NA
IRFCL,International Reserves and Foreign Currency Liquidity (IRFCL),DSD_IRFCL_PUB,INDICATOR,CL_IRFCL_INDICATOR_PUB,TRUE,IRFCLDT3_IRFCL5_SUTM_EC10_SHP_USD,"Contingent short-term net drains on foreign currency assets (nominal value), Options in foreign currencies vis a  vis the domestic currency, Up to 1 month, In-the-money Options, Other, Short positions",NA
IRFCL,International Reserves and Foreign Currency Liquidity (IRFCL),DSD_IRFCL_PUB,INDICATOR,CL_IRFCL_INDICATOR_PUB,TRUE,IRFCLDT3_IRFCL5_SUTM_EC10_SHP_XDC,"Contingent short-term net drains on foreign currency assets (nominal value), Options in foreign currencies vis a  vis the domestic currency, Up to 1 month, In-the-money Options, Other, Short positions",NA
IRFCL,International Reserves and Foreign Currency Liquidity (IRFCL),DSD_IRFCL_PUB,INDICATOR,CL_IRFCL_INDICATOR_PUB,TRUE,IRFCLDT3_IRFCL5_SM3MUTY_EC10_SHP_EUR,"Contingent short-term net drains on foreign currency assets (nominal value), Options in foreign currencies vis a  vis the domestic currency, More than 3 months and up to 1 year, In-the-money Options, Other, Short positions",NA
IRFCL,International Reserves and Foreign Currency Liquidity (IRFCL),DSD_IRFCL_PUB,INDICATOR,CL_IRFCL_INDICATOR_PUB,TRUE,IRFCLDT3_IRFCL5_SM3MUTY_EC10_SHP_USD,"Contingent short-term net drains on foreign currency assets (nominal value), Options in foreign currencies vis a  vis the domestic currency, More than 3 months and up to 1 year, In-the-money Options, Other, Short positions",NA
IRFCL,International Reserves and Foreign Currency Liquidity (IRFCL),DSD_IRFCL_PUB,INDICATOR,CL_IRFCL_INDICATOR_PUB,TRUE,IRFCLDT3_IRFCL5_SM3MUTY_EC10_SHP_XDC,"Contingent short-term net drains on foreign currency assets (nominal value), Options in foreign currencies vis a  vis the domestic currency, More than 3 months and up to 1 year, In-the-money Options, Other, Short positions",NA
IRFCL,International Reserves and Foreign Currency Liquidity (IRFCL),DSD_IRFCL_PUB,INDICATOR,CL_IRFCL_INDICATOR_PUB,TRUE,IRFCLDT3_IRFCL5T_EC10_SHP_EUR,"Contingent short-term net drains on foreign currency assets (nominal value), Total options in foreign currencies vis-a-vis the domestic currency, In-the-money Options, Other, Short positions",NA
IRFCL,International Reserves and Foreign Currency Liquidity (IRFCL),DSD_IRFCL_PUB,INDICATOR,CL_IRFCL_INDICATOR_PUB,TRUE,IRFCLDT3_IRFCL5T_EC10_SHP_USD,"Contingent short-term net drains on foreign currency assets (nominal value), Total options in foreign currencies vis-a-vis the domestic currency, In-the-money Options, Other, Short positions",NA
IRFCL,International Reserves and Foreign Currency Liquidity (IRFCL),DSD_IRFCL_PUB,INDICATOR,CL_IRFCL_INDICATOR_PUB,TRUE,IRFCLDT3_IRFCL5T_EC10_SHP_XDC,"Contingent short-term net drains on foreign currency assets (nominal value), Total options in foreign currencies vis-a-vis the domestic currency, In-the-money Options, Other, Short positions",NA
IRFCL,International Reserves and Foreign Currency Liquidity (IRFCL),DSD_IRFCL_PUB,INDICATOR,CL_IRFCL_INDICATOR_PUB,TRUE,IRFCLDT3_IRFCL5_SM1MUT3M_LP_EUR,"Contingent short-term net drains on foreign currency assets (nominal value), Options in foreign currencies vis a  vis the domestic currency, More than 1 and up to 3 months, Long positions",NA
IRFCL,International Reserves and Foreign Currency Liquidity (IRFCL),DSD_IRFCL_PUB,INDICATOR,CL_IRFCL_INDICATOR_PUB,TRUE,IRFCLDT3_IRFCL5_SM1MUT3M_LP_USD,"Contingent short-term net drains on foreign currency assets (nominal value), Options in foreign currencies vis a  vis the domestic currency, More than 1 and up to 3 months, Long positions",NA
IRFCL,International Reserves and Foreign Currency Liquidity (IRFCL),DSD_IRFCL_PUB,INDICATOR,CL_IRFCL_INDICATOR_PUB,TRUE,IRFCLDT3_IRFCL5_SM1MUT3M_LP_XDC,"Contingent short-term net drains on foreign currency assets (nominal value), Options in foreign currencies vis a  vis the domestic currency, More than 1 and up to 3 months, Long positions",NA
IRFCL,International Reserves and Foreign Currency Liquidity (IRFCL),DSD_IRFCL_PUB,INDICATOR,CL_IRFCL_INDICATOR_PUB,TRUE,IRFCLDT3_IRFCL5_SUTM_LP_EUR,"Contingent short-term net drains on foreign currency assets (nominal value), Options in foreign currencies vis a  vis the domestic currency, Up to 1 month, Long positions",NA
IRFCL,International Reserves and Foreign Currency Liquidity (IRFCL),DSD_IRFCL_PUB,INDICATOR,CL_IRFCL_INDICATOR_PUB,TRUE,IRFCLDT3_IRFCL5_SUTM_LP_USD,"Contingent short-term net drains on foreign currency assets (nominal value), Options in foreign currencies vis a  vis the domestic currency, Up to 1 month, Long positions",NA
IRFCL,International Reserves and Foreign Currency Liquidity (IRFCL),DSD_IRFCL_PUB,INDICATOR,CL_IRFCL_INDICATOR_PUB,TRUE,IRFCLDT3_IRFCL5_SUTM_LP_XDC,"Contingent short-term net drains on foreign currency assets (nominal value), Options in foreign currencies vis a  vis the domestic currency, Up to 1 month, Long positions",NA
IRFCL,International Reserves and Foreign Currency Liquidity (IRFCL),DSD_IRFCL_PUB,INDICATOR,CL_IRFCL_INDICATOR_PUB,TRUE,IRFCLDT3_IRFCL5_SM3MUTY_LP_EUR,"Contingent short-term net drains on foreign currency assets (nominal value), Options in foreign currencies vis a  vis the domestic currency, More than 3 months and up to 1 year, Long positions",NA
IRFCL,International Reserves and Foreign Currency Liquidity (IRFCL),DSD_IRFCL_PUB,INDICATOR,CL_IRFCL_INDICATOR_PUB,TRUE,IRFCLDT3_IRFCL5_SM3MUTY_LP_USD,"Contingent short-term net drains on foreign currency assets (nominal value), Options in foreign currencies vis a  vis the domestic currency, More than 3 months and up to 1 year, Long positions",NA
IRFCL,International Reserves and Foreign Currency Liquidity (IRFCL),DSD_IRFCL_PUB,INDICATOR,CL_IRFCL_INDICATOR_PUB,TRUE,IRFCLDT3_IRFCL5_SM3MUTY_LP_XDC,"Contingent short-term net drains on foreign currency assets (nominal value), Options in foreign currencies vis a  vis the domestic currency, More than 3 months and up to 1 year, Long positions",NA
IRFCL,International Reserves and Foreign Currency Liquidity (IRFCL),DSD_IRFCL_PUB,INDICATOR,CL_IRFCL_INDICATOR_PUB,TRUE,IRFCLDT3_IRFCL5T_LP_EUR,"Contingent short-term net drains on foreign currency assets (nominal value), Total options in foreign currencies vis-a-vis the domestic currency, Long positions",NA
IRFCL,International Reserves and Foreign Currency Liquidity (IRFCL),DSD_IRFCL_PUB,INDICATOR,CL_IRFCL_INDICATOR_PUB,TRUE,IRFCLDT3_IRFCL5T_LP_USD,"Contingent short-term net drains on foreign currency assets (nominal value), Total options in foreign currencies vis-a-vis the domestic currency, Long positions",NA
IRFCL,International Reserves and Foreign Currency Liquidity (IRFCL),DSD_IRFCL_PUB,INDICATOR,CL_IRFCL_INDICATOR_PUB,TRUE,IRFCLDT3_IRFCL5T_LP_XDC,"Contingent short-term net drains on foreign currency assets (nominal value), Total options in foreign currencies vis-a-vis the domestic currency, Long positions",NA
IRFCL,International Reserves and Foreign Currency Liquidity (IRFCL),DSD_IRFCL_PUB,INDICATOR,CL_IRFCL_INDICATOR_PUB,TRUE,IRFCLDT3_IRFCL5_SM1MUT3M_EC17_LP_EUR,"Contingent short-term net drains on foreign currency assets (nominal value), Options in foreign currencies vis a  vis the domestic currency, More than 1 and up to 3 months, Bought calls, Long positions",NA
IRFCL,International Reserves and Foreign Currency Liquidity (IRFCL),DSD_IRFCL_PUB,INDICATOR,CL_IRFCL_INDICATOR_PUB,TRUE,IRFCLDT3_IRFCL5_SM1MUT3M_EC17_LP_USD,"Contingent short-term net drains on foreign currency assets (nominal value), Options in foreign currencies vis a  vis the domestic currency, More than 1 and up to 3 months, Bought calls, Long positions",NA
IRFCL,International Reserves and Foreign Currency Liquidity (IRFCL),DSD_IRFCL_PUB,INDICATOR,CL_IRFCL_INDICATOR_PUB,TRUE,IRFCLDT3_IRFCL5_SM1MUT3M_EC17_LP_XDC,"Contingent short-term net drains on foreign currency assets (nominal value), Options in foreign currencies vis a  vis the domestic currency, More than 1 and up to 3 months, Bought calls, Long positions",NA
IRFCL,International Reserves and Foreign Currency Liquidity (IRFCL),DSD_IRFCL_PUB,INDICATOR,CL_IRFCL_INDICATOR_PUB,TRUE,IRFCLDT3_IRFCL5_SUTM_EC17_LP_EUR,"Contingent short-term net drains on foreign currency assets (nominal value), Options in foreign currencies vis a  vis the domestic currency, Up to 1 month, Bought calls, Long positions",NA
IRFCL,International Reserves and Foreign Currency Liquidity (IRFCL),DSD_IRFCL_PUB,INDICATOR,CL_IRFCL_INDICATOR_PUB,TRUE,IRFCLDT3_IRFCL5_SUTM_EC17_LP_USD,"Contingent short-term net drains on foreign currency assets (nominal value), Options in foreign currencies vis a  vis the domestic currency, Up to 1 month, Bought calls, Long positions",NA
IRFCL,International Reserves and Foreign Currency Liquidity (IRFCL),DSD_IRFCL_PUB,INDICATOR,CL_IRFCL_INDICATOR_PUB,TRUE,IRFCLDT3_IRFCL5_SUTM_EC17_LP_XDC,"Contingent short-term net drains on foreign currency assets (nominal value), Options in foreign currencies vis a  vis the domestic currency, Up to 1 month, Bought calls, Long positions",NA
IRFCL,International Reserves and Foreign Currency Liquidity (IRFCL),DSD_IRFCL_PUB,INDICATOR,CL_IRFCL_INDICATOR_PUB,TRUE,IRFCLDT3_IRFCL5_SM3MUTY_EC17_LP_EUR,"Contingent short-term net drains on foreign currency assets (nominal value), Options in foreign currencies vis a  vis the domestic currency, More than 3 months and up to 1 year, Bought calls, Long positions",NA
IRFCL,International Reserves and Foreign Currency Liquidity (IRFCL),DSD_IRFCL_PUB,INDICATOR,CL_IRFCL_INDICATOR_PUB,TRUE,IRFCLDT3_IRFCL5_SM3MUTY_EC17_LP_USD,"Contingent short-term net drains on foreign currency assets (nominal value), Options in foreign currencies vis a  vis the domestic currency, More than 3 months and up to 1 year, Bought calls, Long positions",NA
IRFCL,International Reserves and Foreign Currency Liquidity (IRFCL),DSD_IRFCL_PUB,INDICATOR,CL_IRFCL_INDICATOR_PUB,TRUE,IRFCLDT3_IRFCL5_SM3MUTY_EC17_LP_XDC,"Contingent short-term net drains on foreign currency assets (nominal value), Options in foreign currencies vis a  vis the domestic currency, More than 3 months and up to 1 year, Bought calls, Long positions",NA
IRFCL,International Reserves and Foreign Currency Liquidity (IRFCL),DSD_IRFCL_PUB,INDICATOR,CL_IRFCL_INDICATOR_PUB,TRUE,IRFCLDT3_IRFCL5T_EC17_LP_EUR,"Contingent short-term net drains on foreign currency assets (nominal value), Total options in foreign currencies vis-a-vis the domestic currency, Bought calls, Long positions",NA
IRFCL,International Reserves and Foreign Currency Liquidity (IRFCL),DSD_IRFCL_PUB,INDICATOR,CL_IRFCL_INDICATOR_PUB,TRUE,IRFCLDT3_IRFCL5T_EC17_LP_USD,"Contingent short-term net drains on foreign currency assets (nominal value), Total options in foreign currencies vis-a-vis the domestic currency, Bought calls, Long positions",NA
IRFCL,International Reserves and Foreign Currency Liquidity (IRFCL),DSD_IRFCL_PUB,INDICATOR,CL_IRFCL_INDICATOR_PUB,TRUE,IRFCLDT3_IRFCL5T_EC17_LP_XDC,"Contingent short-term net drains on foreign currency assets (nominal value), Total options in foreign currencies vis-a-vis the domestic currency, Bought calls, Long positions",NA
IRFCL,International Reserves and Foreign Currency Liquidity (IRFCL),DSD_IRFCL_PUB,INDICATOR,CL_IRFCL_INDICATOR_PUB,TRUE,IRFCLDT3_IRFCL5_SM1MUT3M_EC9_LP_EUR,"Contingent short-term net drains on foreign currency assets (nominal value), Options in foreign currencies vis a  vis the domestic currency, More than 1 and up to 3 months, Written Puts, Long positions",NA
IRFCL,International Reserves and Foreign Currency Liquidity (IRFCL),DSD_IRFCL_PUB,INDICATOR,CL_IRFCL_INDICATOR_PUB,TRUE,IRFCLDT3_IRFCL5_SM1MUT3M_EC9_LP_USD,"Contingent short-term net drains on foreign currency assets (nominal value), Options in foreign currencies vis a  vis the domestic currency, More than 1 and up to 3 months, Written Puts, Long positions",NA
IRFCL,International Reserves and Foreign Currency Liquidity (IRFCL),DSD_IRFCL_PUB,INDICATOR,CL_IRFCL_INDICATOR_PUB,TRUE,IRFCLDT3_IRFCL5_SM1MUT3M_EC9_LP_XDC,"Contingent short-term net drains on foreign currency assets (nominal value), Options in foreign currencies vis a  vis the domestic currency, More than 1 and up to 3 months, Written Puts, Long positions",NA
IRFCL,International Reserves and Foreign Currency Liquidity (IRFCL),DSD_IRFCL_PUB,INDICATOR,CL_IRFCL_INDICATOR_PUB,TRUE,IRFCLDT3_IRFCL5_SUTM_EC9_LP_EUR,"Contingent short-term net drains on foreign currency assets (nominal value), Options in foreign currencies vis a  vis the domestic currency, Up to 1 month, Written Puts, Long positions",NA
IRFCL,International Reserves and Foreign Currency Liquidity (IRFCL),DSD_IRFCL_PUB,INDICATOR,CL_IRFCL_INDICATOR_PUB,TRUE,IRFCLDT3_IRFCL5_SUTM_EC9_LP_USD,"Contingent short-term net drains on foreign currency assets (nominal value), Options in foreign currencies vis a  vis the domestic currency, Up to 1 month, Written Puts, Long positions",NA
IRFCL,International Reserves and Foreign Currency Liquidity (IRFCL),DSD_IRFCL_PUB,INDICATOR,CL_IRFCL_INDICATOR_PUB,TRUE,IRFCLDT3_IRFCL5_SUTM_EC9_LP_XDC,"Contingent short-term net drains on foreign currency assets (nominal value), Options in foreign currencies vis a  vis the domestic currency, Up to 1 month, Written Puts, Long positions",NA
IRFCL,International Reserves and Foreign Currency Liquidity (IRFCL),DSD_IRFCL_PUB,INDICATOR,CL_IRFCL_INDICATOR_PUB,TRUE,IRFCLDT3_IRFCL5_SM3MUTY_EC9_LP_EUR,"Contingent short-term net drains on foreign currency assets (nominal value), Options in foreign currencies vis a  vis the domestic currency, More than 3 months and up to 1 year, Written Puts, Long positions",NA
IRFCL,International Reserves and Foreign Currency Liquidity (IRFCL),DSD_IRFCL_PUB,INDICATOR,CL_IRFCL_INDICATOR_PUB,TRUE,IRFCLDT3_IRFCL5_SM3MUTY_EC9_LP_USD,"Contingent short-term net drains on foreign currency assets (nominal value), Options in foreign currencies vis a  vis the domestic currency, More than 3 months and up to 1 year, Written Puts, Long positions",NA
IRFCL,International Reserves and Foreign Currency Liquidity (IRFCL),DSD_IRFCL_PUB,INDICATOR,CL_IRFCL_INDICATOR_PUB,TRUE,IRFCLDT3_IRFCL5_SM3MUTY_EC9_LP_XDC,"Contingent short-term net drains on foreign currency assets (nominal value), Options in foreign currencies vis a  vis the domestic currency, More than 3 months and up to 1 year, Written Puts, Long positions",NA
IRFCL,International Reserves and Foreign Currency Liquidity (IRFCL),DSD_IRFCL_PUB,INDICATOR,CL_IRFCL_INDICATOR_PUB,TRUE,IRFCLDT3_IRFCL5T_EC9_LP_EUR,"Contingent short-term net drains on foreign currency assets (nominal value), Total options in foreign currencies vis-a-vis the domestic currency, Written Puts, Long positions",NA
IRFCL,International Reserves and Foreign Currency Liquidity (IRFCL),DSD_IRFCL_PUB,INDICATOR,CL_IRFCL_INDICATOR_PUB,TRUE,IRFCLDT3_IRFCL5T_EC9_LP_USD,"Contingent short-term net drains on foreign currency assets (nominal value), Total options in foreign currencies vis-a-vis the domestic currency, Written Puts, Long positions",NA
IRFCL,International Reserves and Foreign Currency Liquidity (IRFCL),DSD_IRFCL_PUB,INDICATOR,CL_IRFCL_INDICATOR_PUB,TRUE,IRFCLDT3_IRFCL5T_EC9_LP_XDC,"Contingent short-term net drains on foreign currency assets (nominal value), Total options in foreign currencies vis-a-vis the domestic currency, Written Puts, Long positions",NA
IRFCL,International Reserves and Foreign Currency Liquidity (IRFCL),DSD_IRFCL_PUB,INDICATOR,CL_IRFCL_INDICATOR_PUB,TRUE,IRFCLDT3_IRFCL5_SM1MUT3M_SHP_EUR,"Contingent short-term net drains on foreign currency assets (nominal value), Options in foreign currencies vis a  vis the domestic currency, More than 1 and up to 3 months, Short positions",NA
IRFCL,International Reserves and Foreign Currency Liquidity (IRFCL),DSD_IRFCL_PUB,INDICATOR,CL_IRFCL_INDICATOR_PUB,TRUE,IRFCLDT3_IRFCL5_SM1MUT3M_SHP_USD,"Contingent short-term net drains on foreign currency assets (nominal value), Options in foreign currencies vis a  vis the domestic currency, More than 1 and up to 3 months, Short positions",NA
IRFCL,International Reserves and Foreign Currency Liquidity (IRFCL),DSD_IRFCL_PUB,INDICATOR,CL_IRFCL_INDICATOR_PUB,TRUE,IRFCLDT3_IRFCL5_SM1MUT3M_SHP_XDC,"Contingent short-term net drains on foreign currency assets (nominal value), Options in foreign currencies vis a  vis the domestic currency, More than 1 and up to 3 months, Short positions",NA
IRFCL,International Reserves and Foreign Currency Liquidity (IRFCL),DSD_IRFCL_PUB,INDICATOR,CL_IRFCL_INDICATOR_PUB,TRUE,IRFCLDT3_IRFCL5_SUTM_SHP_EUR,"Contingent short-term net drains on foreign currency assets (nominal value), Options in foreign currencies vis a  vis the domestic currency, Up to 1 month, Short positions",NA
IRFCL,International Reserves and Foreign Currency Liquidity (IRFCL),DSD_IRFCL_PUB,INDICATOR,CL_IRFCL_INDICATOR_PUB,TRUE,IRFCLDT3_IRFCL5_SUTM_SHP_USD,"Contingent short-term net drains on foreign currency assets (nominal value), Options in foreign currencies vis a  vis the domestic currency, Up to 1 month, Short positions",NA
IRFCL,International Reserves and Foreign Currency Liquidity (IRFCL),DSD_IRFCL_PUB,INDICATOR,CL_IRFCL_INDICATOR_PUB,TRUE,IRFCLDT3_IRFCL5_SUTM_SHP_XDC,"Contingent short-term net drains on foreign currency assets (nominal value), Options in foreign currencies vis a  vis the domestic currency, Up to 1 month, Short positions",NA
IRFCL,International Reserves and Foreign Currency Liquidity (IRFCL),DSD_IRFCL_PUB,INDICATOR,CL_IRFCL_INDICATOR_PUB,TRUE,IRFCLDT3_IRFCL5_SM3MUTY_SHP_EUR,"Contingent short-term net drains on foreign currency assets (nominal value), Options in foreign currencies vis a  vis the domestic currency, More than 3 months and up to 1 year, Short positions",NA
IRFCL,International Reserves and Foreign Currency Liquidity (IRFCL),DSD_IRFCL_PUB,INDICATOR,CL_IRFCL_INDICATOR_PUB,TRUE,IRFCLDT3_IRFCL5_SM3MUTY_SHP_USD,"Contingent short-term net drains on foreign currency assets (nominal value), Options in foreign currencies vis a  vis the domestic currency, More than 3 months and up to 1 year, Short positions",NA
IRFCL,International Reserves and Foreign Currency Liquidity (IRFCL),DSD_IRFCL_PUB,INDICATOR,CL_IRFCL_INDICATOR_PUB,TRUE,IRFCLDT3_IRFCL5_SM3MUTY_SHP_XDC,"Contingent short-term net drains on foreign currency assets (nominal value), Options in foreign currencies vis a  vis the domestic currency, More than 3 months and up to 1 year, Short positions",NA
IRFCL,International Reserves and Foreign Currency Liquidity (IRFCL),DSD_IRFCL_PUB,INDICATOR,CL_IRFCL_INDICATOR_PUB,TRUE,IRFCLDT3_IRFCL5T_SHP_EUR,"Contingent short-term net drains on foreign currency assets (nominal value), Total options in foreign currencies vis-a-vis the domestic currency, Short positions",NA
IRFCL,International Reserves and Foreign Currency Liquidity (IRFCL),DSD_IRFCL_PUB,INDICATOR,CL_IRFCL_INDICATOR_PUB,TRUE,IRFCLDT3_IRFCL5T_SHP_USD,"Contingent short-term net drains on foreign currency assets (nominal value), Total options in foreign currencies vis-a-vis the domestic currency, Short positions",NA
IRFCL,International Reserves and Foreign Currency Liquidity (IRFCL),DSD_IRFCL_PUB,INDICATOR,CL_IRFCL_INDICATOR_PUB,TRUE,IRFCLDT3_IRFCL5T_SHP_XDC,"Contingent short-term net drains on foreign currency assets (nominal value), Total options in foreign currencies vis-a-vis the domestic currency, Short positions",NA
IRFCL,International Reserves and Foreign Currency Liquidity (IRFCL),DSD_IRFCL_PUB,INDICATOR,CL_IRFCL_INDICATOR_PUB,TRUE,IRFCLDT3_IRFCL5_SM1MUT3M_EC2_SHP_EUR,"Contingent short-term net drains on foreign currency assets (nominal value), Options in foreign currencies vis a  vis the domestic currency, More than 1 and up to 3 months, Bought Puts, Short positions",NA
IRFCL,International Reserves and Foreign Currency Liquidity (IRFCL),DSD_IRFCL_PUB,INDICATOR,CL_IRFCL_INDICATOR_PUB,TRUE,IRFCLDT3_IRFCL5_SM1MUT3M_EC2_SHP_USD,"Contingent short-term net drains on foreign currency assets (nominal value), Options in foreign currencies vis a  vis the domestic currency, More than 1 and up to 3 months, Bought Puts, Short positions",NA
IRFCL,International Reserves and Foreign Currency Liquidity (IRFCL),DSD_IRFCL_PUB,INDICATOR,CL_IRFCL_INDICATOR_PUB,TRUE,IRFCLDT3_IRFCL5_SM1MUT3M_EC2_SHP_XDC,"Contingent short-term net drains on foreign currency assets (nominal value), Options in foreign currencies vis a  vis the domestic currency, More than 1 and up to 3 months, Bought Puts, Short positions",NA
IRFCL,International Reserves and Foreign Currency Liquidity (IRFCL),DSD_IRFCL_PUB,INDICATOR,CL_IRFCL_INDICATOR_PUB,TRUE,IRFCLDT3_IRFCL5_SUTM_EC2_SHP_EUR,"Contingent short-term net drains on foreign currency assets (nominal value), Options in foreign currencies vis a  vis the domestic currency, Up to 1 month, Bought Puts, Short positions",NA
IRFCL,International Reserves and Foreign Currency Liquidity (IRFCL),DSD_IRFCL_PUB,INDICATOR,CL_IRFCL_INDICATOR_PUB,TRUE,IRFCLDT3_IRFCL5_SUTM_EC2_SHP_USD,"Contingent short-term net drains on foreign currency assets (nominal value), Options in foreign currencies vis a  vis the domestic currency, Up to 1 month, Bought Puts, Short positions",NA
IRFCL,International Reserves and Foreign Currency Liquidity (IRFCL),DSD_IRFCL_PUB,INDICATOR,CL_IRFCL_INDICATOR_PUB,TRUE,IRFCLDT3_IRFCL5_SUTM_EC2_SHP_XDC,"Contingent short-term net drains on foreign currency assets (nominal value), Options in foreign currencies vis a  vis the domestic currency, Up to 1 month, Bought Puts, Short positions",NA
IRFCL,International Reserves and Foreign Currency Liquidity (IRFCL),DSD_IRFCL_PUB,INDICATOR,CL_IRFCL_INDICATOR_PUB,TRUE,IRFCLDT3_IRFCL5_SM3MUTY_EC2_SHP_EUR,"Contingent short-term net drains on foreign currency assets (nominal value), Options in foreign currencies vis a  vis the domestic currency, More than 3 months and up to 1 year, Bought Puts, Short positions",NA
IRFCL,International Reserves and Foreign Currency Liquidity (IRFCL),DSD_IRFCL_PUB,INDICATOR,CL_IRFCL_INDICATOR_PUB,TRUE,IRFCLDT3_IRFCL5_SM3MUTY_EC2_SHP_USD,"Contingent short-term net drains on foreign currency assets (nominal value), Options in foreign currencies vis a  vis the domestic currency, More than 3 months and up to 1 year, Bought Puts, Short positions",NA
IRFCL,International Reserves and Foreign Currency Liquidity (IRFCL),DSD_IRFCL_PUB,INDICATOR,CL_IRFCL_INDICATOR_PUB,TRUE,IRFCLDT3_IRFCL5_SM3MUTY_EC2_SHP_XDC,"Contingent short-term net drains on foreign currency assets (nominal value), Options in foreign currencies vis a  vis the domestic currency, More than 3 months and up to 1 year, Bought Puts, Short positions",NA
IRFCL,International Reserves and Foreign Currency Liquidity (IRFCL),DSD_IRFCL_PUB,INDICATOR,CL_IRFCL_INDICATOR_PUB,TRUE,IRFCLDT3_IRFCL5T_EC2_SHP_EUR,"Contingent short-term net drains on foreign currency assets (nominal value), Total options in foreign currencies vis-a-vis the domestic currency, Bought Puts, Short positions",NA
IRFCL,International Reserves and Foreign Currency Liquidity (IRFCL),DSD_IRFCL_PUB,INDICATOR,CL_IRFCL_INDICATOR_PUB,TRUE,IRFCLDT3_IRFCL5T_EC2_SHP_USD,"Contingent short-term net drains on foreign currency assets (nominal value), Total options in foreign currencies vis-a-vis the domestic currency, Bought Puts, Short positions",NA
IRFCL,International Reserves and Foreign Currency Liquidity (IRFCL),DSD_IRFCL_PUB,INDICATOR,CL_IRFCL_INDICATOR_PUB,TRUE,IRFCLDT3_IRFCL5T_EC2_SHP_XDC,"Contingent short-term net drains on foreign currency assets (nominal value), Total options in foreign currencies vis-a-vis the domestic currency, Bought Puts, Short positions",NA
IRFCL,International Reserves and Foreign Currency Liquidity (IRFCL),DSD_IRFCL_PUB,INDICATOR,CL_IRFCL_INDICATOR_PUB,TRUE,IRFCLDT3_IRFCL5_SM1MUT3M_EC1_SHP_EUR,"Contingent short-term net drains on foreign currency assets (nominal value), Options in foreign currencies vis a  vis the domestic currency, More than 1 and up to 3 months, Written Calls, Short positions",NA
IRFCL,International Reserves and Foreign Currency Liquidity (IRFCL),DSD_IRFCL_PUB,INDICATOR,CL_IRFCL_INDICATOR_PUB,TRUE,IRFCLDT3_IRFCL5_SM1MUT3M_EC1_SHP_USD,"Contingent short-term net drains on foreign currency assets (nominal value), Options in foreign currencies vis a  vis the domestic currency, More than 1 and up to 3 months, Written Calls, Short positions",NA
IRFCL,International Reserves and Foreign Currency Liquidity (IRFCL),DSD_IRFCL_PUB,INDICATOR,CL_IRFCL_INDICATOR_PUB,TRUE,IRFCLDT3_IRFCL5_SM1MUT3M_EC1_SHP_XDC,"Contingent short-term net drains on foreign currency assets (nominal value), Options in foreign currencies vis a  vis the domestic currency, More than 1 and up to 3 months, Written Calls, Short positions",NA
IRFCL,International Reserves and Foreign Currency Liquidity (IRFCL),DSD_IRFCL_PUB,INDICATOR,CL_IRFCL_INDICATOR_PUB,TRUE,IRFCLDT3_IRFCL5_SUTM_EC1_SHP_EUR,"Contingent short-term net drains on foreign currency assets (nominal value), Options in foreign currencies vis a  vis the domestic currency, Up to 1 month, Written Calls, Short positions",NA
IRFCL,International Reserves and Foreign Currency Liquidity (IRFCL),DSD_IRFCL_PUB,INDICATOR,CL_IRFCL_INDICATOR_PUB,TRUE,IRFCLDT3_IRFCL5_SUTM_EC1_SHP_USD,"Contingent short-term net drains on foreign currency assets (nominal value), Options in foreign currencies vis a  vis the domestic currency, Up to 1 month, Written Calls, Short positions",NA
IRFCL,International Reserves and Foreign Currency Liquidity (IRFCL),DSD_IRFCL_PUB,INDICATOR,CL_IRFCL_INDICATOR_PUB,TRUE,IRFCLDT3_IRFCL5_SUTM_EC1_SHP_XDC,"Contingent short-term net drains on foreign currency assets (nominal value), Options in foreign currencies vis a  vis the domestic currency, Up to 1 month, Written Calls, Short positions",NA
IRFCL,International Reserves and Foreign Currency Liquidity (IRFCL),DSD_IRFCL_PUB,INDICATOR,CL_IRFCL_INDICATOR_PUB,TRUE,IRFCLDT3_IRFCL5_SM3MUTY_EC1_SHP_EUR,"Contingent short-term net drains on foreign currency assets (nominal value), Options in foreign currencies vis a  vis the domestic currency, More than 3 months and up to 1 year, Written Calls, Short positions",NA
IRFCL,International Reserves and Foreign Currency Liquidity (IRFCL),DSD_IRFCL_PUB,INDICATOR,CL_IRFCL_INDICATOR_PUB,TRUE,IRFCLDT3_IRFCL5_SM3MUTY_EC1_SHP_USD,"Contingent short-term net drains on foreign currency assets (nominal value), Options in foreign currencies vis a  vis the domestic currency, More than 3 months and up to 1 year, Written Calls, Short positions",NA
IRFCL,International Reserves and Foreign Currency Liquidity (IRFCL),DSD_IRFCL_PUB,INDICATOR,CL_IRFCL_INDICATOR_PUB,TRUE,IRFCLDT3_IRFCL5_SM3MUTY_EC1_SHP_XDC,"Contingent short-term net drains on foreign currency assets (nominal value), Options in foreign currencies vis a  vis the domestic currency, More than 3 months and up to 1 year, Written Calls, Short positions",NA
IRFCL,International Reserves and Foreign Currency Liquidity (IRFCL),DSD_IRFCL_PUB,INDICATOR,CL_IRFCL_INDICATOR_PUB,TRUE,IRFCLDT3_IRFCL5T_EC1_SHP_EUR,"Contingent short-term net drains on foreign currency assets (nominal value), Total options in foreign currencies vis-a-vis the domestic currency, Written Calls, Short positions",NA
IRFCL,International Reserves and Foreign Currency Liquidity (IRFCL),DSD_IRFCL_PUB,INDICATOR,CL_IRFCL_INDICATOR_PUB,TRUE,IRFCLDT3_IRFCL5T_EC1_SHP_USD,"Contingent short-term net drains on foreign currency assets (nominal value), Total options in foreign currencies vis-a-vis the domestic currency, Written Calls, Short positions",NA
IRFCL,International Reserves and Foreign Currency Liquidity (IRFCL),DSD_IRFCL_PUB,INDICATOR,CL_IRFCL_INDICATOR_PUB,TRUE,IRFCLDT3_IRFCL5T_EC1_SHP_XDC,"Contingent short-term net drains on foreign currency assets (nominal value), Total options in foreign currencies vis-a-vis the domestic currency, Written Calls, Short positions",NA
IRFCL,International Reserves and Foreign Currency Liquidity (IRFCL),DSD_IRFCL_PUB,INDICATOR,CL_IRFCL_INDICATOR_PUB,TRUE,IRFCLDT3_IRFCL84_EUR,"Contingent short-term net drains on foreign currency assets (nominal value), Total foreign currency securities issued with embedded options (puttable bonds)",NA
IRFCL,International Reserves and Foreign Currency Liquidity (IRFCL),DSD_IRFCL_PUB,INDICATOR,CL_IRFCL_INDICATOR_PUB,TRUE,IRFCLDT3_IRFCL84_USD,"Contingent short-term net drains on foreign currency assets (nominal value), Total foreign currency securities issued with embedded options (puttable bonds)",NA
IRFCL,International Reserves and Foreign Currency Liquidity (IRFCL),DSD_IRFCL_PUB,INDICATOR,CL_IRFCL_INDICATOR_PUB,TRUE,IRFCLDT3_IRFCL84_XDC,"Contingent short-term net drains on foreign currency assets (nominal value), Total foreign currency securities issued with embedded options (puttable bonds)",NA
IRFCL,International Reserves and Foreign Currency Liquidity (IRFCL),DSD_IRFCL_PUB,INDICATOR,CL_IRFCL_INDICATOR_PUB,TRUE,IRFCLDT1_IRFCL54_EUR,"Official Reserve Assets and Other Foreign Currency Assets (approximate market value), Official reserve assets and other foreign currency assets",NA
IRFCL,International Reserves and Foreign Currency Liquidity (IRFCL),DSD_IRFCL_PUB,INDICATOR,CL_IRFCL_INDICATOR_PUB,TRUE,IRFCLDT1_IRFCL54_USD,"Official Reserve Assets and Other Foreign Currency Assets (approximate market value), Official reserve assets and other foreign currency assets",NA
IRFCL,International Reserves and Foreign Currency Liquidity (IRFCL),DSD_IRFCL_PUB,INDICATOR,CL_IRFCL_INDICATOR_PUB,TRUE,IRFCLDT1_IRFCL54_XDC,"Official Reserve Assets and Other Foreign Currency Assets (approximate market value), Official reserve assets and other foreign currency assets",NA
IRFCL,International Reserves and Foreign Currency Liquidity (IRFCL),DSD_IRFCL_PUB,INDICATOR,CL_IRFCL_INDICATOR_PUB,TRUE,IRFCLDT1_IRFCL65_EUR,"Official Reserve Assets and Other Foreign Currency Assets (approximate market value), Official reserve assets",NA
IRFCL,International Reserves and Foreign Currency Liquidity (IRFCL),DSD_IRFCL_PUB,INDICATOR,CL_IRFCL_INDICATOR_PUB,TRUE,IRFCLDT1_IRFCL55_PT,"Official Reserve Assets and Other Foreign Currency Assets (approximate market value), Official reserve assets by predetermined short term net drains on foreign currency assets ratio",NA
IRFCL,International Reserves and Foreign Currency Liquidity (IRFCL),DSD_IRFCL_PUB,INDICATOR,CL_IRFCL_INDICATOR_PUB,TRUE,IRFCLDT1_IRFCL65_USD,"Official Reserve Assets and Other Foreign Currency Assets (approximate market value), Official reserve assets",NA
IRFCL,International Reserves and Foreign Currency Liquidity (IRFCL),DSD_IRFCL_PUB,INDICATOR,CL_IRFCL_INDICATOR_PUB,TRUE,IRFCLDT1_IRFCL65_XDC,"Official Reserve Assets and Other Foreign Currency Assets (approximate market value), Official reserve assets",NA
IRFCL,International Reserves and Foreign Currency Liquidity (IRFCL),DSD_IRFCL_PUB,INDICATOR,CL_IRFCL_INDICATOR_PUB,TRUE,IRFCLDT1_IRFCLCDCFC_EUR,"Official Reserve Assets and Other Foreign Currency Assets (approximate market value), Official reserve currency and deposits (in convertible foreign currencies)",NA
IRFCL,International Reserves and Foreign Currency Liquidity (IRFCL),DSD_IRFCL_PUB,INDICATOR,CL_IRFCL_INDICATOR_PUB,TRUE,IRFCLDT1_IRFCLCDCFC_USD,"Official Reserve Assets and Other Foreign Currency Assets (approximate market value), Official reserve currency and deposits (in convertible foreign currencies)",NA
IRFCL,International Reserves and Foreign Currency Liquidity (IRFCL),DSD_IRFCL_PUB,INDICATOR,CL_IRFCL_INDICATOR_PUB,TRUE,IRFCLDT1_IRFCLCDCFC_XDC,"Official Reserve Assets and Other Foreign Currency Assets (approximate market value), Official reserve currency and deposits (in convertible foreign currencies)",NA
IRFCL,International Reserves and Foreign Currency Liquidity (IRFCL),DSD_IRFCL_PUB,INDICATOR,CL_IRFCL_INDICATOR_PUB,TRUE,IRFCLDT1_IRFCLCDCFCE_EUR,"Official Reserve Assets and Other Foreign Currency Assets (approximate market value), Official reserve currency and deposits (in convertible foreign currencies) with EUROs",NA
IRFCL,International Reserves and Foreign Currency Liquidity (IRFCL),DSD_IRFCL_PUB,INDICATOR,CL_IRFCL_INDICATOR_PUB,TRUE,IRFCLDT1_IRFCLCDCFCU_USD,"Official Reserve Assets and Other Foreign Currency Assets (approximate market value), Official reserve currency and deposits (in convertible foreign currencies) with US Dollars",NA
IRFCL,International Reserves and Foreign Currency Liquidity (IRFCL),DSD_IRFCL_PUB,INDICATOR,CL_IRFCL_INDICATOR_PUB,TRUE,IRFCLDT1_IRFCLCDCFCD_XDC,"Official Reserve Assets and Other Foreign Currency Assets (approximate market value), Official reserve currency and deposits (in convertible foreign currencies) with Domestic Currency",NA
IRFCL,International Reserves and Foreign Currency Liquidity (IRFCL),DSD_IRFCL_PUB,INDICATOR,CL_IRFCL_INDICATOR_PUB,TRUE,IRFCLDT1_IRFCL31_BOFIRC_EUR,"Official Reserve Assets and Other Foreign Currency Assets (approximate market value), Official reserve currency and deposits, banks and other financial institutions in the reporting country",NA
IRFCL,International Reserves and Foreign Currency Liquidity (IRFCL),DSD_IRFCL_PUB,INDICATOR,CL_IRFCL_INDICATOR_PUB,TRUE,IRFCLDT1_IRFCL31_BOFIRC_USD,"Official Reserve Assets and Other Foreign Currency Assets (approximate market value), Official reserve currency and deposits, banks and other financial institutions in the reporting country",NA
IRFCL,International Reserves and Foreign Currency Liquidity (IRFCL),DSD_IRFCL_PUB,INDICATOR,CL_IRFCL_INDICATOR_PUB,TRUE,IRFCLDT1_IRFCL31_BOFIRC_XDC,"Official Reserve Assets and Other Foreign Currency Assets (approximate market value), Official reserve currency and deposits, banks and other financial institutions in the reporting country",NA
IRFCL,International Reserves and Foreign Currency Liquidity (IRFCL),DSD_IRFCL_PUB,INDICATOR,CL_IRFCL_INDICATOR_PUB,TRUE,IRFCLDT1_IRFCL31_BOFIRCLA_EUR,"Official Reserve Assets and Other Foreign Currency Assets (approximate market value), Official reserve currency and deposits, banks and other financial institutions in the reporting country, of which located abroad",NA
IRFCL,International Reserves and Foreign Currency Liquidity (IRFCL),DSD_IRFCL_PUB,INDICATOR,CL_IRFCL_INDICATOR_PUB,TRUE,IRFCLDT1_IRFCL31_BOFIRCLA_USD,"Official Reserve Assets and Other Foreign Currency Assets (approximate market value), Official reserve currency and deposits, banks and other financial institutions in the reporting country, of which located abroad",NA
IRFCL,International Reserves and Foreign Currency Liquidity (IRFCL),DSD_IRFCL_PUB,INDICATOR,CL_IRFCL_INDICATOR_PUB,TRUE,IRFCLDT1_IRFCL31_BOFIRCLA_XDC,"Official Reserve Assets and Other Foreign Currency Assets (approximate market value), Official reserve currency and deposits, banks and other financial institutions in the reporting country, of which located abroad",NA
IRFCL,International Reserves and Foreign Currency Liquidity (IRFCL),DSD_IRFCL_PUB,INDICATOR,CL_IRFCL_INDICATOR_PUB,TRUE,IRFCLDT1_IRFCL31_BOFIORC_EUR,"Official Reserve Assets and Other Foreign Currency Assets (approximate market value), Official reserve currency and deposits, banks and other financial institutions outside reporting country",NA
IRFCL,International Reserves and Foreign Currency Liquidity (IRFCL),DSD_IRFCL_PUB,INDICATOR,CL_IRFCL_INDICATOR_PUB,TRUE,IRFCLDT1_IRFCL31_BOFIORC_USD,"Official Reserve Assets and Other Foreign Currency Assets (approximate market value), Official reserve currency and deposits, banks and other financial institutions outside reporting country",NA
IRFCL,International Reserves and Foreign Currency Liquidity (IRFCL),DSD_IRFCL_PUB,INDICATOR,CL_IRFCL_INDICATOR_PUB,TRUE,IRFCLDT1_IRFCL31_BOFIORC_XDC,"Official Reserve Assets and Other Foreign Currency Assets (approximate market value), Official reserve currency and deposits, banks and other financial institutions outside reporting country",NA
IRFCL,International Reserves and Foreign Currency Liquidity (IRFCL),DSD_IRFCL_PUB,INDICATOR,CL_IRFCL_INDICATOR_PUB,TRUE,IRFCLDT1_IRFCL31_BOFIORCLA_EUR,"Official Reserve Assets and Other Foreign Currency Assets (approximate market value), Official reserve currency and deposits, banks and other financial institutions outside reporting country, of which located abroad",NA
IRFCL,International Reserves and Foreign Currency Liquidity (IRFCL),DSD_IRFCL_PUB,INDICATOR,CL_IRFCL_INDICATOR_PUB,TRUE,IRFCLDT1_IRFCL31_BOFIORCLA_USD,"Official Reserve Assets and Other Foreign Currency Assets (approximate market value), Official reserve currency and deposits, banks and other financial institutions outside reporting country, of which located abroad",NA
IRFCL,International Reserves and Foreign Currency Liquidity (IRFCL),DSD_IRFCL_PUB,INDICATOR,CL_IRFCL_INDICATOR_PUB,TRUE,IRFCLDT1_IRFCL31_BOFIORCLA_XDC,"Official Reserve Assets and Other Foreign Currency Assets (approximate market value), Official reserve currency and deposits, banks and other financial institutions outside reporting country, of which located abroad",NA
IRFCL,International Reserves and Foreign Currency Liquidity (IRFCL),DSD_IRFCL_PUB,INDICATOR,CL_IRFCL_INDICATOR_PUB,TRUE,IRFCLDT1_IRFCL31_ONCBBISIMF_EUR,"Official Reserve Assets and Other Foreign Currency Assets (approximate market value), Official reserve currency and deposits, with Other National Central Banks, BIS and IMF",NA
IRFCL,International Reserves and Foreign Currency Liquidity (IRFCL),DSD_IRFCL_PUB,INDICATOR,CL_IRFCL_INDICATOR_PUB,TRUE,IRFCLDT1_IRFCL31_ONCBBISIMF_USD,"Official Reserve Assets and Other Foreign Currency Assets (approximate market value), Official reserve currency and deposits, with Other National Central Banks, BIS and IMF",NA
IRFCL,International Reserves and Foreign Currency Liquidity (IRFCL),DSD_IRFCL_PUB,INDICATOR,CL_IRFCL_INDICATOR_PUB,TRUE,IRFCLDT1_IRFCL31_ONCBBISIMF_XDC,"Official Reserve Assets and Other Foreign Currency Assets (approximate market value), Official reserve currency and deposits, with Other National Central Banks, BIS and IMF",NA
IRFCL,International Reserves and Foreign Currency Liquidity (IRFCL),DSD_IRFCL_PUB,INDICATOR,CL_IRFCL_INDICATOR_PUB,TRUE,IRFCLDT1_IRFCL32_EUR,"Official Reserve Assets and Other Foreign Currency Assets (approximate market value), Official reserve currency and deposits, securities",NA
IRFCL,International Reserves and Foreign Currency Liquidity (IRFCL),DSD_IRFCL_PUB,INDICATOR,CL_IRFCL_INDICATOR_PUB,TRUE,IRFCLDT1_IRFCL32_USD,"Official Reserve Assets and Other Foreign Currency Assets (approximate market value), Official reserve currency and deposits, securities",NA
IRFCL,International Reserves and Foreign Currency Liquidity (IRFCL),DSD_IRFCL_PUB,INDICATOR,CL_IRFCL_INDICATOR_PUB,TRUE,IRFCLDT1_IRFCL32_XDC,"Official Reserve Assets and Other Foreign Currency Assets (approximate market value), Official reserve currency and deposits, securities",NA
IRFCL,International Reserves and Foreign Currency Liquidity (IRFCL),DSD_IRFCL_PUB,INDICATOR,CL_IRFCL_INDICATOR_PUB,TRUE,IRFCLDT1_IRFCL64_EUR,"Official Reserve Assets and Other Foreign Currency Assets (approximate market value), Official reserve assets, securities of which: issuer headquartered in reporting country but located abroad",NA
IRFCL,International Reserves and Foreign Currency Liquidity (IRFCL),DSD_IRFCL_PUB,INDICATOR,CL_IRFCL_INDICATOR_PUB,TRUE,IRFCLDT1_IRFCL64_USD,"Official Reserve Assets and Other Foreign Currency Assets (approximate market value), Official reserve assets, securities of which: issuer headquartered in reporting country but located abroad",NA
IRFCL,International Reserves and Foreign Currency Liquidity (IRFCL),DSD_IRFCL_PUB,INDICATOR,CL_IRFCL_INDICATOR_PUB,TRUE,IRFCLDT1_IRFCL64_XDC,"Official Reserve Assets and Other Foreign Currency Assets (approximate market value), Official reserve assets, securities of which: issuer headquartered in reporting country but located abroad",NA
IRFCL,International Reserves and Foreign Currency Liquidity (IRFCL),DSD_IRFCL_PUB,INDICATOR,CL_IRFCL_INDICATOR_PUB,TRUE,IRFCLDT1_IRFCL56_EUR,"Official Reserve Assets and Other Foreign Currency Assets (approximate market value), Official reserve assets, gold (including gold deposits and if appropriate gold swapped)",NA
IRFCL,International Reserves and Foreign Currency Liquidity (IRFCL),DSD_IRFCL_PUB,INDICATOR,CL_IRFCL_INDICATOR_PUB,TRUE,IRFCLDT1_IRFCL56_USD,"Official Reserve Assets and Other Foreign Currency Assets (approximate market value), Official reserve assets, gold (including gold deposits and if appropriate gold swapped)",NA
IRFCL,International Reserves and Foreign Currency Liquidity (IRFCL),DSD_IRFCL_PUB,INDICATOR,CL_IRFCL_INDICATOR_PUB,TRUE,IRFCLDT1_IRFCL56_XDC,"Official Reserve Assets and Other Foreign Currency Assets (approximate market value), Official reserve assets, gold (including gold deposits and if appropriate gold swapped)",NA
IRFCL,International Reserves and Foreign Currency Liquidity (IRFCL),DSD_IRFCL_PUB,INDICATOR,CL_IRFCL_INDICATOR_PUB,TRUE,IRFCLDT1_IRFCL56_FTO,"Official Reserve Assets and Other Foreign Currency Assets (approximate market value), Official reserve assets, gold (including gold deposits and if appropriate gold swapped)",NA
IRFCL,International Reserves and Foreign Currency Liquidity (IRFCL),DSD_IRFCL_PUB,INDICATOR,CL_IRFCL_INDICATOR_PUB,TRUE,IRFCLDT1_IRFCL56GB_FTO,"Official Reserve Assets and Other Foreign Currency Assets (approximate market value), Official reserve assets, gold (including gold deposits and if appropriate gold swapped): gold bullion",NA
IRFCL,International Reserves and Foreign Currency Liquidity (IRFCL),DSD_IRFCL_PUB,INDICATOR,CL_IRFCL_INDICATOR_PUB,TRUE,IRFCLDT1_IRFCL56UG_FTO,"Official Reserve Assets and Other Foreign Currency Assets (approximate market value), Official reserve assets, gold (including gold deposits and if appropriate gold swapped): unallocated gold",NA
IRFCL,International Reserves and Foreign Currency Liquidity (IRFCL),DSD_IRFCL_PUB,INDICATOR,CL_IRFCL_INDICATOR_PUB,TRUE,IRFCLDT1_IRFCL57_EUR,"Official Reserve Assets and Other Foreign Currency Assets (approximate market value), Official reserve assets IMF reserve position",NA
IRFCL,International Reserves and Foreign Currency Liquidity (IRFCL),DSD_IRFCL_PUB,INDICATOR,CL_IRFCL_INDICATOR_PUB,TRUE,IRFCLDT1_IRFCL57_USD,"Official Reserve Assets and Other Foreign Currency Assets (approximate market value), Official reserve assets IMF reserve position",NA
IRFCL,International Reserves and Foreign Currency Liquidity (IRFCL),DSD_IRFCL_PUB,INDICATOR,CL_IRFCL_INDICATOR_PUB,TRUE,IRFCLDT1_IRFCL57_XDC,"Official Reserve Assets and Other Foreign Currency Assets (approximate market value), Official reserve assets IMF reserve position",NA
IRFCL,International Reserves and Foreign Currency Liquidity (IRFCL),DSD_IRFCL_PUB,INDICATOR,CL_IRFCL_INDICATOR_PUB,TRUE,IRFCLDT1_IRFCL58_EUR,"Official Reserve Assets and Other Foreign Currency Assets (approximate market value), Official reserve assets other reserve assets,",NA
IRFCL,International Reserves and Foreign Currency Liquidity (IRFCL),DSD_IRFCL_PUB,INDICATOR,CL_IRFCL_INDICATOR_PUB,TRUE,IRFCLDT1_IRFCL58_USD,"Official Reserve Assets and Other Foreign Currency Assets (approximate market value), Official reserve assets other reserve assets,",NA
IRFCL,International Reserves and Foreign Currency Liquidity (IRFCL),DSD_IRFCL_PUB,INDICATOR,CL_IRFCL_INDICATOR_PUB,TRUE,IRFCLDT1_IRFCL58_XDC,"Official Reserve Assets and Other Foreign Currency Assets (approximate market value), Official reserve assets other reserve assets,",NA
IRFCL,International Reserves and Foreign Currency Liquidity (IRFCL),DSD_IRFCL_PUB,INDICATOR,CL_IRFCL_INDICATOR_PUB,TRUE,IRFCLDT1_IRFCL59_EUR,"Official Reserve Assets and Other Foreign Currency Assets (approximate market value), Official reserve assets, financial derivatives",NA
IRFCL,International Reserves and Foreign Currency Liquidity (IRFCL),DSD_IRFCL_PUB,INDICATOR,CL_IRFCL_INDICATOR_PUB,TRUE,IRFCLDT1_IRFCL59_USD,"Official Reserve Assets and Other Foreign Currency Assets (approximate market value), Official reserve assets, financial derivatives",NA
IRFCL,International Reserves and Foreign Currency Liquidity (IRFCL),DSD_IRFCL_PUB,INDICATOR,CL_IRFCL_INDICATOR_PUB,TRUE,IRFCLDT1_IRFCL59_XDC,"Official Reserve Assets and Other Foreign Currency Assets (approximate market value), Official reserve assets, financial derivatives",NA
IRFCL,International Reserves and Foreign Currency Liquidity (IRFCL),DSD_IRFCL_PUB,INDICATOR,CL_IRFCL_INDICATOR_PUB,TRUE,IRFCLDT1_IRFCL60_EUR,"Official Reserve Assets and Other Foreign Currency Assets (approximate market value), Official reserve assets, loans to non bank nonresidents",NA
IRFCL,International Reserves and Foreign Currency Liquidity (IRFCL),DSD_IRFCL_PUB,INDICATOR,CL_IRFCL_INDICATOR_PUB,TRUE,IRFCLDT1_IRFCL60_USD,"Official Reserve Assets and Other Foreign Currency Assets (approximate market value), Official reserve assets, loans to non bank nonresidents",NA
IRFCL,International Reserves and Foreign Currency Liquidity (IRFCL),DSD_IRFCL_PUB,INDICATOR,CL_IRFCL_INDICATOR_PUB,TRUE,IRFCLDT1_IRFCL60_XDC,"Official Reserve Assets and Other Foreign Currency Assets (approximate market value), Official reserve assets, loans to non bank nonresidents",NA
IRFCL,International Reserves and Foreign Currency Liquidity (IRFCL),DSD_IRFCL_PUB,INDICATOR,CL_IRFCL_INDICATOR_PUB,TRUE,IRFCLDT1_IRFCL61_EUR,"Official Reserve Assets and Other Foreign Currency Assets (approximate market value), Official reserve assets, other",NA
IRFCL,International Reserves and Foreign Currency Liquidity (IRFCL),DSD_IRFCL_PUB,INDICATOR,CL_IRFCL_INDICATOR_PUB,TRUE,IRFCLDT1_IRFCL61_USD,"Official Reserve Assets and Other Foreign Currency Assets (approximate market value), Official reserve assets, other",NA
IRFCL,International Reserves and Foreign Currency Liquidity (IRFCL),DSD_IRFCL_PUB,INDICATOR,CL_IRFCL_INDICATOR_PUB,TRUE,IRFCLDT1_IRFCL61_XDC,"Official Reserve Assets and Other Foreign Currency Assets (approximate market value), Official reserve assets, other",NA
IRFCL,International Reserves and Foreign Currency Liquidity (IRFCL),DSD_IRFCL_PUB,INDICATOR,CL_IRFCL_INDICATOR_PUB,TRUE,IRFCLDT1_IRFCL65_DIC_XDR_EUR,"Official Reserve Assets and Other Foreign Currency Assets (approximate market value), Official reserve assets, Denominated in Special Drawing Rights (SDRs)",NA
IRFCL,International Reserves and Foreign Currency Liquidity (IRFCL),DSD_IRFCL_PUB,INDICATOR,CL_IRFCL_INDICATOR_PUB,TRUE,IRFCLDT1_IRFCL65_DIC_XDR_USD,"Official Reserve Assets and Other Foreign Currency Assets (approximate market value), Official reserve assets, Denominated in Special Drawing Rights (SDRs)",NA
IRFCL,International Reserves and Foreign Currency Liquidity (IRFCL),DSD_IRFCL_PUB,INDICATOR,CL_IRFCL_INDICATOR_PUB,TRUE,IRFCLDT1_IRFCL65_DIC_XDR_XDC,"Official Reserve Assets and Other Foreign Currency Assets (approximate market value), Official reserve assets, Denominated in Special Drawing Rights (SDRs)",NA
IRFCL,International Reserves and Foreign Currency Liquidity (IRFCL),DSD_IRFCL_PUB,INDICATOR,CL_IRFCL_INDICATOR_PUB,TRUE,IRFCLDT4_IRFCL11_DIC_GROUP_EUR,"Memorandum items, Currency composition of reserves, Denominated in Group of currencies",NA
IRFCL,International Reserves and Foreign Currency Liquidity (IRFCL),DSD_IRFCL_PUB,INDICATOR,CL_IRFCL_INDICATOR_PUB,TRUE,IRFCLDT4_IRFCL11_DIC_GROUP_USD,"Memorandum items, Currency composition of reserves, Denominated in Group of currencies",NA
IRFCL,International Reserves and Foreign Currency Liquidity (IRFCL),DSD_IRFCL_PUB,INDICATOR,CL_IRFCL_INDICATOR_PUB,TRUE,IRFCLDT4_IRFCL11_DIC_GROUP_XDC,"Memorandum items, Currency composition of reserves, Denominated in Group of currencies",NA
IRFCL,International Reserves and Foreign Currency Liquidity (IRFCL),DSD_IRFCL_PUB,INDICATOR,CL_IRFCL_INDICATOR_PUB,TRUE,IRFCLDT4_IRFCL11_DIC_CNY_EUR,"Memorandum items, Currency composition of reserves, Denominated in Chinese yuan renminbi",NA
IRFCL,International Reserves and Foreign Currency Liquidity (IRFCL),DSD_IRFCL_PUB,INDICATOR,CL_IRFCL_INDICATOR_PUB,TRUE,IRFCLDT4_IRFCL11_DIC_CNY_USD,"Memorandum items, Currency composition of reserves, Denominated in Chinese yuan renminbi",NA
IRFCL,International Reserves and Foreign Currency Liquidity (IRFCL),DSD_IRFCL_PUB,INDICATOR,CL_IRFCL_INDICATOR_PUB,TRUE,IRFCLDT4_IRFCL11_DIC_CNY_XDC,"Memorandum items, Currency composition of reserves, Denominated in Chinese yuan renminbi",NA
IRFCL,International Reserves and Foreign Currency Liquidity (IRFCL),DSD_IRFCL_PUB,INDICATOR,CL_IRFCL_INDICATOR_PUB,TRUE,IRFCLDT4_IRFCL11_DIC_EUR_EUR,"Memorandum items, Currency composition of reserves, Denominated in Euro",NA
IRFCL,International Reserves and Foreign Currency Liquidity (IRFCL),DSD_IRFCL_PUB,INDICATOR,CL_IRFCL_INDICATOR_PUB,TRUE,IRFCLDT4_IRFCL11_DIC_EUR_USD,"Memorandum items, Currency composition of reserves, Denominated in Euro",NA
IRFCL,International Reserves and Foreign Currency Liquidity (IRFCL),DSD_IRFCL_PUB,INDICATOR,CL_IRFCL_INDICATOR_PUB,TRUE,IRFCLDT4_IRFCL11_DIC_EUR_XDC,"Memorandum items, Currency composition of reserves, Denominated in Euro",NA
IRFCL,International Reserves and Foreign Currency Liquidity (IRFCL),DSD_IRFCL_PUB,INDICATOR,CL_IRFCL_INDICATOR_PUB,TRUE,IRFCLDT4_IRFCL11_DIC_GBP_EUR,"Memorandum items, Currency composition of reserves, Denominated in Pound sterling",NA
IRFCL,International Reserves and Foreign Currency Liquidity (IRFCL),DSD_IRFCL_PUB,INDICATOR,CL_IRFCL_INDICATOR_PUB,TRUE,IRFCLDT4_IRFCL11_DIC_GBP_USD,"Memorandum items, Currency composition of reserves, Denominated in Pound sterling",NA
IRFCL,International Reserves and Foreign Currency Liquidity (IRFCL),DSD_IRFCL_PUB,INDICATOR,CL_IRFCL_INDICATOR_PUB,TRUE,IRFCLDT4_IRFCL11_DIC_GBP_XDC,"Memorandum items, Currency composition of reserves, Denominated in Pound sterling",NA
IRFCL,International Reserves and Foreign Currency Liquidity (IRFCL),DSD_IRFCL_PUB,INDICATOR,CL_IRFCL_INDICATOR_PUB,TRUE,IRFCLDT4_IRFCL11_DIC_JPY_EUR,"Memorandum items, Currency composition of reserves, Denominated in Japanese yen",NA
IRFCL,International Reserves and Foreign Currency Liquidity (IRFCL),DSD_IRFCL_PUB,INDICATOR,CL_IRFCL_INDICATOR_PUB,TRUE,IRFCLDT4_IRFCL11_DIC_JPY_USD,"Memorandum items, Currency composition of reserves, Denominated in Japanese yen",NA
IRFCL,International Reserves and Foreign Currency Liquidity (IRFCL),DSD_IRFCL_PUB,INDICATOR,CL_IRFCL_INDICATOR_PUB,TRUE,IRFCLDT4_IRFCL11_DIC_JPY_XDC,"Memorandum items, Currency composition of reserves, Denominated in Japanese yen",NA
IRFCL,International Reserves and Foreign Currency Liquidity (IRFCL),DSD_IRFCL_PUB,INDICATOR,CL_IRFCL_INDICATOR_PUB,TRUE,IRFCLDT4_IRFCL11_DIC_USD_EUR,"Memorandum items, Currency composition of reserves, Denominated in US dollar",NA
IRFCL,International Reserves and Foreign Currency Liquidity (IRFCL),DSD_IRFCL_PUB,INDICATOR,CL_IRFCL_INDICATOR_PUB,TRUE,IRFCLDT4_IRFCL11_DIC_USD_USD,"Memorandum items, Currency composition of reserves, Denominated in US dollar",NA
IRFCL,International Reserves and Foreign Currency Liquidity (IRFCL),DSD_IRFCL_PUB,INDICATOR,CL_IRFCL_INDICATOR_PUB,TRUE,IRFCLDT4_IRFCL11_DIC_USD_XDC,"Memorandum items, Currency composition of reserves, Denominated in US dollar",NA
IRFCL,International Reserves and Foreign Currency Liquidity (IRFCL),DSD_IRFCL_PUB,INDICATOR,CL_IRFCL_INDICATOR_PUB,TRUE,IRFCLDT4_IRFCL11_DIC_XDRB_EUR,"Memorandum items, Currency composition of reserves, Denominated in Currencies in SDR basket",NA
IRFCL,International Reserves and Foreign Currency Liquidity (IRFCL),DSD_IRFCL_PUB,INDICATOR,CL_IRFCL_INDICATOR_PUB,TRUE,IRFCLDT4_IRFCL11_DIC_XDRB_USD,"Memorandum items, Currency composition of reserves, Denominated in Currencies in SDR basket",NA
IRFCL,International Reserves and Foreign Currency Liquidity (IRFCL),DSD_IRFCL_PUB,INDICATOR,CL_IRFCL_INDICATOR_PUB,TRUE,IRFCLDT4_IRFCL11_DIC_XDRB_XDC,"Memorandum items, Currency composition of reserves, Denominated in Currencies in SDR basket",NA
IRFCL,International Reserves and Foreign Currency Liquidity (IRFCL),DSD_IRFCL_PUB,INDICATOR,CL_IRFCL_INDICATOR_PUB,TRUE,IRFCLDT4_IRFCL11_DIC_XXDR_EUR,"Memorandum items, Currency composition of reserves, Denominated in Currencies not in SDR basket",NA
IRFCL,International Reserves and Foreign Currency Liquidity (IRFCL),DSD_IRFCL_PUB,INDICATOR,CL_IRFCL_INDICATOR_PUB,TRUE,IRFCLDT4_IRFCL11_DIC_XXDR_USD,"Memorandum items, Currency composition of reserves, Denominated in Currencies not in SDR basket",NA
IRFCL,International Reserves and Foreign Currency Liquidity (IRFCL),DSD_IRFCL_PUB,INDICATOR,CL_IRFCL_INDICATOR_PUB,TRUE,IRFCLDT4_IRFCL11_DIC_XXDR_XDC,"Memorandum items, Currency composition of reserves, Denominated in Currencies not in SDR basket",NA
IRFCL,International Reserves and Foreign Currency Liquidity (IRFCL),DSD_IRFCL_PUB,INDICATOR,CL_IRFCL_INDICATOR_PUB,TRUE,IRFCLDT4_IRFCLDCDIXR_EUR,"Memorandum items, Short-term domestic currency debt indexed to the exchange rate",NA
IRFCL,International Reserves and Foreign Currency Liquidity (IRFCL),DSD_IRFCL_PUB,INDICATOR,CL_IRFCL_INDICATOR_PUB,TRUE,IRFCLDT4_IRFCLDCDIXR_USD,"Memorandum items, Short-term domestic currency debt indexed to the exchange rate",NA
IRFCL,International Reserves and Foreign Currency Liquidity (IRFCL),DSD_IRFCL_PUB,INDICATOR,CL_IRFCL_INDICATOR_PUB,TRUE,IRFCLDT4_IRFCLDCDIXR_XDC,"Memorandum items, Short-term domestic currency debt indexed to the exchange rate",NA
IRFCL,International Reserves and Foreign Currency Liquidity (IRFCL),DSD_IRFCL_PUB,INDICATOR,CL_IRFCL_INDICATOR_PUB,TRUE,IRFCLDT4_IRFCL12_EUR,"Memorandum items, Financial derivatives (forwards futures or options contracts)",NA
IRFCL,International Reserves and Foreign Currency Liquidity (IRFCL),DSD_IRFCL_PUB,INDICATOR,CL_IRFCL_INDICATOR_PUB,TRUE,IRFCLDT4_IRFCL12_USD,"Memorandum items, Financial derivatives (forwards futures or options contracts)",NA
IRFCL,International Reserves and Foreign Currency Liquidity (IRFCL),DSD_IRFCL_PUB,INDICATOR,CL_IRFCL_INDICATOR_PUB,TRUE,IRFCLDT4_IRFCL12_XDC,"Memorandum items, Financial derivatives (forwards futures or options contracts)",NA
IRFCL,International Reserves and Foreign Currency Liquidity (IRFCL),DSD_IRFCL_PUB,INDICATOR,CL_IRFCL_INDICATOR_PUB,TRUE,IRFCLDT4_IRFCL12_LP_EUR,"Memorandum items, Financial derivatives (forwards futures or options contracts) , Long positions",NA
IRFCL,International Reserves and Foreign Currency Liquidity (IRFCL),DSD_IRFCL_PUB,INDICATOR,CL_IRFCL_INDICATOR_PUB,TRUE,IRFCLDT4_IRFCL12_LP_USD,"Memorandum items, Financial derivatives (forwards futures or options contracts) , Long positions",NA
IRFCL,International Reserves and Foreign Currency Liquidity (IRFCL),DSD_IRFCL_PUB,INDICATOR,CL_IRFCL_INDICATOR_PUB,TRUE,IRFCLDT4_IRFCL12_LP_XDC,"Memorandum items, Financial derivatives (forwards futures or options contracts) , Long positions",NA
IRFCL,International Reserves and Foreign Currency Liquidity (IRFCL),DSD_IRFCL_PUB,INDICATOR,CL_IRFCL_INDICATOR_PUB,TRUE,IRFCLDT4_IRFCL13_EUR,"Memorandum items, Financial derivatives (forwards futures or options contracts), other instruments",NA
IRFCL,International Reserves and Foreign Currency Liquidity (IRFCL),DSD_IRFCL_PUB,INDICATOR,CL_IRFCL_INDICATOR_PUB,TRUE,IRFCLDT4_IRFCL13_USD,"Memorandum items, Financial derivatives (forwards futures or options contracts), other instruments",NA
IRFCL,International Reserves and Foreign Currency Liquidity (IRFCL),DSD_IRFCL_PUB,INDICATOR,CL_IRFCL_INDICATOR_PUB,TRUE,IRFCLDT4_IRFCL13_XDC,"Memorandum items, Financial derivatives (forwards futures or options contracts), other instruments",NA
IRFCL,International Reserves and Foreign Currency Liquidity (IRFCL),DSD_IRFCL_PUB,INDICATOR,CL_IRFCL_INDICATOR_PUB,TRUE,IRFCLDT4_IRFCLU96_RMGT1Y_A_EUR,"Memorandum items, Financial derivatives (net marked to market) forward futures or options contracts, Residual maturity more than 1 year, Assets",NA
IRFCL,International Reserves and Foreign Currency Liquidity (IRFCL),DSD_IRFCL_PUB,INDICATOR,CL_IRFCL_INDICATOR_PUB,TRUE,IRFCLDT4_IRFCLU96_RMGT1Y_A_USD,"Memorandum items, Financial derivatives (net marked to market) forward futures or options contracts, Residual maturity more than 1 year, Assets",NA
IRFCL,International Reserves and Foreign Currency Liquidity (IRFCL),DSD_IRFCL_PUB,INDICATOR,CL_IRFCL_INDICATOR_PUB,TRUE,IRFCLDT4_IRFCLU96_RMGT1Y_A_XDC,"Memorandum items, Financial derivatives (net marked to market) forward futures or options contracts, Residual maturity more than 1 year, Assets",NA
IRFCL,International Reserves and Foreign Currency Liquidity (IRFCL),DSD_IRFCL_PUB,INDICATOR,CL_IRFCL_INDICATOR_PUB,TRUE,IRFCLDT4_IRFCL12_SHP_EUR,"Memorandum items, Financial derivatives (forwards futures or options contracts) , Short positions",NA
IRFCL,International Reserves and Foreign Currency Liquidity (IRFCL),DSD_IRFCL_PUB,INDICATOR,CL_IRFCL_INDICATOR_PUB,TRUE,IRFCLDT4_IRFCL12_SHP_USD,"Memorandum items, Financial derivatives (forwards futures or options contracts) , Short positions",NA
IRFCL,International Reserves and Foreign Currency Liquidity (IRFCL),DSD_IRFCL_PUB,INDICATOR,CL_IRFCL_INDICATOR_PUB,TRUE,IRFCLDT4_IRFCL12_SHP_XDC,"Memorandum items, Financial derivatives (forwards futures or options contracts) , Short positions",NA
IRFCL,International Reserves and Foreign Currency Liquidity (IRFCL),DSD_IRFCL_PUB,INDICATOR,CL_IRFCL_INDICATOR_PUB,TRUE,IRFCLDT4_IRFCLU97_A_EUR,"Memorandum items, Financial derivatives (net marked to market), Assets",NA
IRFCL,International Reserves and Foreign Currency Liquidity (IRFCL),DSD_IRFCL_PUB,INDICATOR,CL_IRFCL_INDICATOR_PUB,TRUE,IRFCLDT4_IRFCLU97_A_USD,"Memorandum items, Financial derivatives (net marked to market), Assets",NA
IRFCL,International Reserves and Foreign Currency Liquidity (IRFCL),DSD_IRFCL_PUB,INDICATOR,CL_IRFCL_INDICATOR_PUB,TRUE,IRFCLDT4_IRFCLU97_A_XDC,"Memorandum items, Financial derivatives (net marked to market), Assets",NA
IRFCL,International Reserves and Foreign Currency Liquidity (IRFCL),DSD_IRFCL_PUB,INDICATOR,CL_IRFCL_INDICATOR_PUB,TRUE,IRFCLDT4_IRFCLU99_A_EUR,"Memorandum items, Financial derivatives (net marked to market), forwards, Assets",NA
IRFCL,International Reserves and Foreign Currency Liquidity (IRFCL),DSD_IRFCL_PUB,INDICATOR,CL_IRFCL_INDICATOR_PUB,TRUE,IRFCLDT4_IRFCLU99_A_USD,"Memorandum items, Financial derivatives (net marked to market), forwards, Assets",NA
IRFCL,International Reserves and Foreign Currency Liquidity (IRFCL),DSD_IRFCL_PUB,INDICATOR,CL_IRFCL_INDICATOR_PUB,TRUE,IRFCLDT4_IRFCLU99_A_XDC,"Memorandum items, Financial derivatives (net marked to market), forwards, Assets",NA
IRFCL,International Reserves and Foreign Currency Liquidity (IRFCL),DSD_IRFCL_PUB,INDICATOR,CL_IRFCL_INDICATOR_PUB,TRUE,IRFCLDT4_IRFCLU105_A_EUR,"Memorandum items, Financial derivatives (net marked to market), other, Assets",NA
IRFCL,International Reserves and Foreign Currency Liquidity (IRFCL),DSD_IRFCL_PUB,INDICATOR,CL_IRFCL_INDICATOR_PUB,TRUE,IRFCLDT4_IRFCLU105_A_USD,"Memorandum items, Financial derivatives (net marked to market), other, Assets",NA
IRFCL,International Reserves and Foreign Currency Liquidity (IRFCL),DSD_IRFCL_PUB,INDICATOR,CL_IRFCL_INDICATOR_PUB,TRUE,IRFCLDT4_IRFCLU105_A_XDC,"Memorandum items, Financial derivatives (net marked to market), other, Assets",NA
IRFCL,International Reserves and Foreign Currency Liquidity (IRFCL),DSD_IRFCL_PUB,INDICATOR,CL_IRFCL_INDICATOR_PUB,TRUE,IRFCLDT4_IRFCLU103_A_EUR,"Memorandum items, Financial derivatives (net marked to market), options, Assets",NA
IRFCL,International Reserves and Foreign Currency Liquidity (IRFCL),DSD_IRFCL_PUB,INDICATOR,CL_IRFCL_INDICATOR_PUB,TRUE,IRFCLDT4_IRFCLU103_A_USD,"Memorandum items, Financial derivatives (net marked to market), options, Assets",NA
IRFCL,International Reserves and Foreign Currency Liquidity (IRFCL),DSD_IRFCL_PUB,INDICATOR,CL_IRFCL_INDICATOR_PUB,TRUE,IRFCLDT4_IRFCLU103_A_XDC,"Memorandum items, Financial derivatives (net marked to market), options, Assets",NA
IRFCL,International Reserves and Foreign Currency Liquidity (IRFCL),DSD_IRFCL_PUB,INDICATOR,CL_IRFCL_INDICATOR_PUB,TRUE,IRFCLDT4_IRFCLU101_A_EUR,"Memorandum items, Financial derivatives (net marked to market), futures, Assets",NA
IRFCL,International Reserves and Foreign Currency Liquidity (IRFCL),DSD_IRFCL_PUB,INDICATOR,CL_IRFCL_INDICATOR_PUB,TRUE,IRFCLDT4_IRFCLU101_A_USD,"Memorandum items, Financial derivatives (net marked to market), futures, Assets",NA
IRFCL,International Reserves and Foreign Currency Liquidity (IRFCL),DSD_IRFCL_PUB,INDICATOR,CL_IRFCL_INDICATOR_PUB,TRUE,IRFCLDT4_IRFCLU101_A_XDC,"Memorandum items, Financial derivatives (net marked to market), futures, Assets",NA
IRFCL,International Reserves and Foreign Currency Liquidity (IRFCL),DSD_IRFCL_PUB,INDICATOR,CL_IRFCL_INDICATOR_PUB,TRUE,IRFCLDT4_IRFCLU107_A_EUR,"Memorandum items, Financial derivatives (net marked to market), swaps, Assets",NA
IRFCL,International Reserves and Foreign Currency Liquidity (IRFCL),DSD_IRFCL_PUB,INDICATOR,CL_IRFCL_INDICATOR_PUB,TRUE,IRFCLDT4_IRFCLU107_A_USD,"Memorandum items, Financial derivatives (net marked to market), swaps, Assets",NA
IRFCL,International Reserves and Foreign Currency Liquidity (IRFCL),DSD_IRFCL_PUB,INDICATOR,CL_IRFCL_INDICATOR_PUB,TRUE,IRFCLDT4_IRFCLU107_A_XDC,"Memorandum items, Financial derivatives (net marked to market), swaps, Assets",NA
IRFCL,International Reserves and Foreign Currency Liquidity (IRFCL),DSD_IRFCL_PUB,INDICATOR,CL_IRFCL_INDICATOR_PUB,TRUE,IRFCLDT4_IRFCL1_LP_EUR,"Memorandum items, Forwards and futures in foreign currencies vis-s-vis the domestic currency (including the forward leg of currency swaps), Long positions",NA
IRFCL,International Reserves and Foreign Currency Liquidity (IRFCL),DSD_IRFCL_PUB,INDICATOR,CL_IRFCL_INDICATOR_PUB,TRUE,IRFCLDT4_IRFCL1_LP_USD,"Memorandum items, Forwards and futures in foreign currencies vis-s-vis the domestic currency (including the forward leg of currency swaps), Long positions",NA
IRFCL,International Reserves and Foreign Currency Liquidity (IRFCL),DSD_IRFCL_PUB,INDICATOR,CL_IRFCL_INDICATOR_PUB,TRUE,IRFCLDT4_IRFCL1_LP_XDC,"Memorandum items, Forwards and futures in foreign currencies vis-s-vis the domestic currency (including the forward leg of currency swaps), Long positions",NA
IRFCL,International Reserves and Foreign Currency Liquidity (IRFCL),DSD_IRFCL_PUB,INDICATOR,CL_IRFCL_INDICATOR_PUB,TRUE,IRFCLDT4_IRFCL1_SHP_EUR,"Memorandum items, Forwards and futures in foreign currencies vis-s-vis the domestic currency (including the forward leg of currency swaps), Short positions",NA
IRFCL,International Reserves and Foreign Currency Liquidity (IRFCL),DSD_IRFCL_PUB,INDICATOR,CL_IRFCL_INDICATOR_PUB,TRUE,IRFCLDT4_IRFCL1_SHP_USD,"Memorandum items, Forwards and futures in foreign currencies vis-s-vis the domestic currency (including the forward leg of currency swaps), Short positions",NA
IRFCL,International Reserves and Foreign Currency Liquidity (IRFCL),DSD_IRFCL_PUB,INDICATOR,CL_IRFCL_INDICATOR_PUB,TRUE,IRFCLDT4_IRFCL1_SHP_XDC,"Memorandum items, Forwards and futures in foreign currencies vis-s-vis the domestic currency (including the forward leg of currency swaps), Short positions",NA
IRFCL,International Reserves and Foreign Currency Liquidity (IRFCL),DSD_IRFCL_PUB,INDICATOR,CL_IRFCL_INDICATOR_PUB,TRUE,IRFCLDT4_IRFCL22_EUR,"Memorandum items, Financial instruments settled by other means",NA
IRFCL,International Reserves and Foreign Currency Liquidity (IRFCL),DSD_IRFCL_PUB,INDICATOR,CL_IRFCL_INDICATOR_PUB,TRUE,IRFCLDT4_IRFCL22_USD,"Memorandum items, Financial instruments settled by other means",NA
IRFCL,International Reserves and Foreign Currency Liquidity (IRFCL),DSD_IRFCL_PUB,INDICATOR,CL_IRFCL_INDICATOR_PUB,TRUE,IRFCLDT4_IRFCL22_XDC,"Memorandum items, Financial instruments settled by other means",NA
IRFCL,International Reserves and Foreign Currency Liquidity (IRFCL),DSD_IRFCL_PUB,INDICATOR,CL_IRFCL_INDICATOR_PUB,TRUE,IRFCLDT4_IRFCL52_EUR,"Memorandum items, Pledged assets",NA
IRFCL,International Reserves and Foreign Currency Liquidity (IRFCL),DSD_IRFCL_PUB,INDICATOR,CL_IRFCL_INDICATOR_PUB,TRUE,IRFCLDT4_IRFCL52_USD,"Memorandum items, Pledged assets",NA
IRFCL,International Reserves and Foreign Currency Liquidity (IRFCL),DSD_IRFCL_PUB,INDICATOR,CL_IRFCL_INDICATOR_PUB,TRUE,IRFCLDT4_IRFCL52_XDC,"Memorandum items, Pledged assets",NA
IRFCL,International Reserves and Foreign Currency Liquidity (IRFCL),DSD_IRFCL_PUB,INDICATOR,CL_IRFCL_INDICATOR_PUB,TRUE,IRFCLDT4_IRFCL53_EUR,"Memorandum items, Pledged assets included in other foreign currency assets",NA
IRFCL,International Reserves and Foreign Currency Liquidity (IRFCL),DSD_IRFCL_PUB,INDICATOR,CL_IRFCL_INDICATOR_PUB,TRUE,IRFCLDT4_IRFCL53_USD,"Memorandum items, Pledged assets included in other foreign currency assets",NA
IRFCL,International Reserves and Foreign Currency Liquidity (IRFCL),DSD_IRFCL_PUB,INDICATOR,CL_IRFCL_INDICATOR_PUB,TRUE,IRFCLDT4_IRFCL53_XDC,"Memorandum items, Pledged assets included in other foreign currency assets",NA
IRFCL,International Reserves and Foreign Currency Liquidity (IRFCL),DSD_IRFCL_PUB,INDICATOR,CL_IRFCL_INDICATOR_PUB,TRUE,IRFCLDT4_IRFCL150_EUR,"Memorandum items, Pledged assets included in reserve assets",NA
IRFCL,International Reserves and Foreign Currency Liquidity (IRFCL),DSD_IRFCL_PUB,INDICATOR,CL_IRFCL_INDICATOR_PUB,TRUE,IRFCLDT4_IRFCL150_USD,"Memorandum items, Pledged assets included in reserve assets",NA
IRFCL,International Reserves and Foreign Currency Liquidity (IRFCL),DSD_IRFCL_PUB,INDICATOR,CL_IRFCL_INDICATOR_PUB,TRUE,IRFCLDT4_IRFCL150_XDC,"Memorandum items, Pledged assets included in reserve assets",NA
IRFCL,International Reserves and Foreign Currency Liquidity (IRFCL),DSD_IRFCL_PUB,INDICATOR,CL_IRFCL_INDICATOR_PUB,TRUE,IRFCLDT4_IRFCL5_LP_EUR,"Memorandum items, Options in foreign currencies vis a  vis the domestic currency, Long positions",NA
IRFCL,International Reserves and Foreign Currency Liquidity (IRFCL),DSD_IRFCL_PUB,INDICATOR,CL_IRFCL_INDICATOR_PUB,TRUE,IRFCLDT4_IRFCL5_LP_USD,"Memorandum items, Options in foreign currencies vis a  vis the domestic currency, Long positions",NA
IRFCL,International Reserves and Foreign Currency Liquidity (IRFCL),DSD_IRFCL_PUB,INDICATOR,CL_IRFCL_INDICATOR_PUB,TRUE,IRFCLDT4_IRFCL5_LP_XDC,"Memorandum items, Options in foreign currencies vis a  vis the domestic currency, Long positions",NA
IRFCL,International Reserves and Foreign Currency Liquidity (IRFCL),DSD_IRFCL_PUB,INDICATOR,CL_IRFCL_INDICATOR_PUB,TRUE,IRFCLDT4_IRFCL5_EC2_LP_EUR,"Memorandum items, Options in foreign currencies vis a  vis the domestic currency, Bought Puts, Long positions",NA
IRFCL,International Reserves and Foreign Currency Liquidity (IRFCL),DSD_IRFCL_PUB,INDICATOR,CL_IRFCL_INDICATOR_PUB,TRUE,IRFCLDT4_IRFCL5_EC2_LP_USD,"Memorandum items, Options in foreign currencies vis a  vis the domestic currency, Bought Puts, Long positions",NA
IRFCL,International Reserves and Foreign Currency Liquidity (IRFCL),DSD_IRFCL_PUB,INDICATOR,CL_IRFCL_INDICATOR_PUB,TRUE,IRFCLDT4_IRFCL5_EC2_LP_XDC,"Memorandum items, Options in foreign currencies vis a  vis the domestic currency, Bought Puts, Long positions",NA
IRFCL,International Reserves and Foreign Currency Liquidity (IRFCL),DSD_IRFCL_PUB,INDICATOR,CL_IRFCL_INDICATOR_PUB,TRUE,IRFCLDT4_IRFCL5_EC1_LP_EUR,"Memorandum items, Options in foreign currencies vis a  vis the domestic currency, Written Calls, Long positions",NA
IRFCL,International Reserves and Foreign Currency Liquidity (IRFCL),DSD_IRFCL_PUB,INDICATOR,CL_IRFCL_INDICATOR_PUB,TRUE,IRFCLDT4_IRFCL5_EC1_LP_USD,"Memorandum items, Options in foreign currencies vis a  vis the domestic currency, Written Calls, Long positions",NA
IRFCL,International Reserves and Foreign Currency Liquidity (IRFCL),DSD_IRFCL_PUB,INDICATOR,CL_IRFCL_INDICATOR_PUB,TRUE,IRFCLDT4_IRFCL5_EC1_LP_XDC,"Memorandum items, Options in foreign currencies vis a  vis the domestic currency, Written Calls, Long positions",NA
IRFCL,International Reserves and Foreign Currency Liquidity (IRFCL),DSD_IRFCL_PUB,INDICATOR,CL_IRFCL_INDICATOR_PUB,TRUE,IRFCLDT4_IRFCL5_SHP_EUR,"Memorandum items, Options in foreign currencies vis a  vis the domestic currency, Short positions",NA
IRFCL,International Reserves and Foreign Currency Liquidity (IRFCL),DSD_IRFCL_PUB,INDICATOR,CL_IRFCL_INDICATOR_PUB,TRUE,IRFCLDT4_IRFCL5_SHP_USD,"Memorandum items, Options in foreign currencies vis a  vis the domestic currency, Short positions",NA
IRFCL,International Reserves and Foreign Currency Liquidity (IRFCL),DSD_IRFCL_PUB,INDICATOR,CL_IRFCL_INDICATOR_PUB,TRUE,IRFCLDT4_IRFCL5_SHP_XDC,"Memorandum items, Options in foreign currencies vis a  vis the domestic currency, Short positions",NA
IRFCL,International Reserves and Foreign Currency Liquidity (IRFCL),DSD_IRFCL_PUB,INDICATOR,CL_IRFCL_INDICATOR_PUB,TRUE,IRFCLDT4_IRFCL5_EC2_SHP_EUR,"Memorandum items, Options in foreign currencies vis a  vis the domestic currency, Bought Puts, Short positions",NA
IRFCL,International Reserves and Foreign Currency Liquidity (IRFCL),DSD_IRFCL_PUB,INDICATOR,CL_IRFCL_INDICATOR_PUB,TRUE,IRFCLDT4_IRFCL5_EC2_SHP_USD,"Memorandum items, Options in foreign currencies vis a  vis the domestic currency, Bought Puts, Short positions",NA
IRFCL,International Reserves and Foreign Currency Liquidity (IRFCL),DSD_IRFCL_PUB,INDICATOR,CL_IRFCL_INDICATOR_PUB,TRUE,IRFCLDT4_IRFCL5_EC2_SHP_XDC,"Memorandum items, Options in foreign currencies vis a  vis the domestic currency, Bought Puts, Short positions",NA
IRFCL,International Reserves and Foreign Currency Liquidity (IRFCL),DSD_IRFCL_PUB,INDICATOR,CL_IRFCL_INDICATOR_PUB,TRUE,IRFCLDT4_IRFCL5_EC1_SHP_EUR,"Memorandum items, Options in foreign currencies vis a  vis the domestic currency, Written Calls, Short positions",NA
IRFCL,International Reserves and Foreign Currency Liquidity (IRFCL),DSD_IRFCL_PUB,INDICATOR,CL_IRFCL_INDICATOR_PUB,TRUE,IRFCLDT4_IRFCL5_EC1_SHP_USD,"Memorandum items, Options in foreign currencies vis a  vis the domestic currency, Written Calls, Short positions",NA
IRFCL,International Reserves and Foreign Currency Liquidity (IRFCL),DSD_IRFCL_PUB,INDICATOR,CL_IRFCL_INDICATOR_PUB,TRUE,IRFCLDT4_IRFCL5_EC1_SHP_XDC,"Memorandum items, Options in foreign currencies vis a  vis the domestic currency, Written Calls, Short positions",NA
IRFCL,International Reserves and Foreign Currency Liquidity (IRFCL),DSD_IRFCL_PUB,INDICATOR,CL_IRFCL_INDICATOR_PUB,TRUE,IRFCLDT4_IRFCL68_EUR,"Memorandum items, Securities lent and on repo",NA
IRFCL,International Reserves and Foreign Currency Liquidity (IRFCL),DSD_IRFCL_PUB,INDICATOR,CL_IRFCL_INDICATOR_PUB,TRUE,IRFCLDT4_IRFCL68_USD,"Memorandum items, Securities lent and on repo",NA
IRFCL,International Reserves and Foreign Currency Liquidity (IRFCL),DSD_IRFCL_PUB,INDICATOR,CL_IRFCL_INDICATOR_PUB,TRUE,IRFCLDT4_IRFCL68_XDC,"Memorandum items, Securities lent and on repo",NA
IRFCL,International Reserves and Foreign Currency Liquidity (IRFCL),DSD_IRFCL_PUB,INDICATOR,CL_IRFCL_INDICATOR_PUB,TRUE,IRFCLDT4_IRFCL69_EUR,"Memorandum items, Securities lent and on repo, borrowed or acquired and included in section I",NA
IRFCL,International Reserves and Foreign Currency Liquidity (IRFCL),DSD_IRFCL_PUB,INDICATOR,CL_IRFCL_INDICATOR_PUB,TRUE,IRFCLDT4_IRFCL69_USD,"Memorandum items, Securities lent and on repo, borrowed or acquired and included in section I",NA
IRFCL,International Reserves and Foreign Currency Liquidity (IRFCL),DSD_IRFCL_PUB,INDICATOR,CL_IRFCL_INDICATOR_PUB,TRUE,IRFCLDT4_IRFCL69_XDC,"Memorandum items, Securities lent and on repo, borrowed or acquired and included in section I",NA
IRFCL,International Reserves and Foreign Currency Liquidity (IRFCL),DSD_IRFCL_PUB,INDICATOR,CL_IRFCL_INDICATOR_PUB,TRUE,IRFCLDT4_IRFCL69X_EUR,"Memorandum items, Securities lent and on repo, borrowed or acquired but not included in section I",NA
IRFCL,International Reserves and Foreign Currency Liquidity (IRFCL),DSD_IRFCL_PUB,INDICATOR,CL_IRFCL_INDICATOR_PUB,TRUE,IRFCLDT4_IRFCL69X_USD,"Memorandum items, Securities lent and on repo, borrowed or acquired but not included in section I",NA
IRFCL,International Reserves and Foreign Currency Liquidity (IRFCL),DSD_IRFCL_PUB,INDICATOR,CL_IRFCL_INDICATOR_PUB,TRUE,IRFCLDT4_IRFCL69X_XDC,"Memorandum items, Securities lent and on repo, borrowed or acquired but not included in section I",NA
IRFCL,International Reserves and Foreign Currency Liquidity (IRFCL),DSD_IRFCL_PUB,INDICATOR,CL_IRFCL_INDICATOR_PUB,TRUE,IRFCLDT4_IRFCL70_EUR,"Memorandum items, Securities lent and on repo, lent or repoed and included in section I",NA
IRFCL,International Reserves and Foreign Currency Liquidity (IRFCL),DSD_IRFCL_PUB,INDICATOR,CL_IRFCL_INDICATOR_PUB,TRUE,IRFCLDT4_IRFCL70_USD,"Memorandum items, Securities lent and on repo, lent or repoed and included in section I",NA
IRFCL,International Reserves and Foreign Currency Liquidity (IRFCL),DSD_IRFCL_PUB,INDICATOR,CL_IRFCL_INDICATOR_PUB,TRUE,IRFCLDT4_IRFCL70_XDC,"Memorandum items, Securities lent and on repo, lent or repoed and included in section I",NA
IRFCL,International Reserves and Foreign Currency Liquidity (IRFCL),DSD_IRFCL_PUB,INDICATOR,CL_IRFCL_INDICATOR_PUB,TRUE,IRFCLDT4_IRFCL70X_EUR,"Memorandum items, Securities lent and on repo, lent or repoed but not included in section I",NA
IRFCL,International Reserves and Foreign Currency Liquidity (IRFCL),DSD_IRFCL_PUB,INDICATOR,CL_IRFCL_INDICATOR_PUB,TRUE,IRFCLDT4_IRFCL70X_USD,"Memorandum items, Securities lent and on repo, lent or repoed but not included in section I",NA
IRFCL,International Reserves and Foreign Currency Liquidity (IRFCL),DSD_IRFCL_PUB,INDICATOR,CL_IRFCL_INDICATOR_PUB,TRUE,IRFCLDT4_IRFCL70X_XDC,"Memorandum items, Securities lent and on repo, lent or repoed but not included in section I",NA
IRFCL,International Reserves and Foreign Currency Liquidity (IRFCL),DSD_IRFCL_PUB,INDICATOR,CL_IRFCL_INDICATOR_PUB,TRUE,IRFCLDT1_IRFCL34_EUR,"Official Reserve Assets and Other Foreign Currency Assets (approximate market value), Other foreign currency assets",NA
IRFCL,International Reserves and Foreign Currency Liquidity (IRFCL),DSD_IRFCL_PUB,INDICATOR,CL_IRFCL_INDICATOR_PUB,TRUE,IRFCLDT1_IRFCL34_USD,"Official Reserve Assets and Other Foreign Currency Assets (approximate market value), Other foreign currency assets",NA
IRFCL,International Reserves and Foreign Currency Liquidity (IRFCL),DSD_IRFCL_PUB,INDICATOR,CL_IRFCL_INDICATOR_PUB,TRUE,IRFCLDT1_IRFCL34_XDC,"Official Reserve Assets and Other Foreign Currency Assets (approximate market value), Other foreign currency assets",NA
IRFCL,International Reserves and Foreign Currency Liquidity (IRFCL),DSD_IRFCL_PUB,INDICATOR,CL_IRFCL_INDICATOR_PUB,TRUE,IRFCLDT1_IRFCL43_EUR,"Official Reserve Assets and Other Foreign Currency Assets (approximate market value), Other foreign currency assets, deposits not included in official reserve assets",NA
IRFCL,International Reserves and Foreign Currency Liquidity (IRFCL),DSD_IRFCL_PUB,INDICATOR,CL_IRFCL_INDICATOR_PUB,TRUE,IRFCLDT1_IRFCL43_USD,"Official Reserve Assets and Other Foreign Currency Assets (approximate market value), Other foreign currency assets, deposits not included in official reserve assets",NA
IRFCL,International Reserves and Foreign Currency Liquidity (IRFCL),DSD_IRFCL_PUB,INDICATOR,CL_IRFCL_INDICATOR_PUB,TRUE,IRFCLDT1_IRFCL43_XDC,"Official Reserve Assets and Other Foreign Currency Assets (approximate market value), Other foreign currency assets, deposits not included in official reserve assets",NA
IRFCL,International Reserves and Foreign Currency Liquidity (IRFCL),DSD_IRFCL_PUB,INDICATOR,CL_IRFCL_INDICATOR_PUB,TRUE,IRFCLDT1_IRFCL37_EUR,"Official Reserve Assets and Other Foreign Currency Assets (approximate market value), Other foreign currency assets, financial derivatives not included in official reserve assets",NA
IRFCL,International Reserves and Foreign Currency Liquidity (IRFCL),DSD_IRFCL_PUB,INDICATOR,CL_IRFCL_INDICATOR_PUB,TRUE,IRFCLDT1_IRFCL37_USD,"Official Reserve Assets and Other Foreign Currency Assets (approximate market value), Other foreign currency assets, financial derivatives not included in official reserve assets",NA
IRFCL,International Reserves and Foreign Currency Liquidity (IRFCL),DSD_IRFCL_PUB,INDICATOR,CL_IRFCL_INDICATOR_PUB,TRUE,IRFCLDT1_IRFCL37_XDC,"Official Reserve Assets and Other Foreign Currency Assets (approximate market value), Other foreign currency assets, financial derivatives not included in official reserve assets",NA
IRFCL,International Reserves and Foreign Currency Liquidity (IRFCL),DSD_IRFCL_PUB,INDICATOR,CL_IRFCL_INDICATOR_PUB,TRUE,IRFCLDT1_IRFCL121_EUR,"Official Reserve Assets and Other Foreign Currency Assets (approximate market value), Other foreign currency assets, gold not included in official reserve assets",NA
IRFCL,International Reserves and Foreign Currency Liquidity (IRFCL),DSD_IRFCL_PUB,INDICATOR,CL_IRFCL_INDICATOR_PUB,TRUE,IRFCLDT1_IRFCL121_USD,"Official Reserve Assets and Other Foreign Currency Assets (approximate market value), Other foreign currency assets, gold not included in official reserve assets",NA
IRFCL,International Reserves and Foreign Currency Liquidity (IRFCL),DSD_IRFCL_PUB,INDICATOR,CL_IRFCL_INDICATOR_PUB,TRUE,IRFCLDT1_IRFCL121_XDC,"Official Reserve Assets and Other Foreign Currency Assets (approximate market value), Other foreign currency assets, gold not included in official reserve assets",NA
IRFCL,International Reserves and Foreign Currency Liquidity (IRFCL),DSD_IRFCL_PUB,INDICATOR,CL_IRFCL_INDICATOR_PUB,TRUE,IRFCLDT1_IRFCL40_EUR,"Official Reserve Assets and Other Foreign Currency Assets (approximate market value), Other foreign currency assets, loans not included in official reserve assets",NA
IRFCL,International Reserves and Foreign Currency Liquidity (IRFCL),DSD_IRFCL_PUB,INDICATOR,CL_IRFCL_INDICATOR_PUB,TRUE,IRFCLDT1_IRFCL40_USD,"Official Reserve Assets and Other Foreign Currency Assets (approximate market value), Other foreign currency assets, loans not included in official reserve assets",NA
IRFCL,International Reserves and Foreign Currency Liquidity (IRFCL),DSD_IRFCL_PUB,INDICATOR,CL_IRFCL_INDICATOR_PUB,TRUE,IRFCLDT1_IRFCL40_XDC,"Official Reserve Assets and Other Foreign Currency Assets (approximate market value), Other foreign currency assets, loans not included in official reserve assets",NA
IRFCL,International Reserves and Foreign Currency Liquidity (IRFCL),DSD_IRFCL_PUB,INDICATOR,CL_IRFCL_INDICATOR_PUB,TRUE,IRFCLDT1_IRFCL41_EUR,"Official Reserve Assets and Other Foreign Currency Assets (approximate market value), Other foreign currency assets, other",NA
IRFCL,International Reserves and Foreign Currency Liquidity (IRFCL),DSD_IRFCL_PUB,INDICATOR,CL_IRFCL_INDICATOR_PUB,TRUE,IRFCLDT1_IRFCL41_USD,"Official Reserve Assets and Other Foreign Currency Assets (approximate market value), Other foreign currency assets, other",NA
IRFCL,International Reserves and Foreign Currency Liquidity (IRFCL),DSD_IRFCL_PUB,INDICATOR,CL_IRFCL_INDICATOR_PUB,TRUE,IRFCLDT1_IRFCL41_XDC,"Official Reserve Assets and Other Foreign Currency Assets (approximate market value), Other foreign currency assets, other",NA
IRFCL,International Reserves and Foreign Currency Liquidity (IRFCL),DSD_IRFCL_PUB,INDICATOR,CL_IRFCL_INDICATOR_PUB,TRUE,IRFCLDT1_IRFCL42_EUR,"Official Reserve Assets and Other Foreign Currency Assets (approximate market value), Other foreign currency assets, securities not included in official reserve assets",NA
IRFCL,International Reserves and Foreign Currency Liquidity (IRFCL),DSD_IRFCL_PUB,INDICATOR,CL_IRFCL_INDICATOR_PUB,TRUE,IRFCLDT1_IRFCL42_USD,"Official Reserve Assets and Other Foreign Currency Assets (approximate market value), Other foreign currency assets, securities not included in official reserve assets",NA
IRFCL,International Reserves and Foreign Currency Liquidity (IRFCL),DSD_IRFCL_PUB,INDICATOR,CL_IRFCL_INDICATOR_PUB,TRUE,IRFCLDT1_IRFCL42_XDC,"Official Reserve Assets and Other Foreign Currency Assets (approximate market value), Other foreign currency assets, securities not included in official reserve assets",NA
IRFCL,International Reserves and Foreign Currency Liquidity (IRFCL),DSD_IRFCL_PUB,INDICATOR,CL_IRFCL_INDICATOR_PUB,TRUE,IRFCLDT2_T_EUR,"Predetermined short-term net drains on foreign currency assets (nominal value), Total",NA
IRFCL,International Reserves and Foreign Currency Liquidity (IRFCL),DSD_IRFCL_PUB,INDICATOR,CL_IRFCL_INDICATOR_PUB,TRUE,IRFCLDT2_USD,Predetermined short-term net drains on foreign currency assets (nominal value),NA
IRFCL,International Reserves and Foreign Currency Liquidity (IRFCL),DSD_IRFCL_PUB,INDICATOR,CL_IRFCL_INDICATOR_PUB,TRUE,IRFCLDT2_T_XDC,"Predetermined short-term net drains on foreign currency assets (nominal value), Total",NA
IRFCL,International Reserves and Foreign Currency Liquidity (IRFCL),DSD_IRFCL_PUB,INDICATOR,CL_IRFCL_INDICATOR_PUB,TRUE,IRFCLDT2_IRFCL1_SM1MUT3M_LP_EUR,"Predetermined short-term net drains on foreign currency assets (nominal value), Forwards and futures in foreign currencies vis-s-vis the domestic currency (including the forward leg of currency swaps), More than 1 and up to 3 months, Long positions",NA
IRFCL,International Reserves and Foreign Currency Liquidity (IRFCL),DSD_IRFCL_PUB,INDICATOR,CL_IRFCL_INDICATOR_PUB,TRUE,IRFCLDT2_IRFCL1_SM1MUT3M_LP_USD,"Predetermined short-term net drains on foreign currency assets (nominal value), Forwards and futures in foreign currencies vis-s-vis the domestic currency (including the forward leg of currency swaps), More than 1 and up to 3 months, Long positions",NA
IRFCL,International Reserves and Foreign Currency Liquidity (IRFCL),DSD_IRFCL_PUB,INDICATOR,CL_IRFCL_INDICATOR_PUB,TRUE,IRFCLDT2_IRFCL1_SM1MUT3M_LP_XDC,"Predetermined short-term net drains on foreign currency assets (nominal value), Forwards and futures in foreign currencies vis-s-vis the domestic currency (including the forward leg of currency swaps), More than 1 and up to 3 months, Long positions",NA
IRFCL,International Reserves and Foreign Currency Liquidity (IRFCL),DSD_IRFCL_PUB,INDICATOR,CL_IRFCL_INDICATOR_PUB,TRUE,IRFCLDT2_IRFCL1_SUTM_IN_LP_EUR,"Predetermined short-term net drains on foreign currency assets (nominal value), Forwards and futures in foreign currencies vis-s-vis the domestic currency (including the forward leg of currency swaps), Up to 1 month, Inflows, Long positions",NA
IRFCL,International Reserves and Foreign Currency Liquidity (IRFCL),DSD_IRFCL_PUB,INDICATOR,CL_IRFCL_INDICATOR_PUB,TRUE,IRFCLDT2_IRFCL1_SUTM_IN_LP_USD,"Predetermined short-term net drains on foreign currency assets (nominal value), Forwards and futures in foreign currencies vis-s-vis the domestic currency (including the forward leg of currency swaps), Up to 1 month, Inflows, Long positions",NA
IRFCL,International Reserves and Foreign Currency Liquidity (IRFCL),DSD_IRFCL_PUB,INDICATOR,CL_IRFCL_INDICATOR_PUB,TRUE,IRFCLDT2_IRFCL1_SUTM_IN_LP_XDC,"Predetermined short-term net drains on foreign currency assets (nominal value), Forwards and futures in foreign currencies vis-s-vis the domestic currency (including the forward leg of currency swaps), Up to 1 month, Inflows, Long positions",NA
IRFCL,International Reserves and Foreign Currency Liquidity (IRFCL),DSD_IRFCL_PUB,INDICATOR,CL_IRFCL_INDICATOR_PUB,TRUE,IRFCLDT2_IRFCL1_SM3MUTY_IN_LP_EUR,"Predetermined short-term net drains on foreign currency assets (nominal value), Forwards and futures in foreign currencies vis-s-vis the domestic currency (including the forward leg of currency swaps), More than 3 months and up to 1 year, Inflows, Long positions",NA
IRFCL,International Reserves and Foreign Currency Liquidity (IRFCL),DSD_IRFCL_PUB,INDICATOR,CL_IRFCL_INDICATOR_PUB,TRUE,IRFCLDT2_IRFCL1_SM3MUTY_IN_LP_USD,"Predetermined short-term net drains on foreign currency assets (nominal value), Forwards and futures in foreign currencies vis-s-vis the domestic currency (including the forward leg of currency swaps), More than 3 months and up to 1 year, Inflows, Long positions",NA
IRFCL,International Reserves and Foreign Currency Liquidity (IRFCL),DSD_IRFCL_PUB,INDICATOR,CL_IRFCL_INDICATOR_PUB,TRUE,IRFCLDT2_IRFCL1_SM3MUTY_IN_LP_XDC,"Predetermined short-term net drains on foreign currency assets (nominal value), Forwards and futures in foreign currencies vis-s-vis the domestic currency (including the forward leg of currency swaps), More than 3 months and up to 1 year, Inflows, Long positions",NA
IRFCL,International Reserves and Foreign Currency Liquidity (IRFCL),DSD_IRFCL_PUB,INDICATOR,CL_IRFCL_INDICATOR_PUB,TRUE,IRFCLDT2_IRFCL1T_IN_LP_EUR,"Predetermined short-term net drains on foreign currency assets (nominal value), Total forwards and futures in foreign currencies vis ã£ vis the domestic currency (including the forward leg of currency swaps), Inflows, Long positions",NA
IRFCL,International Reserves and Foreign Currency Liquidity (IRFCL),DSD_IRFCL_PUB,INDICATOR,CL_IRFCL_INDICATOR_PUB,TRUE,IRFCLDT2_IRFCL1T_IN_LP_USD,"Predetermined short-term net drains on foreign currency assets (nominal value), Total forwards and futures in foreign currencies vis ã£ vis the domestic currency (including the forward leg of currency swaps), Inflows, Long positions",NA
IRFCL,International Reserves and Foreign Currency Liquidity (IRFCL),DSD_IRFCL_PUB,INDICATOR,CL_IRFCL_INDICATOR_PUB,TRUE,IRFCLDT2_IRFCL1T_IN_LP_XDC,"Predetermined short-term net drains on foreign currency assets (nominal value), Total forwards and futures in foreign currencies vis ã£ vis the domestic currency (including the forward leg of currency swaps), Inflows, Long positions",NA
IRFCL,International Reserves and Foreign Currency Liquidity (IRFCL),DSD_IRFCL_PUB,INDICATOR,CL_IRFCL_INDICATOR_PUB,TRUE,IRFCLDT2_IRFCL1_SM1MUT3M_SHP_EUR,"Predetermined short-term net drains on foreign currency assets (nominal value), Forwards and futures in foreign currencies vis-s-vis the domestic currency (including the forward leg of currency swaps), More than 1 and up to 3 months, Short positions",NA
IRFCL,International Reserves and Foreign Currency Liquidity (IRFCL),DSD_IRFCL_PUB,INDICATOR,CL_IRFCL_INDICATOR_PUB,TRUE,IRFCLDT2_IRFCL1_SM1MUT3M_SHP_USD,"Predetermined short-term net drains on foreign currency assets (nominal value), Forwards and futures in foreign currencies vis-s-vis the domestic currency (including the forward leg of currency swaps), More than 1 and up to 3 months, Short positions",NA
IRFCL,International Reserves and Foreign Currency Liquidity (IRFCL),DSD_IRFCL_PUB,INDICATOR,CL_IRFCL_INDICATOR_PUB,TRUE,IRFCLDT2_IRFCL1_SM1MUT3M_SHP_XDC,"Predetermined short-term net drains on foreign currency assets (nominal value), Forwards and futures in foreign currencies vis-s-vis the domestic currency (including the forward leg of currency swaps), More than 1 and up to 3 months, Short positions",NA
IRFCL,International Reserves and Foreign Currency Liquidity (IRFCL),DSD_IRFCL_PUB,INDICATOR,CL_IRFCL_INDICATOR_PUB,TRUE,IRFCLDT2_IRFCL1_SUTM_SHP_EUR,"Predetermined short-term net drains on foreign currency assets (nominal value), Forwards and futures in foreign currencies vis-s-vis the domestic currency (including the forward leg of currency swaps), Up to 1 month, Short positions",NA
IRFCL,International Reserves and Foreign Currency Liquidity (IRFCL),DSD_IRFCL_PUB,INDICATOR,CL_IRFCL_INDICATOR_PUB,TRUE,IRFCLDT2_IRFCL1_SUTM_SHP_USD,"Predetermined short-term net drains on foreign currency assets (nominal value), Forwards and futures in foreign currencies vis-s-vis the domestic currency (including the forward leg of currency swaps), Up to 1 month, Short positions",NA
IRFCL,International Reserves and Foreign Currency Liquidity (IRFCL),DSD_IRFCL_PUB,INDICATOR,CL_IRFCL_INDICATOR_PUB,TRUE,IRFCLDT2_IRFCL1_SUTM_SHP_XDC,"Predetermined short-term net drains on foreign currency assets (nominal value), Forwards and futures in foreign currencies vis-s-vis the domestic currency (including the forward leg of currency swaps), Up to 1 month, Short positions",NA
IRFCL,International Reserves and Foreign Currency Liquidity (IRFCL),DSD_IRFCL_PUB,INDICATOR,CL_IRFCL_INDICATOR_PUB,TRUE,IRFCLDT2_IRFCL1_SM3MUTY_SHP_EUR,"Predetermined short-term net drains on foreign currency assets (nominal value), Forwards and futures in foreign currencies vis-s-vis the domestic currency (including the forward leg of currency swaps), More than 3 months and up to 1 year, Short positions",NA
IRFCL,International Reserves and Foreign Currency Liquidity (IRFCL),DSD_IRFCL_PUB,INDICATOR,CL_IRFCL_INDICATOR_PUB,TRUE,IRFCLDT2_IRFCL1_SM3MUTY_SHP_USD,"Predetermined short-term net drains on foreign currency assets (nominal value), Forwards and futures in foreign currencies vis-s-vis the domestic currency (including the forward leg of currency swaps), More than 3 months and up to 1 year, Short positions",NA
IRFCL,International Reserves and Foreign Currency Liquidity (IRFCL),DSD_IRFCL_PUB,INDICATOR,CL_IRFCL_INDICATOR_PUB,TRUE,IRFCLDT2_IRFCL1_SM3MUTY_SHP_XDC,"Predetermined short-term net drains on foreign currency assets (nominal value), Forwards and futures in foreign currencies vis-s-vis the domestic currency (including the forward leg of currency swaps), More than 3 months and up to 1 year, Short positions",NA
IRFCL,International Reserves and Foreign Currency Liquidity (IRFCL),DSD_IRFCL_PUB,INDICATOR,CL_IRFCL_INDICATOR_PUB,TRUE,IRFCLDT2_IRFCL1T_SHP_EUR,"Predetermined short-term net drains on foreign currency assets (nominal value), Total forwards and futures in foreign currencies vis ã£ vis the domestic currency (including the forward leg of currency swaps), Short positions",NA
IRFCL,International Reserves and Foreign Currency Liquidity (IRFCL),DSD_IRFCL_PUB,INDICATOR,CL_IRFCL_INDICATOR_PUB,TRUE,IRFCLDT2_IRFCL1T_SHP_USD,"Predetermined short-term net drains on foreign currency assets (nominal value), Total forwards and futures in foreign currencies vis ã£ vis the domestic currency (including the forward leg of currency swaps), Short positions",NA
IRFCL,International Reserves and Foreign Currency Liquidity (IRFCL),DSD_IRFCL_PUB,INDICATOR,CL_IRFCL_INDICATOR_PUB,TRUE,IRFCLDT2_IRFCL1T_SHP_XDC,"Predetermined short-term net drains on foreign currency assets (nominal value), Total forwards and futures in foreign currencies vis ã£ vis the domestic currency (including the forward leg of currency swaps), Short positions",NA
IRFCL,International Reserves and Foreign Currency Liquidity (IRFCL),DSD_IRFCL_PUB,INDICATOR,CL_IRFCL_INDICATOR_PUB,TRUE,IRFCLDT2_IRFCL24_SM1MUT3M_EUR,"Predetermined short-term net drains on foreign currency assets (nominal value), Foreign currency loans, securities and deposits, More than 1 and up to 3 months",NA
IRFCL,International Reserves and Foreign Currency Liquidity (IRFCL),DSD_IRFCL_PUB,INDICATOR,CL_IRFCL_INDICATOR_PUB,TRUE,IRFCLDT2_IRFCL24_SM1MUT3M_USD,"Predetermined short-term net drains on foreign currency assets (nominal value), Foreign currency loans, securities and deposits, More than 1 and up to 3 months",NA
IRFCL,International Reserves and Foreign Currency Liquidity (IRFCL),DSD_IRFCL_PUB,INDICATOR,CL_IRFCL_INDICATOR_PUB,TRUE,IRFCLDT2_IRFCL24_SM1MUT3M_XDC,"Predetermined short-term net drains on foreign currency assets (nominal value), Foreign currency loans, securities and deposits, More than 1 and up to 3 months",NA
IRFCL,International Reserves and Foreign Currency Liquidity (IRFCL),DSD_IRFCL_PUB,INDICATOR,CL_IRFCL_INDICATOR_PUB,TRUE,IRFCLDT2_IRFCL24_SUTM_EUR,"Predetermined short-term net drains on foreign currency assets (nominal value), Foreign currency loans, securities and deposits, Up to 1 month",NA
IRFCL,International Reserves and Foreign Currency Liquidity (IRFCL),DSD_IRFCL_PUB,INDICATOR,CL_IRFCL_INDICATOR_PUB,TRUE,IRFCLDT2_IRFCL24_SUTM_USD,"Predetermined short-term net drains on foreign currency assets (nominal value), Foreign currency loans, securities and deposits, Up to 1 month",NA
IRFCL,International Reserves and Foreign Currency Liquidity (IRFCL),DSD_IRFCL_PUB,INDICATOR,CL_IRFCL_INDICATOR_PUB,TRUE,IRFCLDT2_IRFCL24_SUTM_XDC,"Predetermined short-term net drains on foreign currency assets (nominal value), Foreign currency loans, securities and deposits, Up to 1 month",NA
IRFCL,International Reserves and Foreign Currency Liquidity (IRFCL),DSD_IRFCL_PUB,INDICATOR,CL_IRFCL_INDICATOR_PUB,TRUE,IRFCLDT2_IRFCL24_SM3MUTY_EUR,"Predetermined short-term net drains on foreign currency assets (nominal value), Foreign currency loans, securities and deposits, More than 3 months and up to 1 year",NA
IRFCL,International Reserves and Foreign Currency Liquidity (IRFCL),DSD_IRFCL_PUB,INDICATOR,CL_IRFCL_INDICATOR_PUB,TRUE,IRFCLDT2_IRFCL24_SM3MUTY_USD,"Predetermined short-term net drains on foreign currency assets (nominal value), Foreign currency loans, securities and deposits, More than 3 months and up to 1 year",NA
IRFCL,International Reserves and Foreign Currency Liquidity (IRFCL),DSD_IRFCL_PUB,INDICATOR,CL_IRFCL_INDICATOR_PUB,TRUE,IRFCLDT2_IRFCL24_SM3MUTY_XDC,"Predetermined short-term net drains on foreign currency assets (nominal value), Foreign currency loans, securities and deposits, More than 3 months and up to 1 year",NA
IRFCL,International Reserves and Foreign Currency Liquidity (IRFCL),DSD_IRFCL_PUB,INDICATOR,CL_IRFCL_INDICATOR_PUB,TRUE,IRFCLDT2_IRFCL78_EUR,"Predetermined short-term net drains on foreign currency assets (nominal value), Total foreign currency loans securities and deposits",NA
IRFCL,International Reserves and Foreign Currency Liquidity (IRFCL),DSD_IRFCL_PUB,INDICATOR,CL_IRFCL_INDICATOR_PUB,TRUE,IRFCLDT2_IRFCL78_USD,"Predetermined short-term net drains on foreign currency assets (nominal value), Total foreign currency loans securities and deposits",NA
IRFCL,International Reserves and Foreign Currency Liquidity (IRFCL),DSD_IRFCL_PUB,INDICATOR,CL_IRFCL_INDICATOR_PUB,TRUE,IRFCLDT2_IRFCL78_XDC,"Predetermined short-term net drains on foreign currency assets (nominal value), Total foreign currency loans securities and deposits",NA
IRFCL,International Reserves and Foreign Currency Liquidity (IRFCL),DSD_IRFCL_PUB,INDICATOR,CL_IRFCL_INDICATOR_PUB,TRUE,IRFCLDT2_IRFCL151_SM1MUT3M_IN_EUR,"Predetermined short-term net drains on foreign currency assets (nominal value), Foreign currency loans, securities and deposits, interest, More than 1 and up to 3 months, Inflows",NA
IRFCL,International Reserves and Foreign Currency Liquidity (IRFCL),DSD_IRFCL_PUB,INDICATOR,CL_IRFCL_INDICATOR_PUB,TRUE,IRFCLDT2_IRFCL151_SM1MUT3M_IN_USD,"Predetermined short-term net drains on foreign currency assets (nominal value), Foreign currency loans, securities and deposits, interest, More than 1 and up to 3 months, Inflows",NA
IRFCL,International Reserves and Foreign Currency Liquidity (IRFCL),DSD_IRFCL_PUB,INDICATOR,CL_IRFCL_INDICATOR_PUB,TRUE,IRFCLDT2_IRFCL151_SM1MUT3M_IN_XDC,"Predetermined short-term net drains on foreign currency assets (nominal value), Foreign currency loans, securities and deposits, interest, More than 1 and up to 3 months, Inflows",NA
IRFCL,International Reserves and Foreign Currency Liquidity (IRFCL),DSD_IRFCL_PUB,INDICATOR,CL_IRFCL_INDICATOR_PUB,TRUE,IRFCLDT2_IRFCL151_SUTM_IN_EUR,"Predetermined short-term net drains on foreign currency assets (nominal value), Foreign currency loans, securities and deposits, interest, Up to 1 month, Inflows",NA
IRFCL,International Reserves and Foreign Currency Liquidity (IRFCL),DSD_IRFCL_PUB,INDICATOR,CL_IRFCL_INDICATOR_PUB,TRUE,IRFCLDT2_IRFCL151_SUTM_IN_USD,"Predetermined short-term net drains on foreign currency assets (nominal value), Foreign currency loans, securities and deposits, interest, Up to 1 month, Inflows",NA
IRFCL,International Reserves and Foreign Currency Liquidity (IRFCL),DSD_IRFCL_PUB,INDICATOR,CL_IRFCL_INDICATOR_PUB,TRUE,IRFCLDT2_IRFCL151_SUTM_IN_XDC,"Predetermined short-term net drains on foreign currency assets (nominal value), Foreign currency loans, securities and deposits, interest, Up to 1 month, Inflows",NA
IRFCL,International Reserves and Foreign Currency Liquidity (IRFCL),DSD_IRFCL_PUB,INDICATOR,CL_IRFCL_INDICATOR_PUB,TRUE,IRFCLDT2_IRFCL151_SM3MUTY_IN_EUR,"Predetermined short-term net drains on foreign currency assets (nominal value), Foreign currency loans, securities and deposits, interest, More than 3 months and up to 1 year, Inflows",NA
IRFCL,International Reserves and Foreign Currency Liquidity (IRFCL),DSD_IRFCL_PUB,INDICATOR,CL_IRFCL_INDICATOR_PUB,TRUE,IRFCLDT2_IRFCL151_SM3MUTY_IN_USD,"Predetermined short-term net drains on foreign currency assets (nominal value), Foreign currency loans, securities and deposits, interest, More than 3 months and up to 1 year, Inflows",NA
IRFCL,International Reserves and Foreign Currency Liquidity (IRFCL),DSD_IRFCL_PUB,INDICATOR,CL_IRFCL_INDICATOR_PUB,TRUE,IRFCLDT2_IRFCL151_SM3MUTY_IN_XDC,"Predetermined short-term net drains on foreign currency assets (nominal value), Foreign currency loans, securities and deposits, interest, More than 3 months and up to 1 year, Inflows",NA
IRFCL,International Reserves and Foreign Currency Liquidity (IRFCL),DSD_IRFCL_PUB,INDICATOR,CL_IRFCL_INDICATOR_PUB,TRUE,IRFCLDT2_IRFCL79_IN_EUR,"Predetermined short-term net drains on foreign currency assets (nominal value), Total foreign currency loans securities and deposits, interest, Inflows",NA
IRFCL,International Reserves and Foreign Currency Liquidity (IRFCL),DSD_IRFCL_PUB,INDICATOR,CL_IRFCL_INDICATOR_PUB,TRUE,IRFCLDT2_IRFCL79_IN_USD,"Predetermined short-term net drains on foreign currency assets (nominal value), Total foreign currency loans securities and deposits, interest, Inflows",NA
IRFCL,International Reserves and Foreign Currency Liquidity (IRFCL),DSD_IRFCL_PUB,INDICATOR,CL_IRFCL_INDICATOR_PUB,TRUE,IRFCLDT2_IRFCL79_IN_XDC,"Predetermined short-term net drains on foreign currency assets (nominal value), Total foreign currency loans securities and deposits, interest, Inflows",NA
IRFCL,International Reserves and Foreign Currency Liquidity (IRFCL),DSD_IRFCL_PUB,INDICATOR,CL_IRFCL_INDICATOR_PUB,TRUE,IRFCLDT2_IRFCL26_SM1MUT3M_IN_EUR,"Predetermined short-term net drains on foreign currency assets (nominal value), Foreign currency loans, securities and deposits, principal, More than 1 and up to 3 months, Inflows",NA
IRFCL,International Reserves and Foreign Currency Liquidity (IRFCL),DSD_IRFCL_PUB,INDICATOR,CL_IRFCL_INDICATOR_PUB,TRUE,IRFCLDT2_IRFCL26_SM1MUT3M_IN_USD,"Predetermined short-term net drains on foreign currency assets (nominal value), Foreign currency loans, securities and deposits, principal, More than 1 and up to 3 months, Inflows",NA
IRFCL,International Reserves and Foreign Currency Liquidity (IRFCL),DSD_IRFCL_PUB,INDICATOR,CL_IRFCL_INDICATOR_PUB,TRUE,IRFCLDT2_IRFCL26_SM1MUT3M_IN_XDC,"Predetermined short-term net drains on foreign currency assets (nominal value), Foreign currency loans, securities and deposits, principal, More than 1 and up to 3 months, Inflows",NA
IRFCL,International Reserves and Foreign Currency Liquidity (IRFCL),DSD_IRFCL_PUB,INDICATOR,CL_IRFCL_INDICATOR_PUB,TRUE,IRFCLDT2_IRFCL26_SUTM_IN_EUR,"Predetermined short-term net drains on foreign currency assets (nominal value), Foreign currency loans, securities and deposits, principal, Up to 1 month, Inflows",NA
IRFCL,International Reserves and Foreign Currency Liquidity (IRFCL),DSD_IRFCL_PUB,INDICATOR,CL_IRFCL_INDICATOR_PUB,TRUE,IRFCLDT2_IRFCL26_SUTM_IN_USD,"Predetermined short-term net drains on foreign currency assets (nominal value), Foreign currency loans, securities and deposits, principal, Up to 1 month, Inflows",NA
IRFCL,International Reserves and Foreign Currency Liquidity (IRFCL),DSD_IRFCL_PUB,INDICATOR,CL_IRFCL_INDICATOR_PUB,TRUE,IRFCLDT2_IRFCL26_SUTM_IN_XDC,"Predetermined short-term net drains on foreign currency assets (nominal value), Foreign currency loans, securities and deposits, principal, Up to 1 month, Inflows",NA
IRFCL,International Reserves and Foreign Currency Liquidity (IRFCL),DSD_IRFCL_PUB,INDICATOR,CL_IRFCL_INDICATOR_PUB,TRUE,IRFCLDT2_IRFCL26_SM3MUTY_IN_EUR,"Predetermined short-term net drains on foreign currency assets (nominal value), Foreign currency loans, securities and deposits, principal, More than 3 months and up to 1 year, Inflows",NA
IRFCL,International Reserves and Foreign Currency Liquidity (IRFCL),DSD_IRFCL_PUB,INDICATOR,CL_IRFCL_INDICATOR_PUB,TRUE,IRFCLDT2_IRFCL26_SM3MUTY_IN_USD,"Predetermined short-term net drains on foreign currency assets (nominal value), Foreign currency loans, securities and deposits, principal, More than 3 months and up to 1 year, Inflows",NA
IRFCL,International Reserves and Foreign Currency Liquidity (IRFCL),DSD_IRFCL_PUB,INDICATOR,CL_IRFCL_INDICATOR_PUB,TRUE,IRFCLDT2_IRFCL26_SM3MUTY_IN_XDC,"Predetermined short-term net drains on foreign currency assets (nominal value), Foreign currency loans, securities and deposits, principal, More than 3 months and up to 1 year, Inflows",NA
IRFCL,International Reserves and Foreign Currency Liquidity (IRFCL),DSD_IRFCL_PUB,INDICATOR,CL_IRFCL_INDICATOR_PUB,TRUE,IRFCLDT2_IRFCL80_IN_EUR,"Predetermined short-term net drains on foreign currency assets (nominal value), Total foreign currency loans securities and deposits, principal, Inflows",NA
IRFCL,International Reserves and Foreign Currency Liquidity (IRFCL),DSD_IRFCL_PUB,INDICATOR,CL_IRFCL_INDICATOR_PUB,TRUE,IRFCLDT2_IRFCL80_IN_USD,"Predetermined short-term net drains on foreign currency assets (nominal value), Total foreign currency loans securities and deposits, principal, Inflows",NA
IRFCL,International Reserves and Foreign Currency Liquidity (IRFCL),DSD_IRFCL_PUB,INDICATOR,CL_IRFCL_INDICATOR_PUB,TRUE,IRFCLDT2_IRFCL80_IN_XDC,"Predetermined short-term net drains on foreign currency assets (nominal value), Total foreign currency loans securities and deposits, principal, Inflows",NA
IRFCL,International Reserves and Foreign Currency Liquidity (IRFCL),DSD_IRFCL_PUB,INDICATOR,CL_IRFCL_INDICATOR_PUB,TRUE,IRFCLDT2_IRFCL151_SM1MUT3M_FO_EUR,"Predetermined short-term net drains on foreign currency assets (nominal value), Foreign currency loans, securities and deposits, interest, More than 1 and up to 3 months, Outflows (reserves template)",NA
IRFCL,International Reserves and Foreign Currency Liquidity (IRFCL),DSD_IRFCL_PUB,INDICATOR,CL_IRFCL_INDICATOR_PUB,TRUE,IRFCLDT2_IRFCL151_SM1MUT3M_FO_USD,"Predetermined short-term net drains on foreign currency assets (nominal value), Foreign currency loans, securities and deposits, interest, More than 1 and up to 3 months, Outflows (reserves template)",NA
IRFCL,International Reserves and Foreign Currency Liquidity (IRFCL),DSD_IRFCL_PUB,INDICATOR,CL_IRFCL_INDICATOR_PUB,TRUE,IRFCLDT2_IRFCL151_SM1MUT3M_FO_XDC,"Predetermined short-term net drains on foreign currency assets (nominal value), Foreign currency loans, securities and deposits, interest, More than 1 and up to 3 months, Outflows (reserves template)",NA
IRFCL,International Reserves and Foreign Currency Liquidity (IRFCL),DSD_IRFCL_PUB,INDICATOR,CL_IRFCL_INDICATOR_PUB,TRUE,IRFCLDT2_IRFCL151_SUTM_FO_EUR,"Predetermined short-term net drains on foreign currency assets (nominal value), Foreign currency loans, securities and deposits, interest, Up to 1 month, Outflows (reserves template)",NA
IRFCL,International Reserves and Foreign Currency Liquidity (IRFCL),DSD_IRFCL_PUB,INDICATOR,CL_IRFCL_INDICATOR_PUB,TRUE,IRFCLDT2_IRFCL151_SUTM_FO_USD,"Predetermined short-term net drains on foreign currency assets (nominal value), Foreign currency loans, securities and deposits, interest, Up to 1 month, Outflows (reserves template)",NA
IRFCL,International Reserves and Foreign Currency Liquidity (IRFCL),DSD_IRFCL_PUB,INDICATOR,CL_IRFCL_INDICATOR_PUB,TRUE,IRFCLDT2_IRFCL151_SUTM_FO_XDC,"Predetermined short-term net drains on foreign currency assets (nominal value), Foreign currency loans, securities and deposits, interest, Up to 1 month, Outflows (reserves template)",NA
IRFCL,International Reserves and Foreign Currency Liquidity (IRFCL),DSD_IRFCL_PUB,INDICATOR,CL_IRFCL_INDICATOR_PUB,TRUE,IRFCLDT2_IRFCL151_SM3MUTY_FO_EUR,"Predetermined short-term net drains on foreign currency assets (nominal value), Foreign currency loans, securities and deposits, interest, More than 3 months and up to 1 year, Outflows (reserves template)",NA
IRFCL,International Reserves and Foreign Currency Liquidity (IRFCL),DSD_IRFCL_PUB,INDICATOR,CL_IRFCL_INDICATOR_PUB,TRUE,IRFCLDT2_IRFCL151_SM3MUTY_FO_USD,"Predetermined short-term net drains on foreign currency assets (nominal value), Foreign currency loans, securities and deposits, interest, More than 3 months and up to 1 year, Outflows (reserves template)",NA
IRFCL,International Reserves and Foreign Currency Liquidity (IRFCL),DSD_IRFCL_PUB,INDICATOR,CL_IRFCL_INDICATOR_PUB,TRUE,IRFCLDT2_IRFCL151_SM3MUTY_FO_XDC,"Predetermined short-term net drains on foreign currency assets (nominal value), Foreign currency loans, securities and deposits, interest, More than 3 months and up to 1 year, Outflows (reserves template)",NA
IRFCL,International Reserves and Foreign Currency Liquidity (IRFCL),DSD_IRFCL_PUB,INDICATOR,CL_IRFCL_INDICATOR_PUB,TRUE,IRFCLDT2_IRFCL79_FO_EUR,"Predetermined short-term net drains on foreign currency assets (nominal value), Total foreign currency loans securities and deposits, interest, Outflows (reserves template)",NA
IRFCL,International Reserves and Foreign Currency Liquidity (IRFCL),DSD_IRFCL_PUB,INDICATOR,CL_IRFCL_INDICATOR_PUB,TRUE,IRFCLDT2_IRFCL79_FO_USD,"Predetermined short-term net drains on foreign currency assets (nominal value), Total foreign currency loans securities and deposits, interest, Outflows (reserves template)",NA
IRFCL,International Reserves and Foreign Currency Liquidity (IRFCL),DSD_IRFCL_PUB,INDICATOR,CL_IRFCL_INDICATOR_PUB,TRUE,IRFCLDT2_IRFCL79_FO_XDC,"Predetermined short-term net drains on foreign currency assets (nominal value), Total foreign currency loans securities and deposits, interest, Outflows (reserves template)",NA
IRFCL,International Reserves and Foreign Currency Liquidity (IRFCL),DSD_IRFCL_PUB,INDICATOR,CL_IRFCL_INDICATOR_PUB,TRUE,IRFCLDT2_IRFCL26_SM1MUT3M_FO_EUR,"Predetermined short-term net drains on foreign currency assets (nominal value), Foreign currency loans, securities and deposits, principal, More than 1 and up to 3 months, Outflows (reserves template)",NA
IRFCL,International Reserves and Foreign Currency Liquidity (IRFCL),DSD_IRFCL_PUB,INDICATOR,CL_IRFCL_INDICATOR_PUB,TRUE,IRFCLDT2_IRFCL26_SM1MUT3M_FO_USD,"Predetermined short-term net drains on foreign currency assets (nominal value), Foreign currency loans, securities and deposits, principal, More than 1 and up to 3 months, Outflows (reserves template)",NA
IRFCL,International Reserves and Foreign Currency Liquidity (IRFCL),DSD_IRFCL_PUB,INDICATOR,CL_IRFCL_INDICATOR_PUB,TRUE,IRFCLDT2_IRFCL26_SM1MUT3M_FO_XDC,"Predetermined short-term net drains on foreign currency assets (nominal value), Foreign currency loans, securities and deposits, principal, More than 1 and up to 3 months, Outflows (reserves template)",NA
IRFCL,International Reserves and Foreign Currency Liquidity (IRFCL),DSD_IRFCL_PUB,INDICATOR,CL_IRFCL_INDICATOR_PUB,TRUE,IRFCLDT2_IRFCL26_SUTM_FO_EUR,"Predetermined short-term net drains on foreign currency assets (nominal value), Foreign currency loans, securities and deposits, principal, Up to 1 month, Outflows (reserves template)",NA
IRFCL,International Reserves and Foreign Currency Liquidity (IRFCL),DSD_IRFCL_PUB,INDICATOR,CL_IRFCL_INDICATOR_PUB,TRUE,IRFCLDT2_IRFCL26_SUTM_FO_USD,"Predetermined short-term net drains on foreign currency assets (nominal value), Foreign currency loans, securities and deposits, principal, Up to 1 month, Outflows (reserves template)",NA
IRFCL,International Reserves and Foreign Currency Liquidity (IRFCL),DSD_IRFCL_PUB,INDICATOR,CL_IRFCL_INDICATOR_PUB,TRUE,IRFCLDT2_IRFCL26_SUTM_FO_XDC,"Predetermined short-term net drains on foreign currency assets (nominal value), Foreign currency loans, securities and deposits, principal, Up to 1 month, Outflows (reserves template)",NA
IRFCL,International Reserves and Foreign Currency Liquidity (IRFCL),DSD_IRFCL_PUB,INDICATOR,CL_IRFCL_INDICATOR_PUB,TRUE,IRFCLDT2_IRFCL26_SM3MUTY_FO_EUR,"Predetermined short-term net drains on foreign currency assets (nominal value), Foreign currency loans, securities and deposits, principal, More than 3 months and up to 1 year, Outflows (reserves template)",NA
IRFCL,International Reserves and Foreign Currency Liquidity (IRFCL),DSD_IRFCL_PUB,INDICATOR,CL_IRFCL_INDICATOR_PUB,TRUE,IRFCLDT2_IRFCL26_SM3MUTY_FO_USD,"Predetermined short-term net drains on foreign currency assets (nominal value), Foreign currency loans, securities and deposits, principal, More than 3 months and up to 1 year, Outflows (reserves template)",NA
IRFCL,International Reserves and Foreign Currency Liquidity (IRFCL),DSD_IRFCL_PUB,INDICATOR,CL_IRFCL_INDICATOR_PUB,TRUE,IRFCLDT2_IRFCL26_SM3MUTY_FO_XDC,"Predetermined short-term net drains on foreign currency assets (nominal value), Foreign currency loans, securities and deposits, principal, More than 3 months and up to 1 year, Outflows (reserves template)",NA
IRFCL,International Reserves and Foreign Currency Liquidity (IRFCL),DSD_IRFCL_PUB,INDICATOR,CL_IRFCL_INDICATOR_PUB,TRUE,IRFCLDT2_IRFCL80_FO_EUR,"Predetermined short-term net drains on foreign currency assets (nominal value), Total foreign currency loans securities and deposits, principal, Outflows (reserves template)",NA
IRFCL,International Reserves and Foreign Currency Liquidity (IRFCL),DSD_IRFCL_PUB,INDICATOR,CL_IRFCL_INDICATOR_PUB,TRUE,IRFCLDT2_IRFCL80_FO_USD,"Predetermined short-term net drains on foreign currency assets (nominal value), Total foreign currency loans securities and deposits, principal, Outflows (reserves template)",NA
IRFCL,International Reserves and Foreign Currency Liquidity (IRFCL),DSD_IRFCL_PUB,INDICATOR,CL_IRFCL_INDICATOR_PUB,TRUE,IRFCLDT2_IRFCL80_FO_XDC,"Predetermined short-term net drains on foreign currency assets (nominal value), Total foreign currency loans securities and deposits, principal, Outflows (reserves template)",NA
IRFCL,International Reserves and Foreign Currency Liquidity (IRFCL),DSD_IRFCL_PUB,INDICATOR,CL_IRFCL_INDICATOR_PUB,TRUE,IRFCLDT2_IRFCL45_SM1MUT3M_EUR,"Predetermined short-term net drains on foreign currency assets (nominal value), Other predetermined short term net drains on foreign currency assets, More than 1 and up to 3 months",NA
IRFCL,International Reserves and Foreign Currency Liquidity (IRFCL),DSD_IRFCL_PUB,INDICATOR,CL_IRFCL_INDICATOR_PUB,TRUE,IRFCLDT2_IRFCL45_SM1MUT3M_USD,"Predetermined short-term net drains on foreign currency assets (nominal value), Other predetermined short term net drains on foreign currency assets, More than 1 and up to 3 months",NA
IRFCL,International Reserves and Foreign Currency Liquidity (IRFCL),DSD_IRFCL_PUB,INDICATOR,CL_IRFCL_INDICATOR_PUB,TRUE,IRFCLDT2_IRFCL45_SM1MUT3M_XDC,"Predetermined short-term net drains on foreign currency assets (nominal value), Other predetermined short term net drains on foreign currency assets, More than 1 and up to 3 months",NA
IRFCL,International Reserves and Foreign Currency Liquidity (IRFCL),DSD_IRFCL_PUB,INDICATOR,CL_IRFCL_INDICATOR_PUB,TRUE,IRFCLDT2_IRFCL45_SUTM_EUR,"Predetermined short-term net drains on foreign currency assets (nominal value), Other predetermined short term net drains on foreign currency assets, Up to 1 month",NA
IRFCL,International Reserves and Foreign Currency Liquidity (IRFCL),DSD_IRFCL_PUB,INDICATOR,CL_IRFCL_INDICATOR_PUB,TRUE,IRFCLDT2_IRFCL45_SUTM_USD,"Predetermined short-term net drains on foreign currency assets (nominal value), Other predetermined short term net drains on foreign currency assets, Up to 1 month",NA
IRFCL,International Reserves and Foreign Currency Liquidity (IRFCL),DSD_IRFCL_PUB,INDICATOR,CL_IRFCL_INDICATOR_PUB,TRUE,IRFCLDT2_IRFCL45_SUTM_XDC,"Predetermined short-term net drains on foreign currency assets (nominal value), Other predetermined short term net drains on foreign currency assets, Up to 1 month",NA
IRFCL,International Reserves and Foreign Currency Liquidity (IRFCL),DSD_IRFCL_PUB,INDICATOR,CL_IRFCL_INDICATOR_PUB,TRUE,IRFCLDT2_IRFCL45_SM3MUTY_EUR,"Predetermined short-term net drains on foreign currency assets (nominal value), Other predetermined short term net drains on foreign currency assets, More than 3 months and up to 1 year",NA
IRFCL,International Reserves and Foreign Currency Liquidity (IRFCL),DSD_IRFCL_PUB,INDICATOR,CL_IRFCL_INDICATOR_PUB,TRUE,IRFCLDT2_IRFCL45_SM3MUTY_USD,"Predetermined short-term net drains on foreign currency assets (nominal value), Other predetermined short term net drains on foreign currency assets, More than 3 months and up to 1 year",NA
IRFCL,International Reserves and Foreign Currency Liquidity (IRFCL),DSD_IRFCL_PUB,INDICATOR,CL_IRFCL_INDICATOR_PUB,TRUE,IRFCLDT2_IRFCL45_SM3MUTY_XDC,"Predetermined short-term net drains on foreign currency assets (nominal value), Other predetermined short term net drains on foreign currency assets, More than 3 months and up to 1 year",NA
IRFCL,International Reserves and Foreign Currency Liquidity (IRFCL),DSD_IRFCL_PUB,INDICATOR,CL_IRFCL_INDICATOR_PUB,TRUE,IRFCLDT2_IRFCL85_EUR,"Predetermined short-term net drains on foreign currency assets (nominal value), Total other predetermined short term net drains on foreign currency assets",NA
IRFCL,International Reserves and Foreign Currency Liquidity (IRFCL),DSD_IRFCL_PUB,INDICATOR,CL_IRFCL_INDICATOR_PUB,TRUE,IRFCLDT2_IRFCL85_USD,"Predetermined short-term net drains on foreign currency assets (nominal value), Total other predetermined short term net drains on foreign currency assets",NA
IRFCL,International Reserves and Foreign Currency Liquidity (IRFCL),DSD_IRFCL_PUB,INDICATOR,CL_IRFCL_INDICATOR_PUB,TRUE,IRFCLDT2_IRFCL85_XDC,"Predetermined short-term net drains on foreign currency assets (nominal value), Total other predetermined short term net drains on foreign currency assets",NA
IRFCL,International Reserves and Foreign Currency Liquidity (IRFCL),DSD_IRFCL_PUB,INDICATOR,CL_IRFCL_INDICATOR_PUB,TRUE,IRFCLDT2_IRFCL50_SM1MUT3M_IN_EUR,"Predetermined short-term net drains on foreign currency assets (nominal value), Other predetermined short term net drains on foreign currency assets, trade credit, More than 1 and up to 3 months, Inflows",NA
IRFCL,International Reserves and Foreign Currency Liquidity (IRFCL),DSD_IRFCL_PUB,INDICATOR,CL_IRFCL_INDICATOR_PUB,TRUE,IRFCLDT2_IRFCL50_SM1MUT3M_IN_USD,"Predetermined short-term net drains on foreign currency assets (nominal value), Other predetermined short term net drains on foreign currency assets, trade credit, More than 1 and up to 3 months, Inflows",NA
IRFCL,International Reserves and Foreign Currency Liquidity (IRFCL),DSD_IRFCL_PUB,INDICATOR,CL_IRFCL_INDICATOR_PUB,TRUE,IRFCLDT2_IRFCL50_SM1MUT3M_IN_XDC,"Predetermined short-term net drains on foreign currency assets (nominal value), Other predetermined short term net drains on foreign currency assets, trade credit, More than 1 and up to 3 months, Inflows",NA
IRFCL,International Reserves and Foreign Currency Liquidity (IRFCL),DSD_IRFCL_PUB,INDICATOR,CL_IRFCL_INDICATOR_PUB,TRUE,IRFCLDT2_IRFCL50_SUTM_IN_EUR,"Predetermined short-term net drains on foreign currency assets (nominal value), Other predetermined short term net drains on foreign currency assets, trade credit, Up to 1 month, Inflows",NA
IRFCL,International Reserves and Foreign Currency Liquidity (IRFCL),DSD_IRFCL_PUB,INDICATOR,CL_IRFCL_INDICATOR_PUB,TRUE,IRFCLDT2_IRFCL50_SUTM_IN_USD,"Predetermined short-term net drains on foreign currency assets (nominal value), Other predetermined short term net drains on foreign currency assets, trade credit, Up to 1 month, Inflows",NA
IRFCL,International Reserves and Foreign Currency Liquidity (IRFCL),DSD_IRFCL_PUB,INDICATOR,CL_IRFCL_INDICATOR_PUB,TRUE,IRFCLDT2_IRFCL50_SUTM_IN_XDC,"Predetermined short-term net drains on foreign currency assets (nominal value), Other predetermined short term net drains on foreign currency assets, trade credit, Up to 1 month, Inflows",NA
IRFCL,International Reserves and Foreign Currency Liquidity (IRFCL),DSD_IRFCL_PUB,INDICATOR,CL_IRFCL_INDICATOR_PUB,TRUE,IRFCLDT2_IRFCL50_SM3MUTY_IN_EUR,"Predetermined short-term net drains on foreign currency assets (nominal value), Other predetermined short term net drains on foreign currency assets, trade credit, More than 3 months and up to 1 year, Inflows",NA
IRFCL,International Reserves and Foreign Currency Liquidity (IRFCL),DSD_IRFCL_PUB,INDICATOR,CL_IRFCL_INDICATOR_PUB,TRUE,IRFCLDT2_IRFCL50_SM3MUTY_IN_USD,"Predetermined short-term net drains on foreign currency assets (nominal value), Other predetermined short term net drains on foreign currency assets, trade credit, More than 3 months and up to 1 year, Inflows",NA
IRFCL,International Reserves and Foreign Currency Liquidity (IRFCL),DSD_IRFCL_PUB,INDICATOR,CL_IRFCL_INDICATOR_PUB,TRUE,IRFCLDT2_IRFCL50_SM3MUTY_IN_XDC,"Predetermined short-term net drains on foreign currency assets (nominal value), Other predetermined short term net drains on foreign currency assets, trade credit, More than 3 months and up to 1 year, Inflows",NA
IRFCL,International Reserves and Foreign Currency Liquidity (IRFCL),DSD_IRFCL_PUB,INDICATOR,CL_IRFCL_INDICATOR_PUB,TRUE,IRFCLDT2_IRFCL50T_IN_EUR,"Predetermined short-term net drains on foreign currency assets (nominal value), Total other predetermined short term net drains on foreign currency assets, trade credit, Inflows",NA
IRFCL,International Reserves and Foreign Currency Liquidity (IRFCL),DSD_IRFCL_PUB,INDICATOR,CL_IRFCL_INDICATOR_PUB,TRUE,IRFCLDT2_IRFCL50T_IN_USD,"Predetermined short-term net drains on foreign currency assets (nominal value), Total other predetermined short term net drains on foreign currency assets, trade credit, Inflows",NA
IRFCL,International Reserves and Foreign Currency Liquidity (IRFCL),DSD_IRFCL_PUB,INDICATOR,CL_IRFCL_INDICATOR_PUB,TRUE,IRFCLDT2_IRFCL50T_IN_XDC,"Predetermined short-term net drains on foreign currency assets (nominal value), Total other predetermined short term net drains on foreign currency assets, trade credit, Inflows",NA
IRFCL,International Reserves and Foreign Currency Liquidity (IRFCL),DSD_IRFCL_PUB,INDICATOR,CL_IRFCL_INDICATOR_PUB,TRUE,IRFCLDT2_IRFCL47_SM1MUT3M_EUR,"Predetermined short-term net drains on foreign currency assets (nominal value), Other predetermined short term net drains on foreign currency assets, other accounts receivable, More than 1 and up to 3 months",NA
IRFCL,International Reserves and Foreign Currency Liquidity (IRFCL),DSD_IRFCL_PUB,INDICATOR,CL_IRFCL_INDICATOR_PUB,TRUE,IRFCLDT2_IRFCL47_SM1MUT3M_USD,"Predetermined short-term net drains on foreign currency assets (nominal value), Other predetermined short term net drains on foreign currency assets, other accounts receivable, More than 1 and up to 3 months",NA
IRFCL,International Reserves and Foreign Currency Liquidity (IRFCL),DSD_IRFCL_PUB,INDICATOR,CL_IRFCL_INDICATOR_PUB,TRUE,IRFCLDT2_IRFCL47_SM1MUT3M_XDC,"Predetermined short-term net drains on foreign currency assets (nominal value), Other predetermined short term net drains on foreign currency assets, other accounts receivable, More than 1 and up to 3 months",NA
IRFCL,International Reserves and Foreign Currency Liquidity (IRFCL),DSD_IRFCL_PUB,INDICATOR,CL_IRFCL_INDICATOR_PUB,TRUE,IRFCLDT2_IRFCL47_SUTM_IN_EUR,"Predetermined short-term net drains on foreign currency assets (nominal value), Other predetermined short term net drains on foreign currency assets, other accounts receivable, Up to 1 month, Inflows",NA
IRFCL,International Reserves and Foreign Currency Liquidity (IRFCL),DSD_IRFCL_PUB,INDICATOR,CL_IRFCL_INDICATOR_PUB,TRUE,IRFCLDT2_IRFCL47_SUTM_IN_USD,"Predetermined short-term net drains on foreign currency assets (nominal value), Other predetermined short term net drains on foreign currency assets, other accounts receivable, Up to 1 month, Inflows",NA
IRFCL,International Reserves and Foreign Currency Liquidity (IRFCL),DSD_IRFCL_PUB,INDICATOR,CL_IRFCL_INDICATOR_PUB,TRUE,IRFCLDT2_IRFCL47_SUTM_IN_XDC,"Predetermined short-term net drains on foreign currency assets (nominal value), Other predetermined short term net drains on foreign currency assets, other accounts receivable, Up to 1 month, Inflows",NA
IRFCL,International Reserves and Foreign Currency Liquidity (IRFCL),DSD_IRFCL_PUB,INDICATOR,CL_IRFCL_INDICATOR_PUB,TRUE,IRFCLDT2_IRFCL47_SM3MUTY_IN_EUR,"Predetermined short-term net drains on foreign currency assets (nominal value), Other predetermined short term net drains on foreign currency assets, other accounts receivable, More than 3 months and up to 1 year, Inflows",NA
IRFCL,International Reserves and Foreign Currency Liquidity (IRFCL),DSD_IRFCL_PUB,INDICATOR,CL_IRFCL_INDICATOR_PUB,TRUE,IRFCLDT2_IRFCL47_SM3MUTY_IN_USD,"Predetermined short-term net drains on foreign currency assets (nominal value), Other predetermined short term net drains on foreign currency assets, other accounts receivable, More than 3 months and up to 1 year, Inflows",NA
IRFCL,International Reserves and Foreign Currency Liquidity (IRFCL),DSD_IRFCL_PUB,INDICATOR,CL_IRFCL_INDICATOR_PUB,TRUE,IRFCLDT2_IRFCL47_SM3MUTY_IN_XDC,"Predetermined short-term net drains on foreign currency assets (nominal value), Other predetermined short term net drains on foreign currency assets, other accounts receivable, More than 3 months and up to 1 year, Inflows",NA
IRFCL,International Reserves and Foreign Currency Liquidity (IRFCL),DSD_IRFCL_PUB,INDICATOR,CL_IRFCL_INDICATOR_PUB,TRUE,IRFCLDT2_IRFCL47T_IN_EUR,"Predetermined short-term net drains on foreign currency assets (nominal value), Total other predetermined short term net drains on foreign currency assets, other accounts receivable, Inflows",NA
IRFCL,International Reserves and Foreign Currency Liquidity (IRFCL),DSD_IRFCL_PUB,INDICATOR,CL_IRFCL_INDICATOR_PUB,TRUE,IRFCLDT2_IRFCL47T_IN_USD,"Predetermined short-term net drains on foreign currency assets (nominal value), Total other predetermined short term net drains on foreign currency assets, other accounts receivable, Inflows",NA
IRFCL,International Reserves and Foreign Currency Liquidity (IRFCL),DSD_IRFCL_PUB,INDICATOR,CL_IRFCL_INDICATOR_PUB,TRUE,IRFCLDT2_IRFCL47T_IN_XDC,"Predetermined short-term net drains on foreign currency assets (nominal value), Total other predetermined short term net drains on foreign currency assets, other accounts receivable, Inflows",NA
IRFCL,International Reserves and Foreign Currency Liquidity (IRFCL),DSD_IRFCL_PUB,INDICATOR,CL_IRFCL_INDICATOR_PUB,TRUE,IRFCLDT2_IRFCL49_SM1MUT3M_IN_EUR,"Predetermined short-term net drains on foreign currency assets (nominal value), Other predetermined short term net drains on foreign currency assets, related to reverse repos, More than 1 and up to 3 months, Inflows",NA
IRFCL,International Reserves and Foreign Currency Liquidity (IRFCL),DSD_IRFCL_PUB,INDICATOR,CL_IRFCL_INDICATOR_PUB,TRUE,IRFCLDT2_IRFCL49_SM1MUT3M_IN_USD,"Predetermined short-term net drains on foreign currency assets (nominal value), Other predetermined short term net drains on foreign currency assets, related to reverse repos, More than 1 and up to 3 months, Inflows",NA
IRFCL,International Reserves and Foreign Currency Liquidity (IRFCL),DSD_IRFCL_PUB,INDICATOR,CL_IRFCL_INDICATOR_PUB,TRUE,IRFCLDT2_IRFCL49_SM1MUT3M_IN_XDC,"Predetermined short-term net drains on foreign currency assets (nominal value), Other predetermined short term net drains on foreign currency assets, related to reverse repos, More than 1 and up to 3 months, Inflows",NA
IRFCL,International Reserves and Foreign Currency Liquidity (IRFCL),DSD_IRFCL_PUB,INDICATOR,CL_IRFCL_INDICATOR_PUB,TRUE,IRFCLDT2_IRFCL49_SUTM_IN_EUR,"Predetermined short-term net drains on foreign currency assets (nominal value), Other predetermined short term net drains on foreign currency assets, related to reverse repos, Up to 1 month, Inflows",NA
IRFCL,International Reserves and Foreign Currency Liquidity (IRFCL),DSD_IRFCL_PUB,INDICATOR,CL_IRFCL_INDICATOR_PUB,TRUE,IRFCLDT2_IRFCL49_SUTM_IN_USD,"Predetermined short-term net drains on foreign currency assets (nominal value), Other predetermined short term net drains on foreign currency assets, related to reverse repos, Up to 1 month, Inflows",NA
IRFCL,International Reserves and Foreign Currency Liquidity (IRFCL),DSD_IRFCL_PUB,INDICATOR,CL_IRFCL_INDICATOR_PUB,TRUE,IRFCLDT2_IRFCL49_SUTM_IN_XDC,"Predetermined short-term net drains on foreign currency assets (nominal value), Other predetermined short term net drains on foreign currency assets, related to reverse repos, Up to 1 month, Inflows",NA
IRFCL,International Reserves and Foreign Currency Liquidity (IRFCL),DSD_IRFCL_PUB,INDICATOR,CL_IRFCL_INDICATOR_PUB,TRUE,IRFCLDT2_IRFCL49_SM3MUTY_IN_EUR,"Predetermined short-term net drains on foreign currency assets (nominal value), Other predetermined short term net drains on foreign currency assets, related to reverse repos, More than 3 months and up to 1 year, Inflows",NA
IRFCL,International Reserves and Foreign Currency Liquidity (IRFCL),DSD_IRFCL_PUB,INDICATOR,CL_IRFCL_INDICATOR_PUB,TRUE,IRFCLDT2_IRFCL49_SM3MUTY_IN_USD,"Predetermined short-term net drains on foreign currency assets (nominal value), Other predetermined short term net drains on foreign currency assets, related to reverse repos, More than 3 months and up to 1 year, Inflows",NA
IRFCL,International Reserves and Foreign Currency Liquidity (IRFCL),DSD_IRFCL_PUB,INDICATOR,CL_IRFCL_INDICATOR_PUB,TRUE,IRFCLDT2_IRFCL49_SM3MUTY_IN_XDC,"Predetermined short-term net drains on foreign currency assets (nominal value), Other predetermined short term net drains on foreign currency assets, related to reverse repos, More than 3 months and up to 1 year, Inflows",NA
IRFCL,International Reserves and Foreign Currency Liquidity (IRFCL),DSD_IRFCL_PUB,INDICATOR,CL_IRFCL_INDICATOR_PUB,TRUE,IRFCLDT2_IRFCL49T_IN_EUR,"Predetermined short-term net drains on foreign currency assets (nominal value), Total other predetermined short term net drains on foreign currency assets, related to reverse repos, Inflows",NA
IRFCL,International Reserves and Foreign Currency Liquidity (IRFCL),DSD_IRFCL_PUB,INDICATOR,CL_IRFCL_INDICATOR_PUB,TRUE,IRFCLDT2_IRFCL49T_IN_USD,"Predetermined short-term net drains on foreign currency assets (nominal value), Total other predetermined short term net drains on foreign currency assets, related to reverse repos, Inflows",NA
IRFCL,International Reserves and Foreign Currency Liquidity (IRFCL),DSD_IRFCL_PUB,INDICATOR,CL_IRFCL_INDICATOR_PUB,TRUE,IRFCLDT2_IRFCL49T_IN_XDC,"Predetermined short-term net drains on foreign currency assets (nominal value), Total other predetermined short term net drains on foreign currency assets, related to reverse repos, Inflows",NA
IRFCL,International Reserves and Foreign Currency Liquidity (IRFCL),DSD_IRFCL_PUB,INDICATOR,CL_IRFCL_INDICATOR_PUB,TRUE,IRFCLDT2_IRFCL50_SM1MUT3M_FO_EUR,"Predetermined short-term net drains on foreign currency assets (nominal value), Other predetermined short term net drains on foreign currency assets, trade credit, More than 1 and up to 3 months, Outflows (reserves template)",NA
IRFCL,International Reserves and Foreign Currency Liquidity (IRFCL),DSD_IRFCL_PUB,INDICATOR,CL_IRFCL_INDICATOR_PUB,TRUE,IRFCLDT2_IRFCL50_SM1MUT3M_FO_USD,"Predetermined short-term net drains on foreign currency assets (nominal value), Other predetermined short term net drains on foreign currency assets, trade credit, More than 1 and up to 3 months, Outflows (reserves template)",NA
IRFCL,International Reserves and Foreign Currency Liquidity (IRFCL),DSD_IRFCL_PUB,INDICATOR,CL_IRFCL_INDICATOR_PUB,TRUE,IRFCLDT2_IRFCL50_SM1MUT3M_FO_XDC,"Predetermined short-term net drains on foreign currency assets (nominal value), Other predetermined short term net drains on foreign currency assets, trade credit, More than 1 and up to 3 months, Outflows (reserves template)",NA
IRFCL,International Reserves and Foreign Currency Liquidity (IRFCL),DSD_IRFCL_PUB,INDICATOR,CL_IRFCL_INDICATOR_PUB,TRUE,IRFCLDT2_IRFCL50_SUTM_FO_EUR,"Predetermined short-term net drains on foreign currency assets (nominal value), Other predetermined short term net drains on foreign currency assets, trade credit, Up to 1 month, Outflows (reserves template)",NA
IRFCL,International Reserves and Foreign Currency Liquidity (IRFCL),DSD_IRFCL_PUB,INDICATOR,CL_IRFCL_INDICATOR_PUB,TRUE,IRFCLDT2_IRFCL50_SUTM_FO_USD,"Predetermined short-term net drains on foreign currency assets (nominal value), Other predetermined short term net drains on foreign currency assets, trade credit, Up to 1 month, Outflows (reserves template)",NA
IRFCL,International Reserves and Foreign Currency Liquidity (IRFCL),DSD_IRFCL_PUB,INDICATOR,CL_IRFCL_INDICATOR_PUB,TRUE,IRFCLDT2_IRFCL50_SUTM_FO_XDC,"Predetermined short-term net drains on foreign currency assets (nominal value), Other predetermined short term net drains on foreign currency assets, trade credit, Up to 1 month, Outflows (reserves template)",NA
IRFCL,International Reserves and Foreign Currency Liquidity (IRFCL),DSD_IRFCL_PUB,INDICATOR,CL_IRFCL_INDICATOR_PUB,TRUE,IRFCLDT2_IRFCL50_SM3MUTY_FO_EUR,"Predetermined short-term net drains on foreign currency assets (nominal value), Other predetermined short term net drains on foreign currency assets, trade credit, More than 3 months and up to 1 year, Outflows (reserves template)",NA
IRFCL,International Reserves and Foreign Currency Liquidity (IRFCL),DSD_IRFCL_PUB,INDICATOR,CL_IRFCL_INDICATOR_PUB,TRUE,IRFCLDT2_IRFCL50_SM3MUTY_FO_USD,"Predetermined short-term net drains on foreign currency assets (nominal value), Other predetermined short term net drains on foreign currency assets, trade credit, More than 3 months and up to 1 year, Outflows (reserves template)",NA
IRFCL,International Reserves and Foreign Currency Liquidity (IRFCL),DSD_IRFCL_PUB,INDICATOR,CL_IRFCL_INDICATOR_PUB,TRUE,IRFCLDT2_IRFCL50_SM3MUTY_FO_XDC,"Predetermined short-term net drains on foreign currency assets (nominal value), Other predetermined short term net drains on foreign currency assets, trade credit, More than 3 months and up to 1 year, Outflows (reserves template)",NA
IRFCL,International Reserves and Foreign Currency Liquidity (IRFCL),DSD_IRFCL_PUB,INDICATOR,CL_IRFCL_INDICATOR_PUB,TRUE,IRFCLDT2_IRFCL50T_FO_EUR,"Predetermined short-term net drains on foreign currency assets (nominal value), Total other predetermined short term net drains on foreign currency assets, trade credit, Outflows (reserves template)",NA
IRFCL,International Reserves and Foreign Currency Liquidity (IRFCL),DSD_IRFCL_PUB,INDICATOR,CL_IRFCL_INDICATOR_PUB,TRUE,IRFCLDT2_IRFCL50T_FO_USD,"Predetermined short-term net drains on foreign currency assets (nominal value), Total other predetermined short term net drains on foreign currency assets, trade credit, Outflows (reserves template)",NA
IRFCL,International Reserves and Foreign Currency Liquidity (IRFCL),DSD_IRFCL_PUB,INDICATOR,CL_IRFCL_INDICATOR_PUB,TRUE,IRFCLDT2_IRFCL50T_FO_XDC,"Predetermined short-term net drains on foreign currency assets (nominal value), Total other predetermined short term net drains on foreign currency assets, trade credit, Outflows (reserves template)",NA
IRFCL,International Reserves and Foreign Currency Liquidity (IRFCL),DSD_IRFCL_PUB,INDICATOR,CL_IRFCL_INDICATOR_PUB,TRUE,IRFCLDT2_IRFCL46_SM1MUT3M_FO_EUR,"Predetermined short-term net drains on foreign currency assets (nominal value), Other predetermined short term net drains on foreign currency assets, other accounts payable, More than 1 and up to 3 months, Outflows (reserves template)",NA
IRFCL,International Reserves and Foreign Currency Liquidity (IRFCL),DSD_IRFCL_PUB,INDICATOR,CL_IRFCL_INDICATOR_PUB,TRUE,IRFCLDT2_IRFCL46_SM1MUT3M_FO_USD,"Predetermined short-term net drains on foreign currency assets (nominal value), Other predetermined short term net drains on foreign currency assets, other accounts payable, More than 1 and up to 3 months, Outflows (reserves template)",NA
IRFCL,International Reserves and Foreign Currency Liquidity (IRFCL),DSD_IRFCL_PUB,INDICATOR,CL_IRFCL_INDICATOR_PUB,TRUE,IRFCLDT2_IRFCL46_SM1MUT3M_FO_XDC,"Predetermined short-term net drains on foreign currency assets (nominal value), Other predetermined short term net drains on foreign currency assets, other accounts payable, More than 1 and up to 3 months, Outflows (reserves template)",NA
IRFCL,International Reserves and Foreign Currency Liquidity (IRFCL),DSD_IRFCL_PUB,INDICATOR,CL_IRFCL_INDICATOR_PUB,TRUE,IRFCLDT2_IRFCL46_SUTM_FO_EUR,"Predetermined short-term net drains on foreign currency assets (nominal value), Other predetermined short term net drains on foreign currency assets, other accounts payable, Up to 1 month, Outflows (reserves template)",NA
IRFCL,International Reserves and Foreign Currency Liquidity (IRFCL),DSD_IRFCL_PUB,INDICATOR,CL_IRFCL_INDICATOR_PUB,TRUE,IRFCLDT2_IRFCL46_SUTM_FO_USD,"Predetermined short-term net drains on foreign currency assets (nominal value), Other predetermined short term net drains on foreign currency assets, other accounts payable, Up to 1 month, Outflows (reserves template)",NA
IRFCL,International Reserves and Foreign Currency Liquidity (IRFCL),DSD_IRFCL_PUB,INDICATOR,CL_IRFCL_INDICATOR_PUB,TRUE,IRFCLDT2_IRFCL46_SUTM_FO_XDC,"Predetermined short-term net drains on foreign currency assets (nominal value), Other predetermined short term net drains on foreign currency assets, other accounts payable, Up to 1 month, Outflows (reserves template)",NA
IRFCL,International Reserves and Foreign Currency Liquidity (IRFCL),DSD_IRFCL_PUB,INDICATOR,CL_IRFCL_INDICATOR_PUB,TRUE,IRFCLDT2_IRFCL46_SM3MUTY_FO_EUR,"Predetermined short-term net drains on foreign currency assets (nominal value), Other predetermined short term net drains on foreign currency assets, other accounts payable, More than 3 months and up to 1 year, Outflows (reserves template)",NA
IRFCL,International Reserves and Foreign Currency Liquidity (IRFCL),DSD_IRFCL_PUB,INDICATOR,CL_IRFCL_INDICATOR_PUB,TRUE,IRFCLDT2_IRFCL46_SM3MUTY_FO_USD,"Predetermined short-term net drains on foreign currency assets (nominal value), Other predetermined short term net drains on foreign currency assets, other accounts payable, More than 3 months and up to 1 year, Outflows (reserves template)",NA
IRFCL,International Reserves and Foreign Currency Liquidity (IRFCL),DSD_IRFCL_PUB,INDICATOR,CL_IRFCL_INDICATOR_PUB,TRUE,IRFCLDT2_IRFCL46_SM3MUTY_FO_XDC,"Predetermined short-term net drains on foreign currency assets (nominal value), Other predetermined short term net drains on foreign currency assets, other accounts payable, More than 3 months and up to 1 year, Outflows (reserves template)",NA
IRFCL,International Reserves and Foreign Currency Liquidity (IRFCL),DSD_IRFCL_PUB,INDICATOR,CL_IRFCL_INDICATOR_PUB,TRUE,IRFCLDT2_IRFCL46T_FO_EUR,"Predetermined short-term net drains on foreign currency assets (nominal value), Total other predetermined short term net drains on foreign currency assets, other accounts payable, Outflows (reserves template)",NA
IRFCL,International Reserves and Foreign Currency Liquidity (IRFCL),DSD_IRFCL_PUB,INDICATOR,CL_IRFCL_INDICATOR_PUB,TRUE,IRFCLDT2_IRFCL46T_FO_USD,"Predetermined short-term net drains on foreign currency assets (nominal value), Total other predetermined short term net drains on foreign currency assets, other accounts payable, Outflows (reserves template)",NA
IRFCL,International Reserves and Foreign Currency Liquidity (IRFCL),DSD_IRFCL_PUB,INDICATOR,CL_IRFCL_INDICATOR_PUB,TRUE,IRFCLDT2_IRFCL46T_FO_XDC,"Predetermined short-term net drains on foreign currency assets (nominal value), Total other predetermined short term net drains on foreign currency assets, other accounts payable, Outflows (reserves template)",NA
IRFCL,International Reserves and Foreign Currency Liquidity (IRFCL),DSD_IRFCL_PUB,INDICATOR,CL_IRFCL_INDICATOR_PUB,TRUE,IRFCLDT2_IRFCL48_SM1MUT3M_FO_EUR,"Predetermined short-term net drains on foreign currency assets (nominal value), Other predetermined short term net drains on foreign currency assets, related to repos, More than 1 and up to 3 months, Outflows (reserves template)",NA
IRFCL,International Reserves and Foreign Currency Liquidity (IRFCL),DSD_IRFCL_PUB,INDICATOR,CL_IRFCL_INDICATOR_PUB,TRUE,IRFCLDT2_IRFCL48_SM1MUT3M_FO_USD,"Predetermined short-term net drains on foreign currency assets (nominal value), Other predetermined short term net drains on foreign currency assets, related to repos, More than 1 and up to 3 months, Outflows (reserves template)",NA
IRFCL,International Reserves and Foreign Currency Liquidity (IRFCL),DSD_IRFCL_PUB,INDICATOR,CL_IRFCL_INDICATOR_PUB,TRUE,IRFCLDT2_IRFCL48_SM1MUT3M_FO_XDC,"Predetermined short-term net drains on foreign currency assets (nominal value), Other predetermined short term net drains on foreign currency assets, related to repos, More than 1 and up to 3 months, Outflows (reserves template)",NA
IRFCL,International Reserves and Foreign Currency Liquidity (IRFCL),DSD_IRFCL_PUB,INDICATOR,CL_IRFCL_INDICATOR_PUB,TRUE,IRFCLDT2_IRFCL48_SUTM_FO_EUR,"Predetermined short-term net drains on foreign currency assets (nominal value), Other predetermined short term net drains on foreign currency assets, related to repos, Up to 1 month, Outflows (reserves template)",NA
IRFCL,International Reserves and Foreign Currency Liquidity (IRFCL),DSD_IRFCL_PUB,INDICATOR,CL_IRFCL_INDICATOR_PUB,TRUE,IRFCLDT2_IRFCL48_SUTM_FO_USD,"Predetermined short-term net drains on foreign currency assets (nominal value), Other predetermined short term net drains on foreign currency assets, related to repos, Up to 1 month, Outflows (reserves template)",NA
IRFCL,International Reserves and Foreign Currency Liquidity (IRFCL),DSD_IRFCL_PUB,INDICATOR,CL_IRFCL_INDICATOR_PUB,TRUE,IRFCLDT2_IRFCL48_SUTM_FO_XDC,"Predetermined short-term net drains on foreign currency assets (nominal value), Other predetermined short term net drains on foreign currency assets, related to repos, Up to 1 month, Outflows (reserves template)",NA
IRFCL,International Reserves and Foreign Currency Liquidity (IRFCL),DSD_IRFCL_PUB,INDICATOR,CL_IRFCL_INDICATOR_PUB,TRUE,IRFCLDT2_IRFCL48_SM3MUTY_FO_EUR,"Predetermined short-term net drains on foreign currency assets (nominal value), Other predetermined short term net drains on foreign currency assets, related to repos, More than 3 months and up to 1 year, Outflows (reserves template)",NA
IRFCL,International Reserves and Foreign Currency Liquidity (IRFCL),DSD_IRFCL_PUB,INDICATOR,CL_IRFCL_INDICATOR_PUB,TRUE,IRFCLDT2_IRFCL48_SM3MUTY_FO_USD,"Predetermined short-term net drains on foreign currency assets (nominal value), Other predetermined short term net drains on foreign currency assets, related to repos, More than 3 months and up to 1 year, Outflows (reserves template)",NA
IRFCL,International Reserves and Foreign Currency Liquidity (IRFCL),DSD_IRFCL_PUB,INDICATOR,CL_IRFCL_INDICATOR_PUB,TRUE,IRFCLDT2_IRFCL48_SM3MUTY_FO_XDC,"Predetermined short-term net drains on foreign currency assets (nominal value), Other predetermined short term net drains on foreign currency assets, related to repos, More than 3 months and up to 1 year, Outflows (reserves template)",NA
IRFCL,International Reserves and Foreign Currency Liquidity (IRFCL),DSD_IRFCL_PUB,INDICATOR,CL_IRFCL_INDICATOR_PUB,TRUE,IRFCLDT2_IRFCL48T_FO_EUR,"Predetermined short-term net drains on foreign currency assets (nominal value), Total other predetermined short term net drains on foreign currency assets, related to repos, Outflows (reserves template)",NA
IRFCL,International Reserves and Foreign Currency Liquidity (IRFCL),DSD_IRFCL_PUB,INDICATOR,CL_IRFCL_INDICATOR_PUB,TRUE,IRFCLDT2_IRFCL48T_FO_USD,"Predetermined short-term net drains on foreign currency assets (nominal value), Total other predetermined short term net drains on foreign currency assets, related to repos, Outflows (reserves template)",NA
IRFCL,International Reserves and Foreign Currency Liquidity (IRFCL),DSD_IRFCL_PUB,INDICATOR,CL_IRFCL_INDICATOR_PUB,TRUE,IRFCLDT2_IRFCL48T_FO_XDC,"Predetermined short-term net drains on foreign currency assets (nominal value), Total other predetermined short term net drains on foreign currency assets, related to repos, Outflows (reserves template)",NA
